# Blender 5.0.0
# www.blender.org
g SM_NewYorkH01BuildingIND001Af.001_SM_NewYorkH01BuildingIND001Af
v 5.216555 -0.138441 12.495250
v -3.048165 -0.138442 12.961727
v -2.234065 -0.138441 13.912221
v 6.184259 -0.138441 10.864137
v 11.053331 -0.138442 5.489178
v -5.299825 -0.138439 11.250031
v 9.858154 -0.138442 7.620735
v 0.921339 -0.138441 14.339945
v 2.008526 -0.138441 14.487314
v 3.871143 -0.138441 13.757202
v 7.369761 -0.138441 9.609579
v -3.879011 -0.138440 12.274415
v -3.048263 -0.433116 12.960005
v 6.184259 -0.433120 10.864137
v 5.216744 -0.433120 12.495184
v -2.234244 -0.433118 13.912219
v -5.299825 -0.433118 11.250031
v 11.053331 -0.433121 5.489178
v 9.858154 -0.433121 7.620735
v 3.872159 -0.433118 13.757379
v 2.009378 -0.433118 14.487314
v 0.922190 -0.433118 14.339942
v 7.369761 -0.433120 9.609579
v -3.879011 -0.433120 12.274415
v -3.048165 -0.138442 12.961727
v -2.234244 -0.433118 13.912219
v -2.234065 -0.138441 13.912221
v -3.048263 -0.433116 12.960005
v 6.184259 -0.138441 10.864137
v 5.216555 -0.138441 12.495250
v 5.216744 -0.433120 12.495184
v 6.184259 -0.433120 10.864137
v 3.871143 -0.138441 13.757202
v 2.008526 -0.138441 14.487314
v 2.009378 -0.433118 14.487314
v 3.872159 -0.433118 13.757379
v 0.921339 -0.138441 14.339945
v -2.234065 -0.138441 13.912221
v -2.234244 -0.433118 13.912219
v 0.922190 -0.433118 14.339942
v 5.216555 -0.138441 12.495250
v 3.871143 -0.138441 13.757202
v 3.872159 -0.433118 13.757379
v 5.216744 -0.433120 12.495184
v -3.879011 -0.138440 12.274415
v -3.048263 -0.433116 12.960005
v -3.048165 -0.138442 12.961727
v -3.879011 -0.433120 12.274415
v 8.489387 0.040704 -6.989469
v 7.915879 0.040704 -8.107998
v 7.913329 0.040704 -8.110450
v 5.563816 0.040703 -9.911632
v 6.194354 0.040704 -9.596598
v 5.953926 0.040703 -9.750113
v -1.019481 0.040725 -11.233982
v -1.301967 0.040725 -11.522092
v -1.306352 0.040725 -11.521187
v -2.132099 0.011248 -5.818356
v 5.074280 0.011249 -4.856801
v -2.504712 0.011248 -6.378122
v -1.689588 0.011247 -5.311994
v 4.514499 0.011249 -4.484182
v 3.910875 0.011247 -4.187814
v -1.184789 0.011248 -4.867746
v 3.273759 0.011247 -3.972783
v -0.626308 0.011248 -4.493159
v 2.613974 0.011247 -3.842728
v 1.942911 0.011247 -3.799922
v -0.023724 0.011247 -4.194683
v 0.612677 0.011247 -3.977411
v 1.942911 0.011247 -3.799922
v 0.612677 0.011247 -3.977411
v 1.271969 0.011247 -3.845072
v 5.580627 0.011248 -5.299297
v -2.801078 0.011248 -6.981757
v -3.016119 0.011248 -7.618889
v 6.024920 0.011248 -5.804113
v 8.703110 0.040704 -7.233178
v 8.083138 0.040704 -6.633199
v 7.101816 0.040704 -8.885354
v 7.633867 0.040704 -6.333003
v 7.149247 0.040704 -6.094018
v 6.637588 0.040704 -5.920333
v 6.107631 0.040704 -5.814918
v 5.568449 0.040704 -5.779578
v 5.029269 0.040704 -5.814918
v 4.499316 0.040705 -5.920332
v 5.583925 0.040704 -9.986316
v 6.426604 0.040704 -9.413847
v -10.053629 -0.138435 -2.005669
v -10.374802 -0.433114 1.264751
v -10.374802 -0.138435 1.264751
v -10.053629 -0.433114 -2.005669
v 10.656309 -0.138432 -4.619982
v 8.646235 -0.433110 -7.398931
v 8.646235 -0.138431 -7.398931
v 10.656309 -0.433111 -4.619982
v -10.053629 -0.138435 -2.005669
v -9.072898 -0.138430 -5.103267
v -9.072898 -0.433109 -5.103267
v -10.053629 -0.433114 -2.005669
v 8.646235 -0.138431 -7.398931
v 5.989178 -0.433106 -9.606400
v 5.989178 -0.138427 -9.606400
v 8.646235 -0.433110 -7.398931
v -5.299825 -0.138439 11.250031
v -7.102173 -0.138436 10.130695
v -7.102173 -0.433115 10.130695
v -5.299825 -0.433118 11.250031
v 11.053331 -0.138442 5.489178
v 9.858154 -0.138442 7.620735
v 9.858154 -0.433121 7.620735
v 11.053331 -0.433121 5.489178
v 11.658424 -0.433113 2.567748
v 11.880068 -0.138433 -1.149285
v 11.658424 -0.138434 2.567749
v 11.880068 -0.433112 -1.149285
v -8.988741 -0.138438 7.822412
v -10.200250 -0.138432 4.649986
v -10.200250 -0.433111 4.649986
v -8.988741 -0.433117 7.822412
v 2.807996 -0.138427 -10.925089
v -0.694654 -0.433106 -11.222412
v -0.694654 -0.138427 -11.222412
v 2.807996 -0.433106 -10.925089
v -0.694654 -0.138427 -11.222412
v -4.331193 -0.433106 -10.162527
v -4.331193 -0.138427 -10.162527
v -0.694654 -0.433106 -11.222412
v -7.080139 -0.138428 -8.025486
v -4.331193 -0.138427 -10.162527
v -4.331193 -0.433106 -10.162527
v -7.080139 -0.433107 -8.025486
v -7.080139 -0.138428 -8.025486
v -9.072898 -0.433109 -5.103267
v -9.072898 -0.138430 -5.103267
v -7.080139 -0.433107 -8.025486
v 2.807996 -0.138427 -10.925089
v 5.989178 -0.138427 -9.606400
v 5.989178 -0.433106 -9.606400
v 2.807996 -0.433106 -10.925089
v 11.880068 -0.138433 -1.149285
v 10.656309 -0.433111 -4.619982
v 10.656309 -0.138432 -4.619982
v 11.880068 -0.433112 -1.149285
v -10.374802 -0.138435 1.264751
v -10.200250 -0.433111 4.649986
v -10.200250 -0.138432 4.649986
v -10.374802 -0.433114 1.264751
v 11.053331 -0.138442 5.489178
v 11.658424 -0.433113 2.567748
v 11.658424 -0.138434 2.567749
v 11.053331 -0.433121 5.489178
v -8.988741 -0.138438 7.822412
v -7.102173 -0.433115 10.130695
v -7.102173 -0.138436 10.130695
v -8.988741 -0.433117 7.822412
v 2.008526 -0.138441 14.487314
v 2.009378 -0.433118 14.487314
v -3.879011 -0.138440 12.274415
v -5.299825 -0.138439 11.250031
v -5.299825 -0.433118 11.250031
v -3.879011 -0.433120 12.274415
v 9.858154 -0.138442 7.620735
v 7.369761 -0.138441 9.609579
v 7.369761 -0.433120 9.609579
v 9.858154 -0.433121 7.620735
v 7.369761 -0.138441 9.609579
v 6.184259 -0.138441 10.864137
v 6.184259 -0.433120 10.864137
v 7.369761 -0.433120 9.609579
v -12.672737 -0.596931 15.273906
v -11.940057 -0.862142 16.054426
v -11.940057 -0.596931 16.054426
v -12.672737 -0.862142 15.273906
v -13.206699 -0.596932 15.742947
v -12.672737 -0.862142 15.273906
v -12.672737 -0.596931 15.273906
v -13.206699 -0.862143 15.742947
v -5.685788 -0.456121 12.193622
v -5.750811 -0.579242 12.342501
v -5.685503 -0.579242 12.193015
v -5.751038 -0.456121 12.343119
v -20.963726 -0.862146 1.943085
v -9.628561 -0.862141 -1.414898
v -10.374798 -0.862140 1.264760
v -21.736523 -0.862147 3.157798
v -10.377014 -0.862140 3.197826
v -22.075098 -0.862147 4.917955
v -10.200253 -0.862140 4.649963
v -22.113661 -0.862147 6.465797
v -8.988739 -0.862139 7.822425
v -21.978182 -0.862147 12.834976
v -19.623751 -0.862146 13.417881
v -7.102173 -0.862139 10.130671
v -13.206699 -0.862143 15.742947
v -12.672737 -0.862142 15.273906
v -7.678893 -0.862140 15.940921
v -11.940057 -0.862142 16.054426
v -3.879016 -0.862139 12.274419
v -7.102173 -0.138436 10.130695
v -8.988741 -0.138438 7.822412
v 11.658424 -0.138434 2.567749
v -10.200250 -0.138432 4.649986
v 11.880068 -0.138433 -1.149285
v -10.374802 -0.138435 1.264751
v 10.656309 -0.138432 -4.619982
v -10.053629 -0.138435 -2.005669
v 8.646235 -0.138431 -7.398931
v -9.072898 -0.138430 -5.103267
v 5.989178 -0.138427 -9.606400
v 2.807996 -0.138427 -10.925089
v -7.080139 -0.138428 -8.025486
v -0.694654 -0.138427 -11.222412
v -4.331193 -0.138427 -10.162527
v -7.102173 -0.433115 10.130695
v -8.988741 -0.433117 7.822412
v 11.658424 -0.433113 2.567748
v -10.200250 -0.433111 4.649986
v 11.880068 -0.433112 -1.149285
v -10.374802 -0.433114 1.264751
v 10.656309 -0.433111 -4.619982
v -10.053629 -0.433114 -2.005669
v 8.646235 -0.433110 -7.398931
v -9.072898 -0.433109 -5.103267
v 5.989178 -0.433106 -9.606400
v 2.807996 -0.433106 -10.925089
v -7.080139 -0.433107 -8.025486
v -0.694654 -0.433106 -11.222412
v -4.331193 -0.433106 -10.162527
v -20.963726 -0.596935 1.943085
v -10.374798 -0.596929 1.264760
v -9.628561 -0.596930 -1.414898
v -21.736523 -0.596936 3.157798
v -10.377014 -0.596929 3.197826
v -22.075098 -0.596936 4.917955
v -10.200253 -0.596929 4.649963
v -22.113661 -0.596936 6.465797
v -8.988739 -0.596928 7.822425
v -21.978182 -0.596935 12.834976
v -19.623751 -0.596934 13.417881
v -7.102173 -0.596928 10.130671
v -12.672737 -0.596931 15.273906
v -13.206699 -0.596932 15.742947
v -7.678893 -0.596929 15.940921
v -11.940057 -0.596931 16.054426
v -3.879016 -0.596927 12.274419
v -9.628561 -0.596930 -1.414898
v -10.374798 -0.862140 1.264760
v -9.628561 -0.862141 -1.414898
v -10.374798 -0.596929 1.264760
v -10.377014 -0.862140 3.197826
v -10.377014 -0.596929 3.197826
v -10.200253 -0.862140 4.649963
v -10.200253 -0.596929 4.649963
v -8.988739 -0.862139 7.822425
v -8.988739 -0.596928 7.822425
v -7.102173 -0.862139 10.130671
v -7.102173 -0.596928 10.130671
v -3.879016 -0.862139 12.274419
v -3.879016 -0.596927 12.274419
v -20.963726 -0.596935 1.943085
v -9.628561 -0.596930 -1.414898
v -9.628561 -0.862141 -1.414898
v -20.963726 -0.862146 1.943085
v -21.736523 -0.596936 3.157798
v -21.736523 -0.862147 3.157798
v -22.075098 -0.596936 4.917955
v -22.075098 -0.862147 4.917955
v -22.113661 -0.862147 6.465797
v -22.113661 -0.596936 6.465797
v -21.978182 -0.862147 12.834976
v -21.978182 -0.596935 12.834976
v -7.678893 -0.862140 15.940921
v -11.940057 -0.596931 16.054426
v -11.940057 -0.862142 16.054426
v -7.678893 -0.596929 15.940921
v -3.879016 -0.862139 12.274419
v -3.879016 -0.596927 12.274419
v -19.623751 -0.862146 13.417881
v -21.978182 -0.596935 12.834976
v -21.978182 -0.862147 12.834976
v -19.623751 -0.596934 13.417881
v -13.206699 -0.862143 15.742947
v -13.206699 -0.596932 15.742947
v -5.645235 -0.320644 12.117171
v -5.663659 -0.297639 12.151857
v -5.663679 -0.320644 12.151850
v -5.609807 -0.297639 12.050864
v -5.645235 -0.456121 12.117167
v -5.609034 -0.579242 12.049512
v -5.522765 -0.297639 11.913864
v -5.521879 -0.579242 11.912567
v -5.426508 -0.297639 11.785264
v -5.425665 -0.579241 11.784215
v -5.322029 -0.297639 11.666485
v -5.321563 -0.579241 11.665988
v -5.312449 -0.162164 11.657408
v -5.283160 -0.162164 11.628396
v -5.312369 -0.139157 11.657491
v -5.208238 -0.139157 11.555710
v -5.283076 -0.297639 11.628486
v -5.208212 -0.579241 11.555687
v -5.080571 -0.139157 11.453294
v -5.080571 -0.579241 11.453294
v -4.945142 -0.579241 11.361397
v -4.945142 -0.139157 11.361397
v -4.802885 -0.139157 11.280600
v -4.802885 -0.579241 11.280600
v -4.699315 -0.139157 11.232234
v -4.699315 -0.579241 11.232233
v -10.637419 -0.579242 0.657675
v -10.482574 -0.297639 0.615607
v -10.481999 -0.579242 0.615430
v -10.638470 -0.297639 0.657903
v -10.798416 -0.579242 0.685045
v -10.799524 -0.297639 0.685186
v -10.961279 -0.579242 0.698504
v -10.962393 -0.297639 0.698546
v -11.045490 -0.456121 0.697973
v -11.124641 -0.579242 0.697937
v -11.125128 -0.456121 0.697912
v -11.045486 -0.320644 0.697946
v -11.085453 -0.297639 0.697980
v -11.085455 -0.320644 0.697916
v -10.458074 -0.139157 0.606537
v -10.415098 -0.162164 0.590600
v -10.458079 -0.162164 0.606519
v -10.330435 -0.139157 0.559456
v -10.415100 -0.297639 0.590618
v -10.330256 -0.579242 0.559390
v -10.182160 -0.139157 0.489496
v -10.182160 -0.579242 0.489496
v -10.040001 -0.139157 0.407045
v -10.040001 -0.579242 0.407045
v -9.905320 -0.579242 0.312928
v -9.905320 -0.139157 0.312928
v -11.287352 -0.579242 0.683384
v -11.287834 -0.456121 0.683317
v -11.448271 -0.579242 0.654939
v -11.448746 -0.456121 0.654830
v -11.606252 -0.579242 0.612873
v -11.606718 -0.456121 0.612722
v -11.672578 -0.479126 0.587649
v -11.672609 -0.579242 0.587747
v -11.709940 -0.456121 0.573779
v -11.709919 -0.479126 0.573720
v -5.799533 -0.579242 12.498564
v -5.799700 -0.456121 12.499187
v -5.834431 -0.579242 12.658077
v -5.834541 -0.456121 12.658705
v -5.844429 -0.479126 12.732668
v -5.844411 -0.579242 12.732677
v -5.849965 -0.456121 12.774086
v -5.849965 -0.479126 12.774084
v -0.977112 0.040725 -11.552970
v -2.040691 0.040725 -11.368273
v -2.577487 0.040724 -11.233518
v -3.553169 0.040724 -10.899274
v -4.497828 0.040724 -10.465899
v -5.004786 0.040724 -10.163652
v -4.831106 0.040724 -9.652007
v -4.592129 0.040726 -9.167409
v -4.291942 0.040726 -8.718148
v -3.935682 0.040725 -8.311915
v -3.529450 0.040725 -7.955657
v -3.080189 0.040725 -7.655471
v -2.595591 0.040725 -7.416492
v -2.083949 0.040726 -7.242813
v -1.554009 0.040725 -7.137402
v -9.650770 -0.139157 0.077177
v -9.778988 -0.579242 0.207830
v -9.778988 -0.139157 0.207830
v -9.650764 -0.579242 0.077174
v 5.967629 0.210463 -9.692893
v 5.617894 0.210463 -9.916205
v 6.011941 0.210463 -9.468074
v 1.951890 0.210463 -8.940746
v 5.260002 0.210463 -10.145345
v 6.046036 0.210463 -8.933619
v 5.089187 0.210463 -10.233854
v 6.010077 0.210463 -8.399321
v 4.620284 0.210464 -10.475194
v 5.904688 0.210463 -7.874214
v 4.241532 0.210464 -10.667198
v 5.731656 0.210463 -7.367415
v 4.220732 0.210464 -10.675417
v 5.493956 0.210464 -6.887486
v 3.842556 0.210463 -10.824855
v 5.195640 0.210464 -6.442737
v 3.596196 0.210463 -10.922205
v 4.841831 0.210464 -6.040733
v 3.504089 0.210463 -10.956355
v 4.438573 0.210464 -5.688281
v 3.188178 0.210463 -11.073498
v 3.992764 0.210464 -5.391521
v 3.166454 0.210463 -11.081553
v 3.512046 0.210464 -5.155514
v 2.875732 0.210463 -11.160176
v 3.004617 0.210463 -4.984290
v 2.572724 0.210464 -11.241735
v 2.479181 0.210464 -4.880661
v 2.269501 0.210463 -11.321271
v 1.944718 0.210463 -4.846592
v 2.086786 0.210463 -11.369197
v 1.410385 0.210463 -4.882520
v 1.956146 0.210463 -11.388763
v 0.885315 0.210464 -4.987958
v 1.627650 0.210463 -11.437121
v 0.378490 0.210464 -5.160984
v 1.274386 0.210463 -11.486963
v -0.101408 0.210463 -5.398679
v 0.975149 0.210463 -11.529182
v -0.546175 0.210464 -5.696970
v 0.883704 0.210464 -11.532335
v -0.948202 0.210463 -6.050840
v 0.454079 0.210464 -11.545484
v -1.300608 0.210464 -6.454091
v -0.050988 0.210463 -11.560408
v -1.597363 0.210464 -6.899877
v -0.143875 0.210463 -11.563154
v -1.833391 0.210463 -7.380609
v -0.619053 0.210462 -11.520673
v -2.004647 0.210463 -7.888018
v -1.275995 0.210462 -11.456890
v -2.108211 0.210463 -8.413473
v -1.590211 0.210462 -10.994062
v -2.142309 0.210463 -8.947893
v -1.827920 0.210462 -10.514135
v -2.106346 0.210463 -9.482283
v -2.000952 0.210462 -10.007298
v -4.701209 -0.121476 11.215395
v -4.701209 -0.596922 11.215394
v -5.669192 -0.438440 12.124601
v -5.701765 -0.438440 12.186021
v -5.767660 -0.438440 12.337021
v -5.816837 -0.438440 12.494751
v -5.850837 -0.438440 12.650491
v -5.868544 -0.438440 12.783127
v -5.669209 -0.338325 12.124594
v -5.687647 -0.279958 12.159276
v -5.687662 -0.338325 12.159269
v -5.863004 -0.496807 12.741713
v -5.862993 -0.596922 12.741718
v -5.311848 -0.179845 11.632414
v -5.311865 -0.279958 11.632404
v -5.868544 -0.496807 12.783129
v -5.338067 -0.279958 11.657944
v -5.440298 -0.279958 11.774178
v -5.537378 -0.279958 11.903888
v -5.625140 -0.279958 12.042036
v -5.341146 -0.121476 11.661421
v -5.341135 -0.179845 11.661427
v -11.125128 -0.456121 0.697912
v -11.066488 -0.438440 0.715508
v -11.045490 -0.456121 0.697973
v -11.127363 -0.438440 0.715466
v -11.287834 -0.456121 0.683317
v -11.290240 -0.438440 0.700849
v -11.448746 -0.456121 0.654830
v -11.452639 -0.438440 0.672092
v -11.611170 -0.438440 0.629829
v -11.606718 -0.456121 0.612722
v -11.709940 -0.456121 0.573779
v -11.729795 -0.438440 0.585063
v -11.066485 -0.338325 0.715485
v -11.045486 -0.320644 0.697946
v -11.085455 -0.320644 0.697916
v -11.106455 -0.338325 0.715454
v -10.415098 -0.162164 0.590600
v -10.435245 -0.179845 0.615614
v -10.458079 -0.162164 0.606519
v -10.478230 -0.179845 0.631532
v -9.646273 -0.596923 0.091490
v -9.646276 -0.121476 0.091492
v -11.729795 -0.496807 0.585071
v -11.709919 -0.479126 0.573720
v -11.692457 -0.496807 0.599000
v -11.672578 -0.479126 0.587649
v -11.672609 -0.579242 0.587747
v -11.692460 -0.596923 0.599020
v -10.478232 -0.121476 0.631542
v -10.458074 -0.139157 0.606537
v -11.106451 -0.279958 0.715445
v -11.085453 -0.297639 0.697980
v -10.415100 -0.297639 0.590618
v -10.435251 -0.279958 0.615646
v -10.482574 -0.297639 0.615607
v -10.489706 -0.279958 0.635863
v -10.638470 -0.297639 0.657903
v -10.634737 -0.279958 0.675207
v -10.799524 -0.297639 0.685186
v -10.797392 -0.279958 0.702754
v -10.960505 -0.279958 0.716128
v -10.962393 -0.297639 0.698546
v -5.816618 -0.596922 12.493941
v -5.767366 -0.596922 12.336221
v -5.850702 -0.596922 12.649709
v -5.701388 -0.596922 12.185220
v -5.624265 -0.596922 12.040504
v -5.536379 -0.596922 11.902425
v -5.439340 -0.596922 11.772983
v -5.334352 -0.596922 11.653761
v -5.219936 -0.596922 11.542422
v -5.091089 -0.596922 11.439063
v -4.954486 -0.596922 11.346371
v -4.828056 -0.596922 11.274564
v -5.341146 -0.121476 11.661421
v -5.556354 -0.179845 11.549013
v -5.341135 -0.179845 11.661427
v -5.556354 -0.121476 11.549013
v -6.407916 -0.179845 10.991626
v -6.407919 -0.121476 10.991626
v -7.200545 -0.179845 10.353677
v -7.200545 -0.121477 10.353677
v -7.927206 -0.121476 9.640694
v -7.927209 -0.179845 9.640694
v -8.580214 -0.179845 8.860222
v -8.580214 -0.121476 8.860222
v -9.153612 -0.179845 8.019475
v -9.153612 -0.121476 8.019475
v -9.641870 -0.121476 7.126517
v -9.641870 -0.179845 7.126516
v -10.040266 -0.121476 6.189985
v -10.040266 -0.179845 6.189985
v -10.344910 -0.179845 5.218994
v -10.344908 -0.121476 5.218994
v -10.552940 -0.179845 4.222750
v -10.552940 -0.121476 4.222750
v -10.662300 -0.179845 3.211038
v -10.662300 -0.121476 3.211038
v -10.671975 -0.179845 2.193322
v -10.671975 -0.121476 2.193322
v -10.581842 -0.179845 1.179590
v -10.581842 -0.121476 1.179589
v -10.478232 -0.121476 0.631542
v -10.478230 -0.179845 0.631532
v -5.863004 -0.496807 12.741713
v -6.163833 -0.596922 12.584561
v -5.862993 -0.596922 12.741718
v -6.163836 -0.496807 12.584561
v -7.113912 -0.596922 11.962700
v -7.113912 -0.496807 11.962700
v -7.998648 -0.596922 11.250571
v -7.998648 -0.496807 11.250571
v -8.808955 -0.596923 10.455493
v -8.808955 -0.496807 10.455493
v -9.537699 -0.496807 9.584511
v -9.537699 -0.596923 9.584511
v -10.177519 -0.596923 8.646381
v -10.177519 -0.496807 8.646381
v -10.722281 -0.596923 7.650065
v -10.722281 -0.496807 7.650064
v -11.166752 -0.496807 6.605209
v -11.166752 -0.596923 6.605208
v -11.506702 -0.496807 5.521708
v -11.506702 -0.596923 5.521707
v -11.738794 -0.496807 4.410163
v -11.738794 -0.596923 4.410163
v -11.860830 -0.496807 3.281094
v -11.860830 -0.596923 3.281092
v -11.871604 -0.496807 2.145661
v -11.871604 -0.596923 2.145660
v -11.771033 -0.496807 1.014649
v -11.771033 -0.596923 1.014649
v -11.692460 -0.596923 0.599020
v -11.692457 -0.496807 0.599000
v -10.542869 -0.179845 1.184894
v -10.478230 -0.179845 0.631532
v -10.435245 -0.179845 0.615614
v -10.581842 -0.179845 1.179590
v -10.632666 -0.179845 2.194752
v -10.671975 -0.179845 2.193322
v -10.623045 -0.179845 3.208502
v -10.662300 -0.179845 3.211038
v -10.514083 -0.179845 4.216625
v -10.552940 -0.179845 4.222750
v -10.306861 -0.179845 5.209005
v -10.344910 -0.179845 5.218994
v -10.003338 -0.179845 6.176419
v -10.040266 -0.179845 6.189985
v -9.606497 -0.179845 7.109313
v -9.641870 -0.179845 7.126516
v -9.120112 -0.179845 7.998850
v -9.153612 -0.179845 8.019475
v -8.548849 -0.179845 8.836476
v -8.580214 -0.179845 8.860222
v -7.927209 -0.179845 9.640694
v -7.898187 -0.179845 9.614138
v -7.174744 -0.179845 10.323985
v -7.200545 -0.179845 10.353677
v -6.384785 -0.179845 10.959810
v -6.407916 -0.179845 10.991626
v -5.536526 -0.179845 11.515042
v -5.556354 -0.179845 11.549013
v -5.341135 -0.179845 11.661427
v -5.311848 -0.179845 11.632414
v -5.206054 -0.596922 10.951660
v -4.701209 -0.121476 11.215395
v -4.701209 -0.596922 11.215394
v -5.206054 -0.121476 10.951660
v -6.000712 -0.596922 10.431565
v -6.000712 -0.121476 10.431565
v -6.740575 -0.596922 9.836052
v -6.740575 -0.121476 9.836052
v -7.418499 -0.596923 9.170881
v -7.418502 -0.121476 9.170881
v -8.027958 -0.121476 8.442457
v -8.027958 -0.596923 8.442457
v -8.563094 -0.596923 7.657804
v -8.563094 -0.121476 7.657804
v -9.018739 -0.596923 6.824467
v -9.018739 -0.121476 6.824467
v -9.390507 -0.596923 5.950544
v -9.390507 -0.121476 5.950543
v -9.674831 -0.596923 5.044322
v -9.674834 -0.121476 5.044322
v -9.868959 -0.596923 4.114618
v -9.868959 -0.121476 4.114618
v -9.971022 -0.596923 3.170390
v -9.971025 -0.121476 3.170390
v -9.980043 -0.121476 2.220671
v -9.980043 -0.596923 2.220671
v -9.895933 -0.596923 1.274667
v -9.895933 -0.121476 1.274667
v -9.719502 -0.596923 0.341403
v -9.719502 -0.121476 0.341403
v -9.646276 -0.121476 0.091492
v -9.646273 -0.596923 0.091490
v -5.536526 -0.179845 11.515042
v -5.311865 -0.279958 11.632404
v -5.311848 -0.179845 11.632414
v -5.536526 -0.279958 11.515042
v -6.384785 -0.179845 10.959810
v -6.384785 -0.279958 10.959810
v -7.174744 -0.179845 10.323985
v -7.174744 -0.279959 10.323985
v -7.898187 -0.279958 9.614138
v -7.898187 -0.179845 9.614138
v -8.548849 -0.279958 8.836476
v -8.548849 -0.179845 8.836476
v -9.120112 -0.279958 7.998850
v -9.120112 -0.179845 7.998850
v -9.606497 -0.179845 7.109313
v -9.606497 -0.279958 7.109313
v -10.003338 -0.179845 6.176419
v -10.003338 -0.279958 6.176419
v -10.306861 -0.279958 5.209005
v -10.306861 -0.179845 5.209005
v -10.514083 -0.179845 4.216625
v -10.514083 -0.279958 4.216623
v -10.623045 -0.279958 3.208503
v -10.623045 -0.179845 3.208502
v -10.632666 -0.279958 2.194754
v -10.632666 -0.179845 2.194752
v -10.542869 -0.279958 1.184893
v -10.542869 -0.179845 1.184894
v -10.435251 -0.279958 0.615646
v -10.435245 -0.179845 0.615614
v -5.861145 -0.279958 12.068652
v -5.687662 -0.338325 12.159269
v -5.687647 -0.279958 12.159276
v -5.861151 -0.338325 12.068652
v -6.762173 -0.279958 11.478915
v -6.762173 -0.338325 11.478916
v -7.600849 -0.279958 10.803854
v -7.600854 -0.338325 10.803857
v -8.369711 -0.279958 10.049482
v -8.369711 -0.338325 10.049482
v -9.060656 -0.338325 9.223655
v -9.060656 -0.279958 9.223655
v -9.667360 -0.279958 8.334093
v -9.667360 -0.338325 8.334093
v -10.183988 -0.279958 7.389266
v -10.183988 -0.338325 7.389266
v -10.605520 -0.338325 6.398333
v -10.605520 -0.279958 6.398333
v -10.927866 -0.279958 5.370927
v -10.927866 -0.338325 5.370926
v -11.147977 -0.279958 4.316774
v -11.147980 -0.338325 4.316774
v -11.263687 -0.338324 3.246324
v -11.263687 -0.279958 3.246324
v -11.273926 -0.338325 2.169480
v -11.273926 -0.279958 2.169479
v -11.178561 -0.338325 1.096864
v -11.178558 -0.279958 1.096864
v -11.106455 -0.338325 0.715454
v -11.106451 -0.279958 0.715445
v -11.139588 -0.338325 1.102159
v -11.066485 -0.338325 0.715485
v -11.066488 -0.438440 0.715508
v -11.139588 -0.438440 1.102159
v -11.234617 -0.338325 2.170910
v -11.234617 -0.438440 2.170910
v -11.224432 -0.438440 3.243788
v -11.224432 -0.338325 3.243788
v -11.109121 -0.338325 4.310649
v -11.109121 -0.438440 4.310649
v -10.889819 -0.338325 5.360938
v -10.889819 -0.438440 5.360938
v -10.568593 -0.338325 6.384769
v -10.568593 -0.438440 6.384769
v -10.148611 -0.338325 7.372063
v -10.148611 -0.438440 7.372063
v -9.633864 -0.338325 8.313469
v -9.633864 -0.438440 8.313469
v -9.029294 -0.338325 9.199909
v -9.029288 -0.438440 9.199909
v -8.340692 -0.438440 10.022925
v -8.340692 -0.338325 10.022925
v -7.575050 -0.338325 10.774162
v -7.575050 -0.438440 10.774164
v -6.739033 -0.338325 11.447102
v -6.739033 -0.438440 11.447102
v -5.841315 -0.338325 12.034688
v -5.841315 -0.438440 12.034688
v -5.669209 -0.338325 12.124594
v -5.669192 -0.438440 12.124601
v -11.729795 -0.496807 0.585071
v -11.810007 -0.438440 1.009362
v -11.729795 -0.438440 0.585063
v -11.810007 -0.496807 1.009363
v -11.910913 -0.438440 2.144232
v -11.910913 -0.496807 2.144232
v -11.900082 -0.438440 3.283627
v -11.900085 -0.496807 3.283629
v -11.777653 -0.438440 4.416287
v -11.777653 -0.496807 4.416288
v -11.544752 -0.438440 5.531694
v -11.544752 -0.496807 5.531694
v -11.203681 -0.496807 6.618771
v -11.203681 -0.438440 6.618771
v -10.757656 -0.496807 7.667269
v -10.757656 -0.438440 7.667270
v -10.211018 -0.496807 8.667004
v -10.211016 -0.438440 8.667004
v -9.569061 -0.438440 9.608257
v -9.569061 -0.496807 9.608257
v -8.837975 -0.496807 10.482051
v -8.837975 -0.438440 10.482051
v -8.024456 -0.496807 11.280264
v -8.024456 -0.438440 11.280264
v -7.137046 -0.438440 11.994514
v -7.137046 -0.496807 11.994514
v -6.183675 -0.496807 12.618521
v -6.183675 -0.438440 12.618521
v -5.868544 -0.438440 12.783127
v -5.868544 -0.496807 12.783129
v -6.183675 -0.496807 12.618521
v -5.863004 -0.496807 12.741713
v -5.868544 -0.496807 12.783129
v -6.163836 -0.496807 12.584561
v -7.137046 -0.496807 11.994514
v -7.113912 -0.496807 11.962700
v -8.024456 -0.496807 11.280264
v -7.998648 -0.496807 11.250571
v -8.837975 -0.496807 10.482051
v -8.808955 -0.496807 10.455493
v -9.537699 -0.496807 9.584511
v -9.569061 -0.496807 9.608257
v -10.211018 -0.496807 8.667004
v -10.177519 -0.496807 8.646381
v -10.757656 -0.496807 7.667269
v -10.722281 -0.496807 7.650064
v -11.203681 -0.496807 6.618771
v -11.166752 -0.496807 6.605209
v -11.544752 -0.496807 5.531694
v -11.506702 -0.496807 5.521708
v -11.777653 -0.496807 4.416288
v -11.738794 -0.496807 4.410163
v -11.900085 -0.496807 3.283629
v -11.860830 -0.496807 3.281094
v -11.910913 -0.496807 2.144232
v -11.871604 -0.496807 2.145661
v -11.810007 -0.496807 1.009363
v -11.771033 -0.496807 1.014649
v -11.692457 -0.496807 0.599000
v -11.729795 -0.496807 0.585071
v -4.828056 -0.121476 11.274565
v -4.954486 -0.121476 11.346371
v -5.091086 -0.121476 11.439060
v -5.217084 -0.121476 11.540142
v -11.139588 -0.338325 1.102159
v -11.106455 -0.338325 0.715454
v -11.066485 -0.338325 0.715485
v -11.178561 -0.338325 1.096864
v -11.234617 -0.338325 2.170910
v -11.273926 -0.338325 2.169480
v -11.224432 -0.338325 3.243788
v -11.263687 -0.338324 3.246324
v -11.109121 -0.338325 4.310649
v -11.147980 -0.338325 4.316774
v -10.889819 -0.338325 5.360938
v -10.927866 -0.338325 5.370926
v -10.568593 -0.338325 6.384769
v -10.605520 -0.338325 6.398333
v -10.148611 -0.338325 7.372063
v -10.183988 -0.338325 7.389266
v -9.633864 -0.338325 8.313469
v -9.667360 -0.338325 8.334093
v -9.029294 -0.338325 9.199909
v -9.060656 -0.338325 9.223655
v -8.369711 -0.338325 10.049482
v -8.340692 -0.338325 10.022925
v -7.575050 -0.338325 10.774162
v -7.600854 -0.338325 10.803857
v -6.739033 -0.338325 11.447102
v -6.762173 -0.338325 11.478916
v -5.841315 -0.338325 12.034688
v -5.861151 -0.338325 12.068652
v -5.687662 -0.338325 12.159269
v -5.669209 -0.338325 12.124594
v -10.330256 -0.579242 0.559390
v -10.476572 -0.596923 0.632275
v -10.481999 -0.579242 0.615430
v -10.323399 -0.596923 0.575705
v -10.633543 -0.596923 0.674948
v -10.637419 -0.579242 0.657675
v -10.173939 -0.596923 0.505166
v -10.182160 -0.579242 0.489496
v -10.070065 -0.596923 0.444921
v -10.040001 -0.579242 0.407045
v -9.885752 -0.596923 0.315928
v -9.905320 -0.579242 0.312928
v -10.796131 -0.596923 0.702594
v -10.798416 -0.579242 0.685045
v -10.960507 -0.596923 0.716184
v -10.961279 -0.579242 0.698504
v -11.125389 -0.596923 0.715618
v -11.124641 -0.579242 0.697937
v -11.289610 -0.596923 0.700937
v -11.287352 -0.579242 0.683384
v -11.452023 -0.596923 0.672234
v -11.448271 -0.579242 0.654939
v -11.610565 -0.596923 0.630026
v -11.606252 -0.579242 0.612873
v -9.778988 -0.579242 0.207830
v -9.772896 -0.596923 0.221516
v -9.650764 -0.579242 0.077174
v -9.719502 -0.121476 0.341403
v -9.646276 -0.121476 0.091492
v -9.772896 -0.121476 0.221516
v -9.885752 -0.121476 0.315928
v -10.070065 -0.121476 0.444921
v -9.895933 -0.121476 1.274667
v -10.173942 -0.121476 0.505167
v -10.311710 -0.121476 0.570170
v -10.581842 -0.121476 1.179589
v -10.478232 -0.121476 0.631542
v -9.980043 -0.121476 2.220671
v -10.671975 -0.121476 2.193322
v -9.971025 -0.121476 3.170390
v -10.662300 -0.121476 3.211038
v -9.868959 -0.121476 4.114618
v -10.552940 -0.121476 4.222750
v -9.674834 -0.121476 5.044322
v -10.344908 -0.121476 5.218994
v -9.390507 -0.121476 5.950543
v -10.040266 -0.121476 6.189985
v -9.018739 -0.121476 6.824467
v -9.641870 -0.121476 7.126517
v -8.563094 -0.121476 7.657804
v -9.153612 -0.121476 8.019475
v -8.027958 -0.121476 8.442457
v -8.580214 -0.121476 8.860222
v -7.927206 -0.121476 9.640694
v -7.418502 -0.121476 9.170881
v -6.740575 -0.121476 9.836052
v -7.200545 -0.121477 10.353677
v -6.000712 -0.121476 10.431565
v -6.407919 -0.121476 10.991626
v -5.206054 -0.121476 10.951660
v -5.556354 -0.121476 11.549013
v -5.341146 -0.121476 11.661421
v -5.217084 -0.121476 11.540142
v -5.091086 -0.121476 11.439060
v -4.954486 -0.121476 11.346371
v -4.828056 -0.121476 11.274565
v -4.701209 -0.121476 11.215395
v -5.861145 -0.279958 12.068652
v -5.687647 -0.279958 12.159276
v -5.625140 -0.279958 12.042036
v -5.537378 -0.279958 11.903888
v -5.536526 -0.279958 11.515042
v -5.440298 -0.279958 11.774178
v -5.338067 -0.279958 11.657944
v -5.311865 -0.279958 11.632404
v -6.762173 -0.279958 11.478915
v -6.384785 -0.279958 10.959810
v -7.600849 -0.279958 10.803854
v -7.174744 -0.279959 10.323985
v -8.369711 -0.279958 10.049482
v -7.898187 -0.279958 9.614138
v -8.548849 -0.279958 8.836476
v -9.060656 -0.279958 9.223655
v -9.667360 -0.279958 8.334093
v -9.120112 -0.279958 7.998850
v -10.183988 -0.279958 7.389266
v -9.606497 -0.279958 7.109313
v -10.605520 -0.279958 6.398333
v -10.003338 -0.279958 6.176419
v -10.927866 -0.279958 5.370927
v -10.306861 -0.279958 5.209005
v -11.147977 -0.279958 4.316774
v -10.514083 -0.279958 4.216623
v -11.263687 -0.279958 3.246324
v -10.623045 -0.279958 3.208503
v -11.273926 -0.279958 2.169479
v -10.632666 -0.279958 2.194754
v -11.178558 -0.279958 1.096864
v -10.542869 -0.279958 1.184893
v -11.106451 -0.279958 0.715445
v -10.960505 -0.279958 0.716128
v -10.797392 -0.279958 0.702754
v -10.634737 -0.279958 0.675207
v -10.489706 -0.279958 0.635863
v -10.435251 -0.279958 0.615646
v -9.885752 -0.596923 0.315928
v -9.772896 -0.596923 0.221516
v -9.719502 -0.596923 0.341403
v -9.646273 -0.596923 0.091490
v -10.070065 -0.596923 0.444921
v -9.895933 -0.596923 1.274667
v -10.173939 -0.596923 0.505166
v -10.323399 -0.596923 0.575705
v -10.476572 -0.596923 0.632275
v -10.633543 -0.596923 0.674948
v -10.796131 -0.596923 0.702594
v -10.960507 -0.596923 0.716184
v -11.771033 -0.596923 1.014649
v -11.125389 -0.596923 0.715618
v -11.289610 -0.596923 0.700937
v -11.452023 -0.596923 0.672234
v -11.610565 -0.596923 0.630026
v -11.692460 -0.596923 0.599020
v -11.871604 -0.596923 2.145660
v -9.980043 -0.596923 2.220671
v -11.860830 -0.596923 3.281092
v -9.971022 -0.596923 3.170390
v -11.738794 -0.596923 4.410163
v -9.868959 -0.596923 4.114618
v -9.674831 -0.596923 5.044322
v -11.506702 -0.596923 5.521707
v -9.390507 -0.596923 5.950544
v -11.166752 -0.596923 6.605208
v -10.722281 -0.596923 7.650065
v -9.018739 -0.596923 6.824467
v -10.177519 -0.596923 8.646381
v -8.563094 -0.596923 7.657804
v -9.537699 -0.596923 9.584511
v -8.027958 -0.596923 8.442457
v -7.418499 -0.596923 9.170881
v -8.808955 -0.596923 10.455493
v -7.998648 -0.596922 11.250571
v -6.740575 -0.596922 9.836052
v -7.113912 -0.596922 11.962700
v -6.000712 -0.596922 10.431565
v -6.163833 -0.596922 12.584561
v -5.206054 -0.596922 10.951660
v -5.862993 -0.596922 12.741718
v -5.850702 -0.596922 12.649709
v -5.816618 -0.596922 12.493941
v -5.767366 -0.596922 12.336221
v -5.701388 -0.596922 12.185220
v -5.624265 -0.596922 12.040504
v -5.536379 -0.596922 11.902425
v -5.439340 -0.596922 11.772983
v -5.334352 -0.596922 11.653761
v -5.219936 -0.596922 11.542422
v -5.091089 -0.596922 11.439063
v -4.954486 -0.596922 11.346371
v -4.828056 -0.596922 11.274564
v -4.701209 -0.596922 11.215394
v -10.311710 -0.121476 0.570170
v -10.330435 -0.139157 0.559456
v -10.182160 -0.139157 0.489496
v -10.173942 -0.121476 0.505167
v -10.070065 -0.121476 0.444921
v -10.040001 -0.139157 0.407045
v -9.885752 -0.121476 0.315928
v -9.905320 -0.139157 0.312928
v -9.778988 -0.139157 0.207830
v -9.772896 -0.121476 0.221516
v -9.650770 -0.139157 0.077177
v -6.183675 -0.438440 12.618521
v -5.868544 -0.438440 12.783127
v -5.850837 -0.438440 12.650491
v -5.816837 -0.438440 12.494751
v -5.767660 -0.438440 12.337021
v -5.841315 -0.438440 12.034688
v -5.701765 -0.438440 12.186021
v -5.669192 -0.438440 12.124601
v -7.137046 -0.438440 11.994514
v -6.739033 -0.438440 11.447102
v -8.024456 -0.438440 11.280264
v -7.575050 -0.438440 10.774164
v -8.837975 -0.438440 10.482051
v -8.340692 -0.438440 10.022925
v -9.029288 -0.438440 9.199909
v -9.569061 -0.438440 9.608257
v -10.211016 -0.438440 8.667004
v -9.633864 -0.438440 8.313469
v -10.757656 -0.438440 7.667270
v -10.148611 -0.438440 7.372063
v -10.568593 -0.438440 6.384769
v -11.203681 -0.438440 6.618771
v -11.544752 -0.438440 5.531694
v -10.889819 -0.438440 5.360938
v -11.777653 -0.438440 4.416287
v -11.109121 -0.438440 4.310649
v -11.900082 -0.438440 3.283627
v -11.224432 -0.438440 3.243788
v -11.910913 -0.438440 2.144232
v -11.234617 -0.438440 2.170910
v -11.810007 -0.438440 1.009362
v -11.139588 -0.438440 1.102159
v -11.729795 -0.438440 0.585063
v -11.611170 -0.438440 0.629829
v -11.452639 -0.438440 0.672092
v -11.290240 -0.438440 0.700849
v -11.127363 -0.438440 0.715466
v -11.066488 -0.438440 0.715508
v -3.699743 -0.056442 11.142342
v -3.531833 -0.056442 11.108301
v -3.692689 -0.056442 11.080727
v -5.791858 -0.793393 13.473946
v -5.829551 -0.792836 13.315924
v -5.783383 -0.802212 13.471336
v -5.820900 -0.801634 13.313930
v -5.155443 -0.065283 11.615471
v -5.258759 -0.334572 11.715672
v -5.155323 -0.334931 11.615355
v -5.262475 -0.065235 11.719589
v -5.786086 -0.383594 12.835680
v -5.784287 -0.437763 12.991776
v -5.777219 -0.392375 12.835916
v -2.034783 -0.056442 13.110263
v -1.993268 -0.056442 13.277177
v -1.972952 -0.056442 13.115083
v -5.758477 -0.514917 13.310436
v -5.714413 -0.523735 13.454987
v -5.749838 -0.523714 13.308415
v -2.429069 -0.056442 11.758448
v -2.378472 -0.056442 11.922569
v -2.328184 -0.056442 11.886276
v -5.586245 -0.514921 13.922494
v -5.609914 -0.514921 13.752552
v -5.665506 -0.514921 13.780030
v -2.213835 -0.056442 12.191721
v -2.092846 -0.056442 12.313655
v -2.158318 -0.056442 12.164080
v -2.037367 -0.343771 12.794842
v -2.001320 -0.343771 12.626972
v -1.975674 -0.343771 12.788454
v -2.062167 -0.343771 12.638967
v -5.161323 -0.056441 11.608849
v -5.313822 -0.056355 11.670750
v -5.268993 -0.056401 11.713596
v -5.202442 -0.056430 11.562430
v -2.824226 -0.056442 11.479296
v -2.659879 -0.056442 11.528840
v -2.788459 -0.056442 11.428630
v -4.651234 -0.056442 11.219554
v -4.479601 -0.056442 11.221571
v -4.498562 -0.056442 11.162525
v -2.084605 -0.065283 12.310405
v -2.158318 -0.056442 12.164080
v -2.092846 -0.056442 12.313655
v -5.038139 -0.056442 11.510066
v -4.940437 -0.056442 11.368913
v -5.075264 -0.056442 11.460394
v -4.907545 -0.056442 11.421480
v -3.069555 -0.056442 11.264071
v -3.219309 -0.056442 11.199877
v -3.096520 -0.056442 11.319922
v -3.241554 -0.056442 11.257770
v -2.131431 -0.065283 13.747351
v -2.074892 -0.056442 13.593562
v -2.139460 -0.056442 13.743594
v -5.545084 -0.187867 12.098300
v -5.455162 -0.414912 11.956264
v -5.462120 -0.146972 11.966429
v -5.539015 -0.455833 12.087690
v -4.940437 -0.343771 11.368913
v -5.075264 -0.343771 11.460394
v -4.945142 -0.334930 11.361397
v -2.788453 -0.343771 11.428633
v -2.654184 -0.334930 11.522054
v -2.659877 -0.343771 11.528842
v -4.180907 -0.056442 11.089570
v -4.019121 -0.065283 11.065381
v -4.182162 -0.065283 11.080792
v -4.018618 -0.056442 11.074233
v -5.746177 -0.259762 12.355650
v -5.793683 -0.300268 12.511031
v -5.687932 -0.259761 12.376938
v -5.733757 -0.300263 12.526985
v -2.139460 -0.343771 13.743594
v -2.074892 -0.343771 13.593564
v -2.131431 -0.334930 13.747351
v -2.084605 -0.334930 12.310405
v -2.158318 -0.343771 12.164080
v -2.150387 -0.334930 12.160132
v -5.856708 -0.392376 12.829632
v -5.855148 -0.428981 12.993022
v -5.847908 -0.383596 12.830798
v -5.864020 -0.437762 12.992651
v -5.725072 -0.309042 12.528806
v -5.675394 -0.536618 12.368439
v -5.679446 -0.268537 12.379523
v -5.722096 -0.577185 12.517634
v -5.325762 -0.336151 11.670376
v -5.417647 -0.383269 11.788381
v -5.424813 -0.374468 11.783143
v -5.319252 -0.345013 11.676396
v -5.752255 -0.522122 13.296259
v -5.776445 -0.751159 13.136379
v -5.775303 -0.482953 13.147640
v -5.753636 -0.791088 13.288556
v -5.723832 -0.802103 13.454033
v -5.751274 -0.792696 13.300721
v -5.715288 -0.793253 13.451697
v -4.945142 -0.065283 11.361397
v -5.075264 -0.056442 11.460394
v -4.940437 -0.056442 11.368913
v -5.369440 -0.106185 11.841563
v -5.268054 -0.336264 11.725401
v -5.271747 -0.066927 11.729347
v -5.362844 -0.374581 11.833325
v -4.501270 -0.334930 11.154084
v -4.343623 -0.136434 11.109222
v -4.343619 -0.334930 11.109221
v -5.784410 -0.705978 12.980491
v -5.785121 -0.669364 12.823469
v -5.776324 -0.660584 12.824638
v -5.730534 -0.585963 12.514886
v -5.675394 -0.536618 12.368439
v -5.722096 -0.577185 12.517634
v -5.683547 -0.545392 12.364936
v -5.469717 -0.138203 11.961850
v -5.760897 -0.513330 13.298254
v -5.369457 -0.383357 11.827411
v -5.268054 -0.336264 11.725401
v -5.362844 -0.374581 11.833325
v -2.054403 -0.343771 13.266749
v -2.034783 -0.343771 13.110263
v -1.993271 -0.343771 13.277181
v -1.972952 -0.343771 13.115087
v -2.074892 -0.343771 13.593564
v -2.139460 -0.343771 13.743594
v -2.133126 -0.343771 13.572223
v -2.092846 -0.343771 12.313655
v -2.213835 -0.343771 12.191721
v -2.158318 -0.343771 12.164080
v -2.378472 -0.343771 11.922569
v -2.429069 -0.343771 11.758449
v -2.328184 -0.343771 11.886276
v -4.172156 -0.056442 11.150961
v -4.018618 -0.056442 11.074233
v -4.180907 -0.056442 11.089570
v -4.015116 -0.056442 11.136147
v -5.208198 -0.334916 11.555671
v -5.309804 -0.343346 11.666509
v -5.316406 -0.334512 11.660583
v -5.202310 -0.343758 11.562303
v -5.609914 -0.802249 13.752552
v -5.586245 -0.802249 13.922494
v -5.665506 -0.802249 13.780030
v -5.790460 -0.585967 12.498929
v -5.764238 -0.626134 12.668101
v -5.825364 -0.626138 12.657648
v -5.741789 -0.545393 12.343644
v -4.907545 -0.343771 11.421480
v -5.038139 -0.343771 11.510066
v -4.940437 -0.343771 11.368913
v -5.075264 -0.343771 11.460394
v -4.479601 -0.343771 11.221568
v -4.651231 -0.343771 11.219553
v -4.498559 -0.343771 11.162525
v -4.180907 -0.343771 11.089570
v -4.018618 -0.343771 11.074233
v -4.172156 -0.343771 11.150961
v -4.015116 -0.343771 11.136147
v -3.692689 -0.343771 11.080727
v -3.531833 -0.343771 11.108301
v -3.699743 -0.343771 11.142342
v -3.219309 -0.343771 11.199877
v -3.096520 -0.343771 11.319922
v -3.241554 -0.343771 11.257770
v -3.069555 -0.343771 11.264071
v -5.754335 -0.268537 12.352147
v -5.802126 -0.309047 12.508287
v -5.746177 -0.259762 12.355650
v -5.793683 -0.300268 12.511031
v -5.830532 -0.522323 13.311436
v -5.845769 -0.474172 13.155243
v -5.854636 -0.482952 13.155669
v -5.821775 -0.513484 13.310052
v -5.847004 -0.759939 13.143049
v -5.831916 -0.791291 13.303751
v -5.855775 -0.751159 13.144407
v -5.823272 -0.800078 13.301731
v -4.182159 -0.334930 11.080792
v -4.019121 -0.334930 11.065381
v -4.180907 -0.343771 11.089570
v -4.018618 -0.343771 11.074233
v -2.654187 -0.065283 11.522051
v -2.788459 -0.056442 11.428630
v -2.659879 -0.056442 11.528840
v -3.531833 -0.343771 11.108301
v -3.692689 -0.343771 11.080727
v -3.530081 -0.334930 11.099615
v -3.530081 -0.065283 11.099615
v -3.692689 -0.056442 11.080727
v -3.531833 -0.056442 11.108301
v -5.825364 -0.626138 12.657648
v -5.799150 -0.577189 12.497110
v -5.790460 -0.585967 12.498929
v -5.834184 -0.617358 12.656617
v -5.202442 -0.056430 11.562430
v -5.320118 -0.065175 11.664502
v -5.313822 -0.056355 11.670750
v -5.208316 -0.065269 11.555789
v -5.741789 -0.545393 12.343644
v -5.750284 -0.536617 12.341060
v -2.133126 -0.056442 13.572223
v -2.139460 -0.056442 13.743594
v -2.074892 -0.056442 13.593562
v -2.195624 -0.056442 13.717296
v -2.037367 -0.056442 12.794842
v -2.001320 -0.056442 12.626972
v -2.062167 -0.056442 12.638967
v -1.975674 -0.056442 12.788454
v -5.762396 -0.799920 13.289912
v -5.776445 -0.751159 13.136379
v -5.753636 -0.791088 13.288556
v -5.785303 -0.759939 13.136803
v -5.546452 -0.464605 12.082855
v -5.455162 -0.414912 11.956264
v -5.539015 -0.455833 12.087690
v -4.170910 -0.334930 11.159728
v -4.014621 -0.334930 11.144988
v -5.323166 -0.057994 11.680582
v -5.431403 -0.106073 11.791383
v -5.424790 -0.097297 11.797303
v -5.329402 -0.066800 11.674275
v -2.659877 -0.343771 11.528842
v -2.824226 -0.343771 11.479296
v -2.788453 -0.343771 11.428633
v -5.776324 -0.660584 12.824638
v -5.784410 -0.705978 12.980491
v -5.752975 -0.339689 12.348424
v -5.801127 -0.380199 12.504536
v -5.318878 -0.136327 11.663194
v -5.208276 -0.136421 11.555750
v -5.757510 -0.349169 12.681303
v -5.755585 -0.617355 12.670066
v -5.791277 -0.595027 13.476137
v -5.738727 -0.594913 13.633423
v -5.790983 -0.523875 13.477234
v -5.738727 -0.523761 13.633423
v -2.956815 -0.343771 11.393475
v -2.925341 -0.343771 11.340034
v -5.722885 -0.514915 13.457594
v -5.664458 -0.523761 13.604404
v -5.032841 -0.065283 11.517159
v -5.161193 -0.343769 11.608722
v -5.309804 -0.343346 11.666509
v -5.202310 -0.343758 11.562303
v -5.264970 -0.343393 11.709349
v -5.462183 -0.423682 11.950841
v -5.793274 -0.714758 12.980117
v -5.823272 -0.800078 13.301731
v -5.847004 -0.759939 13.143049
v -2.150545 -0.056442 12.336398
v -2.040400 -0.056442 12.468347
v -2.054403 -0.056442 13.266749
v -2.087074 -0.056442 13.421102
v -2.027145 -0.056442 13.437070
v -5.600296 -0.464608 12.052091
v -5.676597 -0.505567 12.194891
v -5.608248 -0.455837 12.048134
v -5.684841 -0.496794 12.191595
v -5.520903 -0.138204 11.926840
v -5.614314 -0.187871 12.058743
v -5.606866 -0.179100 12.063581
v -5.527933 -0.146974 11.921412
v -5.855283 -0.714759 12.980803
v -5.855816 -0.660585 12.818355
v -5.846941 -0.669365 12.818587
v -5.864144 -0.705978 12.981368
v -5.738727 -0.793409 13.633423
v -5.730471 -0.802249 13.630196
v -5.665506 -0.802249 13.780030
v -2.533590 -0.334930 11.632733
v -2.539829 -0.343771 11.639025
v -3.855647 -0.056442 11.071170
v -3.855393 -0.065283 11.062309
v -3.855393 -0.334930 11.062309
v -3.855647 -0.343771 11.071170
v -4.343619 -0.334930 11.109221
v -4.341625 -0.343771 11.117861
v -3.371253 -0.334930 11.139395
v -3.373731 -0.343771 11.147902
v -5.855019 -0.554104 13.151890
v -5.830996 -0.593475 13.308867
v -5.689940 -0.228781 12.202515
v -5.682116 -0.220008 12.206715
v -3.373731 -0.343771 11.147902
v -3.544081 -0.343771 11.169098
v -3.857431 -0.343771 11.133159
v -3.855647 -0.343771 11.071170
v -4.327697 -0.343771 11.178289
v -4.341625 -0.343771 11.117861
v -4.770363 -0.343771 11.343576
v -4.798815 -0.343771 11.288476
v -4.627427 -0.343771 11.276815
v -5.319252 -0.345013 11.676396
v -5.417647 -0.383269 11.788381
v -5.620398 -0.505563 12.221108
v -5.600296 -0.464608 12.052091
v -5.676597 -0.505567 12.194891
v -5.846941 -0.669365 12.818587
v -5.855283 -0.714759 12.980803
v -5.783383 -0.802212 13.471336
v -5.672709 -0.802249 13.607627
v -5.730471 -0.802249 13.630196
v -5.520975 -0.414913 11.911246
v -5.513369 -0.423683 11.915830
v -5.513369 -0.423683 11.915830
v -4.327697 -0.056442 11.178289
v -4.341631 -0.056442 11.117861
v -2.539829 -0.343771 11.639025
v -2.699724 -0.343771 11.576365
v -2.290656 -0.343771 12.053725
v -2.237593 -0.343771 12.021625
v -2.087074 -0.343771 13.421102
v -2.027145 -0.343771 13.437073
v -2.215452 -0.056442 13.887749
v -2.028118 -0.343771 12.952552
v -1.966106 -0.343771 12.951768
v -2.705416 -0.065283 11.583145
v -2.583493 -0.056442 11.683066
v -2.699724 -0.056442 11.576365
v -4.170910 -0.065283 11.159728
v -4.014621 -0.065283 11.144988
v -5.155323 -0.334931 11.615355
v -5.784071 -0.474171 13.148996
v -5.819349 -0.515027 13.322257
v -5.828115 -0.523855 13.323616
v -5.782434 -0.515024 13.474897
v -5.553021 -0.179097 12.094345
v -5.617678 -0.228776 12.236224
v -5.625914 -0.220004 12.232931
v -5.424790 -0.097297 11.797303
v -5.278342 -0.058102 11.723440
v -5.323166 -0.057994 11.680582
v -5.376596 -0.097384 11.836331
v -5.612582 -0.496790 12.225307
v -5.755585 -0.617355 12.670066
v -4.343619 -0.334930 11.109221
v -4.182159 -0.136434 11.080792
v -4.182159 -0.334930 11.080792
v -1.992630 -0.136434 12.625257
v -2.031896 -0.334930 12.465848
v -2.031896 -0.136434 12.465848
v -5.328187 -0.137952 11.672973
v -5.429196 -0.177225 11.788621
v -5.080571 -0.065283 11.453294
v -5.715288 -0.793253 13.451697
v -5.751274 -0.792696 13.300721
v -5.664458 -0.793409 13.604404
v -5.828592 -0.595007 13.321043
v -5.791277 -0.595027 13.476137
v -4.019121 -0.136434 11.065381
v -3.855393 -0.334930 11.062309
v -4.019121 -0.334930 11.065381
v -3.855393 -0.136434 11.062309
v -5.612582 -0.496790 12.225307
v -5.836109 -0.349174 12.667858
v -5.827447 -0.340394 12.669819
v -5.665506 -0.514921 13.780030
v -5.730471 -0.514921 13.630196
v -2.018587 -0.334930 13.439354
v -2.027145 -0.343771 13.437073
v -1.972952 -0.343771 13.115087
v -1.966106 -0.343771 12.951768
v -1.964120 -0.334930 13.115776
v -5.606866 -0.179100 12.063581
v -5.682116 -0.220008 12.206715
v -4.498562 -0.056442 11.162525
v -4.341631 -0.056442 11.117861
v -4.501273 -0.065283 11.154084
v -4.343623 -0.065283 11.109222
v -3.371253 -0.065283 11.139395
v -3.373725 -0.056442 11.147902
v -2.925341 -0.343771 11.340034
v -2.783345 -0.334930 11.421395
v -2.533593 -0.065283 11.632730
v -2.539829 -0.056442 11.639022
v -2.207771 -0.065283 13.892159
v -2.215452 -0.056442 13.887749
v -1.964120 -0.065283 13.115772
v -1.966106 -0.056442 12.951765
v -1.972952 -0.056442 13.115083
v -5.258759 -0.334572 11.715672
v -2.215452 -0.343771 13.887749
v -2.207771 -0.334930 13.892159
v -2.027145 -0.056442 13.437070
v -2.018584 -0.065283 13.439353
v -3.373725 -0.056442 11.147902
v -3.544081 -0.056442 11.169098
v -3.391055 -0.056442 11.207448
v -4.798815 -0.056442 11.288478
v -4.770363 -0.056442 11.343576
v -4.627427 -0.056442 11.276815
v -2.925344 -0.056442 11.340034
v -2.956815 -0.056442 11.393475
v -5.520903 -0.138204 11.926840
v -2.215452 -0.343771 13.887749
v -2.195624 -0.343771 13.717296
v -2.269240 -0.343771 13.856873
v -2.040400 -0.343771 12.468347
v -2.150545 -0.343771 12.336398
v -2.099900 -0.343771 12.485832
v -2.290656 -0.056442 12.053726
v -2.237593 -0.056442 12.021623
v -5.672709 -0.514921 13.607627
v -5.782434 -0.515024 13.474897
v -5.730471 -0.514921 13.630196
v -2.539829 -0.056442 11.639022
v -5.827447 -0.340394 12.669819
v -5.766324 -0.340389 12.680271
v -5.847908 -0.383596 12.830798
v -5.855148 -0.428981 12.993022
v -5.845769 -0.474172 13.155243
v -5.793139 -0.428981 12.992336
v -2.028118 -0.056442 12.952553
v -1.966106 -0.056442 12.951765
v -5.820900 -0.801634 13.313930
v -3.545833 -0.065283 11.177776
v -3.855647 -0.056442 11.071170
v -3.857431 -0.056442 11.133159
v -5.328187 -0.137952 11.672973
v -5.316406 -0.334512 11.660583
v -5.325762 -0.336151 11.670376
v -5.318878 -0.136327 11.663194
v -5.274331 -0.345085 11.719143
v -5.278342 -0.058102 11.723440
v -5.820900 -0.801634 13.313930
v -5.819349 -0.515027 13.322257
v -5.821775 -0.513484 13.310052
v -5.830996 -0.593475 13.308867
v -5.828592 -0.595007 13.321043
v -5.820900 -0.801634 13.313930
v -5.760028 -0.801525 13.302105
v -12.475921 -0.803203 -0.086613
v -12.419998 -0.803566 0.076330
v -12.525297 -0.802882 -0.049097
v -12.374069 -0.803865 0.034664
v -10.814920 -0.138111 0.606769
v -10.649796 -0.374094 0.578769
v -10.803565 -0.414632 0.605319
v -12.148721 -0.508970 0.242503
v -12.262383 -0.509013 0.146386
v -12.186804 -0.508817 0.291444
v -12.176661 -0.586493 0.310498
v -12.043105 -0.749879 0.404762
v -12.049491 -0.544449 0.400624
v -12.171843 -0.793184 0.314155
v -10.449869 -0.048178 -2.842424
v -10.321816 -0.048177 -2.727180
v -10.296824 -0.048177 -2.783939
v -10.469778 -0.048178 -2.783687
v -12.374069 -0.508263 0.034663
v -12.475921 -0.507601 -0.086613
v -12.420001 -0.507964 0.076330
v -12.048288 -0.464618 0.390847
v -12.179071 -0.515413 0.308670
v -12.052711 -0.473369 0.398537
v -9.303881 -0.048177 -1.745699
v -9.424576 -0.048177 -1.868756
v -9.361781 -0.048177 -1.723474
v -9.368944 -0.048177 -1.896164
v -12.642872 -0.506516 -0.355297
v -12.765705 -0.505717 -0.476323
v -12.698095 -0.506157 -0.327082
v -12.708147 -0.506092 -0.499409
v -9.539026 -0.048177 -2.175874
v -9.642494 -0.048177 -2.302689
v -9.588934 -0.048177 -2.139062
v -9.689013 -0.048177 -2.261678
v -10.011013 -0.343779 -2.624821
v -9.879297 -0.343779 -2.527884
v -10.045468 -0.343779 -2.573253
v -9.918074 -0.343779 -2.479483
v -10.968539 -0.169841 0.689919
v -10.814267 -0.129336 0.615623
v -10.970919 -0.169826 0.627951
v -10.806408 -0.129387 0.677137
v -9.276551 -0.048177 -1.419086
v -9.255190 -0.048177 -1.262283
v -9.215527 -0.048177 -1.430157
v -9.193385 -0.048177 -1.267497
v -10.044760 -0.048176 0.399580
v -9.948460 -0.048176 0.256704
v -10.078115 -0.048176 0.347302
v -9.588934 -0.048177 -2.139062
v -9.689013 -0.048177 -2.261678
v -9.596068 -0.057017 -2.133803
v -10.489614 -0.345268 0.608617
v -10.647451 -0.382889 0.587331
v -10.508207 -0.345247 0.549458
v -10.634168 -0.382947 0.647905
v -9.222298 -0.048177 -0.777060
v -9.257378 -0.048177 -0.945860
v -9.283049 -0.048177 -0.789546
v -10.469778 -0.048178 -2.783687
v -10.325390 -0.057018 -2.719072
v -10.321816 -0.048177 -2.727180
v -10.472620 -0.057018 -2.775296
v -9.264016 -0.334939 -1.261540
v -9.276551 -0.343779 -1.419089
v -9.255190 -0.343779 -1.262285
v -9.285268 -0.334939 -1.417508
v -9.266183 -0.057018 -0.946812
v -9.283049 -0.048177 -0.789546
v -9.257378 -0.048177 -0.945860
v -9.291725 -0.057017 -0.791330
v -9.612106 -0.048176 -0.076779
v -9.720507 -0.057017 0.038473
v -9.713980 -0.048176 0.044475
v -9.619127 -0.057017 -0.082193
v -11.762150 -0.373322 0.544480
v -11.590931 -0.332736 0.543331
v -11.737917 -0.373481 0.487397
v -10.469780 -0.343780 -2.783689
v -10.325390 -0.334939 -2.719073
v -10.472624 -0.334939 -2.775297
v -10.321822 -0.343779 -2.727181
v -9.596068 -0.334939 -2.133804
v -9.689013 -0.343779 -2.261678
v -9.588934 -0.343779 -2.139063
v -12.142977 -0.517797 0.235736
v -12.256224 -0.517874 0.140002
v -12.148721 -0.508970 0.242503
v -12.262383 -0.509013 0.146386
v -12.468863 -0.794408 -0.091976
v -12.468863 -0.516487 -0.091976
v -12.367502 -0.517146 0.028707
v -12.367502 -0.795067 0.028708
v -10.495573 -0.334335 0.536067
v -10.501458 -0.056782 0.537916
v -10.361465 -0.057016 0.485985
v -10.360277 -0.334919 0.485546
v -10.801010 -0.209257 0.685375
v -10.632714 -0.374168 0.656654
v -10.639883 -0.168625 0.658210
v -10.793461 -0.414697 0.684414
v -12.301163 -0.804227 0.194914
v -12.184764 -0.795401 0.304204
v -12.307315 -0.795366 0.201292
v -11.750742 -0.667403 0.549323
v -11.601507 -0.617894 0.614417
v -11.754644 -0.658599 0.557291
v -11.610096 -0.332611 0.602309
v -11.765181 -0.382083 0.552819
v -11.612387 -0.341376 0.610878
v -10.794115 -0.423473 0.675566
v -10.632714 -0.374168 0.656654
v -10.793461 -0.414697 0.684414
v -10.449869 -0.343780 -2.842424
v -10.321822 -0.343779 -2.727181
v -10.469780 -0.343780 -2.783689
v -10.296824 -0.343779 -2.783938
v -9.642494 -0.343779 -2.302689
v -9.588934 -0.343779 -2.139063
v -9.689013 -0.343779 -2.261678
v -9.539021 -0.343779 -2.175874
v -9.361781 -0.343779 -1.723475
v -9.424576 -0.343779 -1.868756
v -9.303881 -0.343779 -1.745699
v -9.368944 -0.343779 -1.896164
v -9.562994 -0.048176 -0.038910
v -9.713980 -0.048176 0.044475
v -9.668343 -0.048176 0.086459
v -9.612106 -0.048176 -0.076779
v -10.959348 -0.455128 0.618635
v -10.801973 -0.423421 0.614052
v -10.958533 -0.463912 0.627476
v -10.803565 -0.414632 0.605319
v -12.708147 -0.801694 -0.499409
v -12.642872 -0.802118 -0.355297
v -12.765705 -0.801319 -0.476323
v -11.897547 -0.713742 0.479447
v -11.868450 -0.713931 0.424683
v -11.726509 -0.667560 0.492241
v -11.598312 -0.626694 0.606140
v -11.579144 -0.626818 0.547163
v -10.659123 -0.088693 0.589868
v -10.514601 -0.050047 0.551400
v -10.660574 -0.097471 0.581112
v -9.285268 -0.057018 -1.417504
v -9.264016 -0.334939 -1.261540
v -9.264016 -0.057018 -1.261538
v -9.285268 -0.334939 -1.417508
v -9.948458 -0.343778 0.256701
v -10.044760 -0.343778 0.399580
v -10.078115 -0.343778 0.347300
v -9.562994 -0.343778 -0.038910
v -9.713980 -0.343778 0.044474
v -9.612106 -0.343778 -0.076779
v -9.668343 -0.343778 0.086459
v -9.257378 -0.343779 -0.945860
v -9.222298 -0.343779 -0.777060
v -9.283049 -0.343779 -0.789546
v -11.737917 -0.373481 0.487397
v -11.590931 -0.332736 0.543331
v -11.734017 -0.382286 0.479421
v -12.374069 -0.508263 0.034663
v -12.475921 -0.507601 -0.086613
v -12.374069 -0.803865 0.034664
v -12.468863 -0.794408 -0.091976
v -12.367502 -0.795067 0.028708
v -12.475921 -0.803203 -0.086613
v -9.266183 -0.334939 -0.946812
v -9.283049 -0.343779 -0.789546
v -9.291725 -0.334938 -0.791330
v -9.257378 -0.343779 -0.945860
v -9.720504 -0.334938 0.038472
v -9.612106 -0.343778 -0.076779
v -9.713980 -0.343778 0.044474
v -9.619127 -0.334938 -0.082193
v -9.255190 -0.048177 -1.262283
v -9.276551 -0.048177 -1.419086
v -11.868450 -0.713931 0.424683
v -11.723478 -0.658801 0.483896
v -11.726509 -0.667560 0.492241
v -11.864710 -0.705176 0.416632
v -10.970919 -0.169826 0.627951
v -10.814267 -0.129336 0.615623
v -10.970783 -0.178606 0.619074
v -11.576853 -0.618054 0.538585
v -11.579144 -0.626818 0.547163
v -9.879297 -0.048177 -2.527884
v -10.045468 -0.048177 -2.573253
v -9.918074 -0.048177 -2.479483
v -10.011013 -0.048177 -2.624821
v -11.282404 -0.536603 0.684076
v -11.118733 -0.504758 0.689365
v -11.119654 -0.495973 0.698189
v -10.804817 -0.138177 0.685860
v -10.643492 -0.097545 0.658993
v -10.645837 -0.088750 0.650442
v -9.255190 -0.343779 -1.262285
v -9.215527 -0.343779 -1.430157
v -9.193385 -0.343779 -1.267497
v -9.276551 -0.343779 -1.419089
v -12.699921 -0.792907 -0.502709
v -12.699921 -0.514985 -0.502709
v -12.634979 -0.515408 -0.359330
v -12.634979 -0.793329 -0.359330
v -12.189556 -0.588682 0.300509
v -12.307315 -0.795366 0.201292
v -12.184764 -0.795401 0.304204
v -12.309395 -0.588703 0.199414
v -11.576853 -0.618054 0.538585
v -11.587740 -0.341536 0.535047
v -9.695663 -0.057018 -2.255819
v -9.596068 -0.334939 -2.133804
v -9.695663 -0.334939 -2.255819
v -9.432528 -0.057017 -1.864841
v -9.370049 -0.334938 -1.720300
v -9.370049 -0.057017 -1.720299
v -9.432528 -0.334938 -1.864841
v -9.320770 -0.057017 -1.570820
v -9.320770 -0.334939 -1.570823
v -10.184604 -0.057018 -2.648264
v -10.050389 -0.334939 -2.565886
v -10.050389 -0.057018 -2.565886
v -10.330530 -0.128005 0.559491
v -10.182160 -0.057017 0.489496
v -10.330927 -0.056925 0.559637
v -10.182160 -0.128097 0.489496
v -11.425493 -0.577363 0.578362
v -12.557712 -0.793831 -0.222119
v -12.557712 -0.515910 -0.222119
v -10.219038 -0.057017 0.418803
v -10.219036 -0.334938 0.418803
v -9.384622 -0.057017 -0.490849
v -9.331384 -0.334938 -0.638960
v -9.384622 -0.334938 -0.490849
v -9.331384 -0.057017 -0.638960
v -9.186459 -0.343779 -1.103344
v -9.195716 -0.343779 -0.939198
v -9.248474 -0.343779 -1.104072
v -10.333076 -0.343678 0.551001
v -10.182160 -0.334938 0.489496
v -10.329736 -0.334828 0.559198
v -10.186258 -0.343779 0.481645
v -10.334366 -0.048095 0.551476
v -10.477535 -0.056889 0.613977
v -10.956154 -0.463928 0.689443
v -10.956285 -0.455147 0.698315
v -12.128033 -0.802084 0.258438
v -12.004167 -0.758911 0.345544
v -12.037885 -0.758691 0.397587
v -12.426562 -0.794683 0.082281
v -9.756186 -0.048177 -2.420270
v -9.798988 -0.048177 -2.375392
v -11.427025 -0.586132 0.587107
v -11.271399 -0.536674 0.605101
v -11.272154 -0.545449 0.613946
v -11.425493 -0.577363 0.578362
v -11.127088 -0.219477 0.617978
v -11.284428 -0.251363 0.612236
v -11.128006 -0.210692 0.626808
v -12.140936 -0.804380 0.248503
v -12.259001 -0.804422 0.149436
v -12.135788 -0.795596 0.241278
v -12.253104 -0.795617 0.142819
v -12.004167 -0.758911 0.345544
v -11.999741 -0.750160 0.337846
v -9.312241 -0.343779 -1.573217
v -9.320770 -0.334939 -1.570823
v -9.521746 -0.048176 -0.206762
v -9.529216 -0.057017 -0.211538
v -9.442939 -0.048176 -0.343961
v -9.450798 -0.057017 -0.348052
v -9.521751 -0.343778 -0.206761
v -9.529216 -0.334938 -0.211537
v -9.442939 -0.343778 -0.343961
v -9.450798 -0.334938 -0.348052
v -10.358122 -0.048166 0.494192
v -10.214941 -0.048177 0.426663
v -10.078115 -0.048176 0.347302
v -9.798988 -0.048177 -2.375392
v -9.257331 -0.057018 -1.104175
v -9.248474 -0.048177 -1.104071
v -10.219036 -0.334938 0.418803
v -10.078115 -0.343778 0.347300
v -10.214937 -0.343779 0.426663
v -10.330530 -0.128005 0.559491
v -10.471648 -0.334441 0.612130
v -10.329736 -0.334828 0.559198
v -10.475571 -0.127969 0.613361
v -9.695663 -0.334939 -2.255819
v -9.798988 -0.343779 -2.375392
v -12.253104 -0.795617 0.142819
v -12.135788 -0.795596 0.241278
v -11.282738 -0.260153 0.603521
v -11.439099 -0.292048 0.584324
v -9.322908 -0.343778 -0.636370
v -9.319035 -0.343778 -0.463970
v -9.376420 -0.343778 -0.487489
v -9.263599 -0.343778 -0.618246
v -9.469505 -0.343778 -0.173350
v -9.521751 -0.343778 -0.206761
v -9.387919 -0.343778 -0.315338
v -9.442939 -0.343778 -0.343961
v -9.910710 -0.343778 0.305901
v -9.826810 -0.343778 0.155529
v -9.784962 -0.343778 0.201293
v -10.356833 -0.343749 0.493717
v -10.214937 -0.343779 0.426663
v -9.257331 -0.334939 -1.104176
v -10.801973 -0.423421 0.614052
v -10.492670 -0.343172 0.544448
v -11.280712 -0.545393 0.675366
v -11.427025 -0.586132 0.587107
v -11.272154 -0.545449 0.613946
v -11.440952 -0.586042 0.647535
v -12.179020 -0.804227 0.297444
v -12.259001 -0.804422 0.149436
v -12.140936 -0.804380 0.248503
v -12.617698 -0.802281 -0.184368
v -12.565216 -0.802623 -0.217397
v -12.698095 -0.801759 -0.327082
v -11.115658 -0.495999 0.618551
v -11.115628 -0.504778 0.627429
v -9.910710 -0.048176 0.305901
v -9.826813 -0.048176 0.155531
v -9.784962 -0.048176 0.201293
v -9.252528 -0.343779 -1.589978
v -9.312241 -0.343779 -1.573217
v -9.499949 -0.343779 -2.008044
v -9.446991 -0.343779 -2.040323
v -10.180339 -0.343779 -2.656031
v -10.150485 -0.343779 -2.710392
v -10.487207 -0.336447 0.617141
v -10.639883 -0.168625 0.658210
v -10.487207 -0.336447 0.617141
v -10.491142 -0.129980 0.618335
v -12.009346 -0.473651 0.331620
v -12.130114 -0.515519 0.245731
v -12.014566 -0.464838 0.338802
v -12.135860 -0.506705 0.252498
v -11.454556 -0.300727 0.653488
v -11.292986 -0.251307 0.673656
v -11.453028 -0.291957 0.644752
v -11.131113 -0.210672 0.688744
v -10.967725 -0.178626 0.698748
v -11.131082 -0.219451 0.697611
v -11.443404 -0.577247 0.656062
v -11.902125 -0.704934 0.487046
v -12.043105 -0.749879 0.404762
v -10.474062 -0.343254 0.603605
v -10.471648 -0.334441 0.612130
v -10.496008 -0.050071 0.610560
v -10.493111 -0.058900 0.618933
v -10.511110 -0.336421 0.541076
v -10.517018 -0.058871 0.542870
v -12.166101 -0.802000 0.307390
v -12.171843 -0.793184 0.314155
v -12.309395 -0.588703 0.199414
v -12.426562 -0.794683 0.082281
v -12.426562 -0.587842 0.082281
v -12.625200 -0.586551 -0.179649
v -12.705986 -0.792867 -0.323051
v -12.625200 -0.793392 -0.179649
v -11.999741 -0.750160 0.337846
v -12.122885 -0.793290 0.251216
v -11.115628 -0.504778 0.627429
v -10.958533 -0.463912 0.627476
v -11.874819 -0.428664 0.411261
v -11.879396 -0.419855 0.418867
v -11.439099 -0.292048 0.584324
v -9.248474 -0.343779 -1.104072
v -9.257331 -0.334939 -1.104176
v -9.312241 -0.048177 -1.573214
v -10.647451 -0.382889 0.587331
v -10.649796 -0.374094 0.578769
v -10.495573 -0.334335 0.536067
v -10.360277 -0.334919 0.485546
v -10.492670 -0.343172 0.544448
v -10.356833 -0.343749 0.493717
v -9.319035 -0.048176 -0.463970
v -9.322908 -0.048176 -0.636371
v -9.376420 -0.048176 -0.487489
v -9.263599 -0.048176 -0.618246
v -10.659123 -0.088693 0.589868
v -10.480436 -0.048052 0.605607
v -10.499044 -0.047969 0.546449
v -10.358122 -0.048166 0.494192
v -10.186258 -0.048177 0.481645
v -10.214941 -0.048177 0.426663
v -9.248474 -0.048177 -1.104071
v -9.186459 -0.048177 -1.103344
v -9.195716 -0.048177 -0.939198
v -11.128006 -0.210692 0.626808
v -11.284428 -0.251363 0.612236
v -9.756186 -0.343779 -2.420270
v -9.798988 -0.343779 -2.375392
v -9.499949 -0.048177 -2.008043
v -9.446991 -0.048177 -2.040323
v -12.617698 -0.506679 -0.184368
v -12.525297 -0.507280 -0.049097
v -12.565216 -0.507021 -0.217397
v -9.312241 -0.048177 -1.573214
v -9.252528 -0.048177 -1.589978
v -11.908491 -0.419665 0.473632
v -11.879396 -0.419855 0.418867
v -12.310437 -0.517623 0.198475
v -12.191950 -0.517602 0.298663
v -12.304541 -0.508818 0.191864
v -10.180336 -0.048177 -2.656030
v -10.150485 -0.048177 -2.710392
v -11.723478 -0.658801 0.483896
v -11.864710 -0.705176 0.416632
v -11.912235 -0.428421 0.481676
v -10.511110 -0.336421 0.541076
v -10.508207 -0.345247 0.549458
v -10.499044 -0.047969 0.546449
v -12.128033 -0.802084 0.258438
v -12.122885 -0.793290 0.251216
v -9.469505 -0.048176 -0.173350
v -9.521746 -0.048176 -0.206762
v -9.387919 -0.048176 -0.315337
v -9.442939 -0.048176 -0.343961
v -12.173929 -0.506621 0.301451
v -10.514601 -0.050047 0.551400
v -12.176661 -0.586493 0.310498
v -12.189556 -0.588682 0.300509
v -10.475571 -0.127969 0.613361
v -10.491142 -0.129980 0.618335
v -12.014566 -0.464838 0.338802
v -12.135860 -0.506705 0.252498
v -12.049491 -0.544449 0.400624
v -12.176661 -0.586493 0.310498
v -10.293246 -0.334939 -2.792039
v -10.447023 -0.128098 -2.850809
v -10.293246 -0.128098 -2.792040
v -10.006090 -0.128097 -2.632180
v -9.873755 -0.128097 -2.534791
v -10.006086 -0.334939 -2.632178
v -9.905320 -0.128097 0.312928
v -10.040001 -0.128097 0.407045
v -9.905320 -0.334938 0.312928
v -9.905320 -0.128097 0.312928
v -9.905320 -0.334938 0.312928
v -9.778988 -0.334938 0.207830
v -10.182160 -0.334938 0.489496
v -9.462047 -0.128096 -0.168577
v -9.555984 -0.128096 -0.033500
v -9.462047 -0.334938 -0.168577
v -9.380069 -0.128096 -0.311250
v -9.462047 -0.128096 -0.168577
v -9.380069 -0.334938 -0.311250
v -9.873755 -0.128097 -2.534791
v -9.750070 -0.128097 -2.426676
v -9.873755 -0.334939 -2.534791
v -10.293246 -0.128098 -2.792040
v -10.146217 -0.128097 -2.718149
v -9.177604 -0.128098 -1.103238
v -9.186916 -0.334939 -0.938247
v -9.177604 -0.334939 -1.103238
v -12.426562 -0.516762 0.082281
v -12.176661 -0.586493 0.310498
v -12.189556 -0.588682 0.300509
v -5.318878 -0.136327 11.663194
v -5.208276 -0.136421 11.555750
v -5.208198 -0.334916 11.555671
v -5.525594 -0.218125 11.917997
v -5.424813 -0.374468 11.783143
v -5.520975 -0.414913 11.911246
v -5.429196 -0.177225 11.788621
v -5.738727 -0.793409 13.633423
v -5.791858 -0.793393 13.473946
v -5.855775 -0.751159 13.144407
v -5.831916 -0.791291 13.303751
v -5.429196 -0.177225 11.788621
v -5.328187 -0.137952 11.672973
v -5.855019 -0.554104 13.151890
v -5.864144 -0.705978 12.981368
v -5.864060 -0.508914 12.988865
v -5.791277 -0.595027 13.476137
v -5.828592 -0.595007 13.321043
v -5.829551 -0.792836 13.315924
v -5.208276 -0.136421 11.555750
v -5.080571 -0.136434 11.453294
v -5.080571 -0.334930 11.453294
v -5.828592 -0.595007 13.321043
v -5.830996 -0.593475 13.308867
v -3.700753 -0.065283 11.151138
v -3.100370 -0.065283 11.327896
v -3.244731 -0.065283 11.266036
v -3.393530 -0.065283 11.215951
v -5.856406 -0.463528 12.825847
v -5.864060 -0.508914 12.988865
v -2.043612 -0.065283 13.109571
v -2.476226 -0.056442 11.798731
v -2.385658 -0.065283 11.927748
v -2.482963 -0.065283 11.804477
v -2.482957 -0.334930 11.804480
v -2.385652 -0.334930 11.927751
v -2.589729 -0.334930 11.689352
v -2.298233 -0.065283 12.058307
v -2.298233 -0.334930 12.058310
v -2.221763 -0.065283 12.195665
v -2.221763 -0.334930 12.195665
v -2.589729 -0.065283 11.689352
v -2.705416 -0.334930 11.583145
v -2.829334 -0.065283 11.486528
v -2.829334 -0.334930 11.486528
v -2.961310 -0.065283 11.401103
v -2.961310 -0.334930 11.401103
v -3.100370 -0.334930 11.327896
v -3.244731 -0.334930 11.266034
v -3.393530 -0.334930 11.215951
v -3.545833 -0.334930 11.177776
v -3.700753 -0.334930 11.151138
v -3.857687 -0.065283 11.142011
v -3.857687 -0.334930 11.142009
v -5.533096 -0.514921 13.890548
v -5.601972 -0.523761 13.748626
v -5.525502 -0.523761 13.885983
v -5.601972 -0.793409 13.748626
v -5.525502 -0.793409 13.885983
v -2.158781 -0.065283 12.339647
v -2.158781 -0.334930 12.339647
v -2.108395 -0.334930 12.488325
v -2.099900 -0.056442 12.485832
v -2.108395 -0.065283 12.488328
v -2.070855 -0.334930 12.640671
v -2.070855 -0.065283 12.640674
v -2.046175 -0.334930 12.795744
v -2.046175 -0.065283 12.795748
v -2.036970 -0.334930 12.952656
v -2.036970 -0.065283 12.952659
v -2.043612 -0.334930 13.109569
v -2.063131 -0.334930 13.265256
v -2.063131 -0.065283 13.265256
v -2.095629 -0.065283 13.418818
v -2.095629 -0.334930 13.418818
v -2.150387 -0.065283 12.160132
v -2.031896 -0.065283 12.465848
v -2.001320 -0.056442 12.626972
v -1.992630 -0.065283 12.625257
v -2.040400 -0.056442 12.468347
v -1.975674 -0.056442 12.788454
v -1.966862 -0.065283 12.787543
v -1.957245 -0.065283 12.951653
v -1.984535 -0.065283 13.278667
v -1.993268 -0.056442 13.277177
v -2.066579 -0.065283 13.596611
v -5.080571 -0.334930 11.453294
v -4.802885 -0.334930 11.280600
v -4.798815 -0.343771 11.288476
v -4.651231 -0.343771 11.219553
v -4.654633 -0.334930 11.211367
v -4.498559 -0.343771 11.162525
v -4.501270 -0.334930 11.154084
v -3.219309 -0.056442 11.199877
v -3.069555 -0.056442 11.264071
v -3.216132 -0.065283 11.191607
v -3.065705 -0.065283 11.256092
v -1.993271 -0.343771 13.277181
v -1.984535 -0.334930 13.278671
v -2.066579 -0.334930 13.596614
v -1.957245 -0.334930 12.951655
v -1.966862 -0.334930 12.787543
v -1.975674 -0.343771 12.788454
v -1.992630 -0.334930 12.625257
v -2.001320 -0.343771 12.626972
v -2.031896 -0.334930 12.465848
v -2.040400 -0.343771 12.468347
v -2.092846 -0.343771 12.313655
v -5.593842 -0.523761 13.927062
v -5.586245 -0.514921 13.922494
v -5.673451 -0.523761 13.783959
v -3.530081 -0.136434 11.099615
v -3.691685 -0.334930 11.071923
v -3.691685 -0.136434 11.071923
v -3.691685 -0.065283 11.071923
v -3.371253 -0.136434 11.139395
v -3.371253 -0.334930 11.139395
v -3.530081 -0.136434 11.099615
v -3.530081 -0.334930 11.099615
v -3.371253 -0.136434 11.139395
v -3.216135 -0.334930 11.191607
v -3.691685 -0.136434 11.071923
v -3.216135 -0.136434 11.191607
v -3.065705 -0.334930 11.256092
v -3.065705 -0.136434 11.256092
v -3.216135 -0.136434 11.191607
v -3.855393 -0.136434 11.062309
v -5.760028 -0.801525 13.302105
v -4.802885 -0.065283 11.280601
v -4.651234 -0.056442 11.219554
v -4.654635 -0.065283 11.211370
v -4.798815 -0.056442 11.288478
v -3.100370 -0.334930 11.327896
v -3.244731 -0.334930 11.266034
v -3.391055 -0.343771 11.207451
v -3.393530 -0.334930 11.215951
v -2.141440 -0.065283 13.569172
v -4.325715 -0.065283 11.186918
v -2.141440 -0.334930 13.569172
v -2.095629 -0.334930 13.418818
v -2.203639 -0.334930 13.713534
v -2.276917 -0.334930 13.852460
v -2.063131 -0.334930 13.265256
v -2.043612 -0.334930 13.109569
v -2.036970 -0.334930 12.952656
v -2.046175 -0.334930 12.795744
v -2.070855 -0.334930 12.640671
v -2.108395 -0.334930 12.488325
v -2.158781 -0.334930 12.339647
v -2.221763 -0.334930 12.195665
v -2.476226 -0.343771 11.798731
v -2.385652 -0.334930 11.927751
v -2.482957 -0.334930 11.804480
v -2.589729 -0.334930 11.689352
v -2.705416 -0.334930 11.583145
v -2.583493 -0.343771 11.683066
v -2.829334 -0.334930 11.486528
v -2.298233 -0.334930 12.058310
v -5.533096 -0.802249 13.890548
v -5.601972 -0.793409 13.748626
v -5.525502 -0.793409 13.885983
v -5.664458 -0.793409 13.604404
v -3.700753 -0.334930 11.151138
v -3.216135 -0.334930 11.191607
v -3.069555 -0.343771 11.264071
v -3.219309 -0.343771 11.199877
v -3.065705 -0.334930 11.256092
v -3.691685 -0.334930 11.071923
v -5.593842 -0.793409 13.927062
v -5.586245 -0.802249 13.922494
v -5.673451 -0.793409 13.783959
v -2.961310 -0.334930 11.401103
v -4.501270 -0.136434 11.154084
v -4.654633 -0.334930 11.211367
v -4.654635 -0.136434 11.211369
v -4.802885 -0.136434 11.280600
v -4.945142 -0.136434 11.361397
v -4.802885 -0.136434 11.280600
v -4.654635 -0.136434 11.211369
v -4.802885 -0.334930 11.280600
v -4.945142 -0.334930 11.361397
v -5.080571 -0.136434 11.453294
v -4.945142 -0.136434 11.361397
v -4.501270 -0.334930 11.154084
v -4.624028 -0.334930 11.284993
v -4.476899 -0.065283 11.230002
v -4.624034 -0.065283 11.284993
v -4.476899 -0.334930 11.230002
v -4.325715 -0.334930 11.186918
v -2.150387 -0.334930 12.160132
v -2.084605 -0.136434 12.310405
v -2.084605 -0.334930 12.310405
v -2.084605 -0.136434 12.310405
v -1.992630 -0.334930 12.625257
v -1.966862 -0.136434 12.787543
v -1.966862 -0.334930 12.787543
v -1.957245 -0.136434 12.951654
v -1.957245 -0.334930 12.951655
v -1.964120 -0.136434 13.115773
v -1.964120 -0.334930 13.115776
v -1.984535 -0.136434 13.278668
v -1.984535 -0.334930 13.278671
v -2.018587 -0.136434 13.439354
v -2.018587 -0.334930 13.439354
v -2.066579 -0.136434 13.596612
v -2.066579 -0.334930 13.596614
v -2.131431 -0.136434 13.747351
v -2.131431 -0.334930 13.747351
v -2.207771 -0.136434 13.892159
v -2.207771 -0.334930 13.892159
v -2.031896 -0.136434 12.465848
v -5.525594 -0.218125 11.917997
v -5.612277 -0.259023 12.055179
v -4.170910 -0.334930 11.159728
v -4.766297 -0.334930 11.351444
v -4.766303 -0.065283 11.351444
v -4.902843 -0.334930 11.428987
v -4.902843 -0.065283 11.428987
v -5.032841 -0.334930 11.517161
v -2.422335 -0.136434 11.752693
v -2.533590 -0.334930 11.632733
v -2.533593 -0.136434 11.632730
v -2.422335 -0.065283 11.752693
v -2.321001 -0.065283 11.881091
v -2.422335 -0.136434 11.752693
v -2.321001 -0.334930 11.881091
v -2.321001 -0.136434 11.881091
v -2.230011 -0.136434 12.017037
v -2.321001 -0.136434 11.881091
v -2.230011 -0.065283 12.017037
v -2.422335 -0.334930 11.752693
v -2.230011 -0.334930 12.017037
v -2.230011 -0.136434 12.017037
v -2.654184 -0.334930 11.522054
v -2.533593 -0.136434 11.632730
v -2.783345 -0.334930 11.421395
v -2.654184 -0.136434 11.522052
v -2.920849 -0.334930 11.332400
v -2.783348 -0.136434 11.421394
v -2.920849 -0.136434 11.332400
v -2.150387 -0.136434 12.160132
v -5.612277 -0.259023 12.055179
v -5.688226 -0.299933 12.198847
v -5.688226 -0.299933 12.198847
v -5.752975 -0.339689 12.348424
v -4.902843 -0.334930 11.428987
v -4.766297 -0.334930 11.351444
v -4.624028 -0.334930 11.284993
v -4.476899 -0.334930 11.230002
v -4.325715 -0.334930 11.186918
v -2.422335 -0.334930 11.752693
v -2.429069 -0.343771 11.758449
v -2.328184 -0.343771 11.886276
v -2.321001 -0.334930 11.881091
v -2.920849 -0.334930 11.332400
v -2.237593 -0.343771 12.021625
v -2.230011 -0.334930 12.017037
v -2.925344 -0.056442 11.340034
v -2.920849 -0.065283 11.332399
v -2.783348 -0.065283 11.421392
v -2.429069 -0.056442 11.758448
v -2.328184 -0.056442 11.886276
v -2.237593 -0.056442 12.021623
v -3.545833 -0.334930 11.177776
v -3.065705 -0.136434 11.256092
v -2.920849 -0.136434 11.332400
v -2.783348 -0.136434 11.421394
v -2.654184 -0.136434 11.522052
v -2.269240 -0.056442 13.856873
v -2.203639 -0.065283 13.713534
v -2.276917 -0.065282 13.852460
v -2.203639 -0.334930 13.713534
v -2.276917 -0.334930 13.852460
v -2.141440 -0.334930 13.569172
v -5.032841 -0.334930 11.517161
v -5.793139 -0.428981 12.992336
v -3.857687 -0.334930 11.142009
v -5.835462 -0.420326 12.664086
v -5.856406 -0.463528 12.825847
v -5.801127 -0.380199 12.504536
v -5.835462 -0.420326 12.664086
v -12.532352 -0.516075 -0.043737
v -9.805106 -0.057018 -2.368981
v -9.213627 -0.057017 -0.775277
v -9.186916 -0.057018 -0.938247
v -9.177604 -0.057018 -1.103238
v -11.289941 -0.331162 0.683022
v -11.119654 -0.495973 0.698189
v -11.127252 -0.290531 0.697804
v -11.282404 -0.536603 0.684076
v -9.361781 -0.048177 -1.723474
v -9.424576 -0.048177 -1.868756
v -9.507512 -0.057017 -2.003432
v -9.499949 -0.048177 -2.008043
v -9.805106 -0.334939 -2.368981
v -9.918074 -0.343779 -2.479483
v -9.923615 -0.334939 -2.472569
v -10.050389 -0.334939 -2.565886
v -10.045468 -0.343779 -2.573253
v -12.708147 -0.506092 -0.499409
v -12.642872 -0.506516 -0.355297
v -11.761649 -0.453163 0.554318
v -11.601507 -0.617894 0.614417
v -11.608738 -0.412456 0.612064
v -11.754644 -0.658599 0.557291
v -9.450798 -0.334938 -0.348052
v -9.529216 -0.334938 -0.211537
v -9.619127 -0.334938 -0.082193
v -12.705986 -0.586026 -0.323051
v -12.773927 -0.792426 -0.473025
v -12.705986 -0.514946 -0.323051
v -12.773927 -0.585584 -0.473025
v -12.773927 -0.514504 -0.473025
v -12.426562 -0.587842 0.082281
v -12.532352 -0.793996 -0.043737
v -12.532352 -0.587154 -0.043737
v -9.923615 -0.334939 -2.472569
v -9.923615 -0.057018 -2.472569
v -9.805106 -0.334939 -2.368981
v -11.293739 -0.260082 0.682491
v -11.127252 -0.290531 0.697804
v -11.289941 -0.331162 0.683022
v -9.213627 -0.334938 -0.775277
v -9.186916 -0.334939 -0.938247
v -10.447023 -0.057018 -2.850809
v -10.293246 -0.057018 -2.792040
v -9.184568 -0.057018 -1.268239
v -9.206816 -0.057018 -1.431734
v -9.531895 -0.057017 -2.181128
v -9.635850 -0.057018 -2.308544
v -9.635850 -0.334939 -2.308544
v -9.531895 -0.334939 -2.181129
v -12.773927 -0.792426 -0.473025
v -12.705986 -0.792867 -0.323051
v -9.948458 -0.343778 0.256701
v -9.953854 -0.334938 0.249668
v -10.082882 -0.334938 0.339827
v -9.918074 -0.048177 -2.479483
v -10.045468 -0.048177 -2.573253
v -9.953856 -0.057017 0.249670
v -9.948460 -0.048176 0.256704
v -10.082884 -0.057017 0.339828
v -9.376420 -0.343778 -0.487489
v -9.384622 -0.334938 -0.490849
v -9.376420 -0.048176 -0.487489
v -9.424576 -0.343779 -1.868756
v -9.361781 -0.343779 -1.723475
v -9.432528 -0.334938 -1.864841
v -9.370049 -0.334938 -1.720300
v -9.507515 -0.334938 -2.003432
v -9.499949 -0.343779 -2.008044
v -12.642872 -0.802118 -0.355297
v -12.708147 -0.801694 -0.499409
v -12.634979 -0.793329 -0.359330
v -12.699921 -0.792907 -0.502709
v -12.532352 -0.793996 -0.043737
v -9.555984 -0.334938 -0.033500
v -9.661827 -0.334938 0.092458
v -10.447023 -0.334939 -2.850809
v -10.293246 -0.334939 -2.792039
v -10.146214 -0.334939 -2.718149
v -9.206816 -0.334939 -1.431734
v -9.184568 -0.334939 -1.268239
v -9.291725 -0.334938 -0.791330
v -9.266183 -0.334939 -0.946812
v -10.325390 -0.334939 -2.719073
v -10.184604 -0.334939 -2.648265
v -10.472624 -0.334939 -2.775297
v -11.115658 -0.495999 0.618551
v -11.271399 -0.536674 0.605101
v -10.959348 -0.455128 0.618635
v -9.507515 -0.334938 -2.003432
v -11.436647 -0.300843 0.575791
v -11.908845 -0.499500 0.483476
v -11.754644 -0.658599 0.557291
v -11.761649 -0.453163 0.554318
v -11.902125 -0.704934 0.487046
v -12.049491 -0.544449 0.400624
v -11.908845 -0.499500 0.483476
v -10.082882 -0.334938 0.339827
v -9.832796 -0.057017 0.148989
v -9.953854 -0.334938 0.249668
v -9.832792 -0.334938 0.148987
v -9.720504 -0.334938 0.038472
v -9.177604 -0.334939 -1.103238
v -9.750070 -0.057018 -2.426676
v -12.565216 -0.802623 -0.217397
v -12.557712 -0.793831 -0.222119
v -9.826810 -0.343778 0.155529
v -9.832792 -0.334938 0.148987
v -9.331384 -0.334938 -0.638960
v -9.322908 -0.343778 -0.636370
v -9.778988 -0.334938 0.207830
v -10.040001 -0.334938 0.407045
v -9.905320 -0.334938 0.312928
v -9.244004 -0.334939 -1.592368
v -9.462047 -0.057017 -0.168577
v -9.555984 -0.057017 -0.033500
v -9.661827 -0.057017 0.092458
v -9.380069 -0.057017 -0.311250
v -9.439430 -0.334938 -2.044931
v -9.244004 -0.057017 -1.592365
v -9.439430 -0.057017 -2.044929
v -9.380069 -0.334938 -0.311250
v -9.462047 -0.334938 -0.168577
v -10.801010 -0.209257 0.685375
v -10.963892 -0.249706 0.698603
v -12.532352 -0.587154 -0.043737
v -12.625200 -0.586551 -0.179649
v -12.625196 -0.515471 -0.179648
v -12.705986 -0.586026 -0.323051
v -11.450820 -0.371807 0.654351
v -11.289941 -0.331162 0.683022
v -11.443404 -0.577247 0.656062
v -11.608738 -0.412456 0.612064
v -11.450820 -0.371807 0.654351
v -12.565216 -0.507021 -0.217397
v -10.180339 -0.343779 -2.656031
v -10.184604 -0.334939 -2.648265
v -9.826813 -0.048176 0.155531
v -9.322908 -0.048176 -0.636371
v -10.180336 -0.048177 -2.656030
v -10.963892 -0.249706 0.698603
v -10.801010 -0.209257 0.685375
v -10.956285 -0.455147 0.698315
v -11.127252 -0.290531 0.697804
v -10.963892 -0.249706 0.698603
v -9.255133 -0.057017 -0.615659
v -10.006092 -0.057018 -2.632181
v -10.146217 -0.057018 -2.718151
v -11.908845 -0.499500 0.483476
v -12.049491 -0.544449 0.400624
v -9.206816 -0.128097 -1.431734
v -9.184568 -0.128098 -1.268239
v -9.206816 -0.334939 -1.431734
v -9.244004 -0.128097 -1.592366
v -9.206816 -0.128097 -1.431734
v -9.184568 -0.334939 -1.268239
v -9.244004 -0.334939 -1.592368
v -9.177604 -0.128098 -1.103238
v -9.184568 -0.128098 -1.268239
v -9.186916 -0.128097 -0.938247
v -9.213627 -0.334938 -0.775277
v -9.213627 -0.128097 -0.775277
v -9.555984 -0.128096 -0.033500
v -9.661827 -0.334938 0.092458
v -9.555984 -0.334938 -0.033500
v -9.555984 -0.057017 -0.033500
v -9.661827 -0.128096 0.092458
v -9.661827 -0.057017 0.092458
v -9.778988 -0.128097 0.207830
v -9.778988 -0.334938 0.207830
v -9.661827 -0.334938 0.092458
v -9.661827 -0.128096 0.092458
v -9.778988 -0.057017 0.207830
v -9.661827 -0.057017 0.092458
v -9.295613 -0.128097 -1.748868
v -9.295613 -0.334938 -1.748871
v -9.295613 -0.057017 -1.748867
v -9.244004 -0.128097 -1.592366
v -11.761649 -0.453163 0.554318
v -11.908845 -0.499500 0.483476
v -9.555984 -0.334938 -0.033500
v -9.310843 -0.128096 -0.460612
v -9.310843 -0.334938 -0.460612
v -9.310843 -0.057017 -0.460612
v -9.380069 -0.128096 -0.311250
v -9.213627 -0.128097 -0.775277
v -9.255133 -0.334938 -0.615657
v -9.255133 -0.128097 -0.615658
v -10.146214 -0.334939 -2.718149
v -10.006090 -0.128097 -2.632180
v -10.146217 -0.128097 -2.718149
v -9.873760 -0.057018 -2.534791
v -9.750070 -0.334939 -2.426674
v -9.635850 -0.128097 -2.308544
v -9.635850 -0.334939 -2.308544
v -9.635850 -0.128097 -2.308544
v -9.531895 -0.334939 -2.181129
v -9.531895 -0.128097 -2.181128
v -9.439430 -0.334938 -2.044931
v -9.439430 -0.128097 -2.044930
v -9.361004 -0.334938 -1.900077
v -9.360998 -0.128097 -1.900074
v -9.295613 -0.128097 -1.748868
v -9.360998 -0.057017 -1.900072
v -9.360998 -0.128097 -1.900074
v -9.439430 -0.128097 -2.044930
v -9.531895 -0.128097 -2.181128
v -9.750070 -0.128097 -2.426676
v -10.963892 -0.249706 0.698603
v -11.127252 -0.290531 0.697804
v -5.855816 -0.660585 12.818355
v -5.801127 -0.380199 12.504536
v -5.750284 -0.536617 12.341060
v -5.799150 -0.577189 12.497110
v -5.752975 -0.339689 12.348424
v -5.608248 -0.455837 12.048134
v -5.688226 -0.299933 12.198847
v -5.684841 -0.496794 12.191595
v -5.612277 -0.259023 12.055179
v -5.752975 -0.339689 12.348424
v -5.688226 -0.299933 12.198847
v -5.834184 -0.617358 12.656617
v -5.856406 -0.463528 12.825847
v -5.835462 -0.420326 12.664086
v -10.040001 -0.057017 0.407045
v -9.905320 -0.057017 0.312928
v -9.778988 -0.057017 0.207830
v -9.750070 -0.334939 -2.426674
v -9.873755 -0.334939 -2.534791
v -10.006086 -0.334939 -2.632178
v -10.447023 -0.334939 -2.850809
v -9.778988 -0.128097 0.207830
v -9.778988 -0.057017 0.207830
v -9.905320 -0.057017 0.312928
v -9.310843 -0.128096 -0.460612
v -9.255133 -0.128097 -0.615658
v -9.186916 -0.128097 -0.938247
v -4.019121 -0.065283 11.065381
v -4.182159 -0.136434 11.080792
v -4.182162 -0.065283 11.080792
v -4.019121 -0.136434 11.065381
v -4.182159 -0.334930 11.080792
v -4.019121 -0.334930 11.065381
v -4.014621 -0.334930 11.144988
v -9.310843 -0.334938 -0.460612
v -9.295613 -0.334938 -1.748871
v -9.361004 -0.334938 -1.900077
v -9.255133 -0.334938 -0.615657
v -12.625200 -0.793392 -0.179649
v -10.040001 -0.334938 0.407045
v -10.182160 -0.128097 0.489496
v -10.040001 -0.128097 0.407045
v -1.992630 -0.136434 12.625257
v -2.150387 -0.136434 12.160132
v -1.966862 -0.136434 12.787543
v -1.957245 -0.136434 12.951654
v -1.964120 -0.136434 13.115773
v -1.984535 -0.136434 13.278668
v -2.018587 -0.136434 13.439354
v -2.066579 -0.136434 13.596612
v -2.131431 -0.136434 13.747351
v -4.501270 -0.136434 11.154084
v -4.343623 -0.065283 11.109222
v -4.501273 -0.065283 11.154084
v -5.593842 -0.594913 13.927062
v -5.673451 -0.594913 13.783959
v -5.593842 -0.793409 13.927062
v -5.673451 -0.793409 13.783959
v -5.738727 -0.594913 13.633423
v -5.673451 -0.594913 13.783959
v -4.343623 -0.136434 11.109222
v -4.182162 -0.065283 11.080792
v -4.343623 -0.065283 11.109222
v -2.155558 0.040714 -5.800410
v -1.689588 0.011247 -5.311994
v -2.132099 0.011248 -5.818356
v -1.710506 0.040713 -5.291151
v -1.184789 0.011248 -4.867746
v -1.202803 0.040714 -4.844338
v -0.626308 0.011248 -4.493159
v -0.641120 0.040714 -4.467615
v -0.035071 0.040714 -4.167428
v -0.023724 0.011247 -4.194683
v 0.604981 0.040714 -3.948917
v 0.612677 0.011247 -3.977411
v 1.268064 0.040714 -3.815812
v 1.271969 0.011247 -3.845072
v 1.942859 0.040714 -3.770401
v 1.942911 0.011247 -3.799922
v 2.613974 0.011247 -3.842728
v 2.617775 0.040714 -3.813457
v 3.273759 0.011247 -3.972783
v 3.281356 0.040714 -3.944245
v 3.910875 0.011247 -4.187814
v 3.922131 0.040714 -4.160520
v 4.514499 0.011249 -4.484182
v 4.529222 0.040716 -4.458588
v 5.074280 0.011249 -4.856801
v 5.092214 0.040716 -4.833348
v 5.580627 0.011248 -5.299297
v 5.601474 0.040715 -5.278382
v 6.048315 0.040715 -5.786090
v 6.024920 0.011248 -5.804113
v -2.530313 0.040715 -6.363398
v -2.504712 0.011248 -6.378122
v -2.828379 0.040715 -6.970490
v -2.801078 0.011248 -6.981757
v -3.044654 0.040715 -7.611292
v -3.016119 0.011248 -7.618889
v 8.458865 0.040704 -7.016647
v 8.692980 0.070172 -7.238904
v 8.675651 0.040705 -7.263830
v 8.479753 0.070172 -6.995764
v 8.056220 0.040704 -6.663491
v 8.074200 0.070172 -6.640064
v 7.625695 0.070172 -6.340393
v 7.610932 0.040704 -6.365967
v 7.141920 0.070172 -6.101848
v 7.130622 0.040704 -6.129129
v 6.631135 0.070171 -5.928479
v 6.623492 0.040704 -5.957003
v 6.098244 0.040704 -5.852461
v 6.102095 0.070172 -5.823183
v 5.563839 0.070172 -5.787943
v 5.563839 0.040704 -5.817473
v 5.029442 0.040704 -5.852461
v 5.025586 0.070172 -5.823183
v 4.496551 0.070172 -5.928443
v 4.504190 0.040705 -5.956966
v 6.011941 0.210463 -9.468074
v 6.003883 0.239930 -9.661331
v 5.967629 0.210463 -9.692893
v 6.041224 0.239930 -9.471872
v 6.046036 0.210463 -8.933619
v 6.075567 0.239930 -8.933558
v 6.010077 0.210463 -8.399321
v 6.039349 0.239930 -8.395404
v 5.904688 0.210463 -7.874214
v 5.933195 0.239930 -7.866520
v 5.758914 0.239930 -7.356068
v 5.731656 0.210463 -7.367415
v 5.519499 0.239931 -6.872684
v 5.493956 0.210464 -6.887486
v 5.219035 0.239931 -6.424720
v 5.195640 0.210464 -6.442737
v 4.841831 0.210464 -6.040733
v 4.862680 0.239931 -6.019808
v 4.438573 0.210464 -5.688281
v 4.456510 0.239931 -5.664816
v 4.007486 0.239931 -5.365929
v 3.992764 0.210464 -5.391521
v 3.523294 0.239931 -5.128228
v 3.512046 0.210464 -5.155514
v 3.012208 0.239931 -4.955751
v 3.004617 0.210463 -4.984290
v 2.479181 0.210464 -4.880661
v 2.482985 0.239931 -4.851378
v 1.944669 0.239931 -4.817079
v 1.944718 0.210463 -4.846592
v 1.410385 0.210463 -4.882520
v 1.406480 0.239931 -4.853256
v 0.877623 0.239931 -4.959440
v 0.885315 0.210464 -4.987958
v 0.378490 0.210464 -5.160984
v 0.367143 0.239931 -5.133736
v -0.101408 0.210463 -5.398679
v -0.116217 0.239931 -5.373126
v -0.546175 0.210464 -5.696970
v -0.564193 0.239930 -5.673578
v -0.969121 0.239930 -6.029985
v -0.948202 0.210463 -6.050840
v -1.324071 0.239931 -6.436138
v -1.300608 0.210464 -6.454091
v -1.622963 0.239931 -6.885151
v -1.597363 0.210464 -6.899877
v -1.833391 0.210463 -7.380609
v -1.860692 0.239930 -7.369364
v -2.004647 0.210463 -7.888018
v -2.033188 0.239930 -7.880424
v -2.108211 0.210463 -8.413473
v -2.137494 0.239930 -8.409675
v -2.142309 0.210463 -8.947893
v -2.171837 0.239930 -8.947953
v -2.106346 0.210463 -9.482283
v -2.135615 0.239930 -9.486180
v -2.029459 0.239930 -10.014995
v -2.000952 0.210462 -10.007298
v -1.827920 0.210462 -10.514135
v -1.855181 0.239930 -10.525482
v -1.615763 0.239930 -11.008865
v -1.590211 0.210462 -10.994062
v -1.331107 0.239930 -11.433270
v -1.275995 0.210462 -11.456890
v -1.553854 0.040725 -7.174812
v -2.086749 0.070193 -7.250794
v -1.557710 0.070193 -7.145534
v -2.079105 0.040726 -7.279316
v -2.597536 0.070193 -7.424198
v -2.586236 0.040725 -7.451481
v -3.066542 0.040725 -7.688318
v -3.081308 0.070192 -7.662744
v -3.511836 0.040725 -7.985843
v -3.529813 0.070192 -7.962415
v -3.935359 0.070192 -8.318116
v -3.914482 0.040725 -8.338998
v -4.291018 0.070193 -8.723647
v -4.267590 0.040726 -8.741625
v -4.565121 0.040726 -9.186901
v -4.590690 0.070193 -9.172137
v -4.829265 0.070192 -9.655934
v -4.801984 0.040725 -9.667238
v -4.998679 0.070192 -10.154990
v -4.974129 0.040724 -10.174336
v 6.235488 0.011247 -5.641946
v 5.768238 -0.138446 -5.111041
v 6.235488 -0.138446 -5.641946
v 5.768238 0.011248 -5.111041
v 6.212092 0.040715 -5.659964
v 5.235703 -0.138446 -4.645671
v 5.747386 0.040716 -5.131958
v 6.048315 0.040715 -5.786090
v 5.601474 0.040715 -5.278382
v 5.235703 0.011248 -4.645671
v 5.217769 0.040716 -4.669132
v 5.092214 0.040716 -4.833348
v 4.646987 0.011248 -4.253787
v 4.646987 -0.138446 -4.253788
v 4.632264 0.040716 -4.279388
v 4.529222 0.040716 -4.458588
v 3.922131 0.040714 -4.160520
v 4.000902 0.040714 -3.969404
v 3.281356 0.040714 -3.944245
v 4.012155 0.011247 -3.942101
v 4.012155 -0.138446 -3.942101
v 3.342102 -0.138446 -3.715944
v 3.334507 0.040714 -3.744482
v 3.342102 0.011247 -3.715943
v 2.644397 0.040714 -3.608465
v 2.617775 0.040714 -3.813457
v 2.648201 0.011246 -3.579179
v 2.648201 -0.138446 -3.579180
v 1.942448 -0.138446 -3.534157
v 1.942859 0.040714 -3.770401
v 1.942448 0.011246 -3.534157
v 1.236821 -0.138446 -3.581643
v 1.942500 0.040714 -3.563687
v 1.240723 0.040714 -3.610914
v 1.268064 0.040714 -3.815812
v 1.236821 0.011246 -3.581643
v 0.551130 0.040714 -3.749340
v 0.604981 0.040714 -3.948917
v -0.035071 0.040714 -4.167428
v 0.543436 0.011246 -3.720828
v 0.543436 -0.138446 -3.720828
v -0.125857 -0.138446 -3.949323
v -0.114511 0.040714 -3.976586
v -0.125857 0.011246 -3.949323
v -0.759599 -0.138446 -4.263228
v -0.744790 0.040714 -4.288775
v -0.641120 0.040714 -4.467615
v -0.759599 0.011246 -4.263227
v -1.346948 -0.138446 -4.657163
v -1.328925 0.040714 -4.680561
v -1.202803 0.040714 -4.844338
v -1.346948 0.011246 -4.657163
v -1.856928 0.040713 -5.145237
v -1.710506 0.040713 -5.291151
v -2.155558 0.040714 -5.800410
v -2.319772 0.040714 -5.674857
v -1.877846 0.011245 -5.124392
v -1.877846 -0.138446 -5.124393
v -2.343237 0.011247 -5.656921
v -2.343237 -0.138446 -5.656920
v -2.735115 -0.138446 -6.245631
v -2.735115 0.011248 -6.245631
v -3.046798 -0.138446 -6.880464
v -3.046798 0.011248 -6.880465
v -3.272959 -0.138446 -7.550547
v -3.272959 0.011247 -7.550547
v -3.244420 0.040715 -7.558141
v -2.709514 0.040715 -6.260353
v -2.530313 0.040715 -6.363398
v -3.019494 0.040715 -6.891718
v -3.044654 0.040715 -7.611292
v -2.828379 0.040715 -6.970490
v 8.479753 0.070172 -6.995764
v 8.811232 0.070172 -7.060899
v 8.692980 0.070172 -7.238904
v 8.625917 0.070172 -6.849595
v 8.828769 0.040704 -7.036206
v 8.074200 0.070172 -6.640064
v 8.646798 -0.138418 -6.828713
v 8.836389 -0.138418 -7.044891
v 8.646798 0.040704 -6.828713
v 8.200037 0.070172 -6.476066
v 8.218018 0.040704 -6.452638
v 8.218018 -0.138418 -6.452638
v 7.743820 -0.138418 -6.135798
v 7.729057 0.070172 -6.161374
v 7.625695 0.070172 -6.340393
v 7.743820 0.040704 -6.135798
v 7.232327 -0.138418 -5.883585
v 7.221029 0.070172 -5.910869
v 7.141920 0.070172 -6.101848
v 7.232327 0.040704 -5.883585
v 6.692282 0.040703 -5.700283
v 6.692282 -0.138418 -5.700283
v 6.132932 -0.138418 -5.588959
v 6.684638 0.070171 -5.728807
v 6.631135 0.070171 -5.928479
v 6.102095 0.070172 -5.823183
v 6.132932 0.040704 -5.588959
v 5.563839 -0.138418 -5.551697
v 6.129076 0.070172 -5.618237
v 5.563839 0.040704 -5.551698
v 4.994754 -0.138418 -5.588959
v 5.563839 0.070172 -5.581229
v 5.563839 0.070172 -5.787943
v 5.025586 0.070172 -5.823183
v 4.994748 0.040704 -5.588959
v 4.435405 -0.138418 -5.700248
v 4.435405 0.040704 -5.700248
v 4.998605 0.070172 -5.618236
v 4.443045 0.070172 -5.728772
v 4.496551 0.070172 -5.928443
v 6.041224 0.239930 -9.471872
v 6.244761 0.239929 -9.505888
v 6.003883 0.239930 -9.661331
v 6.282280 0.239929 -8.933197
v 6.075567 0.239930 -8.933558
v 6.276381 0.210461 -9.488475
v 6.311811 0.011234 -8.933146
v 6.275500 0.011234 -9.502300
v 6.311811 0.210461 -8.933146
v 6.273515 0.011234 -8.364160
v 6.244248 0.239929 -8.368067
v 6.039349 0.239930 -8.395404
v 6.273515 0.210461 -8.364160
v 5.933195 0.239930 -7.866520
v 6.161283 0.011234 -7.804977
v 6.132771 0.239930 -7.812670
v 6.161283 0.210462 -7.804977
v 5.977022 0.210462 -7.265282
v 5.977022 0.011234 -7.265280
v 5.949759 0.239930 -7.276628
v 5.758914 0.239930 -7.356068
v 5.519499 0.239931 -6.872684
v 5.723892 0.210463 -6.754204
v 5.723892 0.011234 -6.754204
v 5.698338 0.239931 -6.769014
v 5.406214 0.210463 -6.280576
v 5.406214 0.011234 -6.280575
v 5.382818 0.239931 -6.298593
v 5.219035 0.239931 -6.424720
v 5.029436 0.210463 -5.852467
v 5.029436 0.011234 -5.852467
v 5.008595 0.239931 -5.873384
v 4.862680 0.239931 -6.019808
v 4.456510 0.239931 -5.664816
v 4.582065 0.239931 -5.500600
v 4.600002 0.210463 -5.477139
v 4.600002 0.011234 -5.477139
v 4.125252 0.011234 -5.161128
v 4.110530 0.239931 -5.186729
v 4.007486 0.239931 -5.365929
v 4.125252 0.210463 -5.161128
v 3.613321 0.011234 -4.909808
v 3.602070 0.239931 -4.937111
v 3.613321 0.210463 -4.909808
v 3.072957 0.011234 -4.727449
v 3.523294 0.239931 -5.128228
v 3.072957 0.210463 -4.727449
v 2.513414 0.011234 -4.617100
v 3.065362 0.239931 -4.755987
v 3.012208 0.239931 -4.955751
v 2.482985 0.239931 -4.851378
v 2.513414 0.210464 -4.617101
v 1.944258 0.011234 -4.580831
v 2.509610 0.239931 -4.646386
v 1.944252 0.210463 -4.580832
v 1.375234 0.011234 -4.619086
v 1.944304 0.239931 -4.610363
v 1.944669 0.239931 -4.817079
v 1.406480 0.239931 -4.853256
v 1.375234 0.210463 -4.619086
v 0.816083 0.011234 -4.731352
v 1.379138 0.239931 -4.648358
v 0.816083 0.210463 -4.731352
v 0.276357 0.011234 -4.915632
v 0.823775 0.239931 -4.759862
v 0.877623 0.239931 -4.959440
v 0.276351 0.210463 -4.915632
v -0.234693 0.011234 -5.168736
v 0.287701 0.239931 -4.942895
v 0.367143 0.239931 -5.133736
v -0.116217 0.239931 -5.373126
v -0.219884 0.239931 -5.194287
v -0.564193 0.239930 -5.673578
v -0.234699 0.210463 -5.168736
v -0.708341 0.011234 -5.486404
v -0.690318 0.239930 -5.509800
v -0.708341 0.210463 -5.486404
v -1.136466 0.011234 -5.863227
v -1.115548 0.239931 -5.884072
v -0.969121 0.239930 -6.029985
v -1.324071 0.239931 -6.436138
v -1.136466 0.210463 -5.863227
v -1.511747 0.011234 -6.292647
v -1.488288 0.239931 -6.310584
v -1.622963 0.239931 -6.885151
v -1.511747 0.210463 -6.292647
v -1.827762 0.210463 -6.767385
v -1.827762 0.011234 -6.767385
v -1.802165 0.239931 -6.782105
v -2.079108 0.210462 -7.279340
v -2.079108 0.011234 -7.279340
v -2.051807 0.239930 -7.290594
v -1.860692 0.239930 -7.369364
v -2.261487 0.011234 -7.819677
v -2.033188 0.239930 -7.880424
v -2.232949 0.239930 -7.827270
v -2.261487 0.210462 -7.819677
v -2.342486 0.239930 -8.383052
v -2.137494 0.239930 -8.409675
v -2.171837 0.239930 -8.947953
v -2.371773 0.210462 -8.379248
v -2.371773 0.011234 -8.379248
v -2.408081 0.011234 -8.948363
v -2.378547 0.239930 -8.948314
v -2.135615 0.239930 -9.486180
v -2.408081 0.210462 -8.948363
v -2.369787 0.011234 -9.517425
v -2.369787 0.210462 -9.517425
v -2.340512 0.239930 -9.513519
v -2.257550 0.210462 -10.076536
v -2.257550 0.011234 -10.076536
v -2.073287 0.011234 -10.616270
v -2.229038 0.239929 -10.068843
v -2.029459 0.239930 -10.014995
v -1.855181 0.239930 -10.525482
v -2.073287 0.210462 -10.616270
v -2.046023 0.239929 -10.604921
v -1.615763 0.239930 -11.008865
v -1.820147 0.011234 -11.127344
v -1.794602 0.239929 -11.112535
v -1.331107 0.239930 -11.433270
v -1.619371 0.239929 -11.373790
v -1.651018 0.210462 -11.379511
v -1.586548 0.011234 -11.475631
v -1.820147 0.210462 -11.127344
v -5.047526 -0.138423 -9.565531
v -5.209904 0.040724 -10.043855
v -5.230845 -0.138423 -10.105548
v -5.047526 0.040724 -9.565531
v -4.795287 -0.138423 -9.054014
v -5.179674 0.070192 -10.046466
v -4.795287 0.040725 -9.054014
v -4.478441 -0.138423 -8.579830
v -5.020245 0.070192 -9.576832
v -4.829265 0.070192 -9.655934
v -4.998679 0.070192 -10.154990
v -4.590690 0.070193 -9.172137
v -4.769713 0.070193 -9.068779
v -4.478441 0.040725 -8.579830
v -4.455013 0.070193 -8.597807
v -4.291018 0.070193 -8.723647
v -4.102408 0.040725 -8.151065
v -4.102408 -0.138423 -8.151065
v -4.081531 0.070193 -8.171946
v -3.935359 0.070192 -8.318116
v -3.529813 0.070192 -7.962415
v -3.673630 0.040724 -7.774989
v -3.673630 -0.138423 -7.774989
v -3.655653 0.070192 -7.798417
v -3.199433 0.040724 -7.458149
v -3.199433 -0.138423 -7.458149
v -3.184667 0.070192 -7.483726
v -3.081308 0.070192 -7.662744
v -2.687943 0.040725 -7.205935
v -2.687943 -0.138423 -7.205935
v -2.676642 0.070193 -7.233219
v -2.597536 0.070193 -7.424198
v -2.086749 0.070193 -7.250794
v -2.140251 0.070193 -7.051123
v -1.557710 0.070193 -7.145534
v -1.584692 0.070193 -6.940587
v -2.147894 0.040725 -7.022598
v -1.588545 0.040725 -6.911309
v -2.147894 -0.138423 -7.022598
v -1.588545 -0.138423 -6.911309
v -2.278028 -0.074320 13.498629
v -2.229095 -0.074320 13.327773
v -3.910481 -0.074321 12.974409
v -2.199317 -0.074320 13.152558
v -2.189273 -0.074320 12.975115
v -2.199173 -0.074320 12.797665
v -2.228819 -0.074320 12.622428
v -2.277620 -0.074320 12.451533
v -2.344682 -0.074320 12.286942
v -2.428864 -0.074320 12.130419
v -2.528900 -0.074320 11.983519
v -2.643445 -0.074320 11.847628
v -2.771135 -0.074321 11.724008
v -2.910590 -0.074321 11.613832
v -3.060410 -0.074321 11.518224
v -3.219119 -0.074321 11.438236
v -3.385153 -0.074321 11.374840
v -3.556835 -0.074321 11.328872
v -3.732359 -0.074321 11.300985
v -3.909837 -0.074321 11.291594
v -4.087324 -0.074322 11.300839
v -4.262871 -0.074322 11.328582
v -4.434587 -0.074322 11.374409
v -4.600673 -0.074322 11.437672
v -4.759448 -0.074322 11.517533
v -4.909340 -0.074322 11.613024
v -5.048887 -0.074322 11.723087
v -5.176678 -0.074322 11.846605
v -5.291332 -0.074322 11.982404
v -5.391486 -0.074322 12.129224
v -5.475798 -0.074322 12.285678
v -5.542993 -0.074322 12.450212
v -5.591937 -0.074322 12.621066
v -5.621733 -0.074322 12.796278
v -5.631799 -0.074322 12.973718
v -5.621934 -0.074322 13.151170
v -5.592331 -0.074322 13.326415
v -5.543568 -0.074322 13.497321
v -5.476517 -0.074322 13.661915
v -5.392294 -0.074322 13.818419
v -5.292164 -0.074322 13.965255
v -10.540739 -0.074320 -2.643138
v -10.703835 -0.074320 -2.686807
v -11.054008 -0.074320 -0.201525
v -10.383005 -0.074320 -2.582912
v -10.232229 -0.074320 -2.506923
v -10.089903 -0.074319 -2.416094
v -9.957418 -0.074319 -2.311430
v -9.836114 -0.074319 -2.193990
v -9.727295 -0.074319 -2.064894
v -9.632261 -0.074319 -1.925338
v -9.552286 -0.074319 -1.776641
v -9.488579 -0.074319 -1.620280
v -9.442217 -0.074319 -1.457931
v -9.414058 -0.074319 -1.291455
v -9.404651 -0.074319 -1.122877
v -9.414190 -0.074319 -0.954307
v -9.442481 -0.074319 -0.787854
v -9.488968 -0.074319 -0.625539
v -9.552790 -0.074319 -0.469226
v -9.632872 -0.074319 -0.320586
v -9.728006 -0.074319 -0.181099
v -9.836916 -0.074319 -0.052082
v -9.958307 -0.074319 0.065269
v -10.090868 -0.074319 0.169837
v -10.233260 -0.074319 0.260566
v -10.384088 -0.074319 0.336454
v -10.541856 -0.074319 0.396585
v -10.704977 -0.074319 0.440160
v -10.871738 -0.074319 0.466550
v -11.040353 -0.074319 0.475343
v -11.208953 -0.074319 0.466377
v -11.375686 -0.074319 0.439772
v -11.538734 -0.074320 0.395934
v -11.696400 -0.074320 0.335531
v -11.847120 -0.074320 0.259438
v -11.989450 -0.074320 0.168613
v -12.122013 -0.074320 0.064043
v -12.243450 -0.074320 -0.053260
v -12.352398 -0.074320 -0.182244
v -12.447523 -0.074320 -0.321738
v -12.527533 -0.074320 -0.470417
v -3.216955 0.475145 1.687679
v -3.216955 -0.135382 1.687679
v -3.333440 0.475143 2.050695
v -3.069328 0.475143 1.337359
v -3.333440 -0.135384 2.050695
v -3.069328 -0.135384 1.337359
v -3.411021 -0.135382 2.525620
v -2.889024 -0.135382 1.003578
v -3.411021 0.475145 2.525621
v -2.889024 0.475146 1.003578
v -3.416577 0.475142 2.906613
v -2.677741 0.475143 0.689568
v -3.416577 -0.135385 2.906613
v -2.677741 -0.135384 0.689568
v -3.411021 -0.135382 3.287606
v -2.437552 -0.135382 0.398305
v -3.411021 0.475146 3.287605
v -2.437552 0.475145 0.398305
v -3.333440 0.475144 3.762531
v -2.170732 0.475143 0.132615
v -3.333440 -0.135384 3.762531
v -2.170732 -0.135384 0.132615
v -3.216955 -0.135381 4.125547
v -1.879886 -0.135382 -0.105006
v -3.216955 0.475146 4.125547
v -1.879886 0.475145 -0.105006
v -3.069328 0.475144 4.475867
v -1.567782 0.475144 -0.312238
v -3.069328 -0.135384 4.475867
v -1.567782 -0.135384 -0.312238
v -2.889024 -0.135382 4.809649
v -1.237434 -0.135382 -0.487150
v -2.889024 0.475146 4.809649
v -1.237434 0.475145 -0.487150
v -2.677741 0.475144 5.123658
v -0.891989 0.475144 -0.628017
v -2.677741 -0.135383 5.123658
v -0.891989 -0.135384 -0.628017
v -2.437552 -0.135381 5.414920
v -0.534785 -0.135382 -0.733547
v -2.437552 0.475146 5.414920
v -0.534785 0.475146 -0.733547
v -2.170732 0.475144 5.680612
v -0.169225 0.475144 -0.802670
v -2.170732 -0.135383 5.680612
v -0.169225 -0.135383 -0.802670
v -1.879892 -0.135381 5.918233
v 0.299284 -0.135381 -0.834340
v -1.879892 0.475146 5.918233
v 0.299284 0.475146 -0.834340
v -1.567782 0.475144 6.125464
v 0.767789 0.475144 -0.802670
v -1.567782 -0.135383 6.125464
v 0.767789 -0.135384 -0.802670
v -1.237434 -0.135381 6.300377
v 1.133352 -0.135381 -0.733547
v -1.237434 0.475146 6.300377
v 1.133352 0.475146 -0.733547
v -0.891994 0.475144 6.441244
v 1.490559 0.475144 -0.628017
v -0.891989 -0.135383 6.441244
v 1.490559 -0.135383 -0.628017
v -0.534785 -0.135381 6.546774
v 1.836000 -0.135381 -0.487149
v -0.534785 0.475146 6.546774
v 1.836000 0.475146 -0.487149
v -0.169225 0.475144 6.615897
v 2.166347 0.475144 -0.312237
v -0.169225 -0.135383 6.615897
v 2.166347 -0.135383 -0.312237
v 0.299284 -0.135381 6.647566
v 2.478456 -0.135382 -0.105006
v 0.299284 0.475146 6.647566
v 2.478456 0.475146 -0.105006
v 0.767789 0.475144 6.615897
v 2.769302 0.475144 0.132615
v 0.767789 -0.135383 6.615897
v 2.769302 -0.135383 0.132616
v 1.133349 -0.135381 6.546774
v 3.036116 -0.135381 0.398306
v 1.133349 0.475146 6.546774
v 3.036116 0.475146 0.398306
v 1.490553 0.475145 6.441245
v 3.276305 0.475144 0.689569
v 1.490553 -0.135383 6.441245
v 3.276305 -0.135383 0.689569
v 1.835998 -0.135381 6.300377
v 3.487594 -0.135381 1.003579
v 1.835998 0.475146 6.300377
v 3.487594 0.475146 1.003579
v 2.166347 0.475144 6.125464
v 3.667892 0.475145 1.337360
v 2.166347 -0.135383 6.125464
v 3.667892 -0.135383 1.337360
v 2.478456 -0.135381 5.918233
v 3.815522 -0.135381 1.687680
v 2.478456 0.475147 5.918233
v 3.815522 0.475146 1.687680
v 2.769302 0.475145 5.680613
v 3.932004 0.475144 2.050696
v 2.769302 -0.135383 5.680613
v 3.932004 -0.135383 2.050696
v 3.036116 -0.135381 5.414922
v 4.009587 -0.135381 2.525621
v 3.036116 0.475147 5.414922
v 4.009587 0.475146 2.525622
v 3.276305 0.475145 5.123659
v 4.015147 0.475143 2.906614
v 3.276305 -0.135383 5.123659
v 4.015147 -0.135384 2.906614
v 3.487594 -0.135381 4.809649
v 4.009587 -0.135381 3.287607
v 3.487594 0.475147 4.809649
v 4.009587 0.475147 3.287606
v 3.667892 0.475145 4.475868
v 3.932004 0.475144 3.762532
v 3.667892 -0.135383 4.475868
v 3.932004 -0.135383 3.762532
v 3.815522 -0.135381 4.125548
v 3.815522 0.475147 4.125548
v -3.216955 0.475145 1.687679
v -3.333440 0.475143 2.050695
v 0.299284 0.475145 2.906614
v -3.069328 0.475143 1.337359
v -3.411021 0.475145 2.525621
v -2.889024 0.475146 1.003578
v -3.416577 0.475142 2.906613
v -2.677741 0.475143 0.689568
v -3.411021 0.475146 3.287605
v -2.437552 0.475145 0.398305
v -3.333440 0.475144 3.762531
v -2.170732 0.475143 0.132615
v -3.216955 0.475146 4.125547
v -1.879886 0.475145 -0.105006
v -3.069328 0.475144 4.475867
v -1.567782 0.475144 -0.312238
v -2.889024 0.475146 4.809649
v -1.237434 0.475145 -0.487150
v -2.677741 0.475144 5.123658
v -0.891989 0.475144 -0.628017
v -2.437552 0.475146 5.414920
v -0.534785 0.475146 -0.733547
v -2.170732 0.475144 5.680612
v -0.169225 0.475144 -0.802670
v -1.879892 0.475146 5.918233
v 0.299284 0.475146 -0.834340
v -1.567782 0.475144 6.125464
v 0.767789 0.475144 -0.802670
v -1.237434 0.475146 6.300377
v 1.133352 0.475146 -0.733547
v -0.891994 0.475144 6.441244
v 1.490559 0.475144 -0.628017
v -0.534785 0.475146 6.546774
v 1.836000 0.475146 -0.487149
v -0.169225 0.475144 6.615897
v 2.166347 0.475144 -0.312237
v 0.299284 0.475146 6.647566
v 2.478456 0.475146 -0.105006
v 0.767789 0.475144 6.615897
v 2.769302 0.475144 0.132615
v 1.133349 0.475146 6.546774
v 3.036116 0.475146 0.398306
v 1.490553 0.475145 6.441245
v 3.276305 0.475144 0.689569
v 1.835998 0.475146 6.300377
v 3.487594 0.475146 1.003579
v 2.166347 0.475144 6.125464
v 3.667892 0.475145 1.337360
v 2.478456 0.475147 5.918233
v 3.815522 0.475146 1.687680
v 2.769302 0.475145 5.680613
v 3.932004 0.475144 2.050696
v 3.036116 0.475147 5.414922
v 4.009587 0.475146 2.525622
v 3.276305 0.475145 5.123659
v 4.015147 0.475143 2.906614
v 3.487594 0.475147 4.809649
v 4.009587 0.475147 3.287606
v 3.667892 0.475145 4.475868
v 3.932004 0.475144 3.762532
v 3.815522 0.475147 4.125548
v 0.299284 -0.135382 2.906614
v -3.333440 -0.135384 2.050695
v -3.216955 -0.135382 1.687679
v -3.069328 -0.135384 1.337359
v -3.411021 -0.135382 2.525620
v -2.889024 -0.135382 1.003578
v -3.416577 -0.135385 2.906613
v -2.677741 -0.135384 0.689568
v -3.411021 -0.135382 3.287606
v -2.437552 -0.135382 0.398305
v -3.333440 -0.135384 3.762531
v -2.170732 -0.135384 0.132615
v -3.216955 -0.135381 4.125547
v -1.879886 -0.135382 -0.105006
v -3.069328 -0.135384 4.475867
v -1.567782 -0.135384 -0.312238
v -2.889024 -0.135382 4.809649
v -1.237434 -0.135382 -0.487150
v -2.677741 -0.135383 5.123658
v -0.891989 -0.135384 -0.628017
v -2.437552 -0.135381 5.414920
v -0.534785 -0.135382 -0.733547
v -2.170732 -0.135383 5.680612
v -0.169225 -0.135383 -0.802670
v -1.879892 -0.135381 5.918233
v 0.299284 -0.135381 -0.834340
v -1.567782 -0.135383 6.125464
v 0.767789 -0.135384 -0.802670
v -1.237434 -0.135381 6.300377
v 1.133352 -0.135381 -0.733547
v -0.891989 -0.135383 6.441244
v 1.490559 -0.135383 -0.628017
v -0.534785 -0.135381 6.546774
v 1.836000 -0.135381 -0.487149
v -0.169225 -0.135383 6.615897
v 2.166347 -0.135383 -0.312237
v 0.299284 -0.135381 6.647566
v 2.478456 -0.135382 -0.105006
v 0.767789 -0.135383 6.615897
v 2.769302 -0.135383 0.132616
v 1.133349 -0.135381 6.546774
v 3.036116 -0.135381 0.398306
v 1.490553 -0.135383 6.441245
v 3.276305 -0.135383 0.689569
v 1.835998 -0.135381 6.300377
v 3.487594 -0.135381 1.003579
v 2.166347 -0.135383 6.125464
v 3.667892 -0.135383 1.337360
v 2.478456 -0.135381 5.918233
v 3.815522 -0.135381 1.687680
v 2.769302 -0.135383 5.680613
v 3.932004 -0.135383 2.050696
v 3.036116 -0.135381 5.414922
v 4.009587 -0.135381 2.525621
v 3.276305 -0.135383 5.123659
v 4.015147 -0.135384 2.906614
v 3.487594 -0.135381 4.809649
v 4.009587 -0.135381 3.287607
v 3.667892 -0.135383 4.475868
v 3.932004 -0.135383 3.762532
v 3.815522 -0.135381 4.125548
v -3.910499 0.050759 11.137715
v -4.104133 0.050759 11.147736
v -3.910603 0.050759 11.292253
v -4.088092 0.050759 11.301457
v -5.177297 0.050759 11.847245
v -5.152623 0.050759 11.608996
v -5.291681 0.050759 11.744115
v -5.049586 0.050759 11.723644
v -4.760257 0.050759 11.517936
v -4.664210 0.050759 11.296789
v -4.837337 0.050759 11.384086
v -4.601499 0.050759 11.438047
v -2.668325 0.050759 11.609081
v -2.643804 0.050759 11.847182
v -2.529277 0.050759 11.744206
v -2.771521 0.050759 11.723590
v -2.199248 0.050759 13.151989
v -2.077597 0.050759 13.359394
v -2.045142 0.050759 13.168239
v -2.228966 0.050759 13.327214
v -2.429166 0.050759 12.129929
v -2.404579 0.050759 11.892680
v -2.529233 0.050759 11.983052
v -2.295663 0.050759 12.053090
v -2.344932 0.050759 12.286427
v -2.203953 0.050759 12.223918
v -2.820281 0.050759 11.488655
v -2.911019 0.050759 11.613467
v -5.621819 0.050759 13.152054
v -5.775948 0.050759 13.168093
v -5.743510 0.050759 13.359250
v -5.592093 0.050759 13.327277
v -5.391938 0.050759 12.129989
v -5.416393 0.050759 11.892573
v -5.525329 0.050759 12.052968
v -5.291868 0.050759 11.983113
v -2.983638 0.050759 11.384216
v -3.060902 0.050759 11.517957
v -2.228951 0.050759 12.621870
v -2.130821 0.050759 12.403487
v -2.277818 0.050759 12.450994
v -2.077528 0.050759 12.589911
v -5.525323 0.050759 13.896049
v -5.416378 0.050759 14.056437
v -5.391831 0.050759 13.819198
v -5.291732 0.050759 13.966056
v -4.263656 0.050759 11.329088
v -4.295668 0.050759 11.177857
v -5.690206 0.050759 13.545670
v -5.543214 0.050759 13.498151
v -3.337992 0.050759 11.227983
v -3.219695 0.050759 11.438135
v -3.156794 0.050759 11.296973
v -3.385818 0.050759 11.374971
v -5.592144 0.050759 12.621933
v -5.743515 0.050759 12.589767
v -5.621848 0.050759 12.797162
v -5.775953 0.050759 12.780924
v -5.543286 0.050759 12.451055
v -5.476171 0.050759 12.286488
v -5.617062 0.050759 12.223784
v -5.690211 0.050759 12.403347
v -3.525355 0.050759 11.178091
v -3.557566 0.050759 11.329262
v -5.000677 0.050759 11.488560
v -4.910109 0.050759 11.613496
v -5.631802 0.050759 12.974608
v -5.786839 0.050759 12.974509
v -2.199242 0.050759 12.797097
v -2.045111 0.050759 12.781071
v -2.189273 0.050759 12.974544
v -2.034236 0.050759 12.974655
v -5.617059 0.050759 13.725233
v -5.476079 0.050759 13.662710
v -4.483031 0.050759 11.227751
v -4.435399 0.050759 11.374820
v -9.859749 0.050761 -2.420609
v -9.836456 0.050761 -2.194412
v -9.727652 0.050761 -2.292240
v -9.957787 0.050761 -2.311824
v -9.414124 0.050761 -0.954846
v -9.298557 0.050761 -0.757812
v -9.267729 0.050761 -0.939409
v -9.442360 0.050761 -0.788383
v -9.632546 0.050761 -1.925804
v -9.609190 0.050761 -2.151189
v -9.727612 0.050761 -2.065337
v -9.505722 0.050761 -1.998801
v -9.552528 0.050761 -1.777130
v -9.418596 0.050761 -1.836515
v -10.004107 0.050761 -2.535015
v -10.090309 0.050761 -2.416441
v -9.860022 0.050761 0.173837
v -9.836548 0.050761 -0.052478
v -9.957896 0.050761 0.064915
v -9.727891 0.050761 0.045505
v -11.039821 0.050761 0.475291
v -10.855977 0.050761 0.612515
v -10.871212 0.050761 0.466435
v -11.039921 0.050761 0.622158
v -9.609389 0.050761 -0.095510
v -9.632595 0.050761 -0.321052
v -9.727681 0.050761 -0.181533
v -9.505877 0.050761 -0.247871
v -10.159296 0.050761 -2.634231
v -10.232697 0.050761 -2.507177
v -9.442343 0.050761 -1.458459
v -9.349119 0.050761 -1.665923
v -9.488764 0.050761 -1.620792
v -9.298494 0.050761 -1.488822
v -12.573896 0.050761 -0.247990
v -12.470402 0.050761 -0.095621
v -12.447081 0.050761 -0.320999
v -12.351986 0.050761 -0.181484
v -10.159573 0.050761 0.387466
v -10.090422 0.050761 0.169530
v -10.232782 0.050761 0.260305
v -10.004397 0.050761 0.288225
v -11.538303 0.050761 0.396421
v -11.405792 0.050761 0.583678
v -11.375191 0.050761 0.440021
v -11.583734 0.050761 0.536091
v -10.496103 0.050761 0.536134
v -10.383587 0.050761 0.336236
v -10.541341 0.050761 0.396402
v -10.324020 0.050761 0.470438
v -12.219784 0.050761 0.173744
v -12.075583 -0.596922 0.288018
v -12.075418 0.050761 0.288143
v -9.727891 0.050761 0.045505
v -9.859907 -0.596921 0.173756
v -9.727798 -0.596921 0.045401
v -12.219784 0.050761 0.173744
v -12.243116 0.050761 -0.052433
v -12.351908 0.050761 0.045402
v -12.121761 0.050761 0.064955
v -9.552557 0.050761 -0.469718
v -9.418716 0.050761 -0.410138
v -11.696060 0.050761 0.336261
v -11.755810 0.050761 0.470381
v -10.495934 0.050761 -2.782652
v -10.383549 0.050761 -2.583007
v -10.323793 0.050761 -2.717112
v -10.541367 0.050761 -2.643013
v -12.075418 0.050761 0.288143
v -11.989234 0.050761 0.169565
v -11.846867 0.050761 0.260336
v -11.920256 0.050761 0.387396
v -10.673926 0.050761 -2.830050
v -10.704528 0.050761 -2.686438
v -9.414118 0.050761 -1.291994
v -9.267696 0.050761 -1.307219
v -9.488790 0.050761 -0.626052
v -9.349211 0.050761 -0.580717
v -10.674049 0.050761 0.583706
v -10.704453 0.050761 0.440007
v -9.404651 0.050761 -1.123420
v -9.257362 0.050761 -1.123313
v -12.527119 0.050761 -0.469662
v -12.661048 0.050761 -0.410265
v -2.204004 -0.596927 12.223779
v -2.295663 0.050759 12.053090
v -2.203953 0.050759 12.223918
v -2.295741 -0.596927 12.052963
v -2.404579 0.050759 11.892680
v -2.404683 -0.596928 11.892573
v -2.529277 0.050759 11.744206
v -2.529412 -0.596928 11.744125
v -2.668325 0.050759 11.609081
v -2.668484 -0.596928 11.609027
v -2.820281 0.050759 11.488655
v -2.820442 -0.596928 11.488605
v -2.983638 0.050759 11.384216
v -2.983776 -0.596928 11.384127
v -3.156794 0.050759 11.296973
v -3.156871 -0.596928 11.296769
v -3.337992 0.050759 11.227983
v -3.338007 -0.596928 11.227601
v -2.643804 0.050759 11.847182
v -2.771521 0.050759 11.723590
v -2.771135 -0.074321 11.724008
v -2.643445 -0.074320 11.847628
v -2.529233 0.050759 11.983052
v -2.528900 -0.074320 11.983519
v -2.429166 0.050759 12.129929
v -2.428864 -0.074320 12.130419
v -2.910590 -0.074321 11.613832
v -2.911019 0.050759 11.613467
v -3.060410 -0.074321 11.518224
v -3.060902 0.050759 11.517957
v -3.219119 -0.074321 11.438236
v -3.219695 0.050759 11.438135
v -3.385153 -0.074321 11.374840
v -3.385818 0.050759 11.374971
v -3.556835 -0.074321 11.328872
v -3.557566 0.050759 11.329262
v -2.199248 0.050759 13.151989
v -2.189273 0.050759 12.974544
v -2.189273 -0.074320 12.975115
v -2.199317 -0.074320 13.152558
v -3.716877 0.050759 11.147879
v -3.910441 -0.596929 11.136996
v -3.910499 0.050759 11.137715
v -3.716816 -0.596928 11.147165
v -2.130916 0.050759 13.545810
v -2.277838 0.050759 13.498088
v -2.199242 0.050759 12.797097
v -2.199173 -0.074320 12.797665
v -3.733121 0.050759 11.301568
v -3.732359 -0.074321 11.300985
v -5.621819 0.050759 13.152054
v -5.621934 -0.074322 13.151170
v -5.631802 0.050759 12.974608
v -5.631799 -0.074322 12.973718
v -5.617062 0.050759 12.223784
v -5.690151 -0.596930 12.403158
v -5.690211 0.050759 12.403347
v -5.616987 -0.596929 12.223602
v -4.482884 -0.596929 11.227541
v -4.295668 0.050759 11.177857
v -4.295570 -0.596929 11.177466
v -4.483031 0.050759 11.227751
v -4.664020 -0.596929 11.296691
v -4.664210 0.050759 11.296789
v -5.525329 0.050759 12.052968
v -5.525234 -0.596929 12.052795
v -4.263656 0.050759 11.329088
v -4.262871 -0.074322 11.328582
v -4.088092 0.050759 11.301457
v -4.087324 -0.074322 11.300839
v -2.045111 0.050759 12.781071
v -2.045128 -0.596928 12.780922
v -2.077528 0.050759 12.589911
v -2.077560 -0.596928 12.589764
v -2.344932 0.050759 12.286427
v -2.344682 -0.074320 12.286942
v -5.543286 0.050759 12.451055
v -5.542993 -0.074322 12.450212
v -5.476171 0.050759 12.286488
v -5.475798 -0.074322 12.285678
v -2.045142 0.050759 13.168239
v -2.045128 -0.596928 13.168091
v -2.034236 0.050759 12.974655
v -2.034236 -0.596928 12.974505
v -2.228951 0.050759 12.621870
v -2.228819 -0.074320 12.622428
v -5.743515 0.050759 12.589767
v -5.775927 -0.596930 12.780726
v -5.775953 0.050759 12.780924
v -5.743475 -0.596930 12.589572
v -3.910603 0.050759 11.292253
v -3.909837 -0.074321 11.291594
v -5.786837 -0.596931 12.974310
v -5.786839 0.050759 12.974509
v -5.775965 -0.596930 13.167894
v -5.775948 0.050759 13.168093
v -2.130821 0.050759 12.403487
v -2.130861 -0.596927 12.403343
v -3.910499 0.050759 11.137715
v -4.104066 -0.596929 11.147145
v -4.104133 0.050759 11.147736
v -3.910441 -0.596929 11.136996
v -5.592144 0.050759 12.621933
v -5.591937 -0.074322 12.621066
v -5.621848 0.050759 12.797162
v -5.621733 -0.074322 12.796278
v -3.910603 0.050759 11.292253
v -3.909837 -0.074321 11.291594
v -3.525355 0.050759 11.178091
v -3.525315 -0.596928 11.177507
v -5.391938 0.050759 12.129989
v -5.391486 -0.074322 12.129224
v -2.277818 0.050759 12.450994
v -2.277620 -0.074320 12.451533
v -4.837127 -0.596929 11.384027
v -4.837337 0.050759 11.384086
v -3.716877 0.050759 11.147879
v -3.733121 0.050759 11.301568
v -3.910499 0.050759 11.137715
v -3.910603 0.050759 11.292253
v -11.223866 0.050761 0.612500
v -11.223782 -0.596921 0.611820
v -11.039921 0.050761 0.622158
v -11.039846 -0.596921 0.621601
v -11.696060 0.050761 0.336261
v -11.538303 0.050761 0.396421
v -11.538734 -0.074320 0.395934
v -11.696400 -0.074320 0.335531
v -9.414124 0.050761 -0.954846
v -9.404651 0.050761 -1.123420
v -9.404651 -0.074319 -1.122877
v -9.414190 -0.074319 -0.954307
v -11.989234 0.050761 0.169565
v -11.846867 0.050761 0.260336
v -11.847120 -0.074320 0.259438
v -11.989450 -0.074320 0.168613
v -11.375191 0.050761 0.440021
v -11.208429 0.050761 0.466442
v -11.208953 -0.074319 0.466377
v -11.375686 -0.074319 0.439772
v -9.414118 0.050761 -1.291994
v -9.414058 -0.074319 -1.291455
v -11.405792 0.050761 0.583678
v -11.405708 -0.596922 0.582997
v -10.495934 0.050761 -2.782652
v -10.323872 -0.596922 -2.717304
v -10.495947 -0.596922 -2.783016
v -10.323793 0.050761 -2.717112
v -10.159430 -0.596922 -2.634317
v -10.159296 0.050761 -2.634231
v -10.004262 -0.596922 -2.535061
v -10.004107 0.050761 -2.535015
v -9.859898 -0.596921 -2.420661
v -9.859749 0.050761 -2.420609
v -9.727779 -0.596921 -2.292317
v -9.727652 0.050761 -2.292240
v -9.609291 -0.596921 -2.151292
v -9.609190 0.050761 -2.151189
v -9.505795 -0.596921 -1.998922
v -9.505722 0.050761 -1.998801
v -10.855977 0.050761 0.612515
v -11.039846 -0.596921 0.621601
v -10.855894 -0.596921 0.612157
v -11.039921 0.050761 0.622158
v -9.267696 0.050761 -1.307219
v -9.267708 -0.596922 -1.307361
v -9.298494 0.050761 -1.488822
v -9.298523 -0.596921 -1.488961
v -9.632546 0.050761 -1.925804
v -9.632261 -0.074319 -1.925338
v -9.552528 0.050761 -1.777130
v -9.552286 -0.074319 -1.776641
v -12.121761 0.050761 0.064955
v -12.122013 -0.074320 0.064043
v -11.040353 -0.074319 0.475343
v -11.039821 0.050761 0.475291
v -9.267729 0.050761 -0.939409
v -9.267712 -0.596922 -0.939551
v -9.257362 0.050761 -1.123313
v -9.257362 -0.596922 -1.123455
v -12.243116 0.050761 -0.052433
v -12.243450 -0.074320 -0.053260
v -9.442343 0.050761 -1.458459
v -9.442217 -0.074319 -1.457931
v -11.920353 -0.596922 0.387176
v -11.920256 0.050761 0.387396
v -12.219971 -0.596922 0.173652
v -12.351908 0.050761 0.045402
v -12.352083 -0.596922 0.045300
v -9.349119 0.050761 -1.665923
v -9.349159 -0.596921 -1.666060
v -11.583734 0.050761 0.536091
v -11.583682 -0.596922 0.535529
v -9.418596 0.050761 -1.836515
v -9.418648 -0.596921 -1.836646
v -11.755831 -0.596922 0.470002
v -11.755810 0.050761 0.470381
v -9.488764 0.050761 -1.620792
v -9.488579 -0.074319 -1.620280
v -10.673889 -0.596922 -2.830605
v -10.673926 0.050761 -2.830050
v -10.704528 0.050761 -2.686438
v -10.703835 -0.074320 -2.686807
v -10.541367 0.050761 -2.643013
v -10.540739 -0.074320 -2.643138
v -11.223866 0.050761 0.612500
v -11.208429 0.050761 0.466442
v -11.039921 0.050761 0.622158
v -11.039821 0.050761 0.475291
v -2.130916 0.050759 13.545810
v -2.130870 -0.596927 13.545668
v -2.077597 0.050759 13.359394
v -2.077560 -0.596927 13.359248
v -5.291868 0.050759 11.983113
v -5.291332 -0.074322 11.982404
v -5.177297 0.050759 11.847245
v -5.176678 -0.074322 11.846605
v -5.049586 0.050759 11.723644
v -5.048887 -0.074322 11.723087
v -4.910109 0.050759 11.613496
v -4.909340 -0.074322 11.613024
v -4.760257 0.050759 11.517936
v -4.759448 -0.074322 11.517533
v -4.601499 0.050759 11.438047
v -4.600673 -0.074322 11.437672
v -4.435399 0.050759 11.374820
v -4.434587 -0.074322 11.374409
v -12.351986 0.050761 -0.181484
v -12.352398 -0.074320 -0.182244
v -12.447081 0.050761 -0.320999
v -12.447523 -0.074320 -0.321738
v -12.527119 0.050761 -0.469662
v -12.527533 -0.074320 -0.470417
v -10.674049 0.050761 0.583706
v -10.673935 -0.596921 0.583531
v -10.496103 0.050761 0.536134
v -10.495958 -0.596921 0.536075
v -10.324020 0.050761 0.470438
v -10.323860 -0.596921 0.470424
v -10.159573 0.050761 0.387466
v -10.159412 -0.596921 0.387446
v -10.004397 0.050761 0.288225
v -10.004256 -0.596921 0.288175
v -9.860022 0.050761 0.173837
v -9.609389 0.050761 -0.095510
v -9.609308 -0.596921 -0.095627
v -9.505877 0.050761 -0.247871
v -9.505814 -0.596921 -0.247996
v -9.418716 0.050761 -0.410138
v -9.418659 -0.596921 -0.410269
v -9.349211 0.050761 -0.580717
v -9.349168 -0.596921 -0.580853
v -9.298557 0.050761 -0.757812
v -9.298526 -0.596921 -0.757951
v -2.277838 0.050759 13.498088
v -2.229095 -0.074320 13.327773
v -2.278028 -0.074320 13.498629
v -2.228966 0.050759 13.327214
v -5.525323 0.050759 13.896049
v -5.416533 -0.596929 14.056303
v -5.416378 0.050759 14.056437
v -5.525438 -0.596929 13.895889
v -5.617059 0.050759 13.725233
v -5.617140 -0.596929 13.725054
v -5.690206 0.050759 13.545670
v -5.690263 -0.596929 13.545482
v -5.743510 0.050759 13.359250
v -5.743547 -0.596930 13.359055
v -5.000469 -0.596929 11.488490
v -5.000677 0.050759 11.488560
v -5.152445 -0.596929 11.608896
v -5.152623 0.050759 11.608996
v -5.291534 -0.596929 11.743981
v -5.291681 0.050759 11.744115
v -5.416275 -0.596929 11.892416
v -5.416393 0.050759 11.892573
v -5.292164 -0.074322 13.965255
v -5.391831 0.050759 13.819198
v -5.291732 0.050759 13.966056
v -5.392294 -0.074322 13.818419
v -5.476079 0.050759 13.662710
v -5.476517 -0.074322 13.661915
v -5.543214 0.050759 13.498151
v -5.543568 -0.074322 13.497321
v -5.592093 0.050759 13.327277
v -5.592331 -0.074322 13.326415
v -11.039821 0.050761 0.475291
v -10.871738 -0.074319 0.466550
v -11.040353 -0.074319 0.475343
v -10.871212 0.050761 0.466435
v -10.704977 -0.074319 0.440160
v -10.704453 0.050761 0.440007
v -10.541856 -0.074319 0.396585
v -10.541341 0.050761 0.396402
v -10.384088 -0.074319 0.336454
v -10.383587 0.050761 0.336236
v -10.233260 -0.074319 0.260566
v -10.232782 0.050761 0.260305
v -10.090868 -0.074319 0.169837
v -10.090422 0.050761 0.169530
v -9.958307 -0.074319 0.065269
v -9.957896 0.050761 0.064915
v -9.836916 -0.074319 -0.052082
v -9.836548 0.050761 -0.052478
v -9.728006 -0.074319 -0.181099
v -9.727681 0.050761 -0.181533
v -9.632872 -0.074319 -0.320586
v -9.632595 0.050761 -0.321052
v -9.552790 -0.074319 -0.469226
v -9.552557 0.050761 -0.469718
v -9.488968 -0.074319 -0.625539
v -9.488790 0.050761 -0.626052
v -9.442481 -0.074319 -0.787854
v -9.442360 0.050761 -0.788383
v -9.957787 0.050761 -2.311824
v -10.089903 -0.074319 -2.416094
v -9.957418 -0.074319 -2.311430
v -10.090309 0.050761 -2.416441
v -10.232229 -0.074320 -2.506923
v -10.232697 0.050761 -2.507177
v -10.383005 -0.074320 -2.582912
v -10.383549 0.050761 -2.583007
v -12.470402 0.050761 -0.095621
v -12.470549 -0.596923 -0.095748
v -12.573896 0.050761 -0.247990
v -12.574008 -0.596923 -0.248142
v -12.661048 0.050761 -0.410265
v -12.661123 -0.596923 -0.410435
v -9.836456 0.050761 -2.194412
v -9.836114 -0.074319 -2.193990
v -9.727612 0.050761 -2.065337
v -9.727295 -0.074319 -2.064894
v -3.338007 -0.596928 11.227601
v -3.156871 -0.596928 11.296769
v -3.910519 -0.596928 12.974386
v -2.983776 -0.596928 11.384127
v -5.416533 -0.596929 14.056303
v -5.525438 -0.596929 13.895889
v -5.617140 -0.596929 13.725054
v -5.690263 -0.596929 13.545482
v -5.743547 -0.596930 13.359055
v -5.775965 -0.596930 13.167894
v -2.820442 -0.596928 11.488605
v -2.668484 -0.596928 11.609027
v -2.529412 -0.596928 11.744125
v -2.404683 -0.596928 11.892573
v -2.295741 -0.596927 12.052963
v -2.204004 -0.596927 12.223779
v -2.130861 -0.596927 12.403343
v -2.077560 -0.596928 12.589764
v -3.716816 -0.596928 11.147165
v -3.525315 -0.596928 11.177507
v -3.910441 -0.596929 11.136996
v -4.104066 -0.596929 11.147145
v -4.295570 -0.596929 11.177466
v -4.482884 -0.596929 11.227541
v -4.664020 -0.596929 11.296691
v -4.837127 -0.596929 11.384027
v -5.000469 -0.596929 11.488490
v -5.152445 -0.596929 11.608896
v -5.291534 -0.596929 11.743981
v -5.416275 -0.596929 11.892416
v -5.525234 -0.596929 12.052795
v -5.616987 -0.596929 12.223602
v -5.690151 -0.596930 12.403158
v -5.743475 -0.596930 12.589572
v -5.775927 -0.596930 12.780726
v -5.786837 -0.596931 12.974310
v -2.077560 -0.596927 13.359248
v -2.130870 -0.596927 13.545668
v -2.045128 -0.596928 13.168091
v -2.034236 -0.596928 12.974505
v -2.045128 -0.596928 12.780922
v -12.574008 -0.596923 -0.248142
v -12.661123 -0.596923 -0.410435
v -11.039835 -0.596922 -1.123570
v -12.470549 -0.596923 -0.095748
v -12.352083 -0.596922 0.045300
v -12.219971 -0.596922 0.173652
v -12.075583 -0.596922 0.288018
v -11.920353 -0.596922 0.387176
v -11.755831 -0.596922 0.470002
v -11.583682 -0.596922 0.535529
v -11.405708 -0.596922 0.582997
v -11.223782 -0.596921 0.611820
v -11.039846 -0.596921 0.621601
v -10.855894 -0.596921 0.612157
v -10.673935 -0.596921 0.583531
v -10.495958 -0.596921 0.536075
v -10.323860 -0.596921 0.470424
v -10.159412 -0.596921 0.387446
v -10.004256 -0.596921 0.288175
v -9.859907 -0.596921 0.173756
v -9.727798 -0.596921 0.045401
v -9.609308 -0.596921 -0.095627
v -9.505814 -0.596921 -0.247996
v -9.418659 -0.596921 -0.410269
v -9.349168 -0.596921 -0.580853
v -9.298526 -0.596921 -0.757951
v -9.267712 -0.596922 -0.939551
v -9.257362 -0.596922 -1.123455
v -9.267708 -0.596922 -1.307361
v -9.298523 -0.596921 -1.488961
v -9.349159 -0.596921 -1.666060
v -9.418648 -0.596921 -1.836646
v -9.505795 -0.596921 -1.998922
v -9.609291 -0.596921 -2.151292
v -9.727779 -0.596921 -2.292317
v -9.859898 -0.596921 -2.420661
v -10.004262 -0.596922 -2.535061
v -10.159430 -0.596922 -2.634317
v -10.323872 -0.596922 -2.717304
v -10.495947 -0.596922 -2.783016
v -10.673889 -0.596922 -2.830605
v -1.365116 -0.138434 -0.778789
v -0.980991 -0.138430 -1.147748
v -0.916714 -0.138434 -0.949465
v -1.452512 -0.138433 -0.968270
v -0.980991 0.144298 -1.147748
v -1.452512 0.144303 -0.968270
v -1.365116 0.144298 -0.778789
v -0.916714 0.144306 -0.949465
v -1.365116 0.144298 -0.778789
v -0.916714 -0.138434 -0.949465
v -0.916714 0.144306 -0.949465
v -1.365116 -0.138434 -0.778789
v -0.980991 0.144298 -1.147748
v -1.452512 -0.138433 -0.968270
v -1.452512 0.144303 -0.968270
v -0.980991 -0.138430 -1.147748
v -0.916714 0.144306 -0.949465
v -0.916714 -0.138434 -0.949465
v -0.980991 0.144298 -1.147748
v -0.980991 -0.138430 -1.147748
v -1.365116 0.144298 -0.778789
v -1.452512 0.144303 -0.968270
v -1.452512 -0.138433 -0.968270
v -1.365116 -0.138434 -0.778789
v -3.717662 -0.138455 1.437642
v -3.679898 -0.138459 2.202397
v -3.911230 -0.138459 2.162352
v -3.496898 -0.138459 1.517258
v -3.679901 0.155652 2.202397
v -3.496898 0.155660 1.517258
v -3.717662 0.155652 1.437642
v -3.911230 0.155656 2.162352
v -2.880705 0.151202 0.408251
v -2.880705 -0.138450 0.408251
v -3.063708 0.151195 0.266289
v -3.063708 -0.138447 0.266289
v -3.261402 0.151195 0.990897
v -3.466129 0.151199 0.882187
v -3.466129 -0.138450 0.882187
v -3.261402 -0.138450 0.990897
v -3.063708 -0.138447 0.266289
v -3.261402 -0.138450 0.990897
v -3.466129 -0.138450 0.882187
v -2.880705 -0.138450 0.408251
v -3.261402 0.151195 0.990897
v -2.880705 0.151202 0.408251
v -3.063708 0.151195 0.266289
v -3.466129 0.151199 0.882187
v -3.679901 0.155652 2.202397
v -3.496898 -0.138459 1.517258
v -3.496898 0.155660 1.517258
v -3.679898 -0.138459 2.202397
v -3.717662 0.155652 1.437642
v -3.911230 -0.138459 2.162352
v -3.911230 0.155656 2.162352
v -3.717662 -0.138455 1.437642
v -3.261402 -0.138450 0.990897
v -2.880705 -0.138450 0.408251
v -3.261402 0.151195 0.990897
v -2.880705 0.151202 0.408251
v -3.063708 0.151195 0.266289
v -3.466129 -0.138450 0.882187
v -3.466129 0.151199 0.882187
v -3.063708 -0.138447 0.266289
v -3.496898 0.155660 1.517258
v -3.496898 -0.138459 1.517258
v -3.717662 0.155652 1.437642
v -3.717662 -0.138455 1.437642
v -3.679901 0.155652 2.202397
v -3.911230 0.155656 2.162352
v -3.911230 -0.138459 2.162352
v -3.679898 -0.138459 2.202397
v -3.459127 -0.138450 0.885946
v -3.496903 -0.138455 1.517262
v -3.707602 -0.138455 1.441309
v -3.261402 -0.138455 0.990901
v -3.459127 0.160551 0.885946
v -3.496903 0.160551 1.517262
v -3.261402 0.160559 0.990901
v -3.707602 0.160555 1.441309
v -3.496903 -0.138455 1.517262
v -3.261402 -0.138455 0.990901
v -3.496903 0.160551 1.517262
v -3.261402 0.160559 0.990901
v -3.459127 -0.138450 0.885946
v -3.707602 0.160555 1.441309
v -3.459127 0.160551 0.885946
v -3.707602 -0.138455 1.441309
v -3.261402 0.160559 0.990901
v -3.261402 -0.138455 0.990901
v -3.459127 0.160551 0.885946
v -3.459127 -0.138450 0.885946
v -3.496903 0.160551 1.517262
v -3.707602 0.160555 1.441309
v -3.707602 -0.138455 1.441309
v -3.496903 -0.138455 1.517262
v -2.521818 -0.138447 0.008736
v -2.880705 -0.138447 0.408251
v -2.667361 -0.138442 -0.138599
v -3.044565 -0.138447 0.281305
v -2.667361 0.127253 -0.138599
v -2.880705 0.127253 0.408251
v -2.521818 0.127260 0.008736
v -3.044565 0.127257 0.281305
v -2.880705 0.127253 0.408251
v -2.521818 -0.138447 0.008736
v -2.521818 0.127260 0.008736
v -2.880705 -0.138447 0.408251
v -3.044565 0.127257 0.281305
v -2.667361 0.127253 -0.138599
v -2.667361 -0.138442 -0.138599
v -3.044565 -0.138447 0.281305
v -2.521818 0.127260 0.008736
v -2.521818 -0.138447 0.008736
v -2.667361 0.127253 -0.138599
v -2.667361 -0.138442 -0.138599
v -2.880705 0.127253 0.408251
v -3.044565 0.127257 0.281305
v -3.044565 -0.138447 0.281305
v -2.880705 -0.138447 0.408251
v -3.886660 -0.138459 2.166648
v -3.734169 -0.138464 2.679106
v -3.943728 -0.138463 2.667934
v -3.679901 -0.138464 2.202402
v -3.886660 0.144288 2.166648
v -3.734169 0.144288 2.679106
v -3.679901 0.144295 2.202402
v -3.943728 0.144292 2.667934
v -3.734169 0.144288 2.679106
v -3.679901 -0.138464 2.202402
v -3.679901 0.144295 2.202402
v -3.734169 -0.138464 2.679106
v -3.886660 0.144288 2.166648
v -3.943728 -0.138463 2.667934
v -3.943728 0.144292 2.667934
v -3.886660 -0.138459 2.166648
v -3.679901 0.144295 2.202402
v -3.679901 -0.138464 2.202402
v -3.886660 0.144288 2.166648
v -3.886660 -0.138459 2.166648
v -3.734169 0.144288 2.679106
v -3.943728 0.144292 2.667934
v -3.943728 -0.138463 2.667934
v -3.734169 -0.138464 2.679106
v -0.916714 -0.138430 -0.949465
v -0.255784 -0.138425 -1.332353
v -0.224042 -0.138430 -1.101490
v -0.988459 -0.138430 -1.171548
v -0.254423 -0.138425 -1.321733
v 0.353028 -0.138421 -1.356004
v -0.224048 -0.138425 -1.101489
v 0.351678 -0.138425 -1.133971
v 0.353028 0.160562 -1.356004
v -0.254423 0.160566 -1.321733
v -0.224051 0.160562 -1.101489
v 0.351678 0.160569 -1.133971
v -0.916714 0.155663 -0.949465
v -0.255784 0.155663 -1.332353
v -0.988459 0.155667 -1.171548
v -0.224042 0.155671 -1.101490
v 1.044079 0.151213 -1.063313
v 1.044079 -0.138421 -1.063313
v 1.085061 0.151206 -1.289257
v 1.085061 -0.138417 -1.289257
v 0.351681 0.151206 -1.133971
v 0.353155 0.151210 -1.363948
v 0.353155 -0.138421 -1.363948
v 0.351681 -0.138421 -1.133971
v 0.353155 -0.138421 -1.363948
v 1.085061 -0.138417 -1.289257
v 0.351681 -0.138421 -1.133971
v 1.044079 -0.138421 -1.063313
v 1.085061 0.151206 -1.289257
v 0.353155 0.151210 -1.363948
v 0.351681 0.151206 -1.133971
v 1.044079 0.151213 -1.063313
v -0.224048 -0.138425 -1.101489
v 0.351678 -0.138425 -1.133971
v -0.224051 0.160562 -1.101489
v 0.351678 0.160569 -1.133971
v 0.353028 0.160562 -1.356004
v -0.254423 -0.138425 -1.321733
v -0.254423 0.160566 -1.321733
v 0.353028 -0.138421 -1.356004
v -0.916714 0.155663 -0.949465
v -0.224042 -0.138430 -1.101490
v -0.224042 0.155671 -1.101490
v -0.916714 -0.138430 -0.949465
v -0.255784 0.155663 -1.332353
v -0.988459 -0.138430 -1.171548
v -0.988459 0.155667 -1.171548
v -0.255784 -0.138425 -1.332353
v 0.351681 -0.138421 -1.133971
v 1.044079 -0.138421 -1.063313
v 0.351681 0.151206 -1.133971
v 1.044079 0.151213 -1.063313
v 1.085061 0.151206 -1.289257
v 0.353155 -0.138421 -1.363948
v 0.353155 0.151210 -1.363948
v 1.085061 -0.138417 -1.289257
v 0.351678 0.160569 -1.133971
v 0.351678 -0.138425 -1.133971
v 0.353028 0.160562 -1.356004
v 0.353028 -0.138421 -1.356004
v -0.224051 0.160562 -1.101489
v -0.254423 0.160566 -1.321733
v -0.254423 -0.138425 -1.321733
v -0.224048 -0.138425 -1.101489
v -0.224042 0.155671 -1.101490
v -0.224042 -0.138430 -1.101490
v -0.255784 0.155663 -1.332353
v -0.255784 -0.138425 -1.332353
v -0.916714 0.155663 -0.949465
v -0.988459 0.155667 -1.171548
v -0.988459 -0.138430 -1.171548
v -0.916714 -0.138430 -0.949465
v 1.626729 -0.138413 -1.123074
v 1.044074 -0.138417 -1.063313
v 1.080508 -0.138417 -1.265358
v 1.563771 -0.138417 -0.927938
v 1.626729 0.127263 -1.123074
v 1.080508 0.127268 -1.265358
v 1.044074 0.127263 -1.063313
v 1.563771 0.127271 -0.927938
v 1.044074 0.127263 -1.063313
v 1.563771 -0.138417 -0.927938
v 1.563771 0.127271 -0.927938
v 1.044074 -0.138417 -1.063313
v 1.626729 0.127263 -1.123074
v 1.080508 -0.138417 -1.265358
v 1.080508 0.127268 -1.265358
v 1.626729 -0.138413 -1.123074
v 1.563771 0.127271 -0.927938
v 1.563771 -0.138417 -0.927938
v 1.626729 0.127263 -1.123074
v 1.626729 -0.138413 -1.123074
v 1.044074 0.127263 -1.063313
v 1.080508 0.127268 -1.265358
v 1.080508 -0.138417 -1.265358
v 1.044074 -0.138417 -1.063313
v -1.459939 -0.138433 -0.984763
v -1.937688 -0.138438 -0.462643
v -2.064607 -0.138438 -0.650895
v -1.365116 -0.138438 -0.778789
v -1.459939 0.146094 -0.984763
v -2.064607 0.146099 -0.650895
v -1.937688 0.146094 -0.462642
v -1.365116 0.146102 -0.778789
v -1.937688 0.146094 -0.462642
v -1.365116 -0.138438 -0.778789
v -1.365116 0.146102 -0.778789
v -1.937688 -0.138438 -0.462643
v -1.459939 0.146094 -0.984763
v -2.064607 -0.138438 -0.650895
v -2.064607 0.146099 -0.650895
v -1.459939 -0.138433 -0.984763
v -1.365116 0.146102 -0.778789
v -1.365116 -0.138438 -0.778789
v -1.459939 0.146094 -0.984763
v -1.459939 -0.138433 -0.984763
v -1.937688 0.146094 -0.462642
v -2.064607 0.146099 -0.650895
v -2.064607 -0.138438 -0.650895
v -1.937688 -0.138438 -0.462643
v -2.065192 -0.138438 -0.651776
v -2.521818 -0.138442 0.008736
v -2.682213 -0.138442 -0.153851
v -1.937688 -0.138442 -0.462643
v -2.065192 0.146095 -0.651776
v -2.682213 0.146100 -0.153851
v -2.521818 0.146095 0.008736
v -1.937688 0.146103 -0.462642
v -2.521818 0.146095 0.008736
v -1.937688 -0.138442 -0.462643
v -1.937688 0.146103 -0.462642
v -2.521818 -0.138442 0.008736
v -2.065192 0.146095 -0.651776
v -2.682213 -0.138442 -0.153851
v -2.682213 0.146100 -0.153851
v -2.065192 -0.138438 -0.651776
v -1.937688 0.146103 -0.462642
v -1.937688 -0.138442 -0.462643
v -2.065192 0.146095 -0.651776
v -2.065192 -0.138438 -0.651776
v -2.682213 0.146100 -0.153851
v -2.682213 -0.138442 -0.153851
v -2.521818 0.146095 0.008736
v -2.521818 -0.138442 0.008736
v 1.563771 -0.138413 -0.927938
v 2.359105 -0.138408 -0.823772
v 2.250736 -0.138413 -0.625468
v 1.633458 -0.138413 -1.143275
v 1.563771 0.146106 -0.927938
v 2.359105 0.146106 -0.823772
v 1.633458 0.146110 -1.143275
v 2.250736 0.146114 -0.625469
v 1.563771 0.146106 -0.927938
v 2.250736 -0.138413 -0.625468
v 2.250736 0.146114 -0.625469
v 1.563771 -0.138413 -0.927938
v 2.359105 0.146106 -0.823772
v 1.633458 -0.138413 -1.143275
v 1.633458 0.146110 -1.143275
v 2.359105 -0.138408 -0.823772
v 2.250736 0.146114 -0.625469
v 2.250736 -0.138413 -0.625468
v 2.359105 0.146106 -0.823772
v 2.359105 -0.138408 -0.823772
v 1.563771 0.146106 -0.927938
v 1.633458 0.146110 -1.143275
v 1.633458 -0.138413 -1.143275
v 1.563771 -0.138413 -0.927938
v -2.781671 -0.138433 5.817633
v -2.938599 -0.138434 5.307743
v -2.629096 -0.138434 5.674351
v -3.107133 -0.138429 5.432120
v -2.781671 0.144303 5.817633
v -2.938599 0.144306 5.307744
v -3.107133 0.144299 5.432120
v -2.629102 0.144299 5.674352
v -2.629102 0.144299 5.674352
v -2.938599 -0.138434 5.307743
v -2.938599 0.144306 5.307744
v -2.629096 -0.138434 5.674351
v -3.107133 0.144299 5.432120
v -2.781671 -0.138433 5.817633
v -2.781671 0.144303 5.817633
v -3.107133 -0.138429 5.432120
v -2.938599 0.144306 5.307744
v -2.938599 -0.138434 5.307743
v -3.107133 0.144299 5.432120
v -3.107133 -0.138429 5.432120
v -2.781671 0.144303 5.817633
v -2.781671 -0.138433 5.817633
v -2.629102 0.144299 5.674352
v -2.629096 -0.138434 5.674351
v 0.986404 -0.138459 7.101264
v 0.238480 -0.138454 7.158536
v 0.243228 -0.138459 6.925780
v 0.950317 -0.138459 6.871636
v 0.243228 0.155660 6.925782
v 0.986404 0.155657 7.101264
v 0.950315 0.155652 6.871636
v 0.238480 0.155652 7.158536
v -1.007239 0.151202 6.711489
v -1.007239 -0.138450 6.711489
v -1.083323 0.151195 6.929253
v -1.083323 -0.138446 6.929252
v -0.331413 0.151195 6.877821
v -0.368930 0.151199 7.105079
v -0.368930 -0.138450 7.105079
v -0.331413 -0.138450 6.877821
v -0.368930 -0.138450 7.105079
v -1.007239 -0.138450 6.711489
v -0.331413 -0.138450 6.877821
v -1.083323 -0.138446 6.929252
v -1.007239 0.151202 6.711489
v -0.368930 0.151199 7.105079
v -0.331413 0.151195 6.877821
v -1.083323 0.151195 6.929253
v 0.950315 0.155652 6.871636
v 0.243228 -0.138459 6.925780
v 0.243228 0.155660 6.925782
v 0.950317 -0.138459 6.871636
v 0.986404 0.155657 7.101264
v 0.238480 0.155652 7.158536
v 0.238480 -0.138454 7.158536
v 0.986404 -0.138459 7.101264
v -0.331413 -0.138450 6.877821
v -1.007239 -0.138450 6.711489
v -0.331413 0.151195 6.877821
v -1.007239 0.151202 6.711489
v -1.083323 0.151195 6.929253
v -0.368930 -0.138450 7.105079
v -0.368930 0.151199 7.105079
v -1.083323 -0.138446 6.929252
v 0.243228 0.155660 6.925782
v 0.243228 -0.138459 6.925780
v 0.238480 0.155652 7.158536
v 0.238480 -0.138454 7.158536
v 0.950315 0.155652 6.871636
v 0.986404 0.155657 7.101264
v 0.986404 -0.138459 7.101264
v 0.950317 -0.138459 6.871636
v 0.238606 -0.138454 7.147830
v -0.331410 -0.138454 6.877821
v 0.243231 -0.138454 6.925780
v -0.367699 -0.138450 7.097229
v -0.331410 0.160559 6.877821
v 0.238606 0.160556 7.147831
v 0.243231 0.160551 6.925782
v -0.367699 0.160551 7.097229
v 0.243231 -0.138454 6.925780
v -0.331410 -0.138454 6.877821
v 0.243231 0.160551 6.925782
v -0.331410 0.160559 6.877821
v -0.367699 -0.138450 7.097229
v 0.238606 0.160556 7.147831
v -0.367699 0.160551 7.097229
v 0.238606 -0.138454 7.147830
v -0.331410 0.160559 6.877821
v -0.331410 -0.138454 6.877821
v -0.367699 0.160551 7.097229
v -0.367699 -0.138450 7.097229
v 0.243231 0.160551 6.925782
v 0.238606 0.160556 7.147831
v 0.238606 -0.138454 7.147830
v 0.243231 -0.138454 6.925780
v -1.503042 -0.138446 6.505102
v -1.075492 -0.138446 6.906219
v -1.596594 -0.138442 6.689301
v -1.007239 -0.138446 6.711489
v -1.503042 0.127261 6.505102
v -1.075492 0.127257 6.906219
v -1.007239 0.127253 6.711489
v -1.596594 0.127253 6.689301
v -1.007239 0.127253 6.711489
v -1.503042 -0.138446 6.505102
v -1.503042 0.127261 6.505102
v -1.007239 -0.138446 6.711489
v -1.075492 0.127257 6.906219
v -1.596594 0.127253 6.689301
v -1.596594 -0.138442 6.689301
v -1.075492 -0.138446 6.906219
v -1.503042 0.127261 6.505102
v -1.503042 -0.138446 6.505102
v -1.596594 0.127253 6.689301
v -1.596594 -0.138442 6.689301
v -1.007239 0.127253 6.711489
v -1.075492 0.127257 6.906219
v -1.075492 -0.138446 6.906219
v -1.007239 -0.138446 6.711489
v 1.474230 -0.138462 6.964546
v 0.982323 -0.138459 7.076656
v 0.950323 -0.138463 6.871634
v 1.418109 -0.138464 6.765023
v 0.950317 0.144295 6.871635
v 1.474230 0.144292 6.964546
v 1.418109 0.144288 6.765023
v 0.982323 0.144288 7.076656
v 1.418109 0.144288 6.765023
v 0.950323 -0.138463 6.871634
v 0.950317 0.144295 6.871635
v 1.418109 -0.138464 6.765023
v 0.982323 0.144288 7.076656
v 1.474230 -0.138462 6.964546
v 1.474230 0.144292 6.964546
v 0.982323 -0.138459 7.076656
v 0.950317 0.144295 6.871635
v 0.950323 -0.138463 6.871634
v 0.982323 0.144288 7.076656
v 0.982323 -0.138459 7.076656
v 1.418109 0.144288 6.765023
v 1.474230 0.144292 6.964546
v 1.474230 -0.138462 6.964546
v 1.418109 -0.138464 6.765023
v -3.311371 -0.138429 4.704463
v -2.938599 -0.138429 5.307743
v -3.127119 -0.138429 5.447049
v -3.521416 -0.138424 4.808926
v -3.511847 -0.138424 4.804126
v -3.532619 -0.138424 4.171960
v -3.311368 -0.138424 4.704468
v -3.745291 -0.138420 4.242278
v -3.511847 0.160566 4.804126
v -3.532619 0.160570 4.171960
v -3.745291 0.160562 4.242278
v -3.311368 0.160562 4.704468
v -3.127119 0.155667 5.447049
v -3.311371 0.155671 4.704463
v -3.521416 0.155663 4.808926
v -2.938599 0.155663 5.307744
v -3.695176 0.151213 3.495214
v -3.695176 -0.138420 3.495214
v -3.924657 0.151206 3.529425
v -3.924657 -0.138416 3.529425
v -3.532622 0.151206 4.171956
v -3.752831 0.151210 4.244789
v -3.752831 -0.138420 4.244789
v -3.532622 -0.138420 4.171956
v -3.752831 -0.138420 4.244789
v -3.695176 -0.138420 3.495214
v -3.532622 -0.138420 4.171956
v -3.924657 -0.138416 3.529425
v -3.752831 0.151210 4.244789
v -3.695176 0.151213 3.495214
v -3.924657 0.151206 3.529425
v -3.532622 0.151206 4.171956
v -3.311368 -0.138424 4.704468
v -3.532619 -0.138424 4.171960
v -3.311368 0.160562 4.704468
v -3.532619 0.160570 4.171960
v -3.745291 0.160562 4.242278
v -3.511847 -0.138424 4.804126
v -3.511847 0.160566 4.804126
v -3.745291 -0.138420 4.242278
v -2.938599 0.155663 5.307744
v -3.311371 -0.138429 4.704463
v -3.311371 0.155671 4.704463
v -2.938599 -0.138429 5.307743
v -3.127119 0.155667 5.447049
v -3.521416 0.155663 4.808926
v -3.521416 -0.138424 4.808926
v -3.127119 -0.138429 5.447049
v -3.532622 -0.138420 4.171956
v -3.695176 -0.138420 3.495214
v -3.532622 0.151206 4.171956
v -3.695176 0.151213 3.495214
v -3.924657 0.151206 3.529425
v -3.752831 -0.138420 4.244789
v -3.752831 0.151210 4.244789
v -3.924657 -0.138416 3.529425
v -3.532619 0.160570 4.171960
v -3.532619 -0.138424 4.171960
v -3.745291 0.160562 4.242278
v -3.745291 -0.138420 4.242278
v -3.311368 0.160562 4.704468
v -3.511847 0.160566 4.804126
v -3.511847 -0.138424 4.804126
v -3.311368 -0.138424 4.704468
v -3.311371 0.155671 4.704463
v -3.311371 -0.138429 4.704463
v -3.521416 0.155663 4.808926
v -3.521416 -0.138424 4.808926
v -2.938599 0.155663 5.307744
v -3.127119 0.155667 5.447049
v -3.127119 -0.138429 5.447049
v -2.938599 -0.138429 5.307743
v -3.900599 -0.138416 3.525811
v -3.739484 -0.138416 2.960007
v -3.695176 -0.138416 3.495218
v -3.947173 -0.138412 2.963286
v -3.739484 0.127271 2.960007
v -3.900599 0.127268 3.525811
v -3.695176 0.127264 3.495218
v -3.947173 0.127264 2.963286
v -3.695176 0.127264 3.495218
v -3.739484 -0.138416 2.960007
v -3.739484 0.127271 2.960007
v -3.695176 -0.138416 3.495218
v -3.900599 0.127268 3.525811
v -3.947173 0.127264 2.963286
v -3.947173 -0.138412 2.963286
v -3.900599 -0.138416 3.525811
v -3.739484 0.127271 2.960007
v -3.739484 -0.138416 2.960007
v -3.947173 0.127264 2.963286
v -3.947173 -0.138412 2.963286
v -3.695176 0.127264 3.495218
v -3.900599 0.127268 3.525811
v -3.900599 -0.138416 3.525811
v -3.695176 -0.138416 3.495218
v 1.418109 -0.138467 6.765023
v 2.029105 -0.138467 6.531638
v 2.124545 -0.138467 6.735446
v 1.479298 -0.138463 6.981912
v 1.418109 0.146091 6.765023
v 2.124545 0.146088 6.735446
v 2.029105 0.146083 6.531639
v 1.479298 0.146083 6.981913
v 2.029105 0.146083 6.531639
v 1.418109 -0.138467 6.765023
v 1.418109 0.146091 6.765023
v 2.029105 -0.138467 6.531638
v 1.479298 -0.138463 6.981912
v 2.124545 0.146088 6.735446
v 1.479298 0.146083 6.981913
v 2.124545 -0.138467 6.735446
v 1.418109 0.146091 6.765023
v 1.418109 -0.138467 6.765023
v 1.479298 0.146083 6.981913
v 1.479298 -0.138463 6.981912
v 2.029105 0.146083 6.531639
v 2.124545 0.146088 6.735446
v 2.124545 -0.138467 6.735446
v 2.029105 -0.138467 6.531638
v -2.279553 -0.138437 6.290142
v -2.629096 -0.138437 5.674351
v -2.141221 -0.138437 6.109971
v -2.794773 -0.138433 5.830104
v -2.279553 0.146099 6.290143
v -2.629102 0.146102 5.674352
v -2.794779 0.146094 5.830104
v -2.141221 0.146094 6.109971
v -2.141221 0.146094 6.109971
v -2.629096 -0.138437 5.674351
v -2.629102 0.146102 5.674352
v -2.141221 -0.138437 6.109971
v -2.794773 -0.138433 5.830104
v -2.279553 0.146099 6.290143
v -2.794779 0.146094 5.830104
v -2.279553 -0.138437 6.290142
v -2.629102 0.146102 5.674352
v -2.629096 -0.138437 5.674351
v -2.794779 0.146094 5.830104
v -2.794773 -0.138433 5.830104
v -2.141221 0.146094 6.109971
v -2.279553 0.146099 6.290143
v -2.279553 -0.138437 6.290142
v -2.141221 -0.138437 6.109971
v -2.141221 -0.138442 6.109971
v -1.606065 -0.138442 6.708367
v -2.280186 -0.138437 6.290985
v -1.503042 -0.138442 6.505102
v -1.606065 0.146100 6.708367
v -2.141221 0.146103 6.109971
v -2.280186 0.146096 6.290985
v -1.503042 0.146096 6.505102
v -1.503042 0.146096 6.505102
v -2.141221 -0.138442 6.109971
v -2.141221 0.146103 6.109971
v -1.503042 -0.138442 6.505102
v -2.280186 -0.138437 6.290985
v -1.606065 0.146100 6.708367
v -2.280186 0.146096 6.290985
v -1.606065 -0.138442 6.708367
v -2.141221 0.146103 6.109971
v -2.141221 -0.138442 6.109971
v -2.280186 0.146096 6.290985
v -2.280186 -0.138437 6.290985
v -1.503042 0.146096 6.505102
v -1.606065 0.146100 6.708367
v -1.606065 -0.138442 6.708367
v -1.503042 -0.138442 6.505102
v -3.739484 -0.138412 2.960007
v -3.947176 -0.138412 2.963288
v -3.734166 -0.138412 2.679105
v -3.943742 -0.138407 2.667932
v -3.734166 0.144296 2.679105
v -3.947176 0.144293 2.963288
v -3.739484 0.144288 2.960007
v -3.943742 0.144288 2.667932
v -3.739484 0.144288 2.960007
v -3.734166 -0.138412 2.679105
v -3.734166 0.144296 2.679105
v -3.739484 -0.138412 2.960007
v -3.943742 -0.138407 2.667932
v -3.947176 0.144293 2.963288
v -3.943742 0.144288 2.667932
v -3.947176 -0.138412 2.963288
v -3.734166 0.144296 2.679105
v -3.734166 -0.138412 2.679105
v -3.943742 0.144288 2.667932
v -3.943742 -0.138407 2.667932
v -3.739484 0.144288 2.960007
v -3.947176 0.144293 2.963288
v -3.947176 -0.138412 2.963288
v -3.739484 -0.138412 2.960007
v 4.447255 -0.138433 3.710454
v 4.125252 -0.138434 4.135015
v 4.245337 -0.138434 3.670503
v 4.320971 -0.138430 4.198919
v 4.447255 0.144303 3.710454
v 4.125252 0.144306 4.135015
v 4.320971 0.144298 4.198919
v 4.245337 0.144298 3.670503
v 4.245337 0.144298 3.670503
v 4.125252 -0.138434 4.135015
v 4.125252 0.144306 4.135015
v 4.245337 -0.138434 3.670503
v 4.320971 0.144298 4.198919
v 4.447255 -0.138433 3.710454
v 4.447255 0.144303 3.710454
v 4.320971 -0.138430 4.198919
v 4.125252 0.144306 4.135015
v 4.125252 -0.138434 4.135015
v 4.320971 0.144298 4.198919
v 4.320971 -0.138430 4.198919
v 4.245337 0.144298 3.670503
v 4.447255 0.144303 3.710454
v 4.447255 -0.138433 3.710454
v 4.245337 -0.138434 3.670503
v 3.794520 -0.138455 0.471123
v 3.152002 -0.138459 0.057981
v 3.315249 -0.138459 -0.105915
v 3.605103 -0.138459 0.603511
v 3.152002 0.155652 0.057981
v 3.605103 0.155660 0.603511
v 3.794520 0.155652 0.471122
v 3.315249 0.155656 -0.105915
v 4.153468 0.151202 1.747578
v 4.153468 -0.138450 1.747578
v 4.371907 0.151195 1.682052
v 4.371907 -0.138447 1.682052
v 3.898314 0.151195 1.100044
v 4.102190 0.151199 0.997563
v 4.102190 -0.138450 0.997563
v 3.898314 -0.138450 1.100044
v 4.371907 -0.138447 1.682052
v 3.898314 -0.138450 1.100044
v 4.102190 -0.138450 0.997563
v 4.153468 -0.138450 1.747578
v 3.898314 0.151195 1.100044
v 4.153468 0.151202 1.747578
v 4.371907 0.151195 1.682052
v 4.102190 0.151199 0.997563
v 3.152002 0.155652 0.057981
v 3.605103 -0.138459 0.603511
v 3.605103 0.155660 0.603511
v 3.152002 -0.138459 0.057981
v 3.794520 0.155652 0.471122
v 3.315249 -0.138459 -0.105915
v 3.315249 0.155656 -0.105915
v 3.794520 -0.138455 0.471123
v 3.898314 -0.138450 1.100044
v 4.153468 -0.138450 1.747578
v 3.898314 0.151195 1.100044
v 4.153468 0.151202 1.747578
v 4.371907 0.151195 1.682052
v 4.102190 -0.138450 0.997563
v 4.102190 0.151199 0.997563
v 4.371907 -0.138447 1.682052
v 3.605103 0.155660 0.603511
v 3.605103 -0.138459 0.603511
v 3.794520 0.155652 0.471122
v 3.794520 -0.138455 0.471123
v 3.315249 0.155656 -0.105915
v 3.315249 -0.138459 -0.105915
v 3.152002 0.155652 0.057981
v 3.152002 -0.138459 0.057981
v 4.095078 -0.138450 1.001099
v 3.605103 -0.138455 0.603508
v 3.785712 -0.138455 0.477207
v 3.898309 -0.138455 1.100041
v 4.095078 0.160551 1.001099
v 3.605103 0.160551 0.603508
v 3.898309 0.160559 1.100041
v 3.785712 0.160555 0.477207
v 3.898309 0.160559 1.100041
v 3.605103 0.160551 0.603508
v 3.898309 -0.138455 1.100041
v 3.605103 -0.138455 0.603508
v 4.095078 -0.138450 1.001099
v 3.785712 0.160555 0.477207
v 4.095078 0.160551 1.001099
v 3.785712 -0.138455 0.477207
v 3.898309 0.160559 1.100041
v 3.898309 -0.138455 1.100041
v 4.095078 0.160551 1.001099
v 4.095078 -0.138450 1.001099
v 3.605103 0.160551 0.603508
v 3.785712 0.160555 0.477207
v 3.785712 -0.138455 0.477207
v 3.605103 -0.138455 0.603508
v 4.271832 -0.138447 2.271414
v 4.153468 -0.138447 1.747578
v 4.472997 -0.138442 2.239552
v 4.348589 -0.138447 1.688983
v 4.472997 0.127253 2.239552
v 4.153468 0.127253 1.747578
v 4.271832 0.127260 2.271414
v 4.348589 0.127257 1.688983
v 4.153468 0.127253 1.747578
v 4.271832 -0.138447 2.271414
v 4.271832 0.127260 2.271414
v 4.153468 -0.138447 1.747578
v 4.472997 0.127253 2.239552
v 4.348589 -0.138447 1.688983
v 4.348589 0.127257 1.688983
v 4.472997 -0.138442 2.239552
v 4.271832 0.127260 2.271414
v 4.271832 -0.138447 2.271414
v 4.472997 0.127253 2.239552
v 4.472997 -0.138442 2.239552
v 4.153468 0.127253 1.747578
v 4.348589 0.127257 1.688983
v 4.348589 -0.138447 1.688983
v 4.153468 -0.138447 1.747578
v 3.297534 -0.138459 -0.088354
v 2.794491 -0.138464 -0.261988
v 2.921588 -0.138463 -0.424819
v 3.152002 -0.138464 0.057978
v 3.297534 0.144288 -0.088354
v 2.794491 0.144288 -0.261988
v 3.152002 0.144295 0.057978
v 2.921588 0.144292 -0.424819
v 2.794491 0.144288 -0.261988
v 3.152002 -0.138464 0.057978
v 3.152002 0.144295 0.057978
v 2.794491 -0.138464 -0.261988
v 3.297534 0.144288 -0.088354
v 2.921588 -0.138463 -0.424819
v 2.921588 0.144292 -0.424819
v 3.297534 -0.138459 -0.088354
v 3.152002 0.144295 0.057978
v 3.152002 -0.138464 0.057978
v 3.297534 0.144288 -0.088354
v 3.297534 -0.138459 -0.088354
v 2.921588 0.144292 -0.424819
v 2.921588 -0.138463 -0.424819
v 2.794491 0.144288 -0.261988
v 2.794491 -0.138464 -0.261988
v 3.848682 -0.138430 4.788017
v 4.125252 -0.138430 4.135015
v 4.344710 -0.138430 4.206589
v 4.052166 -0.138425 4.897305
v 4.042713 -0.138425 4.892275
v 3.542219 -0.138425 5.276476
v 3.848685 -0.138425 4.788013
v 3.719363 -0.138421 5.407651
v 4.042713 0.160566 4.892275
v 3.542219 0.160569 5.276476
v 3.719363 0.160562 5.407652
v 3.848685 0.160562 4.788013
v 4.344710 0.155667 4.206589
v 3.848682 0.155671 4.788017
v 4.052166 0.155663 4.897305
v 4.125252 0.155663 4.135015
v 3.084137 0.151213 5.800473
v 3.084137 -0.138421 5.800472
v 3.241551 0.151206 5.966246
v 3.241551 -0.138417 5.966245
v 3.542216 0.151206 5.276481
v 3.725769 0.151210 5.412349
v 3.725769 -0.138421 5.412349
v 3.542216 -0.138421 5.276481
v 3.725769 -0.138421 5.412349
v 3.084137 -0.138421 5.800472
v 3.542216 -0.138421 5.276481
v 3.241551 -0.138417 5.966245
v 3.725769 0.151210 5.412349
v 3.084137 0.151213 5.800473
v 3.241551 0.151206 5.966246
v 3.542216 0.151206 5.276481
v 3.542219 0.160569 5.276476
v 3.848685 0.160562 4.788013
v 3.542219 -0.138425 5.276476
v 3.848685 -0.138425 4.788013
v 3.719363 -0.138421 5.407651
v 4.042713 0.160566 4.892275
v 3.719363 0.160562 5.407652
v 4.042713 -0.138425 4.892275
v 4.125252 0.155663 4.135015
v 3.848682 -0.138430 4.788017
v 3.848682 0.155671 4.788017
v 4.125252 -0.138430 4.135015
v 4.344710 0.155667 4.206589
v 4.052166 0.155663 4.897305
v 4.052166 -0.138425 4.897305
v 4.344710 -0.138430 4.206589
v 3.542216 -0.138421 5.276481
v 3.084137 -0.138421 5.800472
v 3.542216 0.151206 5.276481
v 3.084137 0.151213 5.800473
v 3.241551 0.151206 5.966246
v 3.725769 -0.138421 5.412349
v 3.725769 0.151210 5.412349
v 3.241551 -0.138417 5.966245
v 3.542219 0.160569 5.276476
v 3.542219 -0.138425 5.276476
v 3.719363 0.160562 5.407652
v 3.719363 -0.138421 5.407651
v 3.848685 0.160562 4.788013
v 4.042713 0.160566 4.892275
v 4.042713 -0.138425 4.892275
v 3.848685 -0.138425 4.788013
v 3.848682 0.155671 4.788017
v 3.848682 -0.138430 4.788017
v 4.052166 0.155663 4.897305
v 4.052166 -0.138425 4.897305
v 4.125252 0.155663 4.135015
v 4.344710 0.155667 4.206589
v 4.344710 -0.138430 4.206589
v 4.125252 -0.138430 4.135015
v 3.224688 -0.138417 5.948708
v 2.673140 -0.138417 6.146149
v 3.084143 -0.138417 5.800469
v 2.792712 -0.138413 6.312028
v 3.224688 0.127268 5.948708
v 2.673140 0.127271 6.146149
v 2.792712 0.127263 6.312028
v 3.084143 0.127263 5.800469
v 3.084143 0.127263 5.800469
v 2.673140 -0.138417 6.146149
v 2.673140 0.127271 6.146149
v 3.084143 -0.138417 5.800469
v 2.792712 0.127263 6.312028
v 3.224688 -0.138417 5.948708
v 3.224688 0.127268 5.948708
v 2.792712 -0.138413 6.312028
v 2.673140 0.127271 6.146149
v 2.673140 -0.138417 6.146149
v 2.792712 0.127263 6.312028
v 2.792712 -0.138413 6.312028
v 3.224688 0.127268 5.948708
v 3.224688 -0.138417 5.948708
v 3.084143 0.127263 5.800469
v 3.084143 -0.138417 5.800469
v 2.250736 -0.138467 -0.625468
v 2.932832 -0.138463 -0.438993
v 2.794491 -0.138467 -0.261988
v 2.358593 -0.138467 -0.822849
v 2.932832 0.146083 -0.438993
v 2.250736 0.146083 -0.625469
v 2.794491 0.146091 -0.261988
v 2.358593 0.146088 -0.822849
v 2.250736 0.146083 -0.625469
v 2.794491 -0.138467 -0.261988
v 2.794491 0.146091 -0.261988
v 2.250736 -0.138467 -0.625468
v 2.932832 0.146083 -0.438993
v 2.358593 -0.138467 -0.822849
v 2.358593 0.146088 -0.822849
v 2.932832 -0.138463 -0.438993
v 2.794491 0.146091 -0.261988
v 2.794491 -0.138467 -0.261988
v 2.932832 0.146083 -0.438993
v 2.932832 -0.138463 -0.438993
v 2.250736 0.146083 -0.625469
v 2.358593 0.146088 -0.822849
v 2.358593 -0.138467 -0.822849
v 2.250736 -0.138467 -0.625468
v 4.542336 -0.138438 3.027555
v 4.245337 -0.138438 3.670503
v 4.318563 -0.138438 3.020560
v 4.465005 -0.138433 3.713931
v 4.542336 0.146099 3.027555
v 4.245337 0.146102 3.670503
v 4.465005 0.146094 3.713931
v 4.318563 0.146094 3.020560
v 4.318563 0.146094 3.020560
v 4.245337 -0.138438 3.670503
v 4.245337 0.146102 3.670503
v 4.318563 -0.138438 3.020560
v 4.465005 -0.138433 3.713931
v 4.542336 0.146099 3.027555
v 4.465005 0.146094 3.713931
v 4.542336 -0.138438 3.027555
v 4.245337 0.146102 3.670503
v 4.245337 -0.138438 3.670503
v 4.465005 0.146094 3.713931
v 4.465005 -0.138433 3.713931
v 4.318563 0.146094 3.020560
v 4.542336 0.146099 3.027555
v 4.542336 -0.138438 3.027555
v 4.318563 -0.138438 3.020560
v 4.543391 -0.138438 3.027588
v 4.271832 -0.138442 2.271414
v 4.494030 -0.138442 2.236253
v 4.318563 -0.138442 3.020560
v 4.543391 0.146095 3.027588
v 4.494030 0.146100 2.236253
v 4.271832 0.146095 2.271414
v 4.318563 0.146103 3.020560
v 4.271832 0.146095 2.271414
v 4.318563 -0.138442 3.020560
v 4.318563 0.146103 3.020560
v 4.271832 -0.138442 2.271414
v 4.543391 -0.138438 3.027588
v 4.494030 0.146100 2.236253
v 4.543391 0.146095 3.027588
v 4.494030 -0.138442 2.236253
v 4.318563 0.146103 3.020560
v 4.318563 -0.138442 3.020560
v 4.543391 0.146095 3.027588
v 4.543391 -0.138438 3.027588
v 4.271832 0.146095 2.271414
v 4.494030 0.146100 2.236253
v 4.494030 -0.138442 2.236253
v 4.271832 -0.138442 2.271414
v 2.029093 -0.138413 6.531644
v 2.673140 -0.138413 6.146149
v 2.805302 -0.138413 6.329199
v 2.124985 -0.138408 6.736405
v 2.029093 0.146114 6.531644
v 2.805302 0.146110 6.329200
v 2.673140 0.146106 6.146149
v 2.124985 0.146106 6.736405
v 2.673140 0.146106 6.146149
v 2.029093 -0.138413 6.531644
v 2.029093 0.146114 6.531644
v 2.673140 -0.138413 6.146149
v 2.124985 -0.138408 6.736405
v 2.805302 0.146110 6.329200
v 2.124985 0.146106 6.736405
v 2.805302 -0.138413 6.329199
v 2.029093 0.146114 6.531644
v 2.029093 -0.138413 6.531644
v 2.124985 0.146106 6.736405
v 2.124985 -0.138408 6.736405
v 2.673140 0.146106 6.146149
v 2.805302 0.146110 6.329200
v 2.805302 -0.138413 6.329199
v 2.673140 -0.138413 6.146149
v -2.669393 -0.138449 5.113716
v -3.197151 -0.138449 4.858957
v -2.930973 -0.138449 4.710075
v -2.914017 -0.138449 5.295859
v -3.197151 0.591869 4.858957
v -2.914017 0.591880 5.295859
v -2.669393 0.591868 5.113716
v -2.930973 0.591889 4.710076
v -2.669393 0.591868 5.113716
v -2.930973 -0.138449 4.710075
v -2.930973 0.591889 4.710076
v -2.669393 -0.138449 5.113716
v -3.197151 0.591869 4.858957
v -2.914017 -0.138449 5.295859
v -2.914017 0.591880 5.295859
v -3.197151 -0.138449 4.858957
v -2.930973 0.591889 4.710076
v -2.930973 -0.138449 4.710075
v -3.197151 0.591869 4.858957
v -3.197151 -0.138449 4.858957
v -2.914017 0.591880 5.295859
v -2.914017 -0.138449 5.295859
v -2.669393 0.591868 5.113716
v -2.669393 -0.138449 5.113716
v -1.153701 0.611018 6.300208
v -1.153701 -0.138449 6.300208
v -1.285181 0.610998 6.607593
v -1.285181 -0.138449 6.607593
v -0.561908 0.611009 6.839116
v -0.561908 -0.138449 6.839116
v -0.490445 0.610998 6.512520
v -0.490445 -0.138449 6.512520
v -0.490445 -0.138449 6.512520
v -1.285181 -0.138449 6.607593
v -1.153701 -0.138449 6.300208
v -0.561908 -0.138449 6.839116
v -0.490445 0.610998 6.512520
v -1.153701 0.611018 6.300208
v -1.285181 0.610998 6.607593
v -0.561908 0.611009 6.839116
v -1.153701 0.611018 6.300208
v -0.490445 0.610998 6.512520
v -1.153701 -0.138449 6.300208
v -0.490445 -0.138449 6.512520
v -1.285181 0.610998 6.607593
v -0.561908 -0.138449 6.839116
v -0.561908 0.611009 6.839116
v -1.285181 -0.138449 6.607593
v 0.061908 -0.138449 6.917077
v -0.490888 -0.138449 6.514548
v 0.081039 -0.138449 6.593537
v -0.560164 -0.138449 6.831163
v 0.081039 0.636949 6.593537
v -0.490888 0.636971 6.514548
v -0.560164 0.636950 6.831163
v 0.061908 0.636962 6.917077
v -0.490888 0.636971 6.514548
v 0.081039 0.636949 6.593537
v -0.490888 -0.138449 6.514548
v 0.081039 -0.138449 6.593537
v -0.560164 0.636950 6.831163
v 0.061908 -0.138449 6.917077
v 0.061908 0.636962 6.917077
v -0.560164 -0.138449 6.831163
v -0.490888 0.636971 6.514548
v -0.490888 -0.138449 6.514548
v -0.560164 0.636950 6.831163
v -0.560164 -0.138449 6.831163
v 0.061908 0.636962 6.917077
v 0.061908 -0.138449 6.917077
v 0.081039 0.636949 6.593537
v 0.081039 -0.138449 6.593537
v -1.155704 -0.138449 6.304893
v -1.792783 -0.138449 6.317278
v -1.633789 -0.138449 6.057819
v -1.275371 -0.138449 6.584666
v -1.155704 0.559765 6.304893
v -1.792783 0.559765 6.317278
v -1.275371 0.559778 6.584666
v -1.633792 0.559787 6.057819
v -1.155704 0.559765 6.304893
v -1.633789 -0.138449 6.057819
v -1.633792 0.559787 6.057819
v -1.155704 -0.138449 6.304893
v -1.792783 0.559765 6.317278
v -1.275371 -0.138449 6.584666
v -1.275371 0.559778 6.584666
v -1.792783 -0.138449 6.317278
v -1.633792 0.559787 6.057819
v -1.633789 -0.138449 6.057819
v -1.792783 0.559765 6.317278
v -1.792783 -0.138449 6.317278
v -1.275371 0.559778 6.584666
v -1.275371 -0.138449 6.584666
v -1.155704 0.559765 6.304893
v -1.155704 -0.138449 6.304893
v -3.219465 -0.138449 4.871439
v -3.202521 -0.138449 4.054534
v -2.917850 -0.138449 4.702737
v -3.530820 -0.138449 4.162466
v -3.520394 -0.138449 4.159044
v -3.349434 -0.138449 3.496940
v -3.212498 -0.138449 4.057821
v -3.669331 -0.138449 3.548988
v -3.520394 0.636992 4.159044
v -3.349434 0.637001 3.496940
v -3.669331 0.636979 3.548988
v -3.212498 0.636979 4.057821
v -3.219465 0.623403 4.871439
v -3.202521 0.623412 4.054534
v -3.530820 0.623391 4.162466
v -2.917850 0.623391 4.702737
v -3.393941 0.611048 2.801754
v -3.393941 -0.138449 2.801754
v -3.728137 0.611027 2.792565
v -3.728137 -0.138449 2.792565
v -3.677369 0.611039 3.550291
v -3.677369 -0.138449 3.550291
v -3.347385 0.611027 3.496603
v -3.347385 -0.138449 3.496603
v -3.677369 -0.138449 3.550291
v -3.393941 -0.138449 2.801754
v -3.347385 -0.138449 3.496603
v -3.728137 -0.138449 2.792565
v -3.393941 0.611048 2.801754
v -3.677369 0.611039 3.550291
v -3.347385 0.611027 3.496603
v -3.728137 0.611027 2.792565
v -3.349434 0.637001 3.496940
v -3.212498 0.636979 4.057821
v -3.349434 -0.138449 3.496940
v -3.212498 -0.138449 4.057821
v -3.669331 0.636979 3.548988
v -3.520394 -0.138449 4.159044
v -3.520394 0.636992 4.159044
v -3.669331 -0.138449 3.548988
v -2.917850 0.623391 4.702737
v -3.202521 -0.138449 4.054534
v -3.202521 0.623412 4.054534
v -2.917850 -0.138449 4.702737
v -3.530820 0.623391 4.162466
v -3.219465 -0.138449 4.871439
v -3.219465 0.623403 4.871439
v -3.530820 -0.138449 4.162466
v -3.393941 0.611048 2.801754
v -3.347385 0.611027 3.496603
v -3.393941 -0.138449 2.801754
v -3.347385 -0.138449 3.496603
v -3.728137 0.611027 2.792565
v -3.677369 -0.138449 3.550291
v -3.677369 0.611039 3.550291
v -3.728137 -0.138449 2.792565
v -3.349434 0.637001 3.496940
v -3.349434 -0.138449 3.496940
v -3.669331 0.636979 3.548988
v -3.669331 -0.138449 3.548988
v -3.520394 0.636992 4.159044
v -3.520394 -0.138449 4.159044
v -3.212498 0.636979 4.057821
v -3.212498 -0.138449 4.057821
v -3.202521 0.623412 4.054534
v -3.202521 -0.138449 4.054534
v -3.530820 0.623391 4.162466
v -3.530820 -0.138449 4.162466
v -3.219465 0.623403 4.871439
v -3.219465 -0.138449 4.871439
v -2.917850 0.623391 4.702737
v -2.917850 -0.138449 4.702737
v -3.703207 -0.138449 2.793256
v -3.644902 -0.138449 2.213763
v -3.399035 -0.138449 2.801618
v -3.345150 -0.138449 2.266166
v -3.399035 0.544617 2.801618
v -3.345150 0.544638 2.266166
v -3.644902 0.544617 2.213763
v -3.703207 0.544629 2.793256
v -3.399035 0.544617 2.801618
v -3.345150 -0.138449 2.266166
v -3.345150 0.544638 2.266166
v -3.399035 -0.138449 2.801618
v -3.644902 0.544617 2.213763
v -3.703207 -0.138449 2.793256
v -3.703207 0.544629 2.793256
v -3.644902 -0.138449 2.213763
v -3.345150 0.544638 2.266166
v -3.345150 -0.138449 2.266166
v -3.644902 0.544617 2.213763
v -3.644902 -0.138449 2.213763
v -3.703207 0.544629 2.793256
v -3.703207 -0.138449 2.793256
v -3.399035 0.544617 2.801618
v -3.399035 -0.138449 2.801618
v -2.222278 -0.138449 5.591620
v -2.928889 -0.138449 5.306931
v -2.657056 -0.138449 5.104528
v -2.454136 -0.138449 5.838812
v -2.928889 0.596850 5.306931
v -2.454136 0.596862 5.838812
v -2.222278 0.596850 5.591620
v -2.657056 0.596871 5.104529
v -2.222278 0.596850 5.591620
v -2.657056 -0.138449 5.104528
v -2.657056 0.596871 5.104529
v -2.222278 -0.138449 5.591620
v -2.928889 0.596850 5.306931
v -2.454136 -0.138449 5.838812
v -2.454136 0.596862 5.838812
v -2.928889 -0.138449 5.306931
v -2.657056 0.596871 5.104529
v -2.657056 -0.138449 5.104528
v -2.928889 0.596850 5.306931
v -2.928889 -0.138449 5.306931
v -2.454136 0.596862 5.838812
v -2.454136 -0.138449 5.838812
v -2.222278 0.596850 5.591620
v -2.222278 -0.138449 5.591620
v -1.804188 -0.138449 6.335887
v -2.219889 -0.138449 5.589077
v -1.624721 -0.138449 6.043018
v -2.454873 -0.138449 5.839601
v -2.454873 0.596853 5.839601
v -1.804188 0.596865 6.335887
v -1.624721 0.596853 6.043019
v -2.219892 0.596874 5.589077
v -1.624721 0.596853 6.043019
v -2.219889 -0.138449 5.589077
v -2.219892 0.596874 5.589077
v -1.624721 -0.138449 6.043018
v -2.454873 0.596853 5.839601
v -1.804188 -0.138449 6.335887
v -1.804188 0.596865 6.335887
v -2.454873 -0.138449 5.839601
v -2.219892 0.596874 5.589077
v -2.219889 -0.138449 5.589077
v -2.454873 0.596853 5.839601
v -2.454873 -0.138449 5.839601
v -1.804188 0.596865 6.335887
v -1.804188 -0.138449 6.335887
v -1.624721 0.596853 6.043019
v -1.624721 -0.138449 6.043018
v -3.666401 -0.138449 2.210005
v -3.444273 -0.138449 1.422381
v -3.124877 -0.138449 1.548732
v -3.328056 -0.138449 2.269155
v -3.124877 0.596903 1.548732
v -3.666401 0.596895 2.210005
v -3.328056 0.596882 2.269155
v -3.444273 0.596882 1.422381
v -3.328056 0.596882 2.269155
v -3.124877 -0.138449 1.548732
v -3.124877 0.596903 1.548732
v -3.328056 -0.138449 2.269155
v -3.444273 0.596882 1.422381
v -3.666401 -0.138449 2.210005
v -3.666401 0.596895 2.210005
v -3.444273 -0.138449 1.422381
v -3.124877 0.596903 1.548732
v -3.124877 -0.138449 1.548732
v -3.444273 0.596882 1.422381
v -3.444273 -0.138449 1.422381
v -3.666401 0.596895 2.210005
v -3.666401 -0.138449 2.210005
v -3.328056 0.596882 2.269155
v -3.328056 -0.138449 2.269155
v 2.315335 -0.138449 6.007248
v 2.481460 -0.138449 6.263018
v 1.895791 -0.138449 6.242478
v 2.027347 -0.138449 6.517631
v 1.895791 0.591889 6.242479
v 2.481460 0.591880 6.263018
v 2.315335 0.591869 6.007248
v 2.027347 0.591869 6.517632
v 2.315335 0.591869 6.007248
v 1.895791 -0.138449 6.242478
v 1.895791 0.591889 6.242479
v 2.315335 -0.138449 6.007248
v 2.027347 0.591869 6.517632
v 2.481460 -0.138449 6.263018
v 2.481460 0.591880 6.263018
v 2.027347 -0.138449 6.517631
v 1.895791 0.591889 6.242479
v 1.895791 -0.138449 6.242478
v 2.027347 0.591869 6.517632
v 2.027347 -0.138449 6.517631
v 2.481460 0.591880 6.263018
v 2.481460 -0.138449 6.263018
v 2.315335 0.591869 6.007248
v 2.315335 -0.138449 6.007248
v 4.300563 -0.138449 3.398216
v 3.976626 -0.138449 2.648094
v 4.321383 -0.138449 2.624168
v 3.957587 -0.138449 3.355793
v 4.321383 0.623373 2.624168
v 3.957587 0.623383 3.355793
v 4.300563 0.623361 3.398216
v 3.976626 0.623361 2.648094
v 3.596329 0.611019 4.570534
v 3.596329 -0.138449 4.570533
v 3.894674 0.610999 4.721401
v 3.894674 -0.138449 4.721401
v 4.171981 0.611010 4.014415
v 4.171981 -0.138449 4.014415
v 3.850622 0.610998 3.922214
v 3.850622 -0.138449 3.922214
v 3.596329 -0.138449 4.570533
v 4.171981 -0.138449 4.014415
v 3.894674 -0.138449 4.721401
v 3.850622 -0.138449 3.922214
v 4.171981 0.611010 4.014415
v 3.596329 0.611019 4.570534
v 3.894674 0.610999 4.721401
v 3.850622 0.610998 3.922214
v 3.976626 0.623361 2.648094
v 3.957587 -0.138449 3.355793
v 3.957587 0.623383 3.355793
v 3.976626 -0.138449 2.648094
v 4.300563 0.623361 3.398216
v 4.321383 -0.138449 2.624168
v 4.321383 0.623373 2.624168
v 4.300563 -0.138449 3.398216
v 3.596329 0.611019 4.570534
v 3.850622 0.610998 3.922214
v 3.596329 -0.138449 4.570533
v 3.850622 -0.138449 3.922214
v 3.894674 0.610999 4.721401
v 4.171981 -0.138449 4.014415
v 4.171981 0.611010 4.014415
v 3.894674 -0.138449 4.721401
v 3.957587 0.623383 3.355793
v 3.957587 -0.138449 3.355793
v 4.300563 0.623361 3.398216
v 4.300563 -0.138449 3.398216
v 4.321383 0.623373 2.624168
v 4.321383 -0.138449 2.624168
v 3.976626 0.623361 2.648094
v 3.976626 -0.138449 2.648094
v 3.852619 -0.138449 3.922781
v 3.968019 -0.138449 3.357078
v 4.164153 -0.138449 4.012165
v 4.289671 -0.138449 3.396863
v 4.164153 0.636950 4.012165
v 4.289671 0.636962 3.396863
v 3.968019 0.636950 3.357078
v 3.852619 0.636971 3.922781
v 3.852619 0.636971 3.922781
v 3.968019 0.636950 3.357078
v 3.852619 -0.138449 3.922781
v 3.968019 -0.138449 3.357078
v 4.164153 0.636950 4.012165
v 4.289671 -0.138449 3.396863
v 4.289671 0.636962 3.396863
v 4.164153 -0.138449 4.012165
v 3.852619 0.636971 3.922781
v 3.852619 -0.138449 3.922781
v 4.164153 0.636950 4.012165
v 4.164153 -0.138449 4.012165
v 4.289671 0.636962 3.396863
v 4.289671 -0.138449 3.396863
v 3.968019 0.636950 3.357078
v 3.968019 -0.138449 3.357078
v 3.600876 -0.138449 4.572831
v 3.572495 -0.138449 5.209401
v 3.323736 -0.138449 5.034140
v 3.872420 -0.138449 4.710147
v 3.572495 0.559766 5.209401
v 3.872420 0.559778 4.710147
v 3.600876 0.559766 4.572831
v 3.323736 0.559787 5.034140
v 3.600876 0.559766 4.572831
v 3.323736 -0.138449 5.034140
v 3.323736 0.559787 5.034140
v 3.600876 -0.138449 4.572831
v 3.572495 0.559766 5.209401
v 3.872420 -0.138449 4.710147
v 3.872420 0.559778 4.710147
v 3.572495 -0.138449 5.209401
v 3.323736 0.559787 5.034140
v 3.323736 -0.138449 5.034140
v 3.572495 0.559766 5.209401
v 3.572495 -0.138449 5.209401
v 3.872420 0.559778 4.710147
v 3.872420 -0.138449 4.710147
v 3.600876 0.559766 4.572831
v 3.600876 -0.138449 4.572831
v 4.295876 -0.138449 2.625934
v 3.927216 -0.138449 2.170392
v 4.226162 -0.138449 2.110000
v 3.991622 -0.138449 2.647048
v 3.927216 0.591839 2.170392
v 3.991622 0.591860 2.647048
v 4.295876 0.591839 2.625934
v 4.226162 0.591851 2.110000
v 3.927216 0.591839 2.170392
v 3.991622 -0.138449 2.647048
v 3.991622 0.591860 2.647048
v 3.927216 -0.138449 2.170392
v 4.295876 0.591839 2.625934
v 4.226162 -0.138449 2.110000
v 4.226162 0.591851 2.110000
v 4.295876 -0.138449 2.625934
v 3.991622 0.591860 2.647048
v 3.991622 -0.138449 2.647048
v 4.295876 0.591839 2.625934
v 4.295876 -0.138449 2.625934
v 4.226162 0.591851 2.110000
v 4.226162 -0.138449 2.110000
v 3.927216 0.591839 2.170392
v 3.927216 -0.138449 2.170392
v 1.224231 -0.138449 6.471544
v 2.038380 -0.138449 6.540699
v 1.310945 -0.138449 6.806076
v 1.889310 -0.138449 6.228916
v 0.689866 -0.138449 6.905075
v 1.226870 -0.138449 6.481717
v 1.308194 -0.138449 6.795452
v 0.658381 -0.138449 6.582502
v 0.689866 0.636980 6.905075
v 1.226870 0.636980 6.481717
v 0.658381 0.637001 6.582502
v 1.308194 0.636992 6.795452
v 1.224228 0.623413 6.471545
v 2.038380 0.623404 6.540699
v 1.889310 0.623391 6.228916
v 1.310945 0.623391 6.806076
v 0.081042 0.611048 6.593540
v 0.081042 -0.138449 6.593539
v 0.061903 0.611028 6.917077
v 0.061903 -0.138449 6.917077
v 0.690651 0.611039 6.913179
v 0.690651 -0.138449 6.913179
v 0.658173 0.611028 6.580438
v 0.658173 -0.138449 6.580437
v 0.061903 -0.138449 6.917077
v 0.658173 -0.138449 6.580437
v 0.690651 -0.138449 6.913179
v 0.081042 -0.138449 6.593539
v 0.061903 0.611028 6.917077
v 0.658173 0.611028 6.580438
v 0.081042 0.611048 6.593540
v 0.690651 0.611039 6.913179
v 0.658381 0.637001 6.582502
v 1.226870 0.636980 6.481717
v 0.658381 -0.138449 6.582502
v 1.226870 -0.138449 6.481717
v 0.689866 0.636980 6.905075
v 1.308194 -0.138449 6.795452
v 1.308194 0.636992 6.795452
v 0.689866 -0.138449 6.905075
v 1.889310 0.623391 6.228916
v 1.224231 -0.138449 6.471544
v 1.224228 0.623413 6.471545
v 1.889310 -0.138449 6.228916
v 1.310945 0.623391 6.806076
v 2.038380 -0.138449 6.540699
v 2.038380 0.623404 6.540699
v 1.310945 -0.138449 6.806076
v 0.081042 0.611048 6.593540
v 0.658173 0.611028 6.580438
v 0.081042 -0.138449 6.593539
v 0.658173 -0.138449 6.580437
v 0.061903 0.611028 6.917077
v 0.690651 -0.138449 6.913179
v 0.690651 0.611039 6.913179
v 0.061903 -0.138449 6.917077
v 0.658381 0.637001 6.582502
v 0.658381 -0.138449 6.582502
v 0.689866 0.636980 6.905075
v 0.689866 -0.138449 6.905075
v 1.308194 0.636992 6.795452
v 1.308194 -0.138449 6.795452
v 1.226870 0.636980 6.481717
v 1.226870 -0.138449 6.481717
v 1.224228 0.623413 6.471545
v 1.224231 -0.138449 6.471544
v 1.310945 0.623391 6.806076
v 1.310945 -0.138449 6.806076
v 2.038380 0.623404 6.540699
v 2.038380 -0.138449 6.540699
v 1.889310 0.623391 6.228916
v 1.889310 -0.138449 6.228916
v 3.912136 -0.138449 2.173438
v 4.041821 -0.138449 1.422752
v 4.244332 -0.138449 2.106328
v 3.726675 -0.138449 1.547424
v 3.912136 0.596841 2.173438
v 4.041821 0.596832 1.422752
v 3.726675 0.596820 1.547424
v 4.244332 0.596820 2.106328
v 3.726675 0.596820 1.547424
v 3.912136 -0.138449 2.173438
v 3.912136 0.596841 2.173438
v 3.726675 -0.138449 1.547424
v 4.244332 0.596820 2.106328
v 4.041821 -0.138449 1.422752
v 4.041821 0.596832 1.422752
v 4.244332 -0.138449 2.106328
v 3.912136 0.596841 2.173438
v 3.912136 -0.138449 2.173438
v 4.244332 0.596820 2.106328
v 4.244332 -0.138449 2.106328
v 4.041821 0.596832 1.422752
v 4.041821 -0.138449 1.422752
v 3.726675 0.596820 1.547424
v 3.726675 -0.138449 1.547424
v 2.306955 -0.138449 5.994346
v 2.820857 -0.138449 5.591608
v 3.052711 -0.138449 5.838798
v 2.491561 -0.138449 6.278568
v 2.820857 0.596850 5.591608
v 2.491561 0.596850 6.278568
v 3.052711 0.596862 5.838799
v 2.306955 0.596871 5.994346
v 2.820857 0.596850 5.591608
v 2.306955 -0.138449 5.994346
v 2.306955 0.596871 5.994346
v 2.820857 -0.138449 5.591608
v 2.491561 0.596850 6.278568
v 3.052711 -0.138449 5.838798
v 3.052711 0.596862 5.838799
v 2.491561 -0.138449 6.278568
v 2.306955 0.596871 5.994346
v 2.306955 -0.138449 5.994346
v 2.491561 0.596850 6.278568
v 2.491561 -0.138449 6.278568
v 3.052711 0.596862 5.838799
v 3.052711 -0.138449 5.838798
v 2.820857 0.596850 5.591608
v 2.820857 -0.138449 5.591608
v 2.818471 -0.138449 5.589065
v 3.309546 -0.138449 5.024143
v 3.590338 -0.138449 5.221971
v 3.053454 -0.138449 5.839588
v 3.053454 0.596853 5.839588
v 3.590338 0.596865 5.221971
v 3.309546 0.596853 5.024143
v 2.818471 0.596875 5.589065
v 3.309546 0.596853 5.024143
v 2.818471 -0.138449 5.589065
v 2.818471 0.596875 5.589065
v 3.309546 -0.138449 5.024143
v 3.053454 0.596853 5.839588
v 3.590338 -0.138449 5.221971
v 3.590338 0.596865 5.221971
v 3.053454 -0.138449 5.839588
v 2.818471 0.596875 5.589065
v 2.818471 -0.138449 5.589065
v 3.053454 0.596853 5.839588
v 3.053454 -0.138449 5.839588
v 3.590338 0.596865 5.221971
v 3.590338 -0.138449 5.221971
v 3.309546 0.596853 5.024143
v 3.309546 -0.138449 5.024143
v 1.419263 -0.138449 -0.624410
v 0.952337 -0.138449 -0.739860
v 1.006151 -0.138449 -1.040060
v 1.511551 -0.138449 -0.915097
v 1.006151 0.591880 -1.040061
v 1.419263 0.591889 -0.624410
v 1.511551 0.591868 -0.915097
v 0.952337 0.591868 -0.739860
v 0.952337 0.591868 -0.739860
v 1.419263 -0.138449 -0.624410
v 1.419263 0.591889 -0.624410
v 0.952337 -0.138449 -0.739860
v 1.511551 0.591868 -0.915097
v 1.006151 -0.138449 -1.040060
v 1.006151 0.591880 -1.040061
v 1.511551 -0.138449 -0.915097
v 1.419263 0.591889 -0.624410
v 1.419263 -0.138449 -0.624410
v 1.511551 0.591868 -0.915097
v 1.511551 -0.138449 -0.915097
v 1.006151 0.591880 -1.040061
v 1.006151 -0.138449 -1.040060
v 0.952337 0.591868 -0.739860
v 0.952337 -0.138449 -0.739860
v -2.280520 -0.138449 -0.195066
v -2.557429 -0.138449 0.573661
v -2.825251 -0.138449 0.355254
v -2.059390 -0.138449 0.070512
v -2.059393 0.623382 0.070512
v -2.825251 0.623373 0.355254
v -2.557429 0.623361 0.573661
v -2.280520 0.623361 -0.195066
v -0.964867 0.611018 -0.568329
v -0.964867 -0.138449 -0.568329
v -1.079259 0.610998 -0.882473
v -1.079254 -0.138449 -0.882473
v -1.765180 0.611009 -0.556533
v -1.765180 -0.138449 -0.556533
v -1.593869 0.610998 -0.269436
v -1.593869 -0.138449 -0.269435
v -0.964867 -0.138449 -0.568329
v -1.593869 -0.138449 -0.269435
v -1.079254 -0.138449 -0.882473
v -1.765180 -0.138449 -0.556533
v -1.765180 0.611009 -0.556533
v -0.964867 0.611018 -0.568329
v -1.079259 0.610998 -0.882473
v -1.593869 0.610998 -0.269436
v -2.557429 0.623361 0.573661
v -2.059390 -0.138449 0.070512
v -2.059393 0.623382 0.070512
v -2.557429 -0.138449 0.573661
v -2.280520 0.623361 -0.195066
v -2.825251 -0.138449 0.355254
v -2.825251 0.623373 0.355254
v -2.280520 -0.138449 -0.195066
v -0.964867 0.611018 -0.568329
v -1.593869 0.610998 -0.269436
v -0.964867 -0.138449 -0.568329
v -1.593869 -0.138449 -0.269435
v -1.079259 0.610998 -0.882473
v -1.765180 -0.138449 -0.556533
v -1.765180 0.611009 -0.556533
v -1.079254 -0.138449 -0.882473
v -2.059393 0.623382 0.070512
v -2.059390 -0.138449 0.070512
v -2.280520 0.623361 -0.195066
v -2.280520 -0.138449 -0.195066
v -2.825251 0.623373 0.355254
v -2.825251 -0.138449 0.355254
v -2.557429 0.623361 0.573661
v -2.557429 -0.138449 0.573661
v -1.594937 -0.138449 -0.271216
v -2.273504 -0.138449 -0.186630
v -1.761010 -0.138449 -0.549537
v -2.066118 -0.138449 0.062440
v -1.594937 0.636971 -0.271216
v -2.273504 0.636962 -0.186629
v -2.066118 0.636950 0.062440
v -1.761010 0.636950 -0.549537
v -1.594937 0.636971 -0.271216
v -2.066118 0.636950 0.062440
v -1.594937 -0.138449 -0.271216
v -2.066118 -0.138449 0.062440
v -1.761010 0.636950 -0.549537
v -2.273504 -0.138449 -0.186630
v -2.273504 0.636962 -0.186629
v -1.761010 -0.138449 -0.549537
v -1.594937 0.636971 -0.271216
v -1.594937 -0.138449 -0.271216
v -1.761010 0.636950 -0.549537
v -1.761010 -0.138449 -0.549537
v -2.273504 0.636962 -0.186629
v -2.273504 -0.138449 -0.186630
v -2.066118 0.636950 0.062440
v -2.066118 -0.138449 0.062440
v -0.966608 -0.138449 -0.573116
v -0.510417 -0.138449 -1.017991
v -0.448879 -0.138449 -0.719979
v -1.070724 -0.138449 -0.859041
v -0.966608 0.559765 -0.573116
v -0.510417 0.559765 -1.017991
v -1.070724 0.559778 -0.859041
v -0.448879 0.559787 -0.719979
v -0.966608 0.559765 -0.573116
v -0.448879 -0.138449 -0.719979
v -0.448879 0.559787 -0.719979
v -0.966608 -0.138449 -0.573116
v -0.510417 0.559765 -1.017991
v -1.070724 -0.138449 -0.859041
v -1.070724 0.559778 -0.859041
v -0.510417 -0.138449 -1.017991
v -0.448879 0.559787 -0.719979
v -0.448879 -0.138449 -0.719979
v -0.510417 0.559765 -1.017991
v -0.510417 -0.138449 -1.017991
v -1.070724 0.559778 -0.859041
v -1.070724 -0.138449 -0.859041
v -0.966608 0.559765 -0.573116
v -0.966608 -0.138449 -0.573116
v -2.805438 -0.138449 0.371417
v -2.848198 -0.138449 0.955883
v -3.107553 -0.138449 0.795414
v -2.569081 -0.138449 0.564164
v -2.848198 0.591839 0.955883
v -2.569081 0.591859 0.564164
v -2.805438 0.591839 0.371417
v -3.107553 0.591851 0.795414
v -2.848198 0.591839 0.955883
v -2.569081 -0.138449 0.564164
v -2.569081 0.591859 0.564164
v -2.848198 -0.138449 0.955883
v -2.805438 0.591839 0.371417
v -3.107553 -0.138449 0.795414
v -3.107553 0.591851 0.795414
v -2.805438 -0.138449 0.371417
v -2.569081 0.591859 0.564164
v -2.569081 -0.138449 0.564164
v -2.805438 0.591839 0.371417
v -2.805438 -0.138449 0.371417
v -3.107553 0.591851 0.795414
v -3.107553 -0.138449 0.795414
v -2.848198 0.591839 0.955883
v -2.848198 -0.138449 0.955883
v 1.414716 -0.138449 -0.610081
v 2.231403 -0.138449 -0.635368
v 2.065790 -0.138449 -0.332049
v 1.519287 -0.138449 -0.939467
v 2.226140 -0.138449 -0.625739
v 2.554408 -0.138449 -0.025866
v 2.070823 -0.138449 -0.341274
v 2.752125 -0.138449 -0.282677
v 2.554408 0.637001 -0.025866
v 2.226140 0.636992 -0.625739
v 2.070823 0.636979 -0.341274
v 2.752125 0.636979 -0.282678
v 1.519287 0.623403 -0.939467
v 2.065790 0.623412 -0.332049
v 2.231403 0.623391 -0.635368
v 1.414716 0.623391 -0.610081
v 3.062465 0.611048 0.450732
v 3.062465 -0.138449 0.450732
v 3.312502 0.611027 0.228802
v 3.312502 -0.138449 0.228802
v 2.757094 0.611039 -0.289127
v 2.757094 -0.138449 -0.289127
v 2.553147 0.611027 -0.024219
v 2.553147 -0.138449 -0.024219
v 3.312502 -0.138449 0.228802
v 2.553147 -0.138449 -0.024219
v 2.757094 -0.138449 -0.289127
v 3.062465 -0.138449 0.450732
v 3.312502 0.611027 0.228802
v 2.553147 0.611027 -0.024219
v 3.062465 0.611048 0.450732
v 2.757094 0.611039 -0.289127
v 2.554408 0.637001 -0.025866
v 2.070823 0.636979 -0.341274
v 2.554408 -0.138449 -0.025866
v 2.070823 -0.138449 -0.341274
v 2.752125 0.636979 -0.282678
v 2.226140 -0.138449 -0.625739
v 2.226140 0.636992 -0.625739
v 2.752125 -0.138449 -0.282677
v 1.414716 0.623391 -0.610081
v 2.065790 -0.138449 -0.332049
v 2.065790 0.623412 -0.332049
v 1.414716 -0.138449 -0.610081
v 2.231403 0.623391 -0.635368
v 1.519287 -0.138449 -0.939467
v 1.519287 0.623403 -0.939467
v 2.231403 -0.138449 -0.635368
v 3.062465 0.611048 0.450732
v 2.553147 0.611027 -0.024219
v 3.062465 -0.138449 0.450732
v 2.553147 -0.138449 -0.024219
v 3.312502 0.611027 0.228802
v 2.757094 -0.138449 -0.289127
v 2.757094 0.611039 -0.289127
v 3.312502 -0.138449 0.228802
v 2.554408 0.637001 -0.025866
v 2.554408 -0.138449 -0.025866
v 2.752125 0.636979 -0.282678
v 2.752125 -0.138449 -0.282677
v 2.226140 0.636992 -0.625739
v 2.226140 -0.138449 -0.625739
v 2.070823 0.636979 -0.341274
v 2.070823 -0.138449 -0.341274
v 2.065790 0.623412 -0.332049
v 2.065790 -0.138449 -0.332049
v 2.231403 0.623391 -0.635368
v 2.231403 -0.138449 -0.635368
v 1.519287 0.623403 -0.939467
v 1.519287 -0.138449 -0.939467
v 1.414716 0.623391 -0.610081
v 1.414716 -0.138449 -0.610081
v 3.293851 -0.138449 0.245352
v 3.647765 -0.138449 0.707904
v 3.066272 -0.138449 0.447347
v 3.393285 -0.138449 0.874750
v 3.066272 0.559795 0.447347
v 3.393285 0.559816 0.874750
v 3.647765 0.559795 0.707904
v 3.293851 0.559807 0.245352
v 3.066272 0.559795 0.447347
v 3.393285 -0.138449 0.874750
v 3.393285 0.559816 0.874750
v 3.066272 -0.138449 0.447347
v 3.647765 0.559795 0.707904
v 3.293851 -0.138449 0.245352
v 3.293851 0.559807 0.245352
v 3.647765 -0.138449 0.707904
v 3.393285 0.559816 0.874750
v 3.393285 -0.138449 0.874750
v 3.647765 0.559795 0.707904
v 3.647765 -0.138449 0.707904
v 3.293851 0.559807 0.245352
v 3.293851 -0.138449 0.245352
v 3.066272 0.559795 0.447347
v 3.066272 -0.138449 0.447347
v -3.123323 -0.138449 0.785658
v -3.128120 -0.138449 1.547449
v -3.443265 -0.138449 1.422780
v -2.835113 -0.138449 0.963977
v -3.123323 0.596820 0.785658
v -3.128120 0.596820 1.547449
v -2.835113 0.596841 0.963977
v -3.443268 0.596832 1.422780
v -3.128120 0.596820 1.547449
v -2.835113 -0.138449 0.963977
v -2.835113 0.596841 0.963977
v -3.128120 -0.138449 1.547449
v -3.123323 0.596820 0.785658
v -3.443265 -0.138449 1.422780
v -3.443268 0.596832 1.422780
v -3.123323 -0.138449 0.785658
v -2.835113 0.596841 0.963977
v -2.835113 -0.138449 0.963977
v -3.123323 0.596820 0.785658
v -3.123323 -0.138449 0.785658
v -3.443268 0.596832 1.422780
v -3.443265 -0.138449 1.422780
v -3.128120 0.596820 1.547449
v -3.128120 -0.138449 1.547449
v 0.949624 -0.138449 -0.724717
v 0.299278 -0.138449 -0.782544
v 0.299278 -0.138449 -1.121457
v 1.009423 -0.138449 -1.058311
v 0.299278 0.596862 -1.121457
v 0.949624 0.596871 -0.724717
v 1.009423 0.596850 -1.058311
v 0.299278 0.596850 -0.782545
v 0.299278 0.596850 -0.782545
v 0.949624 -0.138449 -0.724717
v 0.949624 0.596871 -0.724717
v 0.299278 -0.138449 -0.782544
v 1.009423 0.596850 -1.058311
v 0.299278 -0.138449 -1.121457
v 0.299278 0.596862 -1.121457
v 1.009423 -0.138449 -1.058311
v 0.949624 0.596871 -0.724717
v 0.949624 -0.138449 -0.724717
v 1.009423 0.596850 -1.058311
v 1.009423 -0.138449 -1.058311
v 0.299278 0.596862 -1.121457
v 0.299278 -0.138449 -1.121457
v 0.299278 0.596850 -0.782545
v 0.299278 -0.138449 -0.782544
v -0.445371 -0.138449 -0.702979
v 0.299284 -0.138449 -1.122540
v 0.299278 -0.138449 -0.779057
v -0.514831 -0.138449 -1.039365
v 0.299278 0.596853 -1.122540
v -0.514831 0.596865 -1.039365
v -0.445371 0.596853 -0.702979
v 0.299278 0.596874 -0.779058
v -0.445371 0.596853 -0.702979
v 0.299278 -0.138449 -0.779057
v 0.299278 0.596874 -0.779058
v -0.445371 -0.138449 -0.702979
v 0.299278 0.596853 -1.122540
v -0.514831 -0.138449 -1.039365
v -0.514831 0.596865 -1.039365
v 0.299284 -0.138449 -1.122540
v 0.299278 0.596874 -0.779058
v 0.299278 -0.138449 -0.779057
v 0.299278 0.596853 -1.122540
v 0.299284 -0.138449 -1.122540
v -0.514831 0.596865 -1.039365
v -0.514831 -0.138449 -1.039365
v -0.445371 0.596853 -0.702979
v -0.445371 -0.138449 -0.702979
v 3.723435 -0.138449 1.548719
v 3.666016 -0.138449 0.695937
v 4.042834 -0.138449 1.422368
v 3.378770 -0.138449 0.884267
v 3.723435 0.596904 1.548719
v 3.666016 0.596895 0.695937
v 3.378770 0.596882 0.884267
v 4.042834 0.596882 1.422368
v 3.378770 0.596882 0.884267
v 3.723435 -0.138449 1.548719
v 3.723435 0.596904 1.548719
v 3.378770 -0.138449 0.884267
v 4.042834 0.596882 1.422368
v 3.666016 -0.138449 0.695937
v 3.666016 0.596895 0.695937
v 4.042834 -0.138449 1.422368
v 3.723435 0.596904 1.548719
v 3.723435 -0.138449 1.548719
v 4.042834 0.596882 1.422368
v 4.042834 -0.138449 1.422368
v 3.666016 0.596895 0.695937
v 3.666016 -0.138449 0.695937
v 3.378770 0.596882 0.884267
v 3.378770 -0.138449 0.884267
vn 0.0039 1.0000 0.0039
vn 0.0040 -1.0000 0.0040
vn 0.0039 -1.0000 0.0039
vn -0.7528 0.0039 0.6582
vn 0.8582 0.0039 0.5133
vn 0.8582 0.0039 0.5134
vn 0.3653 0.0039 0.9309
vn 0.3653 0.0040 0.9309
vn -0.1293 0.0039 0.9916
vn 0.6833 0.0038 0.7301
vn 0.6833 0.0039 0.7301
vn -0.6328 0.0039 0.7743
vn -0.9958 0.0040 -0.0913
vn 0.8153 0.0039 -0.5790
vn -0.9548 0.0040 -0.2971
vn 0.6413 0.0039 -0.7673
vn -0.5226 0.0039 0.8526
vn 0.8723 0.0039 0.4890
vn 0.9978 0.0039 0.0665
vn -0.9335 0.0040 0.3585
vn -0.9335 0.0039 0.3584
vn 0.0905 0.0039 -0.9959
vn -0.2804 0.0039 -0.9599
vn -0.6145 0.0040 -0.7889
vn -0.8253 0.0040 -0.5647
vn -0.8253 0.0039 -0.5647
vn 0.3910 0.0039 -0.9204
vn 0.9455 0.0039 -0.3256
vn -0.9982 0.0040 0.0592
vn -0.9982 0.0039 0.0592
vn 0.9781 0.0039 0.2082
vn -0.7711 0.0040 0.6367
vn -0.5790 0.0039 0.8153
vn 0.6242 0.0039 0.7812
vn 0.7265 0.0039 0.6872
vn -0.7265 0.0039 0.6872
vn 0.6627 0.0039 0.7489
vn 0.8916 -0.0904 0.4438
vn 0.8943 0.0742 0.4413
vn 0.9292 -0.1216 0.3490
vn 0.9283 0.1293 0.3486
vn 0.9625 0.0039 0.2711
vn 0.9906 0.0039 0.1370
vn 0.9983 0.0039 -0.0587
vn 0.9708 0.0039 -0.2398
vn 0.8670 0.0039 -0.4983
vn 0.8670 0.0039 -0.4982
vn 0.6748 0.0039 -0.7380
vn 0.5556 0.0039 -0.8314
vn -0.2805 0.0039 -0.9599
vn -0.6006 0.0039 -0.7995
vn -0.9298 0.0040 -0.3680
vn -0.9943 0.0040 -0.1070
vn -1.0000 0.0039 0.0039
vn -0.9996 0.0040 0.0277
vn 0.0274 0.0039 0.9996
vn 0.3882 0.0039 0.9216
vn 0.6952 0.0039 0.7188
vn -0.2398 0.0039 0.9708
vn -0.2856 0.0039 0.9583
vn -0.3351 0.0039 0.9422
vn 0.8721 -0.0196 0.4889
vn 0.8525 -0.0119 0.5225
vn 0.8704 0.0664 0.4879
vn 0.8563 0.0665 0.5122
vn 0.8518 0.0432 0.5221
vn 0.8608 -0.0668 0.5046
vn 0.8198 0.0667 0.5687
vn 0.8199 -0.0589 0.5694
vn 0.7730 0.0589 0.6317
vn 0.7735 -0.0589 0.6310
vn 0.7184 0.0354 0.6948
vn 0.7181 -0.0432 0.6946
vn 0.6907 0.0430 0.7219
vn 0.6913 -0.0039 0.7226
vn 0.6752 -0.0038 0.7376
vn 0.6620 0.0431 0.7482
vn 0.6751 0.0117 0.7376
vn 0.6619 -0.0354 0.7488
vn 0.5925 0.0432 0.8044
vn 0.5937 -0.0354 0.8039
vn 0.5279 -0.0352 0.8486
vn 0.5278 0.0431 0.8483
vn 0.4671 0.0432 0.8832
vn 0.4672 -0.0354 0.8834
vn 0.5371 -0.0353 0.8428
vn 0.5369 0.0431 0.8425
vn -0.3039 -0.0513 -0.9513
vn -0.2094 -0.0592 -0.9760
vn -0.3042 0.0355 -0.9520
vn -0.2094 0.0592 -0.9760
vn -0.1224 -0.0592 -0.9907
vn -0.1223 0.0671 -0.9902
vn -0.0433 -0.0670 -0.9968
vn -0.0433 0.0670 -0.9968
vn -0.0434 0.0355 -0.9984
vn 0.0436 -0.0912 -0.9949
vn 0.0433 0.0748 -0.9963
vn -0.0434 -0.0118 -0.9990
vn -0.0118 0.0670 -0.9977
vn -0.0118 -0.0197 -0.9997
vn -0.3515 -0.0119 -0.9361
vn -0.3512 0.0434 -0.9353
vn -0.3680 -0.0040 -0.9298
vn -0.3907 0.0434 -0.9195
vn -0.3679 0.0198 -0.9297
vn -0.3841 -0.0356 -0.9226
vn -0.4642 0.0436 -0.8847
vn -0.4643 -0.0357 -0.8850
vn -0.5350 0.0356 -0.8441
vn -0.5351 -0.0277 -0.8443
vn -0.6055 -0.0277 -0.7954
vn -0.6053 0.0356 -0.7952
vn 0.1381 -0.1223 -0.9828
vn 0.1380 0.1301 -0.9818
vn 0.2174 -0.1225 -0.9684
vn 0.2172 0.1303 -0.9674
vn 0.2962 0.1461 -0.9439
vn 0.2877 -0.1222 -0.9499
vn 0.2253 -0.1067 -0.9684
vn 0.2171 -0.0513 -0.9748
vn 0.2973 0.1704 -0.9395
vn 0.2966 -0.0593 -0.9531
vn 0.9594 -0.1214 0.2545
vn 0.9590 0.1292 0.2522
vn 0.9754 -0.1215 0.1841
vn 0.9723 0.1445 0.1835
vn 0.9613 -0.0510 0.2707
vn 0.9592 -0.1057 0.2624
vn 0.9683 0.1685 0.1843
vn 0.9795 -0.0590 0.1928
vn -0.6783 0.0357 -0.7339
vn -0.6619 0.0357 -0.7488
vn -0.6785 -0.0278 -0.7341
vn -0.6619 -0.0277 -0.7491
vn 0.9652 -0.2228 0.1367
vn 0.9635 0.2302 0.1366
vn 0.4890 0.3247 0.8096
vn 0.6380 0.7085 0.3015
vn 0.6615 0.7083 0.2466
vn 0.6832 0.7068 0.1835
vn 0.7012 0.7011 0.1293
vn 0.7305 0.6131 0.3008
vn 0.4185 -0.1917 0.8878
vn 0.5977 0.5899 0.5430
vn 0.5299 -0.3964 0.7497
vn 0.6165 -0.2631 0.7421
vn 0.6894 -0.4136 0.5948
vn 0.2400 -0.1692 0.9559
vn 0.2463 0.1916 0.9501
vn 0.7044 -0.4525 0.5469
vn 0.5250 0.7040 0.4784
vn 0.5494 0.7053 0.4481
vn 0.5818 0.7069 0.4021
vn 0.6059 0.7076 0.3635
vn 0.4498 0.5828 0.6767
vn 0.3480 -0.3636 0.8641
vn 0.0434 0.0748 -0.9963
vn -0.4621 0.2805 -0.8413
vn 0.0510 0.7101 -0.7023
vn 0.0983 0.7115 -0.6958
vn 0.2172 0.1302 -0.9674
vn 0.1531 0.7104 -0.6869
vn 0.2157 0.7098 -0.6706
vn 0.0828 0.6036 -0.7930
vn -0.5339 -0.1780 -0.8266
vn -0.0434 -0.0119 -0.9990
vn -0.0119 -0.0197 -0.9997
vn -0.3840 -0.3761 -0.8432
vn -0.7095 -0.1625 -0.6857
vn -0.5975 -0.3443 -0.7242
vn 0.6560 -0.3732 -0.6560
vn 0.6539 0.3799 -0.6543
vn -0.1304 -0.4227 -0.8968
vn 0.2966 -0.0593 -0.9532
vn -0.3045 -0.2413 -0.9215
vn 0.2170 -0.0513 -0.9748
vn -0.1703 -0.3843 -0.9073
vn -0.4138 0.5556 -0.7211
vn -0.1695 0.5869 -0.7917
vn -0.0118 0.0671 -0.9977
vn -0.6769 0.2257 -0.7007
vn -0.3679 0.0198 -0.9296
vn -0.3041 0.0355 -0.9520
vn -0.2007 0.7044 -0.6808
vn -0.1454 0.7113 -0.6877
vn -0.0827 0.7125 -0.6968
vn -0.0275 0.7107 -0.7029
vn -0.0433 0.0669 -0.9968
vn 0.6871 -0.7028 0.1845
vn 0.6651 -0.7044 0.2479
vn 0.7043 -0.6964 0.1377
vn 0.6401 -0.7029 0.3102
vn 0.6159 -0.7023 0.3570
vn 0.5851 -0.7029 0.4045
vn 0.5524 -0.7013 0.4505
vn 0.5145 -0.7030 0.4909
vn 0.4688 -0.7052 0.5318
vn 0.4212 -0.7048 0.5708
vn 0.3741 -0.7049 0.6026
vn 0.3349 -0.6895 0.6422
vn -0.4581 0.0039 0.8889
vn -0.5282 0.0039 0.8491
vn -0.5842 0.0039 0.8116
vn -0.6582 0.0040 0.7528
vn -0.6582 0.0039 0.7528
vn -0.7304 0.0039 0.6830
vn -0.7304 0.0040 0.6830
vn -0.7919 0.0039 0.6107
vn -0.7919 0.0039 0.6106
vn -0.8504 0.0039 0.5261
vn -0.8504 0.0040 0.5261
vn -0.8983 0.0040 0.4393
vn -0.9362 0.0039 0.3515
vn -0.9362 0.0040 0.3516
vn -0.9666 0.0040 0.2564
vn -0.9867 0.0040 0.1625
vn -0.9994 0.0039 -0.0355
vn -0.9994 0.0039 -0.0356
vn -0.9924 0.0039 -0.1226
vn -0.9925 0.0040 -0.1226
vn -0.9826 0.0039 -0.1855
vn -0.4582 0.0039 0.8889
vn -0.9666 0.0039 0.2564
vn -0.9934 0.0040 -0.1148
vn 0.0040 -1.0000 0.0039
vn 0.4675 0.0039 -0.8840
vn 0.5226 0.0039 -0.8526
vn 0.5931 0.0039 -0.8052
vn 0.5930 0.0039 -0.8052
vn 0.6666 0.0039 -0.7454
vn 0.7380 0.0039 -0.6748
vn 0.7380 0.0040 -0.6748
vn 0.7986 0.0039 -0.6019
vn 0.8561 0.0039 -0.5168
vn 0.9029 0.0039 -0.4298
vn 0.9397 0.0039 -0.3421
vn 0.9690 0.0039 -0.2471
vn 0.9881 0.0039 -0.1536
vn 0.9987 0.0039 -0.0509
vn 0.9991 0.0039 0.0431
vn 0.9584 0.0039 0.2855
vn 0.9584 0.0039 0.2856
vn -0.9867 0.0039 0.1624
vn -0.5318 0.0040 0.8469
vn -0.5317 0.0040 0.8469
vn -0.8984 0.0039 0.4393
vn -0.9867 0.0040 0.1624
vn -0.9826 0.0040 -0.1855
vn -0.9994 0.0040 -0.0355
vn -0.5318 0.0039 0.8469
vn -0.5317 0.0039 0.8469
vn -0.5225 0.0039 0.8526
vn 0.3331 0.6936 0.6387
vn 0.3721 0.7089 0.5992
vn 0.4189 0.7087 0.5677
vn 0.4730 0.6996 0.5355
vn -0.3040 -0.0513 -0.9513
vn -0.2105 -0.7108 -0.6711
vn -0.2727 -0.7074 -0.6521
vn -0.1462 -0.7074 -0.6915
vn -0.2095 -0.0593 -0.9760
vn -0.3205 -0.7082 -0.6291
vn -0.4643 -0.0356 -0.8850
vn -0.4100 -0.6568 -0.6329
vn -0.5352 -0.0277 -0.8443
vn -0.4724 -0.6232 -0.6233
vn -0.6054 -0.0276 -0.7954
vn -0.0831 -0.7086 -0.7007
vn -0.1224 -0.0591 -0.9907
vn -0.0276 -0.7068 -0.7069
vn -0.0434 -0.0669 -0.9968
vn 0.0355 -0.7067 -0.7066
vn 0.0436 -0.0911 -0.9949
vn 0.0988 -0.7076 -0.6997
vn 0.1539 -0.7065 -0.6907
vn 0.2093 -0.7071 -0.6754
vn 0.2877 -0.1221 -0.9499
vn -0.6785 -0.0277 -0.7340
vn -0.5341 -0.6211 -0.5737
vn 0.0040 1.0000 0.0039
vn -0.2728 0.6998 -0.6602
vn -0.3257 0.7103 -0.6240
vn -0.4079 0.6613 -0.6296
vn -0.4701 0.6280 -0.6202
vn -0.6053 0.0355 -0.7952
vn -0.6783 0.0356 -0.7339
vn -0.5314 0.6259 -0.5708
vn 0.6541 0.3799 -0.6541
vn -0.6618 0.0357 -0.7488
vn 0.0039 1.0000 0.0040
vn 0.0118 -0.9999 0.0040
vn -0.9996 0.0041 0.0276
vn -0.9996 0.0038 0.0277
vn 0.0121 -0.9999 -0.0040
vn 0.9944 -0.0000 0.1060
vn 0.9943 0.0039 0.1061
vn 0.9952 -0.0017 0.0983
vn 0.9951 0.0039 0.0984
vn 0.9999 0.0039 0.0118
vn -0.1915 0.9501 0.2464
vn 1.0000 0.0039 0.0039
vn 0.9998 0.0040 -0.0196
vn -0.0119 0.9999 0.0040
vn 0.9998 0.0039 -0.0196
vn 0.0017 1.0000 0.0007
vn 0.0018 1.0000 -0.0006
vn 0.0039 -1.0000 0.0040
vn 0.0034 -1.0000 0.0014
vn 0.0118 0.9999 0.0039
vn 0.0117 0.9999 0.0039
vn 0.0041 1.0000 0.0039
vn 0.9996 0.0039 -0.0274
vn 0.0040 1.0000 0.0040
vn 0.0019 1.0000 0.0052
vn 0.0010 1.0000 0.0026
vn 0.0037 1.0000 0.0038
vn 0.9991 0.0040 0.0431
vn 0.0041 1.0000 0.0040
vn 0.9978 0.0038 0.0665
vn 0.9983 0.0039 0.0587
vn 0.9983 0.0040 0.0587
vn -0.9904 0.0039 -0.1381
vn 0.9951 0.0039 -0.0983
vn -0.8290 0.0041 -0.5593
vn 0.0039 1.0000 0.0041
vn -0.5261 0.0039 -0.8504
vn -0.6638 0.7267 0.1767
vn -0.7048 0.6889 0.1693
vn -0.6019 0.7750 0.1927
vn -0.5453 0.8120 0.2080
vn 0.9991 0.0038 0.0431
vn 0.0037 -1.0000 0.0039
vn 0.0041 -1.0000 0.0040
vn 0.9991 0.0040 -0.0431
vn 0.9996 0.0040 -0.0274
vn -0.2231 0.9431 0.2465
vn -1.0000 0.0036 0.0013
vn 0.0354 0.9684 0.2470
vn -1.0000 0.0040 0.0040
vn 0.9994 0.0039 0.0353
vn 0.9996 0.0039 0.0274
vn 0.9996 0.0039 0.0275
vn -0.9977 0.0038 -0.0670
vn -0.9972 0.0039 -0.0749
vn 0.8787 -0.4687 -0.0907
vn 0.8836 -0.4594 -0.0903
vn 1.0000 0.0040 -0.0039
vn 0.9999 0.0039 -0.0118
vn 1.0000 0.0039 -0.0040
vn 0.9999 0.0039 -0.0117
vn 0.9998 0.0040 -0.0195
vn 0.0119 -0.9999 0.0039
vn 0.9966 0.0039 0.0821
vn 0.9972 0.0040 0.0742
vn 0.9966 0.0040 0.0820
vn 0.9972 0.0039 0.0743
vn -0.2731 0.0039 -0.9620
vn -0.2731 0.0040 -0.9620
vn -0.2732 0.0039 -0.9620
vn 0.9999 0.0038 0.0118
vn 1.0000 0.0040 0.0039
vn 0.2009 -0.9497 -0.2404
vn 0.9996 0.0040 0.0274
vn 0.5551 -0.8072 -0.2008
vn 0.9994 0.0040 0.0352
vn 0.6729 -0.7201 -0.1692
vn -0.8324 0.5405 0.1223
vn 0.3634 0.9027 0.2305
vn 0.9972 0.0040 0.0743
vn 0.8662 -0.4899 -0.0980
vn 0.9966 0.0040 0.0821
vn 0.0048 -1.0000 0.0017
vn 0.0002 1.0000 0.0041
vn -0.9958 0.0040 -0.0914
vn -0.9951 0.0038 -0.0991
vn -0.0198 -0.9998 0.0040
vn -0.0038 -1.0000 0.0041
vn 0.4538 -0.8643 -0.2171
vn 0.6115 -0.7692 -0.1854
vn 0.3990 -0.8889 -0.2252
vn 0.7134 -0.6818 -0.1616
vn -0.0005 -1.0000 0.0034
vn -0.0000 -1.0000 0.0024
vn 0.0039 -1.0000 0.0041
vn -0.7048 0.6890 0.1692
vn -0.9996 0.0040 -0.0277
vn -0.9998 0.0040 -0.0198
vn -0.9999 0.0039 0.0119
vn -0.9998 0.0040 0.0198
vn 0.2858 0.9280 0.2389
vn -0.9999 0.0041 0.0119
vn -0.2740 -0.9328 -0.2342
vn -0.9998 0.0039 0.0198
vn -0.3598 -0.9054 -0.2253
vn 0.0040 -1.0000 0.0041
vn -0.8290 0.0039 -0.5593
vn 0.0038 1.0000 0.0040
vn 0.9215 0.0039 -0.3883
vn 0.9216 0.0039 -0.3882
vn 0.4539 -0.8642 -0.2170
vn -0.9998 0.0039 -0.0197
vn -0.9999 0.0039 -0.0119
vn 0.0117 0.9999 0.0040
vn -0.9958 0.0039 -0.0911
vn -0.9951 0.0039 -0.0991
vn -0.9996 0.0039 -0.0276
vn 0.7135 -0.6818 -0.1616
vn 0.0060 1.0000 -0.0007
vn -0.3599 -0.9054 -0.2253
vn 1.0000 0.0041 -0.0039
vn -0.2423 -0.9415 -0.2343
vn 0.9983 0.0042 0.0588
vn 0.7994 -0.5866 -0.1299
vn 0.9978 0.0041 0.0665
vn 0.8278 0.0039 0.5610
vn 0.5282 0.0039 0.8491
vn -0.8729 0.4778 0.0987
vn -0.8780 0.4684 0.0984
vn -0.9977 0.0039 -0.0671
vn -0.9571 0.0040 -0.2899
vn -0.6991 0.0039 -0.7150
vn -0.6992 0.0039 -0.7150
vn 0.9998 0.0040 0.0196
vn 0.9998 0.0039 0.0196
vn -0.9471 0.0040 0.3210
vn -0.9994 0.0039 0.0356
vn -0.0117 0.9999 0.0039
vn 0.9996 0.0039 -0.0275
vn 0.9926 0.0039 0.1216
vn -0.0039 -1.0000 0.0039
vn -0.0198 -0.9998 0.0039
vn -0.0197 -0.9998 0.0039
vn -0.0197 -0.9998 0.0040
vn 0.8392 -0.5318 -0.1142
vn -0.0197 -0.9702 -0.2416
vn -0.3598 -0.9054 -0.2254
vn -0.2738 -0.9328 -0.2342
vn -0.9987 0.0038 -0.0514
vn 0.8229 -0.5550 -0.1220
vn 0.7784 -0.6123 -0.1383
vn -0.8157 0.5636 0.1301
vn -0.8483 0.5170 0.1145
vn -0.9987 0.0039 -0.0513
vn -0.9982 0.0039 -0.0591
vn 0.2327 -0.9423 -0.2405
vn -0.0276 -0.9700 -0.2415
vn -1.0000 0.0040 -0.0039
vn -0.9994 0.0040 0.0355
vn 0.9966 0.0039 -0.0827
vn 0.2173 0.0039 -0.9761
vn 0.2174 0.0040 -0.9761
vn -0.9298 0.0038 -0.3680
vn 0.9555 0.0039 -0.2949
vn -0.9881 0.0039 0.1535
vn -0.9990 0.0040 -0.0434
vn -0.7705 0.6204 0.1462
vn 0.8786 -0.4688 -0.0906
vn 0.8836 -0.4595 -0.0902
vn 0.8228 -0.5551 -0.1220
vn 0.7487 -0.6468 -0.1450
vn 0.7784 -0.6124 -0.1383
vn -0.0277 -0.9700 -0.2415
vn 0.2326 -0.9424 -0.2405
vn -0.9982 0.0040 -0.0592
vn 0.8547 -0.5081 -0.1064
vn -0.9977 0.0038 -0.0671
vn 0.8547 -0.5081 -0.1063
vn 0.8787 -0.4688 -0.0907
vn -0.9943 0.0040 0.1069
vn 0.9943 0.0038 0.1062
vn 0.2475 0.9388 0.2396
vn -0.0117 0.9999 0.0040
vn -0.0118 0.9999 0.0040
vn -0.7919 0.5949 0.1380
vn 0.9987 0.0039 0.0509
vn -0.7406 0.6544 0.1529
vn -0.8780 0.4685 0.0984
vn -0.8729 0.4779 0.0987
vn -0.8602 0.4988 0.1061
vn -0.1702 0.0039 -0.9854
vn -0.1702 0.0040 -0.9854
vn 0.9726 0.0039 -0.2323
vn -0.7567 0.0040 -0.6537
vn -0.9934 0.0039 -0.1147
vn 0.9996 0.0040 -0.0275
vn -0.9704 0.0039 0.2416
vn -0.9704 0.0040 0.2416
vn -0.5261 0.0040 -0.8504
vn -0.0119 0.0040 -0.9999
vn -0.9999 0.0040 -0.0118
vn -0.4436 0.8678 0.2238
vn 0.9996 0.0041 0.0274
vn 0.9999 0.0040 0.0118
vn -0.7706 0.6204 0.1462
vn -0.8158 0.5635 0.1301
vn -0.9640 0.0040 -0.2658
vn 0.0040 1.0000 0.0041
vn -0.9298 0.0039 -0.3680
vn 0.9555 0.0040 -0.2949
vn 0.0040 -1.0000 0.0038
vn 0.9926 0.0039 -0.1216
vn 0.0039 1.0000 0.0038
vn 0.9966 0.0038 -0.0827
vn 0.9983 0.0038 0.0587
vn 0.0038 1.0000 0.0039
vn 0.9951 0.0040 0.0983
vn 0.9983 0.0041 0.0587
vn 0.0025 1.0000 0.0047
vn 0.0002 1.0000 0.0017
vn -0.8484 0.5169 0.1145
vn 0.0061 -1.0000 -0.0007
vn 0.0021 1.0000 0.0010
vn -0.0038 1.0000 0.0039
vn -0.4437 0.8678 0.2238
vn -0.3890 0.8916 0.2317
vn -0.2230 0.9431 0.2465
vn 0.0353 0.9684 0.2470
vn 0.0119 -0.9999 0.0040
vn -0.9175 0.0039 0.3977
vn 0.0035 1.0000 0.0039
vn -0.9972 0.0040 -0.0750
vn -0.7227 0.0039 -0.6912
vn 0.8836 -0.4594 -0.0902
vn -0.9972 0.0039 -0.0750
vn -0.8779 0.4686 0.0984
vn 0.0119 -0.9999 -0.0039
vn -0.0118 0.9999 0.0039
vn -0.9796 0.0039 0.2009
vn 0.0120 -0.9999 0.0040
vn -0.9996 0.0039 0.0276
vn 0.9998 0.0039 -0.0195
vn 0.0118 -0.9999 -0.0039
vn -0.0070 -1.0000 -0.0001
vn -0.0040 -1.0000 0.0039
vn -0.0040 -1.0000 0.0040
vn -0.0039 -1.0000 0.0040
vn -0.1148 0.0040 -0.9934
vn -0.1303 0.0040 -0.9915
vn -0.2022 0.0040 -0.9793
vn -0.5700 0.0039 0.8216
vn -0.5465 0.0039 0.8374
vn 0.0091 1.0000 0.0010
vn -0.2168 0.9653 -0.1458
vn -0.5701 0.0039 0.8216
vn 0.0027 1.0000 0.0014
vn -0.2397 0.9708 0.0118
vn -0.2396 0.9702 0.0353
vn -0.2415 0.9698 0.0356
vn 0.0030 1.0000 -0.0014
vn -0.7986 0.0041 0.6018
vn 0.0041 1.0000 0.0037
vn 0.0041 1.0000 0.0038
vn 0.2412 -0.9687 -0.0593
vn 0.2412 -0.9687 -0.0592
vn 0.2487 -0.9672 -0.0513
vn 0.0040 1.0000 0.0037
vn -0.3978 0.0040 0.9175
vn -0.3490 0.0039 0.9371
vn 0.0038 -1.0000 0.0040
vn -0.9958 0.0042 0.0913
vn -0.9826 0.0041 0.1855
vn -0.9943 0.0039 -0.1069
vn -0.9793 0.0039 -0.2022
vn -0.7344 0.0040 -0.6787
vn -0.7957 0.0040 -0.6057
vn -0.2386 0.9662 -0.0978
vn -0.2317 0.9699 -0.0746
vn -0.3489 0.0040 0.9371
vn -0.3977 0.0041 0.9175
vn 0.0041 -1.0000 0.0038
vn -0.7985 0.0038 0.6019
vn 0.6498 0.0040 -0.7601
vn 0.6791 0.0040 -0.7340
vn 0.7415 0.0040 -0.6709
vn 0.7986 0.0040 -0.6019
vn 0.7415 0.0039 -0.6709
vn -0.3844 0.0040 -0.9232
vn -0.3446 0.0040 -0.9387
vn -0.3446 0.0040 -0.9388
vn -0.3843 0.0040 -0.9232
vn 0.1689 0.0039 0.9856
vn 0.2082 0.0039 0.9781
vn 0.1216 0.0039 0.9926
vn -0.6709 0.0040 0.7415
vn -0.6413 0.0040 0.7673
vn -0.3977 0.0040 0.9175
vn 0.2476 -0.9630 0.1062
vn -0.3092 0.0040 0.9510
vn -0.2949 0.0040 0.9555
vn -0.3816 0.0040 0.9243
vn 0.2489 -0.9681 -0.0276
vn 0.2081 0.0039 0.9781
vn -0.0006 -1.0000 0.0019
vn 0.0026 -1.0000 0.0005
vn 0.0041 -1.0000 0.0039
vn 0.2490 -0.9685 -0.0039
vn -0.0277 0.0040 -0.9996
vn 0.2490 -0.9681 -0.0276
vn 0.2486 -0.9587 0.1381
vn 0.2485 -0.9587 0.1381
vn 0.2476 -0.9630 0.1061
vn 0.2408 -0.9670 0.0829
vn 0.2407 -0.9670 0.0829
vn -0.2173 0.0040 -0.9761
vn -0.2319 0.9709 0.0590
vn -0.2318 0.9705 0.0668
vn -0.9958 0.0039 0.0913
vn -0.9826 0.0040 0.1855
vn -0.9958 0.0040 0.0913
vn 0.0029 -1.0000 0.0047
vn 0.0034 -1.0000 0.0045
vn 0.0042 -1.0000 0.0034
vn -0.2386 0.9662 -0.0977
vn 0.0118 0.9999 0.0040
vn 0.7985 0.0040 -0.6019
vn -0.9793 0.0042 -0.2022
vn -0.9943 0.0041 -0.1070
vn 0.2476 -0.9630 0.1063
vn 0.4072 0.0039 -0.9133
vn 0.4769 0.0040 -0.8790
vn -0.0434 0.0040 -0.9990
vn -0.2397 0.9708 0.0119
vn -0.2396 0.9702 0.0354
vn 0.3185 0.0040 -0.9479
vn 0.0006 1.0000 0.0017
vn -0.0509 0.0040 0.9987
vn -0.1294 0.0040 0.9916
vn 0.2491 -0.9683 0.0198
vn 0.1293 0.0039 0.9916
vn 0.2231 0.0040 0.9748
vn 0.0042 -1.0000 0.0039
vn 0.8952 0.0039 -0.4456
vn 0.9309 0.0039 -0.3653
vn 0.9309 0.0040 -0.3653
vn 0.8952 0.0040 -0.4456
vn -0.6413 0.0040 0.7672
vn -0.6709 0.0039 0.7415
vn -0.6413 0.0039 0.7672
vn 0.3043 0.0040 -0.9526
vn 0.3186 0.0039 -0.9479
vn -0.7454 0.0041 0.6666
vn -0.7986 0.0039 0.6019
vn -0.7454 0.0040 0.6666
vn -0.9335 0.0039 0.3585
vn -0.8983 0.0041 0.4393
vn -0.9620 0.0040 0.2731
vn -0.9620 0.0040 0.2732
vn -0.5556 0.0040 0.8314
vn -0.4829 0.0040 0.8756
vn -0.5556 0.0039 0.8314
vn 0.3898 0.0039 0.9209
vn 0.4267 0.0039 0.9044
vn 0.4646 0.0040 0.8855
vn 0.2248 0.0039 -0.9744
vn 0.8526 0.0039 -0.5226
vn 0.8526 0.0040 -0.5226
vn -0.4646 0.0040 -0.8855
vn -0.4646 0.0039 -0.8855
vn -0.9260 0.0040 -0.3776
vn -0.9260 0.0041 -0.3775
vn -0.9548 0.0040 -0.2972
vn -0.9554 0.0040 -0.2954
vn 0.0044 -1.0000 0.0013
vn 0.3882 0.0040 0.9216
vn 0.4675 0.0039 0.8840
vn 0.3490 0.0040 0.9371
vn 0.0353 0.0039 0.9994
vn 0.2491 -0.9685 -0.0039
vn 0.2331 -0.9602 0.1541
vn 0.2253 -0.9607 0.1621
vn -0.7341 0.0040 0.6791
vn 0.2489 -0.9679 0.0355
vn 0.2411 -0.9687 0.0594
vn 0.1381 0.0040 -0.9904
vn 0.2248 0.0040 -0.9744
vn -0.2397 0.9708 -0.0117
vn 0.0434 0.0040 -0.9991
vn -0.2397 0.9705 -0.0274
vn 0.6791 0.0039 -0.7341
vn 0.2331 -0.9602 0.1542
vn 0.5556 0.0039 -0.8315
vn -0.9620 0.0041 0.2732
vn -0.8446 0.0041 -0.5353
vn -0.8904 0.0039 -0.4551
vn -0.8904 0.0041 -0.4551
vn 0.0040 1.0000 0.0038
vn -1.0000 0.0040 -0.0040
vn -0.4646 0.0041 -0.8855
vn 0.3882 0.0039 0.9215
vn 0.3490 0.0039 0.9371
vn -0.7454 0.0038 0.6666
vn 0.6791 0.0039 -0.7340
vn 0.6498 0.0039 -0.7601
vn 0.1303 0.0040 -0.9915
vn -0.2321 0.9714 -0.0511
vn 0.0047 -1.0000 0.0022
vn -1.0000 0.0039 -0.0040
vn 0.2489 -0.9681 -0.0277
vn 0.2489 -0.9679 0.0356
vn 0.2488 -0.9679 0.0356
vn 0.2412 -0.9687 0.0593
vn 0.2404 -0.9689 0.0592
vn 0.0591 0.0040 -0.9982
vn 0.2490 -0.9683 0.0198
vn 0.0015 -1.0000 0.0026
vn 0.2618 0.0040 0.9651
vn 0.2618 0.0039 0.9651
vn -0.2168 0.9653 -0.1457
vn 0.5409 0.0040 -0.8410
vn 0.5790 0.0040 -0.8153
vn -0.2089 0.9658 -0.1537
vn -0.2082 0.0039 0.9781
vn -0.2396 0.9705 -0.0275
vn -0.2398 0.9708 -0.0117
vn 0.0509 0.0039 0.9987
vn -0.0353 0.0039 0.9994
vn -0.2157 0.0039 0.9765
vn -0.4675 0.0040 0.8840
vn -0.5465 0.0040 0.8374
vn 0.3489 0.0040 0.9371
vn -0.2564 0.0039 -0.9666
vn -0.5700 0.0040 0.8216
vn -0.7032 0.0039 0.7110
vn -0.7340 0.0039 0.6791
vn -0.8469 0.0039 0.5318
vn -0.8704 0.0039 0.4923
vn -0.8904 0.0040 0.4551
vn 0.5790 0.0039 -0.8153
vn 0.4708 0.0040 -0.8822
vn -0.2396 0.9622 -0.1296
vn -0.2320 0.9714 -0.0511
vn -1.0000 0.0041 -0.0039
vn 0.0044 1.0000 0.0027
vn -0.2398 0.9708 -0.0118
vn -0.2397 0.9705 -0.0275
vn 0.0014 1.0000 -0.0003
vn 0.0028 1.0000 -0.0005
vn -0.2395 0.9622 -0.1296
vn -0.6414 0.0039 0.7672
vn -0.6705 0.0039 0.7419
vn 0.4769 0.0039 -0.8789
vn -0.4614 0.0040 0.8872
vn -0.2565 0.0040 -0.9665
vn 0.2254 -0.9607 0.1621
vn -0.6107 0.0039 0.7919
vn -0.6107 0.0040 0.7919
vn 0.3092 0.0039 0.9510
vn 0.3091 0.0039 0.9510
vn -0.2167 0.9653 -0.1458
vn -0.5753 0.0039 0.8179
vn 0.3584 0.0039 -0.9335
vn 0.5647 0.0039 -0.8253
vn 0.5968 0.0040 -0.8024
vn 0.6068 0.0039 0.7948
vn 0.5753 0.0039 0.8179
vn 0.6375 0.0039 0.7705
vn 0.6375 0.0039 0.7704
vn 0.8433 0.0039 0.5374
vn 0.8180 0.0039 0.5753
vn 0.8889 0.0039 0.4581
vn 0.8671 0.0039 0.4982
vn 0.8670 0.0039 0.4982
vn 0.6328 0.0039 -0.7743
vn 0.6626 0.0039 -0.7489
vn 0.6627 0.0039 -0.7489
vn 0.4073 0.0040 -0.9133
vn 0.4551 0.0039 -0.8904
vn 0.9935 0.0039 0.1139
vn -0.7360 0.0039 0.6769
vn -0.6069 0.0039 0.7948
vn -0.5699 0.0039 0.8217
vn -0.6413 0.0039 0.7673
vn -0.6951 0.0039 -0.7189
vn -0.9958 0.0040 -0.0912
vn -0.6951 0.0040 -0.7189
vn -0.9951 0.0017 -0.0991
vn -0.8024 0.0039 -0.5968
vn -0.9977 0.0039 -0.0670
vn -0.8024 0.0040 -0.5968
vn -0.9996 0.0039 0.0277
vn -0.9999 0.0040 0.0119
vn -0.7528 0.0039 -0.6582
vn -0.9708 0.0039 0.2397
vn -0.6232 0.0040 -0.7820
vn -0.6232 0.0039 -0.7820
vn -0.9934 0.0001 -0.1147
vn -0.9811 0.0039 0.1933
vn -0.7744 0.0040 0.6327
vn -0.9812 0.0039 0.1931
vn -0.9726 0.0040 0.2323
vn -0.9526 0.0040 0.3043
vn -0.9990 0.0039 -0.0435
vn -0.9977 0.0040 0.0669
vn -0.9966 0.0039 0.0827
vn -0.9977 0.0039 0.0670
vn -0.9958 0.0040 0.0912
vn -0.9987 0.0040 0.0513
vn -0.9958 0.0039 0.0912
vn -0.9915 0.0040 0.1303
vn -0.9915 0.0039 0.1303
vn -0.9881 0.0040 0.1535
vn -0.9726 0.0044 0.2323
vn -0.9526 0.0043 0.3043
vn -0.7743 0.0039 0.6328
vn -0.2082 0.0040 0.9781
vn -0.2081 0.0039 0.9781
vn 0.9991 0.0039 -0.0431
vn -0.9994 0.0040 0.0356
vn -0.9999 0.0040 0.0118
vn -1.0000 0.0040 0.0039
vn -1.0000 0.0039 0.0081
vn -0.9999 0.0040 -0.0119
vn 0.0037 1.0000 0.0039
vn 1.0000 0.0039 -0.0039
vn 0.9994 0.0038 0.0352
vn -0.9854 0.0039 -0.1702
vn -0.9777 0.0039 -0.2098
vn 0.9748 0.0039 -0.2231
vn 0.9829 0.0039 -0.1841
vn 0.9998 0.0038 0.0196
vn 0.9994 0.0042 0.0353
vn 1.0000 0.0041 -0.0040
vn 0.9999 0.0040 -0.0117
vn 0.9998 0.0038 -0.0196
vn 0.0037 -1.0000 0.0040
vn -0.9982 0.0039 0.0591
vn -0.9987 0.0039 0.0513
vn 0.1702 0.0040 -0.9854
vn 0.1702 0.0039 -0.9854
vn 0.7813 0.0039 -0.6242
vn 0.7812 0.0039 -0.6242
vn 0.2490 0.0040 -0.9685
vn 0.3281 0.0040 -0.9446
vn 0.9748 0.0038 -0.2231
vn 0.0592 0.0039 -0.9982
vn 0.3977 0.0039 -0.9175
vn 0.9829 0.0039 -0.1840
vn 0.3281 0.0039 -0.9446
vn -0.9777 0.0040 -0.2098
vn -0.9812 0.0040 0.1931
vn -0.9726 0.0038 0.2323
vn -0.9996 0.0039 -0.0277
vn 0.9282 0.0038 0.3722
vn -0.9998 0.0039 -0.0198
vn -0.9994 0.0041 -0.0355
vn -0.9987 0.0037 -0.0513
vn -1.0000 0.0041 0.0040
vn -0.9994 0.0041 0.0355
vn 0.0006 -1.0000 0.0001
vn -0.9977 0.0040 0.0671
vn -0.9966 0.0041 0.0828
vn -0.9943 0.0040 0.1070
vn -0.9915 0.0039 0.1304
vn 0.9996 0.0041 -0.0274
vn 0.9829 0.0038 -0.1841
vn -0.9881 0.0038 0.1536
vn -0.4233 0.0039 -0.9060
vn -0.4957 0.0039 -0.8685
vn -0.5593 0.0039 -0.8290
vn -0.5593 0.0040 -0.8290
vn -0.9934 0.0040 -0.1147
vn -0.9904 -0.0000 -0.1381
vn -0.9854 -0.0000 -0.1701
vn -0.9778 -0.0000 -0.2098
vn -0.9640 -0.0000 -0.2658
vn 0.9765 0.0039 0.2157
vn 0.9765 -0.0000 0.2157
vn 0.9626 0.0040 0.2710
vn 0.9626 -0.0000 0.2711
vn 0.9282 -0.0000 0.3720
vn 0.9175 0.0039 -0.3977
vn 0.9479 0.0039 -0.3186
vn 0.9998 0.0039 -0.0197
vn 0.9916 0.0039 0.1293
vn 0.9998 0.0039 0.0197
vn 0.9555 0.0039 0.2949
vn 0.9991 -0.0000 0.0431
vn 0.9187 0.0039 0.3948
vn 0.9983 -0.0000 0.0588
vn 0.9991 0.0039 0.0432
vn 0.8840 0.0039 0.4675
vn -0.8446 0.0039 -0.5353
vn 0.8278 -0.0000 0.5610
vn 0.9843 -0.0000 0.1764
vn 0.9843 0.0040 0.1764
vn 0.9895 -0.0000 0.1447
vn 0.9895 0.0040 0.1447
vn 0.9926 -0.0000 0.1216
vn 0.9972 0.0038 -0.0743
vn 0.7881 0.0039 -0.6156
vn 0.8338 0.0039 -0.5520
vn 0.9972 0.0039 -0.0743
vn 0.8756 0.0039 -0.4830
vn 0.9952 0.0039 -0.0983
vn 0.9926 0.0039 -0.1215
vn 0.6194 0.0039 -0.7851
vn 0.9895 0.0039 -0.1447
vn 0.5465 0.0039 -0.8374
vn -0.8855 0.0039 -0.4646
vn -0.8855 0.0040 -0.4646
vn -0.9204 0.0039 -0.3911
vn 0.9895 0.0038 0.1447
vn 0.9843 0.0038 0.1765
vn 0.9765 0.0038 0.2157
vn 0.9282 0.0039 0.3721
vn 0.9972 0.0040 -0.0744
vn 0.9983 0.0040 -0.0588
vn 0.9895 0.0040 -0.1447
vn 0.9987 0.0038 -0.0509
vn 0.0038 -1.0000 0.0041
vn 0.9895 0.0038 -0.1447
vn 0.0037 1.0000 0.0040
vn -0.9987 0.0040 -0.0513
vn -0.9994 -0.0000 -0.0355
vn -0.9996 -0.0000 -0.0277
vn 0.9926 0.0041 0.1216
vn 0.0275 0.9686 0.2471
vn -0.9925 0.0039 -0.1226
vn -0.7919 0.0040 0.6107
vn -0.6872 0.0040 0.7265
vn 0.9784 0.0039 0.2069
vn 0.9940 0.0038 0.1092
vn 1.0000 0.0039 0.0071
vn -0.0821 0.0039 0.9966
vn -0.0509 0.0039 0.9987
vn -0.8526 0.0039 0.5225
vn -0.6872 0.0038 0.7265
vn -0.6242 0.0040 0.7812
vn -0.5556 0.0041 0.8314
vn -0.3092 0.0039 0.9510
vn -0.3977 0.0039 0.9175
vn -0.8446 0.0040 -0.5353
vn -0.9104 0.0039 0.4138
vn -0.9271 0.0039 0.3748
vn -0.8914 0.0040 0.4532
vn -0.9271 0.0040 0.3748
vn -0.7341 0.0039 0.6791
vn -0.7601 0.0039 0.6498
vn -0.6242 0.0040 0.7813
vn -0.6242 0.0039 0.7812
vn -0.6872 0.0039 0.7264
vn -0.1217 0.0039 0.9926
vn -0.0906 0.0039 0.9959
vn -0.0905 0.0039 0.9959
vn 0.9935 0.0041 0.1139
vn 0.9781 0.0041 0.2082
vn 0.4035 0.0040 -0.9150
vn 0.3584 0.0040 -0.9335
vn 0.9966 0.0038 -0.0821
vn 0.9836 0.0039 -0.1804
vn 0.8051 0.0040 -0.5931
vn 0.7528 0.0040 -0.6582
vn 0.8052 0.0040 -0.5930
vn 0.7528 0.0039 -0.6582
vn -0.8904 0.0039 0.4551
vn -0.6057 0.0040 -0.7957
vn -0.5353 0.0041 -0.8446
vn -0.5353 0.0040 -0.8446
vn 0.0041 -1.0000 0.0041
vn -0.9260 0.0039 -0.3775
vn -0.8983 0.0039 0.4393
vn -0.9335 0.0042 0.3585
vn -0.8526 0.0039 0.5226
vn -0.7919 0.0040 0.6106
vn 0.7340 0.0039 0.6791
vn 0.7948 0.0039 0.6069
vn 0.3584 0.0040 -0.9336
vn 0.4073 0.0039 -0.9133
vn 0.4924 0.0040 -0.8704
vn 0.9966 0.0043 -0.0821
vn 0.9843 0.0041 -0.1764
vn -0.9793 0.0040 -0.2022
vn -0.4830 0.0039 0.8756
vn 0.0592 0.0040 -0.9982
vn 0.1381 0.0039 -0.9904
vn -0.0277 0.0039 -0.9996
vn 0.2173 0.0040 -0.9761
vn -0.4268 0.0039 0.9044
vn -0.4267 0.0039 0.9044
vn -0.3948 0.0039 0.9187
vn -0.4675 0.0039 0.8840
vn -0.4983 0.0039 0.8670
vn -0.5465 0.0039 0.8375
vn -0.5353 0.0039 -0.8446
vn -0.6705 0.0040 -0.7419
vn -0.6057 0.0039 -0.7957
vn -0.6705 0.0039 -0.7419
vn -0.7343 0.0039 -0.6788
vn 0.6952 0.0040 -0.7188
vn -0.0041 -1.0000 0.0040
vn -0.9548 0.0039 -0.2971
vn 0.6709 0.0039 0.7415
vn 0.5373 0.0040 0.8434
vn 0.6069 0.0038 0.7948
vn 0.9646 0.0041 -0.2638
vn 0.8448 0.0039 0.5351
vn 0.7340 0.0040 0.6791
vn 0.8880 0.0039 0.4598
vn 0.8582 0.0040 -0.5133
vn 0.9646 0.0039 -0.2638
vn 0.8582 0.0039 -0.5133
vn 0.8888 0.0041 0.4582
vn 0.0821 0.0039 0.9966
vn -0.8216 0.0039 0.5700
vn -0.8485 0.0040 0.5291
vn -0.1689 0.0039 0.9856
vn -0.1688 0.0039 0.9856
vn -0.2156 0.0039 0.9765
vn -0.2545 0.0039 0.9671
vn -0.4830 0.0040 0.8756
vn 0.0898 0.0039 0.9959
vn 0.0039 0.0039 1.0000
vn 0.9554 0.0039 0.2952
vn 0.5647 0.0040 -0.8253
vn 0.4923 0.0040 -0.8704
vn -0.5075 0.0040 0.8616
vn -0.5075 0.0039 0.8616
vn 0.9843 0.0039 -0.1765
vn 0.9916 0.0039 -0.1293
vn 0.9748 0.0039 -0.2232
vn 0.9966 0.0039 -0.0821
vn 0.9994 0.0039 -0.0353
vn 0.9999 0.0039 0.0117
vn 0.9856 0.0039 0.1688
vn 0.7634 0.0039 0.6459
vn 0.7634 0.0039 0.6460
vn 0.7032 0.0039 0.7110
vn 0.9371 0.0039 -0.3489
vn 0.9510 0.0039 -0.3092
vn -0.4298 0.0039 0.9029
vn 0.7948 0.0039 0.6068
vn 0.9243 0.0039 0.3815
vn 0.9074 0.0039 0.4203
vn 0.9251 0.0040 0.3797
vn 0.9671 0.0039 0.2545
vn 0.4923 0.0039 -0.8704
vn 0.5261 0.0040 -0.8504
vn 0.5261 0.0039 -0.8504
vn 0.6260 0.0039 -0.7798
vn 0.6952 0.0039 -0.7188
vn 0.7227 0.0039 -0.6911
vn 0.7781 0.0039 -0.6281
vn 0.8051 0.0039 -0.5931
vn 0.8315 0.0039 -0.5556
vn 0.8840 0.0039 -0.4675
vn 0.9371 0.0039 -0.3490
vn 0.9029 0.0040 -0.4298
vn 0.8315 0.0040 -0.5556
vn -0.0039 0.0039 1.0000
vn -0.9982 0.0039 -0.0592
vn -0.8822 0.0040 -0.4708
vn -0.8822 0.0039 -0.4708
vn -0.9162 0.0040 -0.4006
vn -0.9162 0.0039 -0.4006
vn -0.9915 0.0039 -0.1303
vn 0.6069 0.0040 0.7948
vn 0.5377 0.0040 0.8431
vn 0.6328 0.0040 -0.7743
vn 0.9406 0.0039 0.3395
vn 0.9244 0.0039 0.3815
vn -0.0913 0.0040 -0.9958
vn 0.5282 -0.0000 0.8491
vn 0.9243 0.0040 0.3815
vn 0.9029 0.0041 -0.4298
vn 0.9555 0.0041 0.2950
vn -0.8469 0.0038 0.5317
vn 0.5374 0.0039 0.8433
vn 0.5041 0.0039 0.8636
vn -0.9987 0.0039 0.0514
vn -0.9146 0.0039 0.4043
vn 0.5624 0.7118 -0.4208
vn 0.0117 0.9999 -0.0039
vn 0.5059 0.7098 -0.4902
vn 0.4355 0.7101 -0.5532
vn 0.0118 0.9999 -0.0039
vn 0.3567 0.7096 -0.6076
vn 0.0118 0.9999 -0.0038
vn 0.0039 1.0000 -0.0039
vn 0.2712 0.7113 -0.6485
vn 0.1845 0.7105 -0.6791
vn 0.0039 0.7110 -0.7032
vn -0.0905 0.7120 -0.6963
vn -0.1769 0.7115 -0.6801
vn 0.0040 1.0000 -0.0039
vn -0.2639 0.7128 -0.6498
vn -0.3499 0.7115 -0.6093
vn -0.0039 1.0000 -0.0039
vn -0.4227 0.7149 -0.5570
vn -0.4921 0.7126 -0.5000
vn -0.0038 1.0000 -0.0039
vn -0.5251 0.7147 -0.4620
vn 0.6142 0.7081 -0.3482
vn 0.6543 0.7092 -0.2625
vn 0.6695 0.7086 -0.2231
vn -0.5309 0.7117 -0.4601
vn -0.4861 0.7154 -0.5019
vn -0.4291 0.7126 -0.5551
vn -0.0038 0.9999 -0.0117
vn -0.0039 0.9999 -0.0118
vn -0.0039 0.9999 -0.0117
vn 0.0039 0.9999 -0.0118
vn 0.0040 0.9999 -0.0116
vn 0.0039 0.7111 -0.7031
vn 0.0040 0.9999 -0.0117
vn 0.0039 0.9999 -0.0117
vn 0.1454 0.7113 -0.6877
vn -0.6884 0.7121 0.1377
vn -0.6972 0.7130 0.0748
vn -0.7032 0.7110 0.0039
vn -0.0039 1.0000 0.0039
vn -0.6963 0.7120 -0.0905
vn -0.6801 0.7114 -0.1769
vn -0.0040 1.0000 0.0039
vn -0.6499 0.7128 -0.2639
vn -0.6094 0.7115 -0.3499
vn -0.5551 0.7125 -0.4291
vn -0.4227 0.7150 -0.5570
vn 0.0039 1.0000 -0.0038
vn 0.3568 0.7096 -0.6076
vn 0.5623 0.7118 -0.4208
vn 0.6842 0.7077 -0.1760
vn 0.7003 0.7081 -0.0900
vn 0.7071 0.7071 0.0039
vn 0.6998 0.7076 0.0978
vn 0.6833 0.7067 0.1835
vn 0.6530 0.7077 0.2698
vn 0.6043 0.7135 0.3548
vn 0.5738 0.7221 0.3864
vn 0.0118 0.9999 -0.0117
vn 0.0118 0.9999 -0.0118
vn 0.3567 0.7096 -0.6077
vn 0.0117 0.9999 -0.0117
vn 0.5000 0.7126 -0.4922
vn 0.0196 0.9998 -0.0038
vn 0.5605 0.7094 -0.4272
vn 0.6143 0.7081 -0.3482
vn 0.0196 0.9998 -0.0039
vn 0.0196 0.9998 -0.0040
vn 0.6694 0.7085 -0.2232
vn 0.7489 0.0039 0.6627
vn 0.7387 0.1681 0.6527
vn 0.7071 0.0039 0.7071
vn 0.6931 0.1685 0.7009
vn 0.0118 0.9999 0.0118
vn 0.6069 0.0039 0.7948
vn 0.0117 0.9999 0.0118
vn 0.5988 0.1678 0.7832
vn 0.4887 0.1682 0.8561
vn 0.4982 0.0039 0.8670
vn 0.0039 0.9999 0.0118
vn 0.3789 0.1680 0.9101
vn 0.3815 0.0039 0.9243
vn 0.2535 0.1686 0.9525
vn 0.1295 0.1688 0.9771
vn 0.0039 0.1689 0.9856
vn -0.1295 0.1688 0.9771
vn -0.2547 0.1686 0.9522
vn -0.3815 0.0039 0.9243
vn -0.3722 0.1685 0.9127
vn -0.4982 0.0039 0.8670
vn -0.0039 0.9999 0.0118
vn -0.4943 0.1692 0.8527
vn -0.6019 0.0039 0.7986
vn -0.5957 0.1697 0.7851
vn -0.6969 0.1693 0.6969
vn -0.7814 0.1689 0.6007
vn -0.8651 0.0039 0.5017
vn -0.8544 0.1693 0.4913
vn -0.9232 0.0039 0.3843
vn -0.9087 0.1692 0.3816
vn -0.9447 0.0039 0.3281
vn -0.9326 0.1692 0.3187
vn -0.0039 1.0000 0.0040
vn 0.7449 0.1444 0.6513
vn 0.6913 0.0039 0.7225
vn 0.6839 0.1446 0.7151
vn 0.0118 0.9997 0.0196
vn 0.6043 0.1443 0.7836
vn 0.4947 0.1447 0.8569
vn 0.0117 0.9997 0.0197
vn 0.3803 0.1451 0.9134
vn 0.2630 0.1453 0.9538
vn 0.1370 0.0039 0.9906
vn 0.0118 0.9997 0.0197
vn 0.1292 0.1446 0.9810
vn 0.0040 0.9998 0.0196
vn 0.0039 0.1448 0.9895
vn 0.0039 0.9998 0.0196
vn -0.1213 0.1448 0.9820
vn -0.1916 0.0039 0.9815
vn -0.1931 0.1454 0.9703
vn 0.0039 0.9998 0.0197
vn 0.9889 0.1368 -0.0586
vn 0.9983 0.0039 -0.0588
vn 0.9916 0.1294 0.0017
vn 0.9821 0.1291 0.1370
vn 0.9651 0.0039 0.2618
vn 0.9574 0.1289 0.2583
vn 0.9154 0.1297 0.3811
vn 0.9216 0.0039 0.3882
vn 0.8578 0.1294 0.4974
vn 0.8636 0.0039 0.5041
vn 0.7853 0.1290 0.6055
vn 0.7012 0.1293 0.7012
vn 0.6056 0.1290 0.7853
vn 0.4975 0.1293 0.8578
vn 0.3778 0.1297 0.9168
vn 0.2550 0.1292 0.9583
vn 0.1277 0.1293 0.9833
vn 0.0039 0.1294 0.9916
vn -0.1311 0.1293 0.9829
vn -0.2543 0.1292 0.9585
vn -0.3743 0.1301 0.9181
vn 0.0039 0.9999 0.0117
vn -0.4915 0.1298 0.8611
vn -0.6006 0.1296 0.7890
vn -0.6972 0.1300 0.7050
vn -0.7823 0.1298 0.6093
vn -0.8557 0.1302 0.5008
vn -0.9141 0.1306 0.3838
vn -0.9646 0.0039 0.2638
vn -0.9582 0.1301 0.2550
vn -0.9829 0.1303 0.1303
vn -0.9914 0.1304 0.0040
vn -0.9915 0.0039 -0.1304
vn -0.9829 0.1303 -0.1303
vn -0.9578 0.1301 -0.2562
vn -0.9666 0.0039 -0.2564
vn -0.9232 0.0040 -0.3843
vn -0.9169 0.1311 -0.3771
vn -0.8738 0.0039 -0.4863
vn -0.8271 0.1148 -0.5501
vn -0.8653 0.1225 -0.4860
vn -0.9447 0.0039 0.3280
vn -0.9204 0.0039 0.3910
vn -0.9372 0.1384 0.3203
vn -0.9131 0.1384 0.3834
vn -0.8616 0.0039 0.5075
vn -0.0118 0.9999 0.0118
vn -0.8539 0.1456 0.4997
vn -0.7806 0.1451 0.6080
vn -0.6957 0.1454 0.7035
vn -0.5993 0.1450 0.7873
vn -0.0039 0.9998 0.0196
vn -0.4905 0.1453 0.8593
vn -0.4923 0.0039 0.8704
vn -0.3736 0.1455 0.9161
vn -0.3815 0.0040 0.9243
vn -0.0040 0.9998 0.0196
vn -0.0052 0.9998 0.0193
vn -0.2557 0.1456 0.9557
vn -0.1925 0.1454 0.9705
vn -0.9722 0.0039 -0.2341
vn -0.9387 0.0040 -0.3446
vn -0.9029 0.0039 -0.4298
vn -0.9722 0.0040 -0.2341
vn -0.9029 0.0040 -0.4298
vn -0.9966 0.0039 -0.0827
vn -0.8561 0.0040 -0.5168
vn -0.9959 0.0039 0.0905
vn -0.7419 0.0040 -0.6705
vn -0.5917 0.0040 -0.8061
vn -0.8999 0.0039 0.4362
vn -0.5110 0.0040 -0.8596
vn -0.4233 0.0040 -0.9060
vn -0.3281 0.0039 -0.9446
vn -0.7380 0.0039 0.6748
vn -0.2341 0.0040 -0.9722
vn -0.6666 0.0039 0.7454
vn -0.1226 0.0040 -0.9925
vn -0.5879 0.0040 0.8089
vn 0.0039 0.0039 -1.0000
vn -0.5880 0.0039 0.8089
vn 0.1303 0.0039 -0.9915
vn 0.1304 0.0040 -0.9915
vn -0.4203 0.0039 0.9074
vn 0.2416 0.0039 -0.9704
vn 0.2416 0.0040 -0.9704
vn -0.3256 0.0039 0.9455
vn 0.3351 0.0039 -0.9422
vn 0.3351 0.0040 -0.9422
vn -0.2323 0.0040 0.9726
vn 0.4298 0.0039 -0.9029
vn -0.2323 0.0039 0.9726
vn -0.1216 0.0039 0.9926
vn 0.5168 0.0039 -0.8561
vn 0.5168 0.0040 -0.8561
vn 0.5968 0.0039 -0.8024
vn 0.2398 0.0039 0.9708
vn 0.7454 0.0039 -0.6666
vn 0.3326 0.0039 0.9431
vn 0.5133 0.0039 0.8582
vn 0.9044 0.0039 -0.4268
vn 0.9044 0.0039 -0.4267
vn 0.5931 0.0039 0.8052
vn 0.9397 0.0039 -0.3420
vn 0.6709 0.0040 0.7415
vn 0.7415 0.0039 0.6709
vn 0.8014 0.0039 0.5981
vn 0.8547 0.0039 0.5191
vn 0.9959 0.0039 0.0898
vn 0.9013 0.0039 0.4331
vn 0.9708 0.0039 0.2398
vn 0.9708 0.0039 0.2397
vn 0.9371 0.0039 0.3490
vn 0.6626 0.0039 0.7489
vn 0.9074 0.0039 -0.4203
vn 0.8582 0.0039 -0.5134
vn 0.7340 0.0039 -0.6791
vn 0.6666 0.0040 -0.7454
vn 0.5879 0.0039 -0.8089
vn 0.5017 0.0040 -0.8650
vn 0.5017 0.0039 -0.8651
vn 0.3115 0.0039 -0.9502
vn 0.3115 0.0039 -0.9503
vn -0.6543 0.0039 0.7562
vn -0.4889 0.0039 0.8723
vn -0.3021 0.0039 0.9533
vn -0.2007 0.0039 0.9797
vn -0.2006 0.0039 0.9797
vn -0.9943 0.0040 -0.1069
vn 0.0040 0.0039 -1.0000
vn 0.1069 0.0039 -0.9943
vn 0.0040 0.0119 -0.9999
vn 0.1069 0.0119 -0.9942
vn -0.9934 0.0039 0.1148
vn -0.0983 0.0039 0.9951
vn 0.9943 0.0039 -0.1061
vn -0.9471 0.0040 -0.3210
vn -0.9060 0.0040 -0.4233
vn -0.9447 0.0039 -0.3281
vn -0.9060 0.0039 -0.4233
vn -0.3044 0.0039 -0.9526
vn -0.2022 0.0039 -0.9793
vn -0.3044 0.0039 -0.9525
vn -0.4006 0.0040 -0.9162
vn -0.8561 0.0039 -0.5168
vn 0.1061 0.0039 0.9943
vn 0.9765 0.0039 -0.2157
vn -0.9029 0.0039 0.4298
vn -0.9029 0.0040 0.4298
vn 0.9044 0.0039 0.4267
vn 0.9431 0.0039 0.3326
vn -0.9744 0.0039 0.2248
vn -0.9761 0.0040 -0.2173
vn -0.9934 0.0040 0.1148
vn -0.0991 0.0040 -0.9951
vn 0.9748 0.0039 0.2231
vn 0.9935 0.0040 0.1139
vn 0.0040 0.0039 1.0000
vn 0.2098 0.0039 -0.9777
vn 0.2098 0.0040 -0.9777
vn -0.9422 0.0039 0.3351
vn -0.9446 0.0039 0.3281
vn -0.0984 0.0039 0.9951
vn -0.0984 -0.0039 0.9951
vn 0.0039 -0.0039 1.0000
vn 0.4072 0.0040 -0.9133
vn 0.5016 0.0118 -0.8650
vn 0.5879 0.0040 -0.8089
vn 0.5016 0.0040 -0.8651
vn 0.5879 0.0118 -0.8089
vn 0.1069 0.0040 -0.9943
vn -0.2007 -0.0039 0.9797
vn 0.5016 0.0039 -0.8651
vn 0.5842 0.0039 -0.8116
vn 0.6665 0.0039 -0.7455
vn 0.0040 -0.0039 1.0000
vn 0.6580 0.0043 -0.7530
vn 0.0040 0.0040 -1.0000
vn 0.0039 0.0040 -1.0000
vn -0.9744 0.0039 0.2249
vn -0.4923 0.0040 0.8704
vn -0.6544 0.0039 0.7562
vn -0.3021 -0.0039 0.9533
vn -0.9446 0.0040 0.3281
vn 0.2098 0.0119 -0.9777
vn -0.2006 -0.0035 0.9797
vn 0.9748 0.0039 0.2232
vn 0.7948 0.0038 0.6068
vn 0.7301 0.0039 0.6833
vn 0.6588 0.0039 0.7523
vn 0.6543 0.0039 0.7562
vn 0.5842 0.0039 0.8116
vn 0.4043 0.0039 0.9146
vn 0.4983 0.0039 0.8670
vn 0.5805 0.0038 0.8143
vn 0.5805 0.0039 0.8143
vn 0.9455 0.0039 0.3256
vn -0.9447 0.0040 0.3281
vn -0.5827 0.0040 -0.8127
vn -0.6621 0.0039 -0.7494
vn -0.6621 0.0040 -0.7494
vn -0.7304 0.0039 -0.6830
vn -0.0991 0.0039 -0.9951
vn -0.4957 0.0040 -0.8685
vn -0.5790 0.0039 -0.8153
vn -0.6582 0.0039 -0.7528
vn -0.7957 0.0039 -0.6057
vn -0.9447 0.0039 -0.3280
vn -0.9761 0.0039 -0.2174
vn -0.4890 0.0039 0.8723
vn 0.3558 0.0039 0.9345
vn -0.3516 0.0039 -0.9362
vn -0.3515 0.0040 -0.9362
vn 0.9533 0.0039 -0.3021
vn -0.9060 0.0040 0.4233
vn 0.8374 0.0039 0.5465
vn -0.8387 0.0040 -0.5446
vn 0.3446 0.0040 -0.9387
vn 0.3446 0.0039 -0.9388
vn 0.9117 0.0039 0.4109
vn -0.9133 0.0039 -0.4072
vn -0.9133 0.0040 -0.4072
vn -0.7419 0.0039 -0.6705
vn 0.7150 0.0040 -0.6992
vn 0.1778 0.0040 -0.9841
vn 0.9829 0.0039 0.1840
vn 0.0587 0.0039 0.9983
vn -0.0513 0.0039 -0.9987
vn 0.2157 0.0039 0.9765
vn -0.2098 0.0040 -0.9777
vn 0.1070 0.0040 -0.9943
vn -0.9904 0.0039 0.1381
vn -0.9502 0.0040 0.3115
vn -0.9502 0.0039 0.3115
vn -0.2471 0.0039 0.9690
vn 0.2564 0.0039 -0.9666
vn 0.9510 0.0039 0.3092
vn -0.9841 0.0040 -0.1778
vn -0.9841 0.0039 -0.1778
vn 0.4830 0.0039 0.8756
vn 0.4830 0.0040 0.8756
vn -0.4802 0.0040 -0.8771
vn 0.9104 0.0039 -0.4138
vn -0.8253 0.0040 0.5647
vn 0.6290 0.0039 0.7774
vn -0.6281 0.0039 -0.7782
vn 0.8314 0.0039 -0.5556
vn -0.7071 0.0039 0.7071
vn -0.7071 0.0040 0.7071
vn 0.8756 0.0039 0.4829
vn -0.9525 0.0039 -0.3044
vn -0.9526 0.0039 -0.3044
vn 0.7672 0.0039 -0.6414
vn 0.7673 0.0039 -0.6413
vn 0.7673 0.0040 -0.6413
vn -0.9446 0.0039 -0.3281
vn 0.9856 0.0039 0.1689
vn -0.0749 0.0040 -0.9972
vn -0.0749 0.0039 -0.9972
vn -0.9998 0.0040 -0.0197
vn 0.9881 0.0040 -0.1535
vn 0.9881 0.0039 -0.1535
vn -0.9867 0.0040 -0.1625
vn 0.2231 0.0039 0.9748
vn -0.9867 0.0039 0.1625
vn -0.1458 0.0039 -0.9893
vn 0.3162 0.0039 0.9487
vn 0.9243 0.0039 -0.3815
vn 0.9244 0.0040 -0.3815
vn -0.9204 0.0040 0.3911
vn -0.3115 0.0039 -0.9502
vn 0.4488 0.0039 0.8936
vn -0.4456 0.0039 -0.8952
vn -0.0119 0.0039 -0.9999
vn -0.0118 0.0040 -0.9999
vn 0.1523 0.0039 0.9883
vn -0.9620 0.0039 0.2731
vn 0.6709 0.0039 -0.7415
vn -0.6626 0.0039 0.7489
vn -0.6830 0.0039 -0.7304
vn 0.5318 0.0039 -0.8469
vn 0.8921 0.0039 0.4519
vn 0.0196 0.0039 0.9998
vn -0.9685 0.0040 -0.2490
vn -0.9685 0.0039 -0.2490
vn 0.2007 0.0039 -0.9797
vn 0.2855 0.0039 0.9584
vn 0.2856 0.0039 0.9584
vn -0.4488 0.0040 -0.8936
vn -0.7672 0.0039 0.6413
vn 0.7743 0.0039 -0.6328
vn -0.7071 0.0039 -0.7071
vn -0.8561 0.0040 0.5168
vn -0.8561 0.0039 0.5168
vn 0.8616 0.0039 -0.5075
vn 0.4519 0.0039 0.8921
vn -0.5737 0.0039 -0.8190
vn 0.1612 0.0039 0.9869
vn -0.2877 0.0039 -0.9577
vn -0.7889 0.0039 -0.6145
vn -0.7227 0.0039 0.6911
vn -0.7227 0.0040 0.6911
vn 0.6019 0.0039 -0.7986
vn -0.8504 0.0040 -0.5261
vn 0.8491 0.0039 0.5282
vn -0.9204 0.0040 -0.3911
vn -0.9204 0.0039 -0.3910
vn 0.9187 0.0039 0.3949
vn 0.7523 0.0039 0.6588
vn 0.7523 0.0038 0.6588
vn -0.5931 0.0039 0.8051
vn -0.5931 0.0039 0.8052
vn -0.6452 0.0039 -0.7640
vn -0.6452 0.0040 -0.7640
vn 0.6459 0.0039 0.7634
vn -0.8089 0.0039 0.5879
vn 0.7304 0.0040 -0.6830
vn 0.7304 0.0039 -0.6830
vn -0.5520 0.0039 0.8338
vn 0.5610 0.0039 -0.8278
vn 0.7881 0.0039 0.6156
vn -0.8771 0.0039 -0.4802
vn -0.8771 0.0040 -0.4802
vn -0.9943 0.0039 -0.1070
vn 0.0356 0.0040 -0.9994
vn -0.0274 0.0039 0.9996
vn -0.1547 0.0040 -0.9879
vn 0.8433 0.0039 -0.5374
vn -0.8375 0.0039 0.5465
vn -0.8374 0.0039 0.5465
vn -0.4863 0.0039 -0.8738
vn -0.4863 0.0040 -0.8738
vn 0.5981 0.0039 0.8014
vn -0.9204 0.0040 -0.3910
vn 0.4614 0.0040 -0.8872
vn -0.4519 0.0039 0.8920
vn -0.8540 0.0040 -0.5203
vn 0.0277 0.0039 -0.9996
vn 0.9726 0.0040 -0.2323
vn -0.9133 0.0039 0.4072
vn -0.1548 0.0039 -0.9879
vn 0.4890 0.0039 0.8723
vn -0.9951 0.0040 -0.0991
vn -0.0196 0.0039 0.9998
vn 0.7489 0.0039 -0.6626
vn 0.7489 0.0039 -0.6627
vn -0.7415 0.0039 0.6709
vn -0.5968 0.0040 -0.8024
vn 0.6107 0.0039 -0.7919
vn 0.8526 0.0039 0.5226
vn 0.3748 0.0039 -0.9271
vn -0.8998 0.0039 0.4362
vn -0.4456 0.0039 0.8952
vn 0.2805 0.0040 -0.9599
vn 0.2804 0.0039 -0.9599
vn -0.9325 0.0040 -0.3611
vn -0.9325 0.0039 -0.3611
vn 0.9309 0.0039 0.3653
vn -0.0670 0.0039 -0.9977
vn -0.9809 0.0039 -0.1946
vn -0.9809 0.0040 -0.1946
vn 0.9797 0.0039 0.2006
vn 0.9797 0.0039 0.2007
vn -0.2711 0.0039 0.9625
vn -0.2711 0.0039 0.9626
vn -0.8596 0.0040 -0.5110
vn 0.4551 0.0040 -0.8904
vn -0.9904 0.0040 0.1381
vn 0.0743 0.0039 0.9972
vn -0.1946 0.0040 -0.9809
vn 0.9959 0.0039 -0.0905
vn 0.1765 0.0039 0.9843
vn -0.3446 0.0039 -0.9387
vn -0.0198 0.0040 -0.9998
vn 0.0118 0.0039 0.9999
vn -0.9951 0.0039 0.0991
vn 0.9690 0.0039 -0.2472
vn -0.9577 0.0039 0.2877
vn 0.9605 0.0039 -0.2783
vn 0.9605 0.0039 -0.2784
vn 0.2007 0.0040 0.9797
vn -0.3680 0.0039 -0.9298
vn -0.3680 0.0040 -0.9298
vn -0.6145 0.0039 -0.7889
vn 0.6156 0.0039 0.7881
vn 0.7562 0.0039 0.6543
vn -0.2324 0.0039 0.9726
vn 0.9533 0.0039 0.3021
vn 0.9422 0.0039 -0.3351
vn 0.7110 0.0040 0.7032
vn -0.7111 0.0039 -0.7031
vn -0.7111 0.0040 -0.7031
vn 0.4331 0.0039 0.9013
vn -0.4298 0.0039 -0.9029
vn -0.6281 0.0040 0.7782
vn -0.5737 0.0040 -0.8190
vn 0.2783 0.0039 0.9605
vn 0.2784 0.0039 0.9605
vn -0.2732 0.0040 -0.9620
vn 0.9797 0.0039 -0.2007
vn 0.9797 0.0040 -0.2006
vn -0.9387 0.0040 0.3446
vn -0.9388 0.0039 0.3446
vn 0.8116 0.0039 0.5842
vn -0.8126 0.0040 -0.5827
vn -0.8127 0.0039 -0.5827
vn 0.6367 0.0040 -0.7711
vn -0.5410 0.0039 0.8410
vn 0.5501 0.0040 -0.8351
vn -0.3882 0.0039 0.9216
vn -0.3883 0.0039 0.9215
vn -0.6791 0.0039 0.7340
vn -0.6791 0.0039 0.7341
vn 0.6872 0.0039 -0.7265
vn 0.8756 0.0039 0.4830
vn 0.5520 0.0039 0.8338
vn -0.6622 0.0039 -0.7494
vn -0.8936 0.0039 -0.4488
vn -0.8936 0.0040 -0.4488
vn -0.3653 0.0039 0.9309
vn 0.9843 0.0039 0.1765
vn 0.9843 0.0039 0.1764
vn -0.9777 0.0040 0.2098
vn -0.9777 0.0039 0.2098
vn -0.8872 0.0039 0.4613
vn 0.8920 0.0039 -0.4519
vn 0.3721 0.0039 0.9282
vn -0.5501 0.0039 -0.8351
vt 0.369354 0.005328
vt 0.467365 0.127619
vt 0.343755 0.009800
vt 0.463075 0.165641
vt 0.478828 0.265836
vt 0.469705 0.315408
vt 0.285181 0.007217
vt 0.461380 0.090131
vt 0.426052 0.040145
vt 0.445792 0.052054
vt 0.321445 0.009656
vt 0.465508 0.201223
vt 0.801719 0.452685
vt 0.678109 0.334866
vt 0.797429 0.490707
vt 0.703708 0.330394
vt 0.813182 0.590903
vt 0.619535 0.332283
vt 0.804059 0.640474
vt 0.760406 0.365212
vt 0.795734 0.415197
vt 0.780146 0.377120
vt 0.799863 0.526290
vt 0.655799 0.334723
vt 0.728071 0.053656
vt 0.728071 0.045418
vt 0.730626 0.053662
vt 0.730625 0.045461
vt 0.897313 0.266245
vt 0.899867 0.252096
vt 0.899867 0.266245
vt 0.897313 0.252096
vt 0.210029 0.862716
vt 0.212583 0.846546
vt 0.212583 0.862688
vt 0.210033 0.846574
vt 0.046980 0.061917
vt 0.049534 0.034642
vt 0.049534 0.061917
vt 0.046980 0.034642
vt 0.018085 0.854460
vt 0.020639 0.843526
vt 0.020639 0.854457
vt 0.018085 0.843526
vt 0.585662 0.295140
vt 0.585662 0.289183
vt 0.588215 0.295127
vt 0.588215 0.289183
vt 0.863915 0.417205
vt 0.846687 0.436684
vt 0.911683 0.395034
vt 0.920198 0.393693
vt 0.906048 0.396608
vt 0.200283 0.905294
vt 0.205340 0.912239
vt 0.034264 0.847761
vt 0.044153 0.837869
vt 0.195050 0.847777
vt 0.055245 0.829352
vt 0.185209 0.837876
vt 0.174030 0.829357
vt 0.067374 0.822336
vt 0.161922 0.822371
vt 0.080182 0.816857
vt 0.148985 0.817017
vt 0.135525 0.813398
vt 0.093237 0.812503
vt 0.107270 0.807097
vt 0.039214 0.075809
vt 0.037976 0.061864
vt 0.037976 0.090812
vt 0.203554 0.858869
vt 0.025759 0.858863
vt 0.018761 0.870972
vt 0.210519 0.870972
vt 0.843457 0.430741
vt 0.852997 0.446122
vt 0.884116 0.406140
vt 0.860073 0.454695
vt 0.868681 0.461536
vt 0.878054 0.467512
vt 0.887785 0.472647
vt 0.898639 0.476075
vt 0.909443 0.478687
vt 0.920506 0.478828
vt 0.920506 0.392037
vt 0.900463 0.398997
vt 0.439124 0.043342
vt 0.439124 0.014943
vt 0.441678 0.043342
vt 0.441678 0.014943
vt 0.433422 0.015208
vt 0.433422 0.039214
vt 0.430868 0.015208
vt 0.430868 0.039214
vt 0.470572 0.018539
vt 0.468018 0.045406
vt 0.468018 0.018539
vt 0.470572 0.045406
vt 0.022703 0.154163
vt 0.022703 0.173369
vt 0.020149 0.154163
vt 0.020149 0.173369
vt 0.910186 0.780761
vt 0.907632 0.790479
vt 0.907632 0.780761
vt 0.910186 0.790479
vt 0.046980 0.111451
vt 0.049534 0.092961
vt 0.049534 0.111451
vt 0.046980 0.092961
vt 0.107324 0.055726
vt 0.104770 0.055726
vt 0.107324 0.023546
vt 0.104770 0.023546
vt 0.466445 0.333679
vt 0.463891 0.361185
vt 0.463891 0.333679
vt 0.466445 0.361185
vt 0.061426 0.462317
vt 0.061426 0.431976
vt 0.063981 0.462317
vt 0.063981 0.431976
vt 0.013956 0.185752
vt 0.013956 0.154186
vt 0.016511 0.185752
vt 0.016511 0.154186
vt 0.076365 0.447852
vt 0.073811 0.466445
vt 0.073811 0.447852
vt 0.076365 0.466445
vt 0.358631 0.482956
vt 0.358631 0.457723
vt 0.361185 0.482956
vt 0.361185 0.457723
vt 0.004128 0.211832
vt 0.001572 0.239414
vt 0.001572 0.211832
vt 0.004128 0.239414
vt 0.070173 0.436308
vt 0.070173 0.466445
vt 0.067619 0.436308
vt 0.067619 0.466445
vt 0.463891 0.090812
vt 0.463891 0.061544
vt 0.466445 0.090812
vt 0.466445 0.061544
vt 0.470572 0.172852
vt 0.470572 0.198136
vt 0.468019 0.172852
vt 0.468019 0.198136
vt 0.113025 0.043342
vt 0.113025 0.023345
vt 0.115579 0.043342
vt 0.115579 0.023345
vt 0.049534 0.025141
vt 0.046980 0.025141
vt 0.703795 0.001451
vt 0.701241 0.010320
vt 0.701241 0.001451
vt 0.703795 0.010320
vt 0.734264 0.344674
vt 0.736817 0.327435
vt 0.736817 0.344674
vt 0.734264 0.327435
vt 0.723944 0.866844
vt 0.726498 0.855990
vt 0.726498 0.866844
vt 0.723944 0.855990
vt 0.039214 0.023484
vt 0.039214 0.045406
vt 0.883355 0.887483
vt 0.883355 0.872484
vt 0.056972 0.072341
vt 0.057279 0.072341
vt 0.056972 0.075099
vt 0.057279 0.075099
vt 0.530608 0.301113
vt 0.481593 0.086803
vt 0.481593 0.331919
vt 0.501051 0.064190
vt 0.568638 0.289674
vt 0.534007 0.047225
vt 0.598543 0.284757
vt 0.564782 0.037068
vt 0.668839 0.290091
vt 0.692054 0.002594
vt 0.717494 0.045734
vt 0.725878 0.314066
vt 0.795230 0.173140
vt 0.801474 0.159503
vt 0.837949 0.268468
vt 0.814913 0.182793
vt 0.787427 0.365313
vt 0.241671 0.001167
vt 0.180980 0.013016
vt 0.440699 0.370144
vt 0.119691 0.047564
vt 0.394929 0.432259
vt 0.072122 0.099225
vt 0.329479 0.471422
vt 0.033986 0.155639
vt 0.260682 0.489148
vt 0.008552 0.218010
vt 0.189110 0.489148
vt 0.120910 0.468026
vt 0.001649 0.290957
vt 0.061164 0.426388
vt 0.017170 0.361440
vt 0.576025 0.326234
vt 0.515334 0.338082
vt 0.775053 0.695211
vt 0.454045 0.372631
vt 0.729283 0.757325
vt 0.406476 0.424291
vt 0.663833 0.796489
vt 0.368340 0.480705
vt 0.595036 0.814214
vt 0.342906 0.543077
vt 0.523464 0.814214
vt 0.455264 0.793093
vt 0.336003 0.616023
vt 0.395518 0.751454
vt 0.351524 0.686507
vt 0.002765 0.849961
vt 0.002765 0.604845
vt 0.051780 0.819155
vt 0.022223 0.582233
vt 0.089810 0.807716
vt 0.055179 0.565268
vt 0.119715 0.802799
vt 0.085954 0.555110
vt 0.190010 0.808134
vt 0.213226 0.520637
vt 0.238666 0.563776
vt 0.247050 0.832108
vt 0.322646 0.677546
vt 0.316402 0.691182
vt 0.359121 0.786510
vt 0.336085 0.700835
vt 0.308599 0.883355
vt 0.383888 0.441690
vt 0.338506 0.477634
vt 0.301943 0.493134
vt 0.272748 0.501268
vt 0.202289 0.503595
vt 0.142984 0.485954
vt 0.076236 0.441690
vt 0.426198 0.394304
vt 0.219657 0.526298
vt 0.190125 0.522079
vt 0.158083 0.503445
vt 0.132952 0.482983
vt 0.035368 0.394304
vt 0.013996 0.009430
vt 0.049534 0.090719
vt 0.013996 0.194008
vt 0.012703 0.198136
vt 0.016511 0.148199
vt 0.012703 0.006842
vt 0.057687 0.071524
vt 0.057687 0.070809
vt 0.057790 0.071524
vt 0.057790 0.069583
vt 0.057279 0.070809
vt 0.056972 0.069583
vt 0.057790 0.066824
vt 0.056972 0.066824
vt 0.057790 0.064066
vt 0.056972 0.064066
vt 0.057790 0.061410
vt 0.056972 0.061410
vt 0.224967 0.846103
vt 0.224864 0.846103
vt 0.224864 0.845387
vt 0.224967 0.843549
vt 0.224558 0.845285
vt 0.223741 0.843549
vt 0.223741 0.846205
vt 0.224558 0.846205
vt 0.224967 0.840790
vt 0.223741 0.840790
vt 0.223741 0.838032
vt 0.224967 0.838032
vt 0.224967 0.835274
vt 0.223741 0.835274
vt 0.223741 0.833333
vt 0.224967 0.833333
vt 0.049023 0.065640
vt 0.049023 0.068296
vt 0.049534 0.065640
vt 0.049534 0.068296
vt 0.049023 0.071054
vt 0.049534 0.071054
vt 0.049023 0.073813
vt 0.049534 0.073813
vt 0.049227 0.075243
vt 0.049023 0.076571
vt 0.049227 0.076571
vt 0.049534 0.075141
vt 0.049534 0.075856
vt 0.736715 0.841668
vt 0.736817 0.841668
vt 0.736715 0.840953
vt 0.736817 0.839523
vt 0.736409 0.840953
vt 0.735898 0.842077
vt 0.736409 0.842077
vt 0.735898 0.839523
vt 0.736817 0.836765
vt 0.735898 0.836765
vt 0.736817 0.834006
vt 0.735898 0.834006
vt 0.735898 0.831248
vt 0.736817 0.831248
vt 0.049023 0.079329
vt 0.049227 0.079329
vt 0.049023 0.082087
vt 0.049227 0.082087
vt 0.049227 0.084846
vt 0.049023 0.084846
vt 0.049023 0.085969
vt 0.049227 0.085969
vt 0.049227 0.086684
vt 0.056972 0.077857
vt 0.057279 0.077857
vt 0.056972 0.080513
vt 0.057279 0.080513
vt 0.057279 0.081841
vt 0.056972 0.081841
vt 0.057279 0.082557
vt 0.198688 0.912250
vt 0.205405 0.890601
vt 0.209680 0.880227
vt 0.218937 0.861010
vt 0.230504 0.843018
vt 0.237818 0.833317
vt 0.247943 0.838471
vt 0.257416 0.844580
vt 0.265435 0.851797
vt 0.272879 0.860369
vt 0.279596 0.869495
vt 0.283980 0.879479
vt 0.287637 0.890015
vt 0.289764 0.901258
vt 0.291012 0.912250
vt 0.736817 0.828490
vt 0.736817 0.825425
vt 0.735898 0.828490
vt 0.735898 0.825425
vt 0.931940 0.488168
vt 0.936224 0.490259
vt 0.938891 0.498476
vt 0.899815 0.567045
vt 0.941600 0.506887
vt 0.921390 0.484658
vt 0.942458 0.510796
vt 0.910457 0.482547
vt 0.944836 0.521491
vt 0.899291 0.481880
vt 0.946661 0.530135
vt 0.888197 0.482675
vt 0.946738 0.530599
vt 0.877331 0.484916
vt 0.947759 0.538994
vt 0.866796 0.488568
vt 0.948379 0.544451
vt 0.856803 0.493542
vt 0.948573 0.546508
vt 0.847558 0.499785
vt 0.949261 0.553503
vt 0.839272 0.507181
vt 0.949338 0.553967
vt 0.831954 0.515576
vt 0.949352 0.560209
vt 0.825813 0.524906
vt 0.949400 0.566760
vt 0.820964 0.534921
vt 0.949400 0.573256
vt 0.817415 0.545468
vt 0.949385 0.577246
vt 0.815278 0.556400
vt 0.949086 0.579889
vt 0.814663 0.567569
vt 0.948295 0.586803
vt 0.815483 0.578664
vt 0.947432 0.594122
vt 0.817647 0.589526
vt 0.946726 0.600426
vt 0.821363 0.600064
vt 0.946268 0.602243
vt 0.826337 0.610058
vt 0.944254 0.610930
vt 0.832580 0.619303
vt 0.941896 0.621236
vt 0.840002 0.627590
vt 0.941438 0.623052
vt 0.848397 0.634908
vt 0.938110 0.632384
vt 0.857676 0.641047
vt 0.933304 0.645317
vt 0.867742 0.645898
vt 0.922347 0.649215
vt 0.878289 0.649447
vt 0.911434 0.651376
vt 0.889221 0.651584
vt 0.900339 0.652197
vt 0.829151 0.301331
vt 0.829151 0.292955
vt 0.829693 0.301025
vt 0.829693 0.293261
vt 0.038826 0.041278
vt 0.038925 0.040173
vt 0.039214 0.041153
vt 0.038548 0.040294
vt 0.038554 0.037823
vt 0.038178 0.037945
vt 0.038184 0.035473
vt 0.038561 0.035352
vt 0.038465 0.033021
vt 0.038854 0.032895
vt 0.039214 0.031061
vt 0.038896 0.030949
vt 0.010320 0.386606
vt 0.010320 0.390080
vt 0.009911 0.386606
vt 0.009911 0.390080
vt 0.418975 0.406080
vt 0.418566 0.406591
vt 0.418962 0.405263
vt 0.418566 0.404752
vt 0.429294 0.391347
vt 0.428898 0.394208
vt 0.428898 0.390734
vt 0.429294 0.394208
vt 0.447422 0.039214
vt 0.447869 0.035843
vt 0.447869 0.039214
vt 0.447422 0.035843
vt 0.078429 0.081331
vt 0.078020 0.082557
vt 0.078020 0.080820
vt 0.078429 0.082046
vt 0.090795 0.073241
vt 0.090812 0.073883
vt 0.090415 0.073133
vt 0.090415 0.074301
vt 0.084212 0.020639
vt 0.084212 0.019617
vt 0.084620 0.020138
vt 0.084620 0.019627
vt 0.905619 0.775951
vt 0.905886 0.775481
vt 0.906058 0.776032
vt 0.905459 0.775403
vt 0.905505 0.773023
vt 0.905090 0.772947
vt 0.905456 0.770521
vt 0.905041 0.770446
vt 0.905708 0.768075
vt 0.905294 0.767999
vt 0.906058 0.766374
vt 0.905724 0.766001
vt 0.076365 0.090353
vt 0.075918 0.090812
vt 0.076365 0.089688
vt 0.075918 0.089229
vt 0.090379 0.068109
vt 0.090379 0.066951
vt 0.090800 0.067477
vt 0.090812 0.066842
vt 0.216098 0.858588
vt 0.216302 0.857669
vt 0.216302 0.858588
vt 0.216507 0.857771
vt 0.216507 0.855319
vt 0.216711 0.855319
vt 0.216507 0.852970
vt 0.216507 0.850620
vt 0.216302 0.850620
vt 0.216098 0.848781
vt 0.216098 0.848985
vt 0.388016 0.440268
vt 0.388016 0.443741
vt 0.387812 0.440268
vt 0.387812 0.443741
vt 0.099068 0.031981
vt 0.098747 0.032542
vt 0.098868 0.031941
vt 0.099068 0.033023
vt 0.038970 0.100608
vt 0.039022 0.099866
vt 0.039214 0.099936
vt 0.039214 0.101132
vt 0.781815 0.373262
vt 0.781815 0.365498
vt 0.782223 0.373568
vt 0.782223 0.365192
vt 0.092672 0.069662
vt 0.092876 0.068436
vt 0.092876 0.070173
vt 0.092672 0.068947
vt 0.065841 0.101132
vt 0.065841 0.100621
vt 0.066045 0.100008
vt 0.065841 0.100008
vt 0.441678 0.376287
vt 0.441678 0.379760
vt 0.441473 0.376900
vt 0.441473 0.379760
vt 0.080288 0.084161
vt 0.080493 0.083037
vt 0.080493 0.084620
vt 0.080288 0.083497
vt 0.039214 0.047695
vt 0.039214 0.049534
vt 0.039010 0.048206
vt 0.039010 0.049023
vt 0.445805 0.366069
vt 0.445805 0.369441
vt 0.445601 0.366069
vt 0.445601 0.369441
vt 0.085923 0.078429
vt 0.086124 0.077630
vt 0.086119 0.078374
vt 0.086320 0.077575
vt 0.086306 0.075246
vt 0.086530 0.075289
vt 0.086460 0.072763
vt 0.086684 0.072806
vt 0.086418 0.070335
vt 0.086221 0.070390
vt 0.086234 0.068159
vt 0.085923 0.068564
vt 0.335780 0.632914
vt 0.335994 0.633604
vt 0.336095 0.633587
vt 0.335583 0.632324
vt 0.335482 0.632341
vt 0.335433 0.632038
vt 0.335333 0.632054
vt 0.336192 0.634193
vt 0.336305 0.634899
vt 0.336406 0.634883
vt 0.336301 0.635520
vt 0.336418 0.635605
vt 0.336414 0.636226
vt 0.336309 0.636864
vt 0.336410 0.636848
vt 0.336204 0.637501
vt 0.336305 0.637485
vt 0.336099 0.638139
vt 0.335893 0.638792
vt 0.335793 0.638809
vt 0.335671 0.639345
vt 0.335571 0.639361
vt 0.335333 0.639813
vt 0.473117 0.016564
vt 0.474700 0.016564
vt 0.473117 0.022477
vt 0.474700 0.022477
vt 0.473117 0.035783
vt 0.474700 0.035783
vt 0.473117 0.049344
vt 0.474700 0.049344
vt 0.474700 0.076849
vt 0.473117 0.076849
vt 0.473117 0.090589
vt 0.474700 0.090589
vt 0.473117 0.104381
vt 0.474700 0.104381
vt 0.474700 0.118172
vt 0.473117 0.118172
vt 0.474700 0.145754
vt 0.473117 0.145754
vt 0.473117 0.159545
vt 0.474700 0.159545
vt 0.473117 0.173336
vt 0.474700 0.173336
vt 0.473117 0.187025
vt 0.474700 0.187025
vt 0.473117 0.200612
vt 0.474700 0.200612
vt 0.473117 0.213892
vt 0.474700 0.213892
vt 0.474700 0.220839
vt 0.473117 0.220839
vt 0.328817 0.477571
vt 0.332290 0.477571
vt 0.328817 0.484977
vt 0.332290 0.484977
vt 0.328817 0.498283
vt 0.332290 0.498283
vt 0.328817 0.511844
vt 0.332290 0.511844
vt 0.328817 0.539350
vt 0.332290 0.539350
vt 0.332290 0.553090
vt 0.328817 0.553090
vt 0.328817 0.566881
vt 0.332290 0.566881
vt 0.328817 0.580672
vt 0.332290 0.580672
vt 0.332290 0.608254
vt 0.328817 0.608254
vt 0.332290 0.622045
vt 0.328817 0.622045
vt 0.332290 0.635836
vt 0.328817 0.635836
vt 0.332290 0.649525
vt 0.328817 0.649525
vt 0.332290 0.663112
vt 0.328817 0.663112
vt 0.332290 0.676392
vt 0.328817 0.676392
vt 0.328817 0.681092
vt 0.332290 0.681092
vt 0.009196 0.206391
vt 0.009196 0.199036
vt 0.010320 0.205983
vt 0.010320 0.199036
vt 0.009196 0.185756
vt 0.010320 0.185756
vt 0.009196 0.172169
vt 0.010320 0.172169
vt 0.009196 0.158480
vt 0.010320 0.158480
vt 0.009196 0.144689
vt 0.010320 0.144689
vt 0.009196 0.130898
vt 0.010320 0.130898
vt 0.009196 0.103316
vt 0.010320 0.103316
vt 0.009196 0.089525
vt 0.010320 0.089525
vt 0.009196 0.075733
vt 0.010320 0.075733
vt 0.010320 0.061993
vt 0.009196 0.061993
vt 0.009196 0.034488
vt 0.010320 0.034488
vt 0.009196 0.020926
vt 0.010320 0.020926
vt 0.009196 0.007621
vt 0.010320 0.007621
vt 0.010320 0.001708
vt 0.009196 0.001427
vt 0.829693 0.308649
vt 0.829693 0.323806
vt 0.821317 0.308649
vt 0.821317 0.323806
vt 0.829693 0.336040
vt 0.821317 0.336040
vt 0.829693 0.348222
vt 0.821317 0.348222
vt 0.829693 0.372611
vt 0.821317 0.372611
vt 0.821317 0.384819
vt 0.829693 0.384819
vt 0.829693 0.397027
vt 0.821317 0.397027
vt 0.829693 0.409183
vt 0.821317 0.409183
vt 0.829693 0.433599
vt 0.821317 0.433599
vt 0.829693 0.445858
vt 0.821317 0.445858
vt 0.829693 0.458014
vt 0.821317 0.458014
vt 0.829693 0.470171
vt 0.821317 0.470171
vt 0.821317 0.482430
vt 0.829693 0.482430
vt 0.829693 0.494688
vt 0.821317 0.494688
vt 0.829693 0.507049
vt 0.821317 0.507049
vt 0.821317 0.511851
vt 0.829693 0.511851
vt 0.006192 0.001427
vt 0.006192 0.007621
vt 0.002821 0.001427
vt 0.002821 0.007621
vt 0.006192 0.020926
vt 0.002821 0.020926
vt 0.006192 0.034488
vt 0.002821 0.034488
vt 0.002821 0.061993
vt 0.006192 0.061993
vt 0.002821 0.075733
vt 0.006192 0.075733
vt 0.002821 0.089525
vt 0.006192 0.089525
vt 0.006192 0.103316
vt 0.002821 0.103316
vt 0.006192 0.130898
vt 0.002821 0.130898
vt 0.002821 0.144689
vt 0.006192 0.144689
vt 0.006192 0.158480
vt 0.002821 0.158480
vt 0.002821 0.172169
vt 0.006192 0.172169
vt 0.002821 0.185756
vt 0.006192 0.185756
vt 0.002821 0.199036
vt 0.006192 0.199036
vt 0.002821 0.206391
vt 0.006192 0.206391
vt 0.817310 0.598317
vt 0.817310 0.602824
vt 0.815471 0.598317
vt 0.815471 0.602824
vt 0.817310 0.616130
vt 0.815471 0.616130
vt 0.817310 0.629691
vt 0.815471 0.629691
vt 0.817310 0.657197
vt 0.815471 0.657197
vt 0.815471 0.670937
vt 0.817310 0.670937
vt 0.817310 0.684728
vt 0.815471 0.684728
vt 0.817310 0.698519
vt 0.815471 0.698519
vt 0.815471 0.726102
vt 0.817310 0.726102
vt 0.817310 0.739893
vt 0.815471 0.739893
vt 0.817310 0.753684
vt 0.815471 0.753684
vt 0.815471 0.767373
vt 0.817310 0.767373
vt 0.815471 0.780959
vt 0.817310 0.780959
vt 0.815471 0.794240
vt 0.817310 0.794240
vt 0.815471 0.798735
vt 0.817310 0.798735
vt 0.709986 0.321971
vt 0.705287 0.318497
vt 0.709986 0.318497
vt 0.705287 0.321971
vt 0.692007 0.318497
vt 0.692007 0.321971
vt 0.678420 0.321971
vt 0.678420 0.318497
vt 0.664731 0.318497
vt 0.664731 0.321971
vt 0.650940 0.318497
vt 0.650940 0.321971
vt 0.637149 0.318497
vt 0.637149 0.321971
vt 0.609567 0.318497
vt 0.609567 0.321971
vt 0.595776 0.318497
vt 0.595776 0.321971
vt 0.581985 0.318497
vt 0.581985 0.321971
vt 0.568244 0.321971
vt 0.568244 0.318497
vt 0.540739 0.318497
vt 0.540739 0.321971
vt 0.527178 0.318497
vt 0.527178 0.321971
vt 0.513872 0.318497
vt 0.513872 0.321971
vt 0.509390 0.318497
vt 0.509390 0.321971
vt 0.478828 0.220839
vt 0.477091 0.220839
vt 0.478828 0.215935
vt 0.477091 0.215935
vt 0.478828 0.202655
vt 0.477091 0.202655
vt 0.478828 0.189068
vt 0.477091 0.189068
vt 0.478828 0.175379
vt 0.477091 0.175379
vt 0.478828 0.161588
vt 0.477091 0.161588
vt 0.477091 0.147797
vt 0.478828 0.147797
vt 0.477091 0.120215
vt 0.478828 0.120215
vt 0.477091 0.106424
vt 0.478828 0.106424
vt 0.478828 0.092633
vt 0.477091 0.092633
vt 0.477091 0.078893
vt 0.478828 0.078893
vt 0.477091 0.051387
vt 0.478828 0.051387
vt 0.478828 0.037826
vt 0.477091 0.037826
vt 0.477091 0.024520
vt 0.478828 0.024520
vt 0.478828 0.016794
vt 0.477091 0.016794
vt 0.326098 0.477047
vt 0.326098 0.484773
vt 0.324975 0.477366
vt 0.324975 0.484773
vt 0.326098 0.498078
vt 0.324975 0.498078
vt 0.326098 0.511640
vt 0.324975 0.511640
vt 0.326098 0.539145
vt 0.324975 0.539145
vt 0.324975 0.552885
vt 0.326098 0.552885
vt 0.326098 0.566676
vt 0.324975 0.566676
vt 0.326098 0.580468
vt 0.324975 0.580468
vt 0.326098 0.608050
vt 0.324975 0.608050
vt 0.326098 0.621841
vt 0.324975 0.621841
vt 0.326098 0.635632
vt 0.324975 0.635632
vt 0.326098 0.649321
vt 0.324975 0.649321
vt 0.326098 0.662908
vt 0.324975 0.662908
vt 0.326098 0.676188
vt 0.324975 0.676188
vt 0.324975 0.680887
vt 0.326098 0.681092
vt 0.825566 0.897803
vt 0.825249 0.897788
vt 0.825099 0.895634
vt 0.824694 0.895122
vt 0.824740 0.892662
vt 0.824389 0.892477
vt 0.824718 0.889862
vt 0.824358 0.889668
vt 0.824643 0.887081
vt 0.825019 0.887220
vt 0.825566 0.885083
vt 0.825326 0.884515
vt 0.214647 0.004128
vt 0.209948 0.004128
vt 0.214443 0.003106
vt 0.209948 0.003106
vt 0.196668 0.004128
vt 0.196668 0.003106
vt 0.183081 0.004128
vt 0.183081 0.003106
vt 0.169392 0.004128
vt 0.169392 0.003106
vt 0.155601 0.004128
vt 0.155601 0.003106
vt 0.141810 0.004128
vt 0.141810 0.003106
vt 0.114227 0.004128
vt 0.114227 0.003106
vt 0.100436 0.004128
vt 0.100436 0.003106
vt 0.086645 0.004128
vt 0.086645 0.003106
vt 0.072905 0.003106
vt 0.072905 0.004128
vt 0.045399 0.004128
vt 0.045399 0.003106
vt 0.031838 0.004128
vt 0.031838 0.003106
vt 0.018532 0.004128
vt 0.018532 0.003106
vt 0.014025 0.003106
vt 0.014050 0.004128
vt 0.329563 0.688328
vt 0.329577 0.688960
vt 0.329491 0.688416
vt 0.329477 0.687785
vt 0.329527 0.687796
vt 0.329641 0.689603
vt 0.329713 0.689514
vt 0.329773 0.689947
vt 0.329800 0.690058
vt 0.329963 0.690723
vt 0.329986 0.690623
vt 0.329513 0.687164
vt 0.329535 0.687065
vt 0.329571 0.686444
vt 0.329621 0.686456
vt 0.329657 0.685835
vt 0.329707 0.685847
vt 0.329765 0.685127
vt 0.329815 0.685138
vt 0.329901 0.684529
vt 0.329951 0.684540
vt 0.330109 0.683843
vt 0.330158 0.683854
vt 0.330226 0.683555
vt 0.330095 0.691067
vt 0.330045 0.691056
vt 0.330226 0.691411
vt 0.595450 0.003802
vt 0.594632 0.002576
vt 0.596471 0.002576
vt 0.594428 0.004977
vt 0.592385 0.007173
vt 0.581965 0.002576
vt 0.591363 0.008502
vt 0.590137 0.010238
vt 0.581965 0.012383
vt 0.588912 0.012383
vt 0.568685 0.002576
vt 0.568685 0.012383
vt 0.555098 0.002576
vt 0.555098 0.012383
vt 0.541409 0.002576
vt 0.541409 0.012383
vt 0.527618 0.002576
vt 0.527618 0.012383
vt 0.513827 0.002576
vt 0.513827 0.012383
vt 0.486244 0.002576
vt 0.486244 0.012383
vt 0.472453 0.002576
vt 0.472453 0.012383
vt 0.458662 0.002576
vt 0.458662 0.012383
vt 0.444922 0.012383
vt 0.444922 0.002576
vt 0.417417 0.002576
vt 0.417417 0.012383
vt 0.403855 0.002576
vt 0.403855 0.012383
vt 0.390549 0.002576
vt 0.390549 0.012383
vt 0.383398 0.010034
vt 0.384637 0.012383
vt 0.381853 0.007940
vt 0.379925 0.005897
vt 0.377908 0.004160
vt 0.375692 0.002576
vt 0.809546 0.333403
vt 0.807503 0.337847
vt 0.807503 0.333339
vt 0.811998 0.333212
vt 0.817310 0.337847
vt 0.814450 0.332713
vt 0.816799 0.331909
vt 0.817310 0.331654
vt 0.807503 0.351153
vt 0.817310 0.351153
vt 0.807503 0.364714
vt 0.817310 0.364714
vt 0.807503 0.392220
vt 0.817310 0.392220
vt 0.817310 0.405960
vt 0.807503 0.405960
vt 0.807503 0.419751
vt 0.817310 0.419751
vt 0.807503 0.433542
vt 0.817310 0.433542
vt 0.807503 0.461124
vt 0.817310 0.461124
vt 0.807503 0.474915
vt 0.817310 0.474915
vt 0.807503 0.488706
vt 0.817310 0.488706
vt 0.807503 0.502395
vt 0.817310 0.502395
vt 0.807503 0.515982
vt 0.817310 0.515982
vt 0.807503 0.529262
vt 0.817310 0.529262
vt 0.809648 0.534166
vt 0.807503 0.533757
vt 0.812100 0.534574
vt 0.814450 0.535392
vt 0.816595 0.536209
vt 0.817310 0.536618
vt 0.094940 0.022527
vt 0.094327 0.022578
vt 0.094634 0.022424
vt 0.094940 0.022169
vt 0.093612 0.022935
vt 0.094940 0.024774
vt 0.093306 0.023140
vt 0.092693 0.023344
vt 0.092182 0.023548
vt 0.091569 0.023701
vt 0.090956 0.023804
vt 0.090241 0.023906
vt 0.087278 0.024774
vt 0.089628 0.023957
vt 0.088913 0.024008
vt 0.088300 0.024008
vt 0.087585 0.023957
vt 0.087278 0.023906
vt 0.087278 0.027124
vt 0.094940 0.027124
vt 0.087278 0.029729
vt 0.094940 0.029729
vt 0.087278 0.032436
vt 0.094940 0.032436
vt 0.094940 0.035245
vt 0.087278 0.035245
vt 0.094940 0.038157
vt 0.087278 0.038157
vt 0.087278 0.044082
vt 0.094940 0.044082
vt 0.087278 0.047095
vt 0.094940 0.047095
vt 0.087278 0.050058
vt 0.094940 0.050058
vt 0.094940 0.052969
vt 0.087278 0.052969
vt 0.087278 0.058486
vt 0.094940 0.058486
vt 0.087278 0.061091
vt 0.094940 0.061091
vt 0.087278 0.063491
vt 0.094940 0.063491
vt 0.087585 0.064615
vt 0.087278 0.064717
vt 0.088198 0.064513
vt 0.088913 0.064309
vt 0.089526 0.064309
vt 0.090241 0.064206
vt 0.090956 0.064309
vt 0.091569 0.064411
vt 0.092182 0.064513
vt 0.092795 0.064717
vt 0.093408 0.065024
vt 0.094021 0.065330
vt 0.094531 0.065637
vt 0.094940 0.066045
vt 0.713762 0.020642
vt 0.714060 0.023095
vt 0.713556 0.021050
vt 0.713908 0.022890
vt 0.714023 0.025097
vt 0.714114 0.025220
vt 0.714088 0.026895
vt 0.713943 0.027385
vt 0.713761 0.029877
vt 0.713609 0.029672
vt 0.713583 0.031347
vt 0.713644 0.031429
vt 0.713556 0.033023
vt 0.713495 0.032941
vt 0.506989 0.827855
vt 0.513667 0.829693
vt 0.505942 0.829693
vt 0.508010 0.825607
vt 0.508777 0.823258
vt 0.513667 0.819886
vt 0.509147 0.820908
vt 0.509185 0.819886
vt 0.526973 0.829693
vt 0.526973 0.819886
vt 0.540534 0.829693
vt 0.540534 0.819886
vt 0.568040 0.829693
vt 0.568040 0.819886
vt 0.581780 0.819886
vt 0.581780 0.829693
vt 0.595571 0.829693
vt 0.595571 0.819886
vt 0.609362 0.829693
vt 0.609362 0.819886
vt 0.636945 0.819886
vt 0.636945 0.829693
vt 0.650736 0.829693
vt 0.650736 0.819886
vt 0.664527 0.829693
vt 0.664527 0.819886
vt 0.678216 0.829693
vt 0.678216 0.819886
vt 0.691803 0.829693
vt 0.691803 0.819886
vt 0.705083 0.829693
vt 0.705083 0.819886
vt 0.709578 0.827855
vt 0.709986 0.829693
vt 0.709578 0.825505
vt 0.709373 0.823155
vt 0.709578 0.820704
vt 0.709782 0.819886
vt 0.097629 0.007317
vt 0.097629 0.009667
vt 0.094871 0.007317
vt 0.910186 0.235267
vt 0.909164 0.235267
vt 0.909164 0.232611
vt 0.910186 0.232611
vt 0.125212 0.016511
vt 0.125212 0.010688
vt 0.127765 0.016511
vt 0.127868 0.010688
vt 0.149933 0.010688
vt 0.149933 0.009667
vt 0.152692 0.010688
vt 0.048083 0.007317
vt 0.048083 0.009667
vt 0.045427 0.007317
vt 0.158310 0.010688
vt 0.158310 0.009667
vt 0.160966 0.010688
vt 0.070149 0.007317
vt 0.072907 0.007317
vt 0.070149 0.009667
vt 0.166483 0.007317
vt 0.169241 0.007317
vt 0.166534 0.009667
vt 0.064633 0.007317
vt 0.064633 0.009667
vt 0.061875 0.007317
vt 0.031715 0.129396
vt 0.034065 0.129396
vt 0.031715 0.126740
vt 0.034065 0.126740
vt 0.127868 0.009667
vt 0.125212 0.009667
vt 0.127868 0.007317
vt 0.125212 0.007317
vt 0.081080 0.007317
vt 0.081080 0.009667
vt 0.078424 0.007317
vt 0.111420 0.007317
vt 0.114179 0.007317
vt 0.111420 0.009667
vt 0.001411 0.434837
vt 0.002433 0.434837
vt 0.001411 0.432078
vt 0.122453 0.007317
vt 0.122453 0.009667
vt 0.119695 0.007317
vt 0.119695 0.009667
vt 0.086596 0.009667
vt 0.086596 0.007317
vt 0.089355 0.007317
vt 0.089355 0.009667
vt 0.001411 0.459661
vt 0.002433 0.459661
vt 0.001411 0.456800
vt 0.133486 0.010688
vt 0.136244 0.010688
vt 0.133486 0.016511
vt 0.136244 0.016511
vt 0.042321 0.107202
vt 0.043342 0.107202
vt 0.043342 0.109961
vt 0.043342 0.065931
vt 0.043342 0.068587
vt 0.042321 0.065931
vt 0.002433 0.390807
vt 0.001411 0.390807
vt 0.002433 0.393565
vt 0.001411 0.393565
vt 0.141761 0.009667
vt 0.141761 0.007317
vt 0.144519 0.007317
vt 0.144519 0.009667
vt 0.042321 0.024558
vt 0.043342 0.024558
vt 0.043342 0.027418
vt 0.042321 0.052140
vt 0.042321 0.049382
vt 0.043342 0.052140
vt 0.001411 0.346778
vt 0.002433 0.346778
vt 0.001411 0.344020
vt 0.002433 0.344020
vt 0.141761 0.010688
vt 0.144519 0.010688
vt 0.141761 0.016511
vt 0.144417 0.016511
vt 0.453039 0.063981
vt 0.453039 0.061325
vt 0.454061 0.063981
vt 0.454061 0.061325
vt 0.155450 0.010688
vt 0.158106 0.010688
vt 0.155450 0.016511
vt 0.158106 0.016511
vt 0.192701 0.897784
vt 0.193722 0.897784
vt 0.192701 0.895127
vt 0.001411 0.377016
vt 0.002433 0.377016
vt 0.001411 0.374258
vt 0.128072 0.010688
vt 0.130728 0.010688
vt 0.128072 0.016511
vt 0.130728 0.016511
vt 0.144474 0.021008
vt 0.141716 0.021008
vt 0.144474 0.024890
vt 0.035087 0.033063
vt 0.035087 0.030305
vt 0.034065 0.033063
vt 0.035087 0.038477
vt 0.034065 0.038477
vt 0.035087 0.041235
vt 0.034065 0.041235
vt 0.133486 0.009667
vt 0.158106 0.009667
vt 0.035087 0.052268
vt 0.034065 0.052268
vt 0.035087 0.054924
vt 0.031715 0.137569
vt 0.034065 0.137569
vt 0.034065 0.134913
vt 0.031715 0.134913
vt 0.034065 0.143085
vt 0.031715 0.143085
vt 0.031715 0.145946
vt 0.031715 0.118364
vt 0.031715 0.121122
vt 0.034065 0.118364
vt 0.031715 0.112847
vt 0.034065 0.112847
vt 0.031715 0.110089
vt 0.105904 0.007317
vt 0.105904 0.009667
vt 0.103146 0.007317
vt 0.103146 0.009667
vt 0.042321 0.115375
vt 0.042321 0.112719
vt 0.043342 0.115375
vt 0.043342 0.112719
vt 0.196072 0.903300
vt 0.193722 0.903351
vt 0.196072 0.906058
vt 0.031715 0.035719
vt 0.031715 0.038477
vt 0.034065 0.035719
vt 0.031715 0.041235
vt 0.031715 0.063301
vt 0.034065 0.063301
vt 0.034065 0.060543
vt 0.031715 0.060543
vt 0.031715 0.071576
vt 0.034065 0.071576
vt 0.031715 0.068818
vt 0.034065 0.077092
vt 0.031715 0.077092
vt 0.031715 0.079851
vt 0.034065 0.079851
vt 0.034065 0.085367
vt 0.031715 0.085367
vt 0.031715 0.088125
vt 0.034065 0.093642
vt 0.031715 0.093642
vt 0.034065 0.096400
vt 0.031715 0.096400
vt 0.001411 0.354950
vt 0.002433 0.354950
vt 0.002433 0.352192
vt 0.001411 0.352192
vt 0.002433 0.341261
vt 0.002433 0.338605
vt 0.001411 0.341261
vt 0.001411 0.338605
vt 0.056768 0.108591
vt 0.057790 0.108591
vt 0.056768 0.111247
vt 0.057790 0.111247
vt 0.043342 0.093411
vt 0.042321 0.093411
vt 0.042321 0.090653
vt 0.043342 0.090653
vt 0.001411 0.418287
vt 0.002433 0.418287
vt 0.001411 0.415631
vt 0.042321 0.082378
vt 0.043342 0.082378
vt 0.043342 0.085137
vt 0.001411 0.401840
vt 0.002433 0.401840
vt 0.001411 0.399082
vt 0.057790 0.097660
vt 0.057790 0.100418
vt 0.056768 0.097660
vt 0.056768 0.100418
vt 0.001411 0.368844
vt 0.001411 0.371500
vt 0.002433 0.368844
vt 0.002433 0.371500
vt 0.056768 0.094902
vt 0.057790 0.094902
vt 0.039911 0.007317
vt 0.039911 0.009667
vt 0.037051 0.007317
vt 0.037051 0.009667
vt 0.056256 0.009667
vt 0.053600 0.009667
vt 0.056256 0.007317
vt 0.053600 0.007317
vt 0.035087 0.024890
vt 0.034065 0.024890
vt 0.035087 0.027547
vt 0.034065 0.027547
vt 0.035087 0.046752
vt 0.034065 0.046752
vt 0.035087 0.049510
vt 0.035087 0.077092
vt 0.035087 0.079851
vt 0.001411 0.365983
vt 0.001411 0.368639
vt 0.002433 0.365983
vt 0.002433 0.368639
vt 0.031715 0.101916
vt 0.031715 0.104572
vt 0.034065 0.101916
vt 0.149933 0.016511
vt 0.152692 0.016511
vt 0.004374 0.352294
vt 0.004374 0.355053
vt 0.004374 0.368946
vt 0.004374 0.371500
vt 0.147277 0.010688
vt 0.147175 0.016511
vt 0.002433 0.335745
vt 0.004374 0.335745
vt 0.004374 0.332936
vt 0.002433 0.332936
vt 0.034065 0.099158
vt 0.031715 0.099158
vt 0.160966 0.009667
vt 0.163776 0.010688
vt 0.122453 0.010688
vt 0.031715 0.057785
vt 0.034065 0.057785
vt 0.031715 0.055129
vt 0.034065 0.055129
vt 0.034065 0.049510
vt 0.034065 0.030305
vt 0.031715 0.024890
vt 0.031715 0.027547
vt 0.061875 0.009667
vt 0.059116 0.007317
vt 0.045427 0.009667
vt 0.042567 0.009667
vt 0.042567 0.007317
vt 0.056768 0.089386
vt 0.057790 0.089386
vt 0.057790 0.092144
vt 0.056768 0.092144
vt 0.001411 0.360467
vt 0.001411 0.363225
vt 0.002433 0.360467
vt 0.002433 0.363225
vt 0.057790 0.103075
vt 0.057790 0.105833
vt 0.056768 0.103075
vt 0.056768 0.105833
vt 0.910186 0.238076
vt 0.909164 0.238076
vt 0.910186 0.240784
vt 0.043342 0.063173
vt 0.042321 0.063173
vt 0.002433 0.396324
vt 0.001411 0.396324
vt 0.043342 0.087895
vt 0.042321 0.087895
vt 0.043342 0.096169
vt 0.042321 0.096169
vt 0.043342 0.079620
vt 0.042321 0.079620
vt 0.004374 0.338503
vt 0.004374 0.341261
vt 0.002433 0.357709
vt 0.001411 0.357709
vt 0.034065 0.088125
vt 0.031715 0.090883
vt 0.031715 0.082609
vt 0.034065 0.082609
vt 0.031715 0.074334
vt 0.034065 0.074334
vt 0.031715 0.066059
vt 0.034065 0.066059
vt 0.034065 0.068818
vt 0.031715 0.052268
vt 0.031715 0.054924
vt 0.031715 0.046752
vt 0.034065 0.043994
vt 0.031715 0.043994
vt 0.031715 0.030305
vt 0.031715 0.033063
vt 0.196072 0.900593
vt 0.196072 0.897784
vt 0.193722 0.900593
vt 0.056768 0.086627
vt 0.057790 0.086627
vt 0.446848 0.047470
vt 0.446848 0.044712
vt 0.447869 0.047470
vt 0.447869 0.044712
vt 0.108662 0.009667
vt 0.108662 0.007317
vt 0.031715 0.107331
vt 0.034065 0.104572
vt 0.034065 0.115605
vt 0.031715 0.115605
vt 0.031715 0.140429
vt 0.034065 0.140429
vt 0.034395 0.007317
vt 0.031715 0.132257
vt 0.034065 0.132257
vt 0.078424 0.009667
vt 0.078424 0.010688
vt 0.075666 0.009667
vt 0.105904 0.010688
vt 0.103146 0.010688
vt 0.035087 0.057785
vt 0.155450 0.009667
vt 0.002433 0.338401
vt 0.001411 0.338401
vt 0.001411 0.335745
vt 0.136244 0.009667
vt 0.139003 0.010688
vt 0.139003 0.009667
vt 0.128072 0.007317
vt 0.130728 0.007317
vt 0.128072 0.009667
vt 0.130728 0.009667
vt 0.035087 0.043994
vt 0.035087 0.035719
vt 0.028895 0.153098
vt 0.026137 0.153098
vt 0.028895 0.156980
vt 0.004374 0.437595
vt 0.004374 0.440455
vt 0.008256 0.437595
vt 0.004374 0.365983
vt 0.004374 0.368741
vt 0.002433 0.374258
vt 0.158310 0.016511
vt 0.160966 0.016511
vt 0.163724 0.016511
vt 0.004374 0.338299
vt 0.031715 0.049510
vt 0.008256 0.393565
vt 0.004374 0.393565
vt 0.008256 0.396324
vt 0.004374 0.396324
vt 0.139003 0.016511
vt 0.002433 0.349434
vt 0.001411 0.349434
vt 0.001411 0.332936
vt 0.001411 0.330229
vt 0.043342 0.030074
vt 0.042321 0.030074
vt 0.042321 0.035591
vt 0.043342 0.035591
vt 0.043342 0.038247
vt 0.139003 0.007317
vt 0.136244 0.007317
vt 0.002433 0.385291
vt 0.001411 0.385291
vt 0.001411 0.388049
vt 0.002433 0.388049
vt 0.001411 0.404598
vt 0.002433 0.404598
vt 0.043342 0.071345
vt 0.042321 0.068587
vt 0.001411 0.421046
vt 0.002433 0.421046
vt 0.001411 0.462317
vt 0.002433 0.462317
vt 0.001411 0.448628
vt 0.002433 0.448628
vt 0.001411 0.445972
vt 0.035087 0.055129
vt 0.042321 0.021902
vt 0.043342 0.021902
vt 0.002433 0.454144
vt 0.001411 0.454144
vt 0.092113 0.009667
vt 0.092113 0.007317
vt 0.094871 0.009667
vt 0.116937 0.007317
vt 0.116937 0.009667
vt 0.114179 0.009667
vt 0.083838 0.009667
vt 0.083838 0.007317
vt 0.133486 0.007317
vt 0.034065 0.145946
vt 0.031715 0.148602
vt 0.034065 0.148602
vt 0.031715 0.123880
vt 0.034065 0.121122
vt 0.034065 0.123880
vt 0.067391 0.007317
vt 0.067391 0.009667
vt 0.163776 0.007317
vt 0.163776 0.009667
vt 0.160966 0.007317
vt 0.075666 0.007317
vt 0.147277 0.007317
vt 0.147277 0.009667
vt 0.149933 0.007317
vt 0.152692 0.009667
vt 0.152692 0.007317
vt 0.155450 0.007317
vt 0.050740 0.007317
vt 0.050740 0.009667
vt 0.196072 0.895127
vt 0.094871 0.010688
vt 0.100388 0.009667
vt 0.100388 0.007317
vt 0.008256 0.368639
vt 0.008256 0.368844
vt 0.034065 0.054924
vt 0.043342 0.115579
vt 0.042321 0.115579
vt 0.031715 0.024686
vt 0.158106 0.007317
vt 0.158310 0.007317
vt 0.057790 0.111451
vt 0.056768 0.111451
vt 0.035087 0.024686
vt 0.034065 0.024686
vt 0.117624 0.539724
vt 0.117624 0.537374
vt 0.114866 0.539724
vt 0.114866 0.537374
vt 0.084628 0.528362
vt 0.084628 0.522539
vt 0.081869 0.528362
vt 0.109554 0.476111
vt 0.109554 0.473762
vt 0.112108 0.473762
vt 0.377696 0.454061
vt 0.375040 0.454061
vt 0.377696 0.450179
vt 0.375040 0.450179
vt 0.004741 0.476111
vt 0.002085 0.476111
vt 0.004741 0.473762
vt 0.002085 0.473762
vt 0.114866 0.476111
vt 0.114866 0.473762
vt 0.117624 0.473762
vt 0.106591 0.477133
vt 0.106591 0.476111
vt 0.109247 0.477133
vt 0.029565 0.473762
vt 0.029565 0.476111
vt 0.026807 0.473762
vt 0.026807 0.476111
vt 0.123192 0.476111
vt 0.123141 0.473762
vt 0.125899 0.476111
vt 0.125899 0.473762
vt 0.021291 0.473762
vt 0.021291 0.476111
vt 0.018532 0.476111
vt 0.018532 0.473762
vt 0.010258 0.537374
vt 0.010258 0.539724
vt 0.012914 0.539724
vt 0.012914 0.537374
vt 0.087386 0.473762
vt 0.087386 0.476111
vt 0.084628 0.473762
vt 0.084628 0.476111
vt 0.035082 0.476111
vt 0.035082 0.473762
vt 0.037738 0.473762
vt 0.037738 0.476111
vt 0.070836 0.473762
vt 0.070836 0.476111
vt 0.068078 0.473762
vt 0.021291 0.522539
vt 0.021291 0.521517
vt 0.018532 0.521517
vt 0.079213 0.537374
vt 0.079213 0.539724
vt 0.081869 0.537374
vt 0.081869 0.539724
vt 0.046012 0.473762
vt 0.046012 0.476111
vt 0.043254 0.473762
vt 0.004741 0.521517
vt 0.002085 0.521517
vt 0.004741 0.522539
vt 0.002085 0.522539
vt 0.037738 0.490190
vt 0.037738 0.491212
vt 0.035082 0.490190
vt 0.035082 0.491212
vt 0.043254 0.521517
vt 0.043254 0.522539
vt 0.046012 0.521517
vt 0.046012 0.522539
vt 0.062562 0.521517
vt 0.059804 0.521517
vt 0.062562 0.522539
vt 0.059804 0.522539
vt 0.101177 0.473762
vt 0.101177 0.476111
vt 0.098419 0.473762
vt 0.002085 0.491212
vt 0.002085 0.490190
vt 0.004741 0.491212
vt 0.004741 0.490190
vt 0.021291 0.490190
vt 0.021291 0.491212
vt 0.018532 0.490190
vt 0.109554 0.521517
vt 0.109554 0.522539
vt 0.112108 0.522539
vt 0.112108 0.521517
vt 0.114866 0.522539
vt 0.117624 0.528362
vt 0.117624 0.522539
vt 0.114866 0.528362
vt 0.076353 0.522539
vt 0.078907 0.528362
vt 0.078907 0.522539
vt 0.076353 0.528362
vt 0.081869 0.479074
vt 0.084628 0.479074
vt 0.081869 0.482956
vt 0.084628 0.482956
vt 0.112108 0.540745
vt 0.112108 0.539724
vt 0.109554 0.540745
vt 0.101177 0.540745
vt 0.101177 0.539724
vt 0.098419 0.540745
vt 0.098419 0.477133
vt 0.098419 0.476111
vt 0.101177 0.477133
vt 0.084628 0.540745
vt 0.084628 0.539724
vt 0.081869 0.540745
vt 0.002085 0.537374
vt 0.002085 0.539724
vt 0.004741 0.537374
vt 0.004741 0.539724
vt 0.018532 0.537374
vt 0.018532 0.539724
vt 0.021291 0.537374
vt 0.021291 0.539724
vt 0.029565 0.539724
vt 0.029565 0.537374
vt 0.026807 0.537374
vt 0.026807 0.539724
vt 0.062562 0.476111
vt 0.059804 0.476111
vt 0.062562 0.473762
vt 0.059804 0.473762
vt 0.087386 0.490190
vt 0.087386 0.491212
vt 0.084628 0.490190
vt 0.084628 0.491212
vt 0.125899 0.539724
vt 0.125899 0.537374
vt 0.123141 0.537374
vt 0.103935 0.537374
vt 0.103935 0.539724
vt 0.101177 0.537374
vt 0.098419 0.537374
vt 0.098419 0.539724
vt 0.081869 0.522539
vt 0.081869 0.521517
vt 0.079213 0.521517
vt 0.037738 0.522539
vt 0.035082 0.522539
vt 0.037738 0.528362
vt 0.034980 0.528362
vt 0.070836 0.537374
vt 0.068078 0.537374
vt 0.070836 0.539724
vt 0.059804 0.537374
vt 0.059804 0.539724
vt 0.062562 0.537374
vt 0.062562 0.539724
vt 0.046012 0.537374
vt 0.043254 0.537374
vt 0.046012 0.539724
vt 0.101177 0.522539
vt 0.101177 0.521517
vt 0.098419 0.521517
vt 0.114866 0.521517
vt 0.117624 0.521517
vt 0.114866 0.491212
vt 0.114866 0.490190
vt 0.117624 0.491212
vt 0.117624 0.490190
vt 0.046012 0.491212
vt 0.043254 0.491212
vt 0.046012 0.490190
vt 0.043254 0.490190
vt 0.062562 0.490190
vt 0.062562 0.491212
vt 0.059804 0.490190
vt 0.059804 0.491212
vt 0.037738 0.521517
vt 0.035082 0.521517
vt 0.101177 0.490190
vt 0.103935 0.490190
vt 0.101177 0.491212
vt 0.103935 0.491212
vt 0.087386 0.522539
vt 0.087386 0.521517
vt 0.084628 0.521517
vt 0.098419 0.491212
vt 0.098419 0.490190
vt 0.012914 0.473762
vt 0.012914 0.476111
vt 0.010258 0.473762
vt 0.010258 0.476111
vt 0.090144 0.540745
vt 0.092902 0.540745
vt 0.090144 0.539724
vt 0.084628 0.477133
vt 0.081869 0.477133
vt 0.081869 0.476111
vt 0.037738 0.539724
vt 0.037738 0.537374
vt 0.035082 0.539724
vt 0.035082 0.537374
vt 0.123141 0.522539
vt 0.125899 0.528362
vt 0.125899 0.522539
vt 0.123141 0.528362
vt 0.109554 0.482956
vt 0.109452 0.479074
vt 0.112108 0.482956
vt 0.112108 0.479074
vt 0.098419 0.522539
vt 0.098419 0.528362
vt 0.018532 0.522539
vt 0.021291 0.528362
vt 0.018532 0.528362
vt 0.029565 0.522539
vt 0.026807 0.522539
vt 0.029565 0.528362
vt 0.026807 0.528362
vt 0.032324 0.522539
vt 0.032324 0.528362
vt 0.010258 0.522539
vt 0.007397 0.522539
vt 0.010258 0.528362
vt 0.076353 0.477133
vt 0.076353 0.479074
vt 0.073595 0.477133
vt 0.073595 0.479074
vt 0.095660 0.528362
vt 0.120382 0.528362
vt 0.120433 0.522539
vt 0.073595 0.522539
vt 0.073595 0.528362
vt 0.051529 0.528362
vt 0.051529 0.522539
vt 0.048771 0.528362
vt 0.048771 0.522539
vt 0.043254 0.539724
vt 0.040496 0.539724
vt 0.040496 0.537374
vt 0.076353 0.540745
vt 0.076353 0.539724
vt 0.073595 0.540745
vt 0.073595 0.539724
vt 0.076353 0.476111
vt 0.079009 0.477133
vt 0.087386 0.540745
vt 0.087386 0.539724
vt 0.106591 0.539724
vt 0.109247 0.537374
vt 0.106591 0.537374
vt 0.114866 0.540745
vt 0.015774 0.476111
vt 0.015774 0.473762
vt 0.092902 0.490190
vt 0.095660 0.490190
vt 0.092902 0.491212
vt 0.095660 0.491212
vt 0.090144 0.521517
vt 0.090144 0.522539
vt 0.092902 0.521517
vt 0.109554 0.491212
vt 0.109554 0.490190
vt 0.112108 0.490190
vt 0.112108 0.491212
vt 0.106591 0.490190
vt 0.106591 0.491212
vt 0.032324 0.490190
vt 0.032324 0.491212
vt 0.057045 0.521517
vt 0.057045 0.522539
vt 0.054287 0.521517
vt 0.054287 0.522539
vt 0.057045 0.490190
vt 0.057045 0.491212
vt 0.054287 0.490190
vt 0.054287 0.491212
vt 0.076353 0.521517
vt 0.073595 0.521517
vt 0.070836 0.521517
vt 0.015774 0.521517
vt 0.040496 0.521517
vt 0.040496 0.522539
vt 0.073595 0.490190
vt 0.073595 0.491212
vt 0.070836 0.490190
vt 0.076353 0.482956
vt 0.078907 0.482956
vt 0.079009 0.479074
vt 0.018532 0.491212
vt 0.015774 0.490190
vt 0.112108 0.528362
vt 0.109554 0.528362
vt 0.092902 0.522539
vt 0.095660 0.521517
vt 0.051529 0.537374
vt 0.048771 0.537374
vt 0.051529 0.539724
vt 0.048771 0.539724
vt 0.057045 0.539724
vt 0.057045 0.537374
vt 0.054287 0.539724
vt 0.054287 0.537374
vt 0.065320 0.539724
vt 0.068078 0.539724
vt 0.065320 0.537374
vt 0.073595 0.537374
vt 0.076353 0.537374
vt 0.040496 0.528362
vt 0.084628 0.537374
vt 0.078907 0.537374
vt 0.092902 0.537374
vt 0.092902 0.539724
vt 0.095660 0.537374
vt 0.095660 0.539724
vt 0.109554 0.537374
vt 0.109554 0.539724
vt 0.112108 0.537374
vt 0.120433 0.539724
vt 0.120433 0.537374
vt 0.123192 0.539724
vt 0.090144 0.491212
vt 0.090144 0.490190
vt 0.068078 0.476111
vt 0.065320 0.473762
vt 0.065320 0.476111
vt 0.032324 0.537374
vt 0.032324 0.539724
vt 0.024049 0.537374
vt 0.024049 0.539724
vt 0.007397 0.537374
vt 0.007397 0.539724
vt 0.079213 0.540745
vt 0.079213 0.479074
vt 0.079213 0.482956
vt 0.106591 0.521517
vt 0.106591 0.522539
vt 0.109247 0.522539
vt 0.109247 0.521517
vt 0.095660 0.476111
vt 0.095660 0.477133
vt 0.092902 0.476111
vt 0.090144 0.476111
vt 0.087386 0.477133
vt 0.090144 0.477133
vt 0.095660 0.540745
vt 0.103935 0.540745
vt 0.106591 0.540745
vt 0.078907 0.540745
vt 0.078907 0.539724
vt 0.079213 0.476111
vt 0.079213 0.477133
vt 0.079213 0.528362
vt 0.079213 0.522539
vt 0.109247 0.540745
vt 0.109247 0.539724
vt 0.114866 0.482956
vt 0.114866 0.479074
vt 0.120382 0.482956
vt 0.120433 0.479074
vt 0.123141 0.482956
vt 0.109247 0.528362
vt 0.106591 0.528362
vt 0.090144 0.537374
vt 0.087386 0.537374
vt 0.103935 0.522539
vt 0.103935 0.521517
vt 0.095660 0.473762
vt 0.040496 0.490190
vt 0.040496 0.491212
vt 0.032324 0.521517
vt 0.081869 0.490190
vt 0.081869 0.491212
vt 0.078907 0.490190
vt 0.078907 0.491212
vt 0.076353 0.491212
vt 0.076353 0.490190
vt 0.051529 0.473762
vt 0.051529 0.476111
vt 0.048771 0.473762
vt 0.048771 0.476111
vt 0.081869 0.473762
vt 0.078907 0.473762
vt 0.079009 0.476111
vt 0.076353 0.473762
vt 0.073595 0.476111
vt 0.073595 0.473762
vt 0.040496 0.476111
vt 0.040496 0.473762
vt 0.043254 0.476111
vt 0.090144 0.473762
vt 0.092902 0.473762
vt 0.015774 0.537374
vt 0.015774 0.539724
vt 0.024049 0.473762
vt 0.024049 0.476111
vt 0.117624 0.476111
vt 0.120433 0.476111
vt 0.120433 0.473762
vt 0.032324 0.476111
vt 0.032324 0.473762
vt 0.103935 0.473762
vt 0.103935 0.476111
vt 0.109554 0.477133
vt 0.112108 0.477133
vt 0.112108 0.476111
vt 0.007397 0.473762
vt 0.007397 0.476111
vt 0.103833 0.528362
vt 0.101075 0.528362
vt 0.103935 0.477133
vt 0.079213 0.491212
vt 0.079213 0.490190
vt 0.078907 0.521517
vt 0.109247 0.490190
vt 0.109247 0.491212
vt 0.057045 0.476111
vt 0.057045 0.473762
vt 0.054287 0.476111
vt 0.054287 0.473762
vt 0.109247 0.476111
vt 0.079213 0.473762
vt 0.109247 0.479074
vt 0.109247 0.473762
vt 0.106591 0.473762
vt 0.106591 0.479074
vt 0.004741 0.479074
vt 0.004741 0.482956
vt 0.002085 0.479074
vt 0.010258 0.482956
vt 0.010258 0.479074
vt 0.012914 0.479074
vt 0.068078 0.482956
vt 0.068078 0.479074
vt 0.070836 0.479074
vt 0.004128 0.316148
vt 0.001370 0.320030
vt 0.001370 0.316148
vt 0.073595 0.482956
vt 0.057045 0.482956
vt 0.057045 0.479074
vt 0.059804 0.479074
vt 0.054287 0.482956
vt 0.054287 0.479074
vt 0.012914 0.482956
vt 0.015774 0.479074
vt 0.007397 0.479074
vt 0.040496 0.482956
vt 0.040496 0.479074
vt 0.043254 0.482956
vt 0.114866 0.477133
vt 0.416706 0.020639
vt 0.416911 0.016757
vt 0.416911 0.020639
vt 0.416604 0.016757
vt 0.447869 0.030959
vt 0.445213 0.027077
vt 0.445315 0.030959
vt 0.447869 0.027077
vt 0.008256 0.363225
vt 0.004374 0.363225
vt 0.008256 0.365983
vt 0.008256 0.332987
vt 0.008256 0.335745
vt 0.008256 0.338605
vt 0.008256 0.341261
vt 0.327468 0.002310
vt 0.327468 0.006192
vt 0.330124 0.002310
vt 0.330226 0.006192
vt 0.008256 0.344020
vt 0.004374 0.344020
vt 0.414255 0.025013
vt 0.414255 0.028895
vt 0.416808 0.028895
vt 0.416911 0.025013
vt 0.008256 0.371500
vt 0.004374 0.374258
vt 0.008256 0.374258
vt 0.406387 0.016756
vt 0.406387 0.020639
vt 0.406591 0.016750
vt 0.406591 0.020634
vt 0.097629 0.010688
vt 0.086596 0.010688
vt 0.089355 0.010688
vt 0.092113 0.010688
vt 0.004374 0.346778
vt 0.048083 0.010688
vt 0.072907 0.009667
vt 0.070149 0.010688
vt 0.072907 0.010688
vt 0.070149 0.016511
vt 0.072907 0.016511
vt 0.075666 0.016511
vt 0.067391 0.016511
vt 0.067391 0.010688
vt 0.064633 0.016511
vt 0.064633 0.010688
vt 0.075666 0.010688
vt 0.078322 0.016511
vt 0.081080 0.010688
vt 0.081080 0.016511
vt 0.083838 0.010688
vt 0.083838 0.016511
vt 0.086596 0.016511
vt 0.089355 0.016511
vt 0.092113 0.016511
vt 0.094871 0.016511
vt 0.097629 0.016511
vt 0.100388 0.010688
vt 0.100388 0.016511
vt 0.169241 0.009667
vt 0.166483 0.010688
vt 0.169241 0.010688
vt 0.169241 0.016511
vt 0.166483 0.016511
vt 0.061875 0.010688
vt 0.061875 0.016511
vt 0.059116 0.016511
vt 0.059116 0.009667
vt 0.059116 0.010688
vt 0.056256 0.016511
vt 0.053600 0.016511
vt 0.056256 0.010688
vt 0.053600 0.010688
vt 0.050740 0.016511
vt 0.048083 0.016511
vt 0.050740 0.010688
vt 0.045223 0.016511
vt 0.045427 0.010688
vt 0.042567 0.016511
vt 0.042567 0.010688
vt 0.002433 0.432078
vt 0.002433 0.437595
vt 0.002433 0.440455
vt 0.001411 0.440455
vt 0.001411 0.437595
vt 0.001411 0.443111
vt 0.002433 0.443111
vt 0.002433 0.445972
vt 0.002433 0.451284
vt 0.001411 0.451284
vt 0.002433 0.456800
vt 0.042321 0.109961
vt 0.042321 0.104444
vt 0.043342 0.104444
vt 0.043342 0.101686
vt 0.042321 0.101686
vt 0.042321 0.098928
vt 0.043342 0.098928
vt 0.002433 0.407357
vt 0.001411 0.407357
vt 0.001411 0.410115
vt 0.002433 0.410115
vt 0.042321 0.032935
vt 0.043342 0.032935
vt 0.042321 0.027418
vt 0.042321 0.038247
vt 0.042321 0.041107
vt 0.043342 0.041107
vt 0.042321 0.043763
vt 0.043342 0.043763
vt 0.042321 0.046624
vt 0.043342 0.046624
vt 0.043342 0.049382
vt 0.001411 0.327470
vt 0.002433 0.327470
vt 0.002433 0.330177
vt 0.004374 0.399082
vt 0.004374 0.401840
vt 0.008256 0.399082
vt 0.002433 0.399082
vt 0.004374 0.404598
vt 0.008256 0.404598
vt 0.008256 0.401840
vt 0.008256 0.407357
vt 0.004374 0.407357
vt 0.008256 0.410115
vt 0.004374 0.410115
vt 0.193722 0.895127
vt 0.002433 0.379774
vt 0.002433 0.382533
vt 0.001411 0.382533
vt 0.001411 0.379774
vt 0.035087 0.096400
vt 0.035087 0.093642
vt 0.035087 0.090883
vt 0.034065 0.090883
vt 0.039911 0.010688
vt 0.108662 0.010688
vt 0.035087 0.143085
vt 0.035087 0.140429
vt 0.035087 0.145946
vt 0.035087 0.148602
vt 0.035087 0.137569
vt 0.035087 0.134913
vt 0.035087 0.132257
vt 0.035087 0.129396
vt 0.035087 0.126740
vt 0.035087 0.123880
vt 0.035087 0.121122
vt 0.035087 0.118364
vt 0.034065 0.110089
vt 0.035087 0.112847
vt 0.035087 0.110089
vt 0.035087 0.107331
vt 0.035087 0.104572
vt 0.034065 0.107331
vt 0.035087 0.101916
vt 0.035087 0.115605
vt 0.193722 0.906058
vt 0.192701 0.903300
vt 0.192701 0.906058
vt 0.192701 0.900593
vt 0.035087 0.085367
vt 0.043342 0.076862
vt 0.042321 0.076862
vt 0.043342 0.074104
vt 0.042321 0.074104
vt 0.042321 0.085137
vt 0.910186 0.243542
vt 0.909164 0.243542
vt 0.909164 0.240835
vt 0.035087 0.099158
vt 0.004374 0.382533
vt 0.004374 0.385291
vt 0.008256 0.382533
vt 0.004374 0.379774
vt 0.004374 0.377016
vt 0.008256 0.379774
vt 0.008256 0.377016
vt 0.008256 0.385291
vt 0.114179 0.010688
vt 0.114179 0.016511
vt 0.111420 0.010688
vt 0.111420 0.016511
vt 0.108662 0.016511
vt 0.008256 0.434837
vt 0.008256 0.432078
vt 0.004374 0.434837
vt 0.008256 0.440455
vt 0.008256 0.443111
vt 0.004374 0.443111
vt 0.008256 0.445972
vt 0.004374 0.445972
vt 0.008256 0.448628
vt 0.004374 0.448628
vt 0.008256 0.451488
vt 0.004374 0.451284
vt 0.008256 0.454144
vt 0.004374 0.454144
vt 0.008256 0.456800
vt 0.004374 0.456800
vt 0.008256 0.459661
vt 0.004374 0.459661
vt 0.008256 0.462317
vt 0.004374 0.462317
vt 0.004374 0.360569
vt 0.105904 0.016511
vt 0.116937 0.016511
vt 0.116937 0.010688
vt 0.119695 0.016511
vt 0.119695 0.010688
vt 0.122453 0.016511
vt 0.004374 0.421046
vt 0.004374 0.423804
vt 0.008256 0.421046
vt 0.002433 0.423804
vt 0.002433 0.426562
vt 0.004374 0.426562
vt 0.008256 0.426562
vt 0.004374 0.429320
vt 0.002433 0.429320
vt 0.008256 0.423804
vt 0.008256 0.429320
vt 0.008256 0.418389
vt 0.008256 0.415631
vt 0.004374 0.418287
vt 0.008256 0.412873
vt 0.004374 0.415631
vt 0.004374 0.412873
vt 0.004374 0.432078
vt 0.004374 0.357811
vt 0.035087 0.063301
vt 0.035087 0.066059
vt 0.035087 0.068818
vt 0.035087 0.071576
vt 0.035087 0.074334
vt 0.043342 0.060415
vt 0.042321 0.060415
vt 0.043342 0.057657
vt 0.042321 0.057657
vt 0.042321 0.071345
vt 0.042321 0.054898
vt 0.043342 0.054898
vt 0.001411 0.412873
vt 0.002433 0.412873
vt 0.002433 0.415631
vt 0.001411 0.423804
vt 0.001411 0.426562
vt 0.001411 0.429320
vt 0.035087 0.088125
vt 0.034395 0.009667
vt 0.037051 0.010688
vt 0.034395 0.010688
vt 0.034395 0.016511
vt 0.037051 0.016511
vt 0.039911 0.016511
vt 0.035087 0.060543
vt 0.035087 0.082609
vt 0.004374 0.349536
vt 0.117624 0.477133
vt 0.015774 0.522539
vt 0.046012 0.477133
vt 0.043254 0.477133
vt 0.040496 0.477133
vt 0.437550 0.385952
vt 0.434792 0.385879
vt 0.437550 0.382069
vt 0.434792 0.381996
vt 0.026807 0.521517
vt 0.029565 0.521517
vt 0.024049 0.522539
vt 0.024049 0.521517
vt 0.015774 0.491212
vt 0.012914 0.491212
vt 0.012914 0.490190
vt 0.010258 0.491212
vt 0.010258 0.490190
vt 0.123141 0.521517
vt 0.123192 0.522539
vt 0.125899 0.521517
vt 0.098317 0.479074
vt 0.101075 0.479074
vt 0.098419 0.482956
vt 0.101075 0.482956
vt 0.054287 0.528362
vt 0.057045 0.528362
vt 0.059804 0.528362
vt 0.123141 0.479074
vt 0.125899 0.482956
vt 0.123141 0.477133
vt 0.125899 0.479074
vt 0.125899 0.477133
vt 0.117624 0.482956
vt 0.117624 0.479074
vt 0.012914 0.522539
vt 0.012914 0.528362
vt 0.015774 0.528362
vt 0.092902 0.477133
vt 0.092800 0.479074
vt 0.090042 0.479074
vt 0.043254 0.540745
vt 0.046012 0.540745
vt 0.004741 0.477133
vt 0.002085 0.477133
vt 0.037738 0.477133
vt 0.035082 0.477133
vt 0.021291 0.477133
vt 0.018532 0.477133
vt 0.021291 0.540745
vt 0.018532 0.540745
vt 0.125899 0.540745
vt 0.123141 0.540745
vt 0.068078 0.491212
vt 0.068078 0.490190
vt 0.070836 0.491212
vt 0.012914 0.521517
vt 0.010258 0.521517
vt 0.068078 0.521517
vt 0.068078 0.522539
vt 0.070836 0.522539
vt 0.051529 0.490190
vt 0.051529 0.491212
vt 0.051529 0.521517
vt 0.026807 0.491212
vt 0.026807 0.490190
vt 0.029565 0.490190
vt 0.029565 0.491212
vt 0.024049 0.491212
vt 0.024049 0.490190
vt 0.123192 0.491212
vt 0.123141 0.490190
vt 0.125899 0.490190
vt 0.125899 0.491212
vt 0.117624 0.540745
vt 0.062562 0.540745
vt 0.059804 0.540745
vt 0.002085 0.540745
vt 0.004741 0.540745
vt 0.007397 0.540745
vt 0.037738 0.540745
vt 0.035082 0.540745
vt 0.046012 0.528362
vt 0.043254 0.528362
vt 0.004741 0.528362
vt 0.007397 0.528362
vt 0.001881 0.528362
vt 0.090144 0.528362
vt 0.092902 0.528362
vt 0.087386 0.528362
vt 0.024049 0.528362
vt 0.095660 0.522539
vt 0.336418 0.006192
vt 0.333660 0.006192
vt 0.336418 0.002310
vt 0.333660 0.002310
vt 0.014447 0.363249
vt 0.011689 0.363249
vt 0.014447 0.359367
vt 0.011689 0.359367
vt 0.070836 0.528362
vt 0.065320 0.522539
vt 0.068078 0.528362
vt 0.065320 0.528362
vt 0.062562 0.528362
vt 0.040496 0.540745
vt 0.015774 0.477133
vt 0.120433 0.490190
vt 0.120433 0.491212
vt 0.065320 0.491212
vt 0.065320 0.490190
vt 0.048771 0.491212
vt 0.048771 0.490190
vt 0.065320 0.540745
vt 0.070836 0.540745
vt 0.068078 0.540745
vt 0.032324 0.540745
vt 0.057045 0.477133
vt 0.059804 0.477133
vt 0.062562 0.477133
vt 0.054287 0.477133
vt 0.024049 0.540745
vt 0.032324 0.477133
vt 0.024049 0.477133
vt 0.054287 0.540745
vt 0.057045 0.540745
vt 0.087284 0.479074
vt 0.120433 0.477133
vt 0.095558 0.479074
vt 0.092902 0.482956
vt 0.095660 0.482956
vt 0.120433 0.521517
vt 0.007397 0.491212
vt 0.007397 0.490190
vt 0.065320 0.521517
vt 0.048771 0.521517
vt 0.007397 0.521517
vt 0.315779 0.006192
vt 0.313123 0.006192
vt 0.315779 0.002310
vt 0.313021 0.002310
vt 0.018575 0.371504
vt 0.015818 0.371432
vt 0.018575 0.367621
vt 0.015818 0.367549
vt 0.048771 0.477133
vt 0.010258 0.477133
vt 0.007397 0.477133
vt 0.103833 0.479074
vt 0.034980 0.482956
vt 0.035082 0.479074
vt 0.037738 0.479074
vt 0.032324 0.479074
vt 0.037738 0.482956
vt 0.032324 0.482956
vt 0.043254 0.479074
vt 0.046012 0.482956
vt 0.046012 0.479074
vt 0.402463 0.014816
vt 0.402463 0.018698
vt 0.399705 0.014816
vt 0.402463 0.020639
vt 0.399705 0.018698
vt 0.399705 0.020639
vt 0.412783 0.016880
vt 0.410025 0.020762
vt 0.410025 0.016880
vt 0.412783 0.020762
vt 0.410025 0.022703
vt 0.412783 0.022703
vt 0.029565 0.482956
vt 0.029565 0.479074
vt 0.029565 0.477133
vt 0.059804 0.482956
vt 0.051529 0.482956
vt 0.051529 0.479074
vt 0.051529 0.477133
vt 0.048771 0.482956
vt 0.048771 0.479074
vt 0.007397 0.482956
vt 0.012914 0.477133
vt 0.015774 0.482956
vt 0.018532 0.479074
vt 0.018532 0.482956
vt 0.021291 0.482956
vt 0.021291 0.479074
vt 0.024049 0.482956
vt 0.024049 0.479074
vt 0.026807 0.482956
vt 0.026807 0.479074
vt 0.026807 0.477133
vt 0.008256 0.346778
vt 0.026137 0.384134
vt 0.026137 0.388016
vt 0.028793 0.384134
vt 0.028895 0.388016
vt 0.008256 0.360467
vt 0.321277 0.002236
vt 0.321277 0.006119
vt 0.324034 0.002308
vt 0.324034 0.006192
vt 0.036457 0.398507
vt 0.036457 0.402391
vt 0.039214 0.398580
vt 0.039214 0.402463
vt 0.008256 0.349536
vt 0.008256 0.352294
vt 0.346043 0.002310
vt 0.346043 0.006192
vt 0.348801 0.002310
vt 0.348801 0.006192
vt 0.068078 0.477133
vt 0.070836 0.477133
vt 0.065320 0.477133
vt 0.015774 0.540745
vt 0.012914 0.540745
vt 0.010258 0.540745
vt 0.001881 0.482956
vt 0.004128 0.320030
vt 0.004128 0.321971
vt 0.001370 0.321971
vt 0.046776 0.418975
vt 0.049534 0.418975
vt 0.046776 0.417034
vt 0.049534 0.417034
vt 0.046776 0.413152
vt 0.049534 0.413152
vt 0.103146 0.016511
vt 0.051529 0.540745
vt 0.029565 0.540745
vt 0.026807 0.540745
vt 0.048771 0.540745
vt 0.120433 0.540745
vt 0.070836 0.482956
vt 0.141716 0.024890
vt 0.144474 0.026831
vt 0.141716 0.026831
vt 0.381130 0.447992
vt 0.381130 0.449933
vt 0.383888 0.449933
vt 0.383888 0.447992
vt 0.381130 0.444110
vt 0.383888 0.444110
vt 0.445111 0.016880
vt 0.447818 0.020762
vt 0.447869 0.016880
vt 0.445111 0.020762
vt 0.447818 0.022703
vt 0.445111 0.022703
vt 0.026137 0.156980
vt 0.028895 0.158921
vt 0.026137 0.158921
vt 0.027873 0.144474
vt 0.028895 0.144474
vt 0.027873 0.134667
vt 0.028895 0.134667
vt 0.027873 0.124860
vt 0.028895 0.124860
vt 0.027873 0.115053
vt 0.028895 0.115053
vt 0.028895 0.105246
vt 0.027873 0.105246
vt 0.028895 0.095439
vt 0.027873 0.095439
vt 0.028895 0.085632
vt 0.027873 0.085632
vt 0.028895 0.075825
vt 0.027873 0.075825
vt 0.027873 0.066018
vt 0.028895 0.066018
vt 0.027873 0.056211
vt 0.028895 0.056211
vt 0.027873 0.046404
vt 0.028895 0.046404
vt 0.027873 0.036597
vt 0.028895 0.036597
vt 0.027873 0.026790
vt 0.028895 0.026790
vt 0.027873 0.016983
vt 0.028895 0.016983
vt 0.028895 0.007176
vt 0.027873 0.007176
vt 0.057790 0.022177
vt 0.056768 0.022177
vt 0.057790 0.031984
vt 0.056768 0.031984
vt 0.057790 0.041791
vt 0.056768 0.041791
vt 0.057790 0.051598
vt 0.056768 0.051598
vt 0.060896 0.019061
vt 0.060896 0.025599
vt 0.061917 0.019061
vt 0.061917 0.025599
vt 0.060896 0.035406
vt 0.061917 0.035406
vt 0.061917 0.045213
vt 0.060896 0.045213
vt 0.061917 0.055020
vt 0.060896 0.055020
vt 0.061917 0.064827
vt 0.060896 0.064827
vt 0.060896 0.074634
vt 0.061917 0.074634
vt 0.061917 0.087710
vt 0.060896 0.087710
vt 0.060896 0.097517
vt 0.061917 0.097517
vt 0.061917 0.107324
vt 0.060896 0.107324
vt 0.002647 0.497403
vt 0.005916 0.497403
vt 0.002647 0.496382
vt 0.005916 0.496382
vt 0.015723 0.497403
vt 0.015723 0.496382
vt 0.025530 0.497403
vt 0.025530 0.496382
vt 0.035337 0.497403
vt 0.035337 0.496382
vt 0.045144 0.496382
vt 0.045144 0.497403
vt 0.054951 0.496382
vt 0.054951 0.497403
vt 0.064758 0.496382
vt 0.064758 0.497403
vt 0.074565 0.497403
vt 0.074565 0.496382
vt 0.084372 0.497403
vt 0.084372 0.496382
vt 0.094179 0.496382
vt 0.094179 0.497403
vt 0.103986 0.496382
vt 0.103986 0.497403
vt 0.113793 0.496382
vt 0.113793 0.497403
vt 0.123600 0.497403
vt 0.123600 0.496382
vt 0.136676 0.496382
vt 0.136676 0.497403
vt 0.146483 0.497403
vt 0.146483 0.496382
vt 0.156290 0.496382
vt 0.156290 0.497403
vt 0.166097 0.497403
vt 0.166097 0.496382
vt 0.175904 0.497403
vt 0.175904 0.496382
vt 0.185711 0.497403
vt 0.185711 0.496382
vt 0.195518 0.496382
vt 0.195518 0.497403
vt 0.205325 0.496382
vt 0.205325 0.497403
vt 0.215132 0.496382
vt 0.215132 0.497403
vt 0.224939 0.497403
vt 0.224939 0.496382
vt 0.234746 0.497403
vt 0.234746 0.496382
vt 0.244553 0.497403
vt 0.244553 0.496382
vt 0.254360 0.497403
vt 0.254360 0.496382
vt 0.264167 0.497403
vt 0.264167 0.496382
vt 0.273974 0.496382
vt 0.273974 0.497403
vt 0.283781 0.497403
vt 0.283781 0.496382
vt 0.293588 0.496382
vt 0.293588 0.497403
vt 0.303395 0.496382
vt 0.303395 0.497403
vt 0.053662 0.023188
vt 0.052640 0.023188
vt 0.053662 0.032995
vt 0.052640 0.032995
vt 0.053662 0.042802
vt 0.052640 0.042802
vt 0.052640 0.052609
vt 0.053662 0.052609
vt 0.052640 0.062416
vt 0.053662 0.062416
vt 0.053662 0.072223
vt 0.052640 0.072223
vt 0.053662 0.082030
vt 0.052640 0.082030
vt 0.052640 0.091837
vt 0.053662 0.091837
vt 0.053662 0.101644
vt 0.052640 0.101644
vt 0.053662 0.111451
vt 0.052640 0.111451
vt 0.015982 0.007176
vt 0.021396 0.007176
vt 0.015982 0.016983
vt 0.021396 0.016983
vt 0.022417 0.007176
vt 0.015982 0.026790
vt 0.022417 0.016983
vt 0.024767 0.007176
vt 0.024767 0.016983
vt 0.021396 0.026790
vt 0.022417 0.026790
vt 0.024767 0.026790
vt 0.021396 0.036597
vt 0.015982 0.036597
vt 0.022417 0.036597
vt 0.024767 0.036597
vt 0.024767 0.046404
vt 0.022417 0.046404
vt 0.024767 0.056211
vt 0.021396 0.046404
vt 0.015982 0.046404
vt 0.015982 0.056211
vt 0.022417 0.056211
vt 0.021396 0.056211
vt 0.022417 0.066018
vt 0.024767 0.066018
vt 0.021396 0.066018
vt 0.015982 0.066018
vt 0.015982 0.075825
vt 0.024767 0.075825
vt 0.021396 0.075825
vt 0.015982 0.085632
vt 0.022417 0.075825
vt 0.022417 0.085632
vt 0.024767 0.085632
vt 0.021396 0.085632
vt 0.022417 0.095439
vt 0.024767 0.095439
vt 0.024767 0.105246
vt 0.021396 0.095439
vt 0.015982 0.095439
vt 0.015982 0.105246
vt 0.022417 0.105246
vt 0.021396 0.105246
vt 0.015982 0.115053
vt 0.022417 0.115053
vt 0.024767 0.115053
vt 0.021396 0.115053
vt 0.015982 0.124860
vt 0.022417 0.124860
vt 0.024767 0.124860
vt 0.021396 0.124860
vt 0.022417 0.134667
vt 0.024767 0.134667
vt 0.024767 0.144474
vt 0.022417 0.144474
vt 0.021396 0.134667
vt 0.015982 0.134667
vt 0.021396 0.144474
vt 0.015982 0.144474
vt 0.470043 0.321444
vt 0.475457 0.321444
vt 0.470043 0.331251
vt 0.475457 0.331251
vt 0.470043 0.341058
vt 0.476478 0.321444
vt 0.475457 0.341058
vt 0.470043 0.350865
vt 0.475457 0.350865
vt 0.476478 0.350865
vt 0.476478 0.331251
vt 0.478828 0.321444
vt 0.478828 0.331251
vt 0.476478 0.341058
vt 0.478828 0.350865
vt 0.478828 0.341058
vt 0.022703 0.374054
vt 0.022703 0.380592
vt 0.020353 0.377323
vt 0.020353 0.380592
vt 0.019332 0.377323
vt 0.022703 0.390399
vt 0.013918 0.377323
vt 0.013918 0.380592
vt 0.019332 0.380592
vt 0.020353 0.390399
vt 0.019332 0.390399
vt 0.013918 0.390399
vt 0.013918 0.400206
vt 0.020353 0.400206
vt 0.022703 0.400206
vt 0.019332 0.400206
vt 0.013918 0.410013
vt 0.020353 0.410013
vt 0.022703 0.410013
vt 0.019332 0.410013
vt 0.019332 0.419820
vt 0.013918 0.419820
vt 0.013918 0.429627
vt 0.020353 0.419820
vt 0.022703 0.419820
vt 0.022703 0.429627
vt 0.019332 0.429627
vt 0.013918 0.442703
vt 0.020353 0.429627
vt 0.019332 0.442703
vt 0.013918 0.452510
vt 0.020353 0.442703
vt 0.022703 0.442703
vt 0.022703 0.452510
vt 0.019332 0.452510
vt 0.013918 0.462317
vt 0.019332 0.462317
vt 0.020353 0.452510
vt 0.020353 0.462317
vt 0.022703 0.462317
vt 0.002647 0.507193
vt 0.005916 0.507193
vt 0.005916 0.509543
vt 0.015723 0.509543
vt 0.015723 0.507193
vt 0.005916 0.510564
vt 0.005916 0.515979
vt 0.015723 0.515979
vt 0.015723 0.510564
vt 0.025530 0.515979
vt 0.025530 0.509543
vt 0.025530 0.507193
vt 0.025530 0.510564
vt 0.035337 0.507193
vt 0.035337 0.515979
vt 0.035337 0.509543
vt 0.035337 0.510564
vt 0.045144 0.510564
vt 0.045144 0.515979
vt 0.045144 0.509543
vt 0.045144 0.507193
vt 0.054951 0.507193
vt 0.054951 0.510564
vt 0.054951 0.515979
vt 0.054951 0.509543
vt 0.064758 0.510564
vt 0.064758 0.515979
vt 0.064758 0.509543
vt 0.064758 0.507193
vt 0.074565 0.510564
vt 0.074565 0.515979
vt 0.074565 0.509543
vt 0.074565 0.507193
vt 0.084372 0.507193
vt 0.084372 0.509543
vt 0.084372 0.510564
vt 0.084372 0.515979
vt 0.094179 0.515979
vt 0.094179 0.509543
vt 0.094179 0.507193
vt 0.094179 0.510564
vt 0.103986 0.515979
vt 0.103986 0.509543
vt 0.103986 0.510564
vt 0.113793 0.515979
vt 0.103986 0.507193
vt 0.113793 0.510564
vt 0.123600 0.515979
vt 0.113793 0.509543
vt 0.113793 0.507193
vt 0.123600 0.507193
vt 0.123600 0.510564
vt 0.136676 0.515979
vt 0.123600 0.509543
vt 0.136676 0.510564
vt 0.146483 0.515979
vt 0.136676 0.509543
vt 0.136676 0.507193
vt 0.146483 0.507193
vt 0.146483 0.510564
vt 0.156290 0.515979
vt 0.146483 0.509543
vt 0.156290 0.510564
vt 0.166097 0.515979
vt 0.156290 0.509543
vt 0.156290 0.507193
vt 0.166097 0.510564
vt 0.175904 0.515979
vt 0.166097 0.509543
vt 0.166097 0.507193
vt 0.175904 0.507193
vt 0.175904 0.509543
vt 0.185711 0.507193
vt 0.175904 0.510564
vt 0.185711 0.515979
vt 0.185711 0.509543
vt 0.185711 0.510564
vt 0.195518 0.515979
vt 0.195518 0.509543
vt 0.195518 0.507193
vt 0.205325 0.507193
vt 0.195518 0.510564
vt 0.205325 0.515979
vt 0.205325 0.509543
vt 0.215132 0.507193
vt 0.205325 0.510564
vt 0.215132 0.510564
vt 0.215132 0.515979
vt 0.215132 0.509543
vt 0.224939 0.510564
vt 0.224939 0.515979
vt 0.224939 0.509543
vt 0.224939 0.507193
vt 0.234746 0.515979
vt 0.234746 0.507193
vt 0.234746 0.509543
vt 0.234746 0.510564
vt 0.244553 0.509543
vt 0.244553 0.507193
vt 0.254360 0.507193
vt 0.244553 0.510564
vt 0.244553 0.515979
vt 0.254360 0.515979
vt 0.254360 0.509543
vt 0.264167 0.507193
vt 0.254360 0.510564
vt 0.264167 0.515979
vt 0.264167 0.510564
vt 0.264167 0.509543
vt 0.273974 0.510564
vt 0.273974 0.515979
vt 0.283781 0.515979
vt 0.273974 0.509543
vt 0.273974 0.507193
vt 0.283781 0.507193
vt 0.283781 0.510564
vt 0.283781 0.509543
vt 0.293588 0.507193
vt 0.293588 0.515979
vt 0.293588 0.509543
vt 0.300126 0.509543
vt 0.303395 0.507193
vt 0.300126 0.510564
vt 0.303395 0.515979
vt 0.293588 0.510564
vt 0.273971 0.606790
vt 0.273971 0.596983
vt 0.279385 0.606790
vt 0.279385 0.596983
vt 0.273971 0.587176
vt 0.280407 0.606790
vt 0.279385 0.587176
vt 0.273971 0.577369
vt 0.280407 0.596983
vt 0.282756 0.606790
vt 0.282756 0.596983
vt 0.282756 0.587176
vt 0.280407 0.587176
vt 0.279385 0.577369
vt 0.280407 0.577369
vt 0.282756 0.577369
vt 0.279385 0.567562
vt 0.273971 0.567562
vt 0.280407 0.567562
vt 0.282756 0.567562
vt 0.282756 0.557755
vt 0.279385 0.557755
vt 0.273971 0.557755
vt 0.280407 0.557755
vt 0.279385 0.547948
vt 0.273971 0.547948
vt 0.280407 0.547948
vt 0.282756 0.547948
vt 0.279385 0.538141
vt 0.273971 0.538141
vt 0.280407 0.538141
vt 0.282756 0.538141
vt 0.282756 0.528334
vt 0.280407 0.528334
vt 0.282756 0.518527
vt 0.280407 0.518527
vt 0.279385 0.528334
vt 0.279385 0.518527
vt 0.273971 0.528334
vt 0.273971 0.518527
vt 0.858440 0.244630
vt 0.841396 0.210654
vt 0.844961 0.208999
vt 0.848728 0.207755
vt 0.852553 0.206940
vt 0.856499 0.206473
vt 0.860442 0.206516
vt 0.864382 0.207071
vt 0.868157 0.208012
vt 0.871908 0.209322
vt 0.875494 0.211018
vt 0.878833 0.213040
vt 0.881966 0.215418
vt 0.884851 0.218122
vt 0.887510 0.221039
vt 0.889779 0.224301
vt 0.891741 0.227714
vt 0.893293 0.231330
vt 0.894497 0.235066
vt 0.895353 0.238922
vt 0.895739 0.242806
vt 0.895736 0.246780
vt 0.895324 0.250701
vt 0.894464 0.254537
vt 0.893236 0.258350
vt 0.891683 0.261917
vt 0.889742 0.265317
vt 0.887455 0.268583
vt 0.884873 0.271561
vt 0.881997 0.274251
vt 0.878857 0.276613
vt 0.875454 0.278646
vt 0.871889 0.280301
vt 0.868122 0.281545
vt 0.864296 0.282361
vt 0.860341 0.282756
vt 0.856398 0.282713
vt 0.852498 0.282189
vt 0.848662 0.281329
vt 0.844941 0.279979
vt 0.841396 0.278313
vt 0.858476 0.702725
vt 0.884082 0.653696
vt 0.887483 0.655219
vt 0.880553 0.652492
vt 0.876900 0.651655
vt 0.873177 0.651235
vt 0.869428 0.651124
vt 0.865660 0.651424
vt 0.862026 0.652124
vt 0.858421 0.653180
vt 0.854946 0.654584
vt 0.851656 0.656383
vt 0.848544 0.658476
vt 0.845740 0.660903
vt 0.843193 0.663668
vt 0.840977 0.666714
vt 0.839107 0.669938
vt 0.837618 0.673438
vt 0.836519 0.677010
vt 0.835785 0.680655
vt 0.835466 0.684370
vt 0.835512 0.688158
vt 0.835940 0.691916
vt 0.836741 0.695541
vt 0.837899 0.699138
vt 0.839397 0.702503
vt 0.841269 0.705736
vt 0.843438 0.708842
vt 0.845939 0.711615
vt 0.848704 0.714161
vt 0.851725 0.716380
vt 0.854950 0.718275
vt 0.858355 0.719848
vt 0.861880 0.721002
vt 0.865584 0.721834
vt 0.869256 0.722259
vt 0.873006 0.722370
vt 0.876774 0.722070
vt 0.880458 0.721366
vt 0.884016 0.720365
vt 0.887483 0.718859
vt 0.758562 0.905492
vt 0.767793 0.910304
vt 0.777475 0.914314
vt 0.747955 0.897617
vt 0.787396 0.917384
vt 0.740560 0.890220
vt 0.797651 0.919456
vt 0.733502 0.882675
vt 0.808014 0.920506
vt 0.726013 0.871822
vt 0.818443 0.920506
vt 0.721442 0.862472
vt 0.828838 0.919514
vt 0.717743 0.852709
vt 0.839093 0.917463
vt 0.715000 0.842588
vt 0.849109 0.914411
vt 0.713331 0.832305
vt 0.858723 0.910494
vt 0.712594 0.821890
vt 0.867935 0.905594
vt 0.712962 0.811455
vt 0.876648 0.899767
vt 0.714239 0.801115
vt 0.886686 0.891271
vt 0.716652 0.790896
vt 0.895521 0.881522
vt 0.719949 0.781000
vt 0.901578 0.873027
vt 0.724303 0.771537
vt 0.906775 0.863982
vt 0.729487 0.762484
vt 0.911060 0.854475
vt 0.735531 0.753981
vt 0.914420 0.844558
vt 0.744329 0.744207
vt 0.916756 0.834411
vt 0.754396 0.735669
vt 0.918109 0.824059
vt 0.763157 0.729934
vt 0.918442 0.813632
vt 0.772345 0.725048
vt 0.917740 0.803210
vt 0.781946 0.721033
vt 0.916036 0.792934
vt 0.791978 0.718051
vt 0.913307 0.782837
vt 0.802234 0.716046
vt 0.909636 0.773077
vt 0.812586 0.715027
vt 0.905093 0.763685
vt 0.823014 0.715027
vt 0.897609 0.752824
vt 0.833388 0.716061
vt 0.890466 0.745222
vt 0.843604 0.718100
vt 0.883116 0.737849
vt 0.853643 0.721174
vt 0.872530 0.730036
vt 0.863229 0.725145
vt 0.892083 0.105538
vt 0.799530 0.057806
vt 0.804341 0.048576
vt 0.795520 0.067489
vt 0.812216 0.037969
vt 0.792449 0.077409
vt 0.819613 0.030574
vt 0.790377 0.087665
vt 0.827159 0.023516
vt 0.789328 0.098028
vt 0.838012 0.016026
vt 0.789328 0.108457
vt 0.847361 0.011456
vt 0.790319 0.118852
vt 0.857124 0.007757
vt 0.792370 0.129107
vt 0.867245 0.005014
vt 0.795423 0.139123
vt 0.877529 0.003344
vt 0.799339 0.148737
vt 0.887943 0.002608
vt 0.804240 0.157949
vt 0.898379 0.002976
vt 0.810066 0.166662
vt 0.908718 0.004253
vt 0.818562 0.176699
vt 0.918937 0.006666
vt 0.828312 0.185534
vt 0.928833 0.009963
vt 0.836806 0.191592
vt 0.938296 0.014317
vt 0.845851 0.196789
vt 0.947350 0.019501
vt 0.855359 0.201073
vt 0.955853 0.025545
vt 0.865276 0.204433
vt 0.965627 0.034343
vt 0.875422 0.206769
vt 0.974164 0.044410
vt 0.885774 0.208122
vt 0.979899 0.053171
vt 0.896202 0.208455
vt 0.984785 0.062359
vt 0.906624 0.207754
vt 0.988800 0.071960
vt 0.916899 0.206050
vt 0.991783 0.081992
vt 0.926996 0.203321
vt 0.993788 0.092247
vt 0.936756 0.199650
vt 0.994806 0.102600
vt 0.946149 0.195107
vt 0.994806 0.113028
vt 0.957010 0.187623
vt 0.993773 0.123402
vt 0.964612 0.180480
vt 0.991734 0.133618
vt 0.971985 0.173130
vt 0.988660 0.143656
vt 0.979797 0.162544
vt 0.984689 0.153243
vt 0.331021 0.848285
vt 0.423575 0.896017
vt 0.335833 0.839055
vt 0.327011 0.857968
vt 0.343708 0.828448
vt 0.323941 0.867888
vt 0.351105 0.821053
vt 0.321869 0.878144
vt 0.358650 0.813995
vt 0.320819 0.888507
vt 0.369503 0.806505
vt 0.320819 0.898936
vt 0.378853 0.801935
vt 0.321810 0.909331
vt 0.388616 0.798236
vt 0.323862 0.919586
vt 0.398737 0.795493
vt 0.326914 0.929602
vt 0.409020 0.793823
vt 0.330831 0.939216
vt 0.419435 0.793087
vt 0.335731 0.948428
vt 0.429870 0.793455
vt 0.341558 0.957141
vt 0.440210 0.794732
vt 0.350054 0.967178
vt 0.450429 0.797145
vt 0.359803 0.976013
vt 0.460325 0.800442
vt 0.368298 0.982071
vt 0.469788 0.804796
vt 0.377343 0.987268
vt 0.478841 0.809980
vt 0.386850 0.991552
vt 0.487344 0.816024
vt 0.396767 0.994912
vt 0.497118 0.824822
vt 0.406914 0.997249
vt 0.505655 0.834889
vt 0.417266 0.998601
vt 0.511391 0.843650
vt 0.427693 0.998934
vt 0.516277 0.852838
vt 0.438115 0.998233
vt 0.520292 0.862439
vt 0.448391 0.996529
vt 0.523274 0.872471
vt 0.458488 0.993800
vt 0.525279 0.882726
vt 0.468248 0.990129
vt 0.526298 0.893079
vt 0.477640 0.985586
vt 0.526298 0.903507
vt 0.488501 0.978102
vt 0.525264 0.913881
vt 0.496103 0.970959
vt 0.523225 0.924097
vt 0.503476 0.963609
vt 0.520151 0.934135
vt 0.511289 0.953023
vt 0.516180 0.943722
vt 0.187816 0.896168
vt 0.177984 0.896168
vt 0.177984 0.904046
vt 0.187816 0.904046
vt 0.741432 0.795756
vt 0.751265 0.795756
vt 0.741432 0.787533
vt 0.751265 0.787533
vt 0.741432 0.770881
vt 0.751265 0.770881
vt 0.741432 0.762504
vt 0.751265 0.762504
vt 0.804012 0.862716
vt 0.795789 0.862716
vt 0.804012 0.852883
vt 0.795789 0.852883
vt 0.836372 0.637916
vt 0.846205 0.637916
vt 0.836372 0.646190
vt 0.846205 0.646190
vt 0.811367 0.852883
vt 0.818876 0.852883
vt 0.811367 0.862716
vt 0.818876 0.862716
vt 0.827100 0.852883
vt 0.827100 0.862716
vt 0.787718 0.862716
vt 0.787718 0.852883
vt 0.045893 0.433346
vt 0.055726 0.425071
vt 0.045893 0.425071
vt 0.055726 0.433346
vt 0.741432 0.810620
vt 0.751265 0.810620
vt 0.741432 0.803112
vt 0.751265 0.803112
vt 0.779137 0.862716
vt 0.779137 0.852883
vt 0.834966 0.852883
vt 0.842538 0.852883
vt 0.834966 0.862716
vt 0.842538 0.862716
vt 0.055726 0.458374
vt 0.045893 0.458374
vt 0.045893 0.466445
vt 0.055726 0.466445
vt 0.187816 0.912250
vt 0.177984 0.912250
vt 0.045893 0.441416
vt 0.055726 0.441416
vt 0.770760 0.862716
vt 0.762690 0.862716
vt 0.770760 0.852883
vt 0.762690 0.852883
vt 0.751265 0.842506
vt 0.751265 0.834282
vt 0.741432 0.834282
vt 0.741432 0.842506
vt 0.741432 0.818844
vt 0.751265 0.826710
vt 0.751265 0.818844
vt 0.741432 0.826710
vt 0.754415 0.862716
vt 0.754415 0.852883
vt 0.751265 0.779462
vt 0.741432 0.779462
vt 0.751265 0.850384
vt 0.741432 0.850384
vt 0.850761 0.852883
vt 0.850761 0.862716
vt 0.858640 0.862716
vt 0.858640 0.852883
vt 0.866844 0.862716
vt 0.866844 0.852883
vt 0.045893 0.449793
vt 0.055726 0.449793
vt 0.741432 0.754434
vt 0.751265 0.754434
vt 0.779245 0.879227
vt 0.771022 0.879227
vt 0.779245 0.869395
vt 0.771022 0.869395
vt 0.001087 0.883355
vt 0.001087 0.873523
vt 0.009361 0.883355
vt 0.009361 0.873523
vt 0.786600 0.869395
vt 0.794109 0.869395
vt 0.786600 0.879227
vt 0.794109 0.879227
vt 0.802332 0.869395
vt 0.802332 0.879227
vt 0.762951 0.879227
vt 0.762951 0.869395
vt 0.058039 0.873523
vt 0.058039 0.883355
vt 0.050684 0.873523
vt 0.050684 0.883355
vt 0.105312 0.873523
vt 0.113515 0.873523
vt 0.105318 0.883355
vt 0.113515 0.883355
vt 0.042460 0.873523
vt 0.042460 0.883355
vt 0.034390 0.873523
vt 0.034390 0.883355
vt 0.754370 0.879227
vt 0.754370 0.869395
vt 0.810199 0.869395
vt 0.817771 0.869395
vt 0.810199 0.879227
vt 0.817771 0.879227
vt 0.829693 0.630861
vt 0.819861 0.630861
vt 0.819861 0.638931
vt 0.829693 0.638931
vt 0.073771 0.873523
vt 0.073771 0.883355
vt 0.065547 0.873523
vt 0.065547 0.883355
vt 0.829693 0.693904
vt 0.829693 0.685680
vt 0.819861 0.693904
vt 0.819861 0.685680
vt 0.089209 0.873523
vt 0.089209 0.883355
vt 0.081637 0.873523
vt 0.081637 0.883355
vt 0.699667 0.876665
vt 0.699667 0.869157
vt 0.644860 0.876665
vt 0.820293 0.783373
vt 0.875099 0.783373
vt 0.820293 0.790728
vt 0.819861 0.647155
vt 0.819861 0.654510
vt 0.829693 0.647155
vt 0.829693 0.654510
vt 0.025808 0.883355
vt 0.025808 0.873523
vt 0.829693 0.678082
vt 0.819861 0.678082
vt 0.745993 0.879227
vt 0.737923 0.879227
vt 0.745993 0.869395
vt 0.737923 0.869395
vt 0.819861 0.662018
vt 0.829693 0.662018
vt 0.819861 0.670242
vt 0.829693 0.670242
vt 0.729648 0.879227
vt 0.729648 0.869395
vt 0.825994 0.869395
vt 0.825994 0.879227
vt 0.017432 0.883355
vt 0.017432 0.873523
vt 0.097433 0.873523
vt 0.097433 0.883355
vt 0.833873 0.879227
vt 0.833873 0.869395
vt 0.842077 0.879227
vt 0.842077 0.869395
vt 0.819861 0.622280
vt 0.829693 0.622280
vt 0.887483 0.360654
vt 0.832931 0.360654
vt 0.887483 0.352430
vt 0.832931 0.352430
vt 0.887483 0.344922
vt 0.832931 0.344922
vt 0.887483 0.337567
vt 0.832931 0.337567
vt 0.887483 0.329343
vt 0.832931 0.329343
vt 0.887483 0.321273
vt 0.832931 0.321273
vt 0.887483 0.312692
vt 0.832931 0.312692
vt 0.887483 0.304315
vt 0.832931 0.304315
vt 0.887483 0.296244
vt 0.832931 0.296244
vt 0.576993 0.313715
vt 0.585216 0.303193
vt 0.576993 0.303193
vt 0.585216 0.313715
vt 0.592572 0.303193
vt 0.592572 0.313715
vt 0.600080 0.303193
vt 0.600106 0.313715
vt 0.568974 0.313715
vt 0.568923 0.303193
vt 0.560341 0.313715
vt 0.560341 0.303193
vt 0.552016 0.313715
vt 0.551965 0.303193
vt 0.543894 0.313715
vt 0.543894 0.303193
vt 0.535620 0.313715
vt 0.535620 0.303193
vt 0.639851 0.313715
vt 0.648048 0.303193
vt 0.639845 0.303193
vt 0.648069 0.313715
vt 0.043342 0.462317
vt 0.035463 0.462317
vt 0.043342 0.407765
vt 0.035463 0.407765
vt 0.751265 0.858588
vt 0.741432 0.858588
vt 0.836372 0.654261
vt 0.846205 0.654261
vt 0.631966 0.303193
vt 0.631979 0.313715
vt 0.720103 0.891652
vt 0.730626 0.899843
vt 0.730626 0.891639
vt 0.720103 0.899866
vt 0.784287 0.105312
vt 0.784287 0.113515
vt 0.773765 0.113509
vt 0.773765 0.105299
vt 0.609998 0.832931
vt 0.602132 0.832931
vt 0.609998 0.887483
vt 0.602132 0.887483
vt 0.529448 0.887483
vt 0.537722 0.887483
vt 0.529448 0.832931
vt 0.537722 0.832931
vt 0.545793 0.887483
vt 0.545793 0.832931
vt 0.593908 0.832931
vt 0.593908 0.887483
vt 0.173369 0.901982
vt 0.173369 0.910186
vt 0.162847 0.910184
vt 0.162847 0.901970
vt 0.887483 0.376092
vt 0.887483 0.384316
vt 0.832931 0.384316
vt 0.832931 0.376092
vt 0.608304 0.303193
vt 0.608304 0.313715
vt 0.784287 0.073771
vt 0.784287 0.081637
vt 0.773765 0.081611
vt 0.773765 0.073745
vt 0.887483 0.392195
vt 0.887483 0.400398
vt 0.832931 0.400399
vt 0.832931 0.392201
vt 0.623755 0.313715
vt 0.623742 0.303193
vt 0.625794 0.832931
vt 0.617570 0.832931
vt 0.625794 0.887483
vt 0.617570 0.887483
vt 0.730626 0.883760
vt 0.720103 0.883747
vt 0.633673 0.832931
vt 0.633679 0.887483
vt 0.641876 0.832931
vt 0.641877 0.887483
vt 0.887483 0.368520
vt 0.832931 0.368520
vt 0.258366 0.573768
vt 0.266245 0.573768
vt 0.258360 0.519217
vt 0.266245 0.519217
vt 0.773765 0.089196
vt 0.784287 0.089209
vt 0.784287 0.097433
vt 0.773765 0.097420
vt 0.162847 0.894091
vt 0.173369 0.894104
vt 0.027260 0.462317
vt 0.027259 0.407765
vt 0.773765 0.065547
vt 0.784287 0.065547
vt 0.616170 0.303193
vt 0.616170 0.313715
vt 0.250162 0.573768
vt 0.250162 0.519217
vt 0.887483 0.287970
vt 0.832931 0.287970
vt 0.554170 0.832931
vt 0.554170 0.887483
vt 0.528849 0.910186
vt 0.528849 0.901982
vt 0.538682 0.910186
vt 0.538682 0.901982
vt 0.528849 0.894104
vt 0.538682 0.894104
vt 0.741432 0.746159
vt 0.751265 0.746159
vt 0.699667 0.924633
vt 0.699667 0.916430
vt 0.644860 0.916430
vt 0.644860 0.924633
vt 0.757203 0.066506
vt 0.767776 0.058934
vt 0.767776 0.066506
vt 0.757203 0.058908
vt 0.309333 0.586189
vt 0.319907 0.594386
vt 0.319907 0.586183
vt 0.309333 0.594407
vt 0.757203 0.051042
vt 0.767776 0.042844
vt 0.767776 0.051068
vt 0.757203 0.042844
vt 0.757203 0.082602
vt 0.767776 0.074730
vt 0.767776 0.082609
vt 0.757203 0.074717
vt 0.319907 0.578304
vt 0.309333 0.578317
vt 0.699667 0.908551
vt 0.644860 0.908551
vt 0.756311 0.742050
vt 0.811118 0.742050
vt 0.756311 0.750120
vt 0.811118 0.750120
vt 0.756311 0.758497
vt 0.811118 0.758497
vt 0.756311 0.767078
vt 0.811118 0.767078
vt 0.756311 0.775149
vt 0.811118 0.775149
vt 0.756311 0.783372
vt 0.811118 0.783372
vt 0.756311 0.790727
vt 0.811118 0.790727
vt 0.756311 0.798236
vt 0.811118 0.798236
vt 0.820293 0.838007
vt 0.875099 0.838001
vt 0.820293 0.846205
vt 0.875099 0.846205
vt 0.811118 0.821898
vt 0.811118 0.830121
vt 0.756311 0.830121
vt 0.756311 0.821898
vt 0.319907 0.554642
vt 0.319907 0.546418
vt 0.309333 0.546444
vt 0.309333 0.554642
vt 0.767776 0.035336
vt 0.757203 0.035336
vt 0.757203 0.090812
vt 0.767776 0.090812
vt 0.811118 0.838000
vt 0.811118 0.846204
vt 0.756311 0.846205
vt 0.756311 0.838007
vt 0.757203 0.027980
vt 0.767776 0.027980
vt 0.309333 0.570093
vt 0.319907 0.570080
vt 0.699667 0.884889
vt 0.644860 0.884889
vt 0.644860 0.869157
vt 0.699667 0.861802
vt 0.644860 0.861802
vt 0.811118 0.814325
vt 0.756311 0.814325
vt 0.699667 0.900327
vt 0.644860 0.900327
vt 0.811118 0.806459
vt 0.756311 0.806459
vt 0.699667 0.892755
vt 0.644860 0.892755
vt 0.319907 0.562508
vt 0.309333 0.562508
vt 0.811118 0.733775
vt 0.756311 0.733775
vt 0.319907 0.490232
vt 0.319907 0.481958
vt 0.309333 0.481958
vt 0.309333 0.490232
vt 0.829693 0.701783
vt 0.819861 0.701783
vt 0.829693 0.709986
vt 0.819861 0.709986
vt 0.074282 0.078429
vt 0.066212 0.078429
vt 0.066212 0.023877
vt 0.074282 0.023877
vt 0.082557 0.078429
vt 0.082557 0.023877
vt 0.784287 0.058039
vt 0.773765 0.058039
vt 0.784287 0.050684
vt 0.773765 0.050684
vt 0.784287 0.042460
vt 0.773765 0.042409
vt 0.784287 0.034390
vt 0.773765 0.034390
vt 0.784287 0.025808
vt 0.773765 0.025757
vt 0.784287 0.017432
vt 0.773765 0.017432
vt 0.784287 0.009361
vt 0.773765 0.009361
vt 0.784287 0.001087
vt 0.773765 0.001087
vt 0.767776 0.019757
vt 0.757203 0.019706
vt 0.767776 0.011687
vt 0.757203 0.011687
vt 0.767776 0.003105
vt 0.757203 0.003054
vt 0.875099 0.830122
vt 0.820293 0.830122
vt 0.875099 0.821899
vt 0.820293 0.821899
vt 0.875099 0.814326
vt 0.820293 0.814326
vt 0.875099 0.806460
vt 0.820293 0.806460
vt 0.875099 0.798237
vt 0.820293 0.798237
vt 0.875099 0.790728
vt 0.875099 0.775149
vt 0.820293 0.775149
vt 0.875099 0.767079
vt 0.820293 0.767079
vt 0.875099 0.758498
vt 0.820293 0.758498
vt 0.875099 0.750121
vt 0.820293 0.750121
vt 0.875099 0.742051
vt 0.820293 0.742051
vt 0.875099 0.733776
vt 0.820293 0.733776
vt 0.833619 0.478828
vt 0.844141 0.478777
vt 0.833619 0.470707
vt 0.844141 0.470707
vt 0.833619 0.462432
vt 0.844141 0.462432
vt 0.117548 0.928761
vt 0.125618 0.928761
vt 0.117548 0.874210
vt 0.125618 0.874210
vt 0.134200 0.928761
vt 0.134200 0.874210
vt 0.142576 0.928761
vt 0.142576 0.874210
vt 0.150647 0.928761
vt 0.150647 0.874210
vt 0.158921 0.928761
vt 0.158921 0.874210
vt 0.562751 0.887483
vt 0.562751 0.832931
vt 0.570821 0.887483
vt 0.570821 0.832931
vt 0.579045 0.887483
vt 0.579045 0.832931
vt 0.586400 0.887483
vt 0.586400 0.832931
vt 0.462317 0.057790
vt 0.451795 0.057739
vt 0.462317 0.049719
vt 0.451795 0.049719
vt 0.462317 0.041138
vt 0.451795 0.041087
vt 0.462317 0.032761
vt 0.451795 0.032761
vt 0.462317 0.024691
vt 0.451795 0.024691
vt 0.462317 0.016416
vt 0.451795 0.016416
vt 0.292822 0.631558
vt 0.303395 0.631538
vt 0.292822 0.623347
vt 0.303395 0.623334
vt 0.292822 0.615468
vt 0.303395 0.615455
vt 0.292822 0.607244
vt 0.303395 0.607232
vt 0.292822 0.599659
vt 0.303395 0.599659
vt 0.292822 0.591793
vt 0.303395 0.591793
vt 0.292822 0.583595
vt 0.303395 0.583570
vt 0.292822 0.576061
vt 0.303395 0.576061
vt 0.292822 0.568706
vt 0.303395 0.568706
vt 0.292822 0.560482
vt 0.303395 0.560482
vt 0.292822 0.552463
vt 0.303395 0.552412
vt 0.292822 0.543831
vt 0.303395 0.543831
vt 0.292822 0.535505
vt 0.303395 0.535454
vt 0.292822 0.527384
vt 0.303395 0.527384
vt 0.292822 0.519109
vt 0.303395 0.519109
vt 0.309333 0.523331
vt 0.319907 0.523331
vt 0.309333 0.515312
vt 0.319907 0.515261
vt 0.309333 0.506680
vt 0.319907 0.506680
vt 0.309333 0.498354
vt 0.319907 0.498303
vt 0.699667 0.853578
vt 0.644860 0.853578
vt 0.699667 0.845508
vt 0.644860 0.845508
vt 0.699667 0.836927
vt 0.644860 0.836927
vt 0.319907 0.531555
vt 0.309333 0.531555
vt 0.319907 0.538910
vt 0.309333 0.538910
vt 0.077149 0.935789
vt 0.070686 0.932470
vt 0.071094 0.931807
vt 0.071532 0.931187
vt 0.080493 0.942306
vt 0.079808 0.942664
vt 0.079064 0.942938
vt 0.078303 0.943099
vt 0.077554 0.943190
vt 0.076817 0.943209
vt 0.072028 0.930650
vt 0.072595 0.930125
vt 0.073192 0.929641
vt 0.073848 0.929242
vt 0.074562 0.928926
vt 0.075265 0.928681
vt 0.075996 0.928478
vt 0.076816 0.928400
vt 0.070143 0.933915
vt 0.070379 0.933186
vt 0.069978 0.934656
vt 0.069913 0.935452
vt 0.069932 0.936188
vt 0.069981 0.936966
vt 0.070142 0.937727
vt 0.070387 0.938430
vt 0.070703 0.939144
vt 0.071103 0.939800
vt 0.071544 0.940426
vt 0.072028 0.941023
vt 0.072594 0.941561
vt 0.073215 0.941998
vt 0.073877 0.942406
vt 0.074552 0.942743
vt 0.075281 0.942979
vt 0.076022 0.943144
vt 0.079776 0.928876
vt 0.080493 0.929183
vt 0.079047 0.928639
vt 0.078306 0.928474
vt 0.077553 0.928381
vt 0.928557 0.477940
vt 0.930329 0.473260
vt 0.930825 0.473420
vt 0.929834 0.473100
vt 0.929332 0.472991
vt 0.928825 0.472932
vt 0.928305 0.472976
vt 0.927786 0.473019
vt 0.927256 0.473163
vt 0.926725 0.473308
vt 0.926290 0.473515
vt 0.925747 0.473761
vt 0.925402 0.474082
vt 0.924949 0.474441
vt 0.924592 0.474863
vt 0.924337 0.475296
vt 0.924081 0.475729
vt 0.923820 0.476213
vt 0.923660 0.476709
vt 0.923602 0.477217
vt 0.923538 0.477775
vt 0.923479 0.478282
vt 0.923523 0.478801
vt 0.923667 0.479332
vt 0.923818 0.479812
vt 0.924070 0.480304
vt 0.924322 0.480795
vt 0.924585 0.481186
vt 0.924951 0.481588
vt 0.925321 0.481939
vt 0.925800 0.482251
vt 0.926290 0.482461
vt 0.926780 0.482672
vt 0.927275 0.482832
vt 0.927777 0.482941
vt 0.928290 0.482948
vt 0.928804 0.482956
vt 0.929323 0.482913
vt 0.929853 0.482768
vt 0.930384 0.482623
vt 0.930825 0.482366
vt 0.745073 0.913540
vt 0.745073 0.928761
vt 0.734857 0.913540
vt 0.734857 0.928761
vt 0.916482 0.860652
vt 0.926697 0.845431
vt 0.926697 0.860652
vt 0.916482 0.845431
vt 0.047470 0.911435
vt 0.047470 0.922570
vt 0.040421 0.911435
vt 0.040421 0.922570
vt 0.796671 0.042527
vt 0.796671 0.053662
vt 0.789622 0.042527
vt 0.789622 0.053662
vt 0.140346 0.484541
vt 0.140346 0.493275
vt 0.133297 0.493275
vt 0.133297 0.484541
vt 0.645148 0.010320
vt 0.652197 0.001585
vt 0.652197 0.010320
vt 0.645148 0.001585
vt 0.375430 0.792543
vt 0.375430 0.776045
vt 0.385952 0.792543
vt 0.385952 0.776045
vt 0.695539 0.786364
vt 0.685017 0.802862
vt 0.685017 0.786364
vt 0.695539 0.802862
vt 0.829591 0.922878
vt 0.829693 0.932889
vt 0.822134 0.932889
vt 0.822134 0.922878
vt 0.130825 0.033023
vt 0.138282 0.023113
vt 0.138282 0.033023
vt 0.130825 0.023113
vt 0.794915 0.901930
vt 0.794915 0.885790
vt 0.804926 0.901930
vt 0.804926 0.885790
vt 0.317843 0.885790
vt 0.307831 0.901930
vt 0.307831 0.885790
vt 0.317843 0.901930
vt 0.371504 0.784556
vt 0.371504 0.800799
vt 0.363741 0.784556
vt 0.363741 0.800799
vt 0.427230 0.016780
vt 0.427230 0.033023
vt 0.419466 0.016780
vt 0.419466 0.033023
vt 0.571704 0.910186
vt 0.564247 0.910186
vt 0.564247 0.894045
vt 0.571704 0.894045
vt 0.903994 0.778364
vt 0.903994 0.794607
vt 0.896537 0.778364
vt 0.896537 0.794607
vt 0.460253 0.352829
vt 0.460253 0.363249
vt 0.452489 0.363249
vt 0.452489 0.352829
vt 0.947828 0.617110
vt 0.955592 0.606690
vt 0.955592 0.617110
vt 0.947828 0.606690
vt 0.734857 0.908122
vt 0.734857 0.892901
vt 0.745073 0.908122
vt 0.745073 0.892901
vt 0.904098 0.253088
vt 0.914314 0.253088
vt 0.904098 0.268309
vt 0.914314 0.268309
vt 0.743009 0.945272
vt 0.734939 0.945272
vt 0.734939 0.932043
vt 0.743009 0.932043
vt 0.943209 0.402463
vt 0.935138 0.402463
vt 0.943209 0.389234
vt 0.935138 0.389234
vt 0.864780 0.403372
vt 0.864780 0.412783
vt 0.856710 0.412783
vt 0.856710 0.403372
vt 0.784473 0.730626
vt 0.792543 0.721207
vt 0.792543 0.730626
vt 0.784473 0.721207
vt 0.902034 0.271663
vt 0.912250 0.271663
vt 0.912250 0.286884
vt 0.902034 0.286884
vt 0.904098 0.822728
vt 0.914314 0.822728
vt 0.904098 0.837949
vt 0.914314 0.837949
vt 0.113515 0.926434
vt 0.113515 0.941145
vt 0.107590 0.926434
vt 0.107590 0.941145
vt 0.933156 0.218775
vt 0.939081 0.204064
vt 0.939081 0.218775
vt 0.933156 0.204064
vt 0.736817 0.796141
vt 0.736817 0.804926
vt 0.730892 0.804926
vt 0.730892 0.796141
vt 0.107488 0.918442
vt 0.113515 0.909656
vt 0.113515 0.918442
vt 0.107488 0.909656
vt 0.902034 0.903994
vt 0.902034 0.888773
vt 0.912250 0.903994
vt 0.912250 0.888773
vt 0.904098 0.866070
vt 0.914314 0.866070
vt 0.904098 0.881291
vt 0.914314 0.881291
vt 0.844141 0.938265
vt 0.844141 0.949400
vt 0.837092 0.938265
vt 0.837092 0.949400
vt 0.602663 0.894923
vt 0.602663 0.906058
vt 0.595614 0.894923
vt 0.595614 0.906058
vt 0.643941 0.806512
vt 0.643941 0.815246
vt 0.636892 0.815246
vt 0.636892 0.806512
vt 0.950607 0.646005
vt 0.957656 0.637271
vt 0.957656 0.646005
vt 0.950607 0.637271
vt 0.811118 0.672900
vt 0.811118 0.689347
vt 0.800596 0.672900
vt 0.800596 0.689347
vt 0.862716 0.928761
vt 0.852500 0.928761
vt 0.852500 0.913540
vt 0.862716 0.913540
vt 0.177601 0.930825
vt 0.187816 0.915604
vt 0.187816 0.930825
vt 0.177601 0.915604
vt 0.817310 0.018575
vt 0.806788 0.018575
vt 0.817310 0.002128
vt 0.806788 0.002128
vt 0.138282 0.949709
vt 0.138282 0.959720
vt 0.130825 0.959720
vt 0.130825 0.949709
vt 0.597269 0.957656
vt 0.604727 0.947747
vt 0.604727 0.957656
vt 0.597269 0.947747
vt 0.024767 0.906058
vt 0.014858 0.906058
vt 0.014858 0.889917
vt 0.024767 0.889917
vt 0.027241 0.903994
vt 0.037150 0.887854
vt 0.037150 0.903994
vt 0.027241 0.887854
vt 0.943209 0.945272
vt 0.935138 0.945272
vt 0.935138 0.932043
vt 0.943209 0.932043
vt 0.092876 0.929928
vt 0.092876 0.943209
vt 0.084806 0.929928
vt 0.084806 0.943209
vt 0.526298 0.832026
vt 0.526298 0.848269
vt 0.518534 0.832026
vt 0.518534 0.848269
vt 0.804926 0.396540
vt 0.804926 0.412783
vt 0.797163 0.396540
vt 0.797163 0.412783
vt 0.908122 0.753329
vt 0.900665 0.753329
vt 0.900665 0.737188
vt 0.908122 0.737188
vt 0.906058 0.673104
vt 0.906058 0.689347
vt 0.898601 0.673104
vt 0.898601 0.689347
vt 0.949400 0.890417
vt 0.949400 0.899866
vt 0.941330 0.899866
vt 0.941330 0.890417
vt 0.949586 0.528362
vt 0.957656 0.518964
vt 0.957656 0.528362
vt 0.949586 0.518964
vt 0.078429 0.947236
vt 0.078429 0.957656
vt 0.070665 0.957656
vt 0.070665 0.947236
vt 0.080984 0.957656
vt 0.088748 0.947287
vt 0.088748 0.957656
vt 0.080984 0.947287
vt 0.918546 0.668708
vt 0.918546 0.653487
vt 0.928761 0.668708
vt 0.928761 0.653487
vt 0.208559 0.930825
vt 0.218775 0.915604
vt 0.218775 0.930825
vt 0.208559 0.915604
vt 0.388282 0.790479
vt 0.388282 0.778016
vt 0.394208 0.790479
vt 0.394208 0.778016
vt 0.939081 0.856363
vt 0.939081 0.870972
vt 0.933156 0.856363
vt 0.933156 0.870972
vt 0.751265 0.069745
vt 0.751265 0.078429
vt 0.745237 0.078429
vt 0.745237 0.069745
vt 0.730892 0.819374
vt 0.736817 0.810691
vt 0.736817 0.819374
vt 0.730892 0.810691
vt 0.918546 0.790479
vt 0.918546 0.775258
vt 0.928761 0.790479
vt 0.928761 0.775258
vt 0.220943 0.930825
vt 0.231158 0.915604
vt 0.231158 0.930825
vt 0.220943 0.915604
vt 0.914314 0.793833
vt 0.914314 0.809054
vt 0.907163 0.793833
vt 0.907163 0.809054
vt 0.937017 0.230487
vt 0.937017 0.245606
vt 0.929866 0.230487
vt 0.929866 0.245606
vt 0.955592 0.809056
vt 0.955592 0.819374
vt 0.948441 0.819374
vt 0.948441 0.809056
vt 0.649174 0.957656
vt 0.656325 0.947440
vt 0.656325 0.957656
vt 0.649174 0.947440
vt 0.517840 0.033023
vt 0.517840 0.015554
vt 0.528362 0.033023
vt 0.528362 0.015554
vt 0.344471 0.482956
vt 0.354993 0.465487
vt 0.354993 0.482956
vt 0.344471 0.465487
vt 0.086684 0.449065
vt 0.086684 0.466445
vt 0.079533 0.449065
vt 0.079533 0.466445
vt 0.674900 0.296348
vt 0.674900 0.313715
vt 0.667749 0.296348
vt 0.667749 0.313715
vt 0.022703 0.567450
vt 0.022703 0.577896
vt 0.015552 0.577896
vt 0.015552 0.567450
vt 0.953528 0.945141
vt 0.953528 0.955592
vt 0.946377 0.955592
vt 0.946377 0.945141
vt 0.142410 0.519149
vt 0.142410 0.536618
vt 0.131888 0.519149
vt 0.131888 0.536618
vt 0.751265 0.018575
vt 0.740743 0.018575
vt 0.751265 0.001209
vt 0.740743 0.001209
vt 0.245606 0.539877
vt 0.245606 0.557257
vt 0.238455 0.539877
vt 0.238455 0.557257
vt 0.722370 0.316987
vt 0.722370 0.334354
vt 0.715219 0.316987
vt 0.715219 0.334354
vt 0.592343 0.016385
vt 0.592343 0.026831
vt 0.585192 0.026831
vt 0.585192 0.016385
vt 0.946377 0.425166
vt 0.953528 0.414715
vt 0.953528 0.425166
vt 0.946377 0.414715
vt 0.928761 0.879227
vt 0.918546 0.879227
vt 0.928761 0.864006
vt 0.918546 0.864006
vt 0.245606 0.915604
vt 0.245606 0.930825
vt 0.235390 0.915604
vt 0.235390 0.930825
vt 0.947336 0.267493
vt 0.947336 0.278628
vt 0.940288 0.267493
vt 0.940288 0.278628
vt 0.840013 0.719490
vt 0.840013 0.730626
vt 0.832964 0.719490
vt 0.832964 0.730626
vt 0.842077 0.001585
vt 0.842077 0.010320
vt 0.835028 0.010320
vt 0.835028 0.001585
vt 0.854460 0.950986
vt 0.854460 0.959720
vt 0.847412 0.959720
vt 0.847412 0.950986
vt 0.709986 0.778109
vt 0.699464 0.794607
vt 0.699464 0.778109
vt 0.709986 0.794607
vt 0.790276 0.039214
vt 0.790276 0.022716
vt 0.800799 0.039214
vt 0.800799 0.022716
vt 0.123733 0.949709
vt 0.123835 0.959720
vt 0.116275 0.959720
vt 0.116275 0.949709
vt 0.025565 0.400399
vt 0.033023 0.390490
vt 0.033023 0.400399
vt 0.025565 0.390490
vt 0.899867 0.286884
vt 0.889855 0.286884
vt 0.899867 0.270743
vt 0.889855 0.270743
vt 0.780468 0.899866
vt 0.780468 0.883726
vt 0.790479 0.899866
vt 0.790479 0.883726
vt 0.897803 0.852665
vt 0.897803 0.868908
vt 0.890039 0.852665
vt 0.890039 0.868908
vt 0.363741 0.470572
vt 0.371504 0.454329
vt 0.371504 0.470572
vt 0.363741 0.454329
vt 0.582024 0.912250
vt 0.574566 0.912250
vt 0.574566 0.896109
vt 0.582024 0.896109
vt 0.906058 0.231427
vt 0.906058 0.247670
vt 0.898601 0.231427
vt 0.898601 0.247670
vt 0.270373 0.579859
vt 0.270373 0.590279
vt 0.262609 0.590279
vt 0.262609 0.579859
vt 0.947828 0.679028
vt 0.955592 0.668608
vt 0.955592 0.679028
vt 0.947828 0.668608
vt 0.716178 0.916378
vt 0.705962 0.916378
vt 0.716178 0.901156
vt 0.705962 0.901156
vt 0.904098 0.365313
vt 0.904098 0.350091
vt 0.914314 0.365313
vt 0.914314 0.350091
vt 0.943209 0.326098
vt 0.935138 0.326098
vt 0.935138 0.312869
vt 0.943209 0.312869
vt 0.943209 0.427230
vt 0.935138 0.427230
vt 0.943209 0.414001
vt 0.935138 0.414001
vt 0.957656 0.477673
vt 0.957656 0.487084
vt 0.949586 0.487084
vt 0.949586 0.477673
vt 0.803048 0.033023
vt 0.811118 0.023604
vt 0.811118 0.033023
vt 0.803048 0.023604
vt 0.823606 0.901156
vt 0.833821 0.901156
vt 0.823606 0.916378
vt 0.833821 0.916378
vt 0.720410 0.918442
vt 0.720410 0.903220
vt 0.730626 0.918442
vt 0.730626 0.903220
vt 0.941145 0.332027
vt 0.941145 0.346738
vt 0.935220 0.332027
vt 0.935220 0.346738
vt 0.933156 0.365313
vt 0.939081 0.350602
vt 0.939081 0.365313
vt 0.933156 0.350602
vt 0.720306 0.769310
vt 0.720306 0.778095
vt 0.714381 0.778095
vt 0.714381 0.769310
vt 0.885584 0.881291
vt 0.891611 0.872506
vt 0.891611 0.881291
vt 0.885584 0.872506
vt 0.883355 0.905284
vt 0.873140 0.920506
vt 0.873140 0.905284
vt 0.883355 0.920506
vt 0.908226 0.229094
vt 0.908226 0.213873
vt 0.918442 0.229094
vt 0.918442 0.213873
vt 0.949400 0.201448
vt 0.949400 0.212583
vt 0.942352 0.201448
vt 0.942352 0.212583
vt 0.854460 0.480076
vt 0.854460 0.491212
vt 0.847412 0.480076
vt 0.847412 0.491212
vt 0.945273 0.684741
vt 0.945273 0.693475
vt 0.938224 0.693475
vt 0.938224 0.684741
vt 0.952671 0.247670
vt 0.959720 0.238935
vt 0.959720 0.247670
vt 0.952671 0.238935
vt 0.800596 0.709986
vt 0.811118 0.693539
vt 0.811118 0.709986
vt 0.800596 0.693539
vt 0.260053 0.932889
vt 0.249838 0.932889
vt 0.260053 0.917668
vt 0.249838 0.917668
vt 0.274501 0.915604
vt 0.274501 0.930825
vt 0.264285 0.915604
vt 0.264285 0.930825
vt 0.191944 0.813246
vt 0.191944 0.829693
vt 0.181422 0.813246
vt 0.181422 0.829693
vt 0.546937 0.947645
vt 0.546937 0.957656
vt 0.539480 0.957656
vt 0.539480 0.947645
vt 0.159720 0.959720
vt 0.167177 0.949811
vt 0.167177 0.959720
vt 0.159720 0.949811
vt 0.049534 0.906058
vt 0.039625 0.906058
vt 0.049534 0.889917
vt 0.039625 0.889917
vt 0.063981 0.887854
vt 0.063981 0.903994
vt 0.054072 0.887854
vt 0.054072 0.903994
vt 0.945273 0.443741
vt 0.937202 0.443741
vt 0.937202 0.430512
vt 0.945273 0.430512
vt 0.621238 0.931992
vt 0.621238 0.945273
vt 0.613168 0.931992
vt 0.613168 0.945273
vt 0.113515 0.887751
vt 0.113515 0.903994
vt 0.105751 0.887751
vt 0.105751 0.903994
vt 0.894167 0.365313
vt 0.901930 0.349070
vt 0.901930 0.365313
vt 0.894167 0.349070
vt 0.551065 0.910186
vt 0.543608 0.910186
vt 0.543608 0.894045
vt 0.551065 0.894045
vt 0.908122 0.695807
vt 0.908122 0.712050
vt 0.900665 0.695807
vt 0.900665 0.712050
vt 0.951464 0.863586
vt 0.951464 0.873036
vt 0.943394 0.873036
vt 0.943394 0.863586
vt 0.571889 0.959720
vt 0.579960 0.950322
vt 0.579960 0.959720
vt 0.571889 0.950322
vt 0.072237 0.084520
vt 0.072237 0.094940
vt 0.064473 0.094940
vt 0.064473 0.084520
vt 0.947828 0.695539
vt 0.955592 0.685170
vt 0.955592 0.695539
vt 0.947828 0.685170
vt 0.288948 0.932889
vt 0.278732 0.932889
vt 0.288948 0.917668
vt 0.278732 0.917668
vt 0.542913 0.930825
vt 0.542913 0.915604
vt 0.553129 0.930825
vt 0.553129 0.915604
vt 0.741212 0.348801
vt 0.741212 0.336338
vt 0.747137 0.348801
vt 0.747137 0.336338
vt 0.633888 0.908122
vt 0.639813 0.893514
vt 0.639813 0.908122
vt 0.633888 0.893514
vt 0.786351 0.117215
vt 0.786351 0.125899
vt 0.780324 0.125899
vt 0.780324 0.117215
vt 0.807257 0.546937
vt 0.813182 0.538254
vt 0.813182 0.546937
vt 0.807257 0.538254
vt 0.910290 0.307523
vt 0.920506 0.292302
vt 0.920506 0.307523
vt 0.910290 0.292302
vt 0.908226 0.326098
vt 0.908226 0.310877
vt 0.918442 0.326098
vt 0.918442 0.310877
vt 0.842077 0.482182
vt 0.842077 0.497403
vt 0.834926 0.482182
vt 0.834926 0.497403
vt 0.819374 0.918442
vt 0.812223 0.918442
vt 0.819374 0.903323
vt 0.812223 0.903323
vt 0.646005 0.947338
vt 0.646005 0.957656
vt 0.638854 0.957656
vt 0.638854 0.947338
vt 0.219880 0.959720
vt 0.227031 0.949504
vt 0.227031 0.959720
vt 0.219880 0.949504
vt 0.567576 0.932889
vt 0.557361 0.932889
vt 0.567576 0.917668
vt 0.557361 0.917668
vt 0.594407 0.915604
vt 0.594407 0.930825
vt 0.584192 0.915604
vt 0.584192 0.930825
vt 0.712050 0.837175
vt 0.712050 0.852396
vt 0.704899 0.837175
vt 0.704899 0.852396
vt 0.937017 0.266245
vt 0.929866 0.266245
vt 0.937017 0.251126
vt 0.929866 0.251126
vt 0.309587 0.947338
vt 0.309587 0.957656
vt 0.302436 0.957656
vt 0.302436 0.947338
vt 0.659493 0.957656
vt 0.666644 0.947440
vt 0.666644 0.957656
vt 0.659493 0.947440
vt 0.226828 0.519149
vt 0.237350 0.519149
vt 0.226828 0.536618
vt 0.237350 0.536618
vt 0.495339 0.015554
vt 0.495339 0.033023
vt 0.484817 0.015554
vt 0.484817 0.033023
vt 0.342610 0.510983
vt 0.342610 0.528362
vt 0.335459 0.510983
vt 0.335459 0.528362
vt 0.404527 0.782223
vt 0.397376 0.782223
vt 0.404527 0.764857
vt 0.397376 0.764857
vt 0.342610 0.658263
vt 0.342610 0.668708
vt 0.335459 0.668708
vt 0.335459 0.658263
vt 0.948441 0.439614
vt 0.955592 0.429162
vt 0.955592 0.439614
vt 0.948441 0.429162
vt 0.544873 0.015554
vt 0.544873 0.033023
vt 0.534351 0.033023
vt 0.534351 0.015554
vt 0.354791 0.755392
vt 0.354791 0.738026
vt 0.365313 0.755392
vt 0.365313 0.738026
vt 0.051598 0.546069
vt 0.051598 0.563448
vt 0.044447 0.546069
vt 0.044447 0.563448
vt 0.734753 0.784287
vt 0.727602 0.784287
vt 0.734753 0.766921
vt 0.727602 0.766921
vt 0.354993 0.722244
vt 0.354993 0.732689
vt 0.347842 0.732689
vt 0.347842 0.722244
vt 0.946377 0.460253
vt 0.953528 0.449801
vt 0.953528 0.460253
vt 0.946377 0.449801
vt 0.579960 0.932889
vt 0.569744 0.932889
vt 0.579960 0.917668
vt 0.569744 0.917668
vt 0.635686 0.915604
vt 0.635686 0.930825
vt 0.625470 0.915604
vt 0.625470 0.930825
vt 0.947336 0.634870
vt 0.947336 0.646005
vt 0.940288 0.634870
vt 0.940288 0.646005
vt 0.594407 0.934137
vt 0.594407 0.945273
vt 0.587358 0.934137
vt 0.587358 0.945273
vt 0.959720 0.195593
vt 0.959720 0.204327
vt 0.952671 0.204327
vt 0.952671 0.195593
vt 0.950607 0.594407
vt 0.957656 0.585673
vt 0.957656 0.594407
vt 0.950607 0.585673
vt 0.786149 0.695539
vt 0.786149 0.679041
vt 0.796671 0.695539
vt 0.796671 0.679041
vt 0.728562 0.792556
vt 0.718039 0.809054
vt 0.718039 0.792556
vt 0.728562 0.809054
vt 0.534452 0.947645
vt 0.534554 0.957656
vt 0.526994 0.957656
vt 0.526994 0.947645
vt 0.762382 0.726498
vt 0.769840 0.716588
vt 0.769840 0.726498
vt 0.762382 0.716588
vt 0.858896 0.901930
vt 0.858896 0.885790
vt 0.868908 0.901930
vt 0.868908 0.885790
vt 0.761584 0.885790
vt 0.751573 0.901930
vt 0.751573 0.885790
vt 0.761584 0.901930
vt 0.903994 0.367645
vt 0.903994 0.383888
vt 0.896230 0.367645
vt 0.896230 0.383888
vt 0.794607 0.697871
vt 0.794607 0.714114
vt 0.786843 0.697871
vt 0.786843 0.714114
vt 0.592343 0.910186
vt 0.584886 0.910186
vt 0.584886 0.894045
vt 0.592343 0.894045
vt 0.903994 0.801067
vt 0.903994 0.817310
vt 0.896537 0.801067
vt 0.896537 0.817310
vt 0.074301 0.544773
vt 0.074301 0.555193
vt 0.066537 0.555193
vt 0.066537 0.544773
vt 0.047470 0.119607
vt 0.047470 0.130027
vt 0.039706 0.130027
vt 0.039706 0.119607
vt 0.906162 0.670772
vt 0.906162 0.655551
vt 0.916378 0.670772
vt 0.916378 0.655551
vt 0.908226 0.370731
vt 0.918442 0.370731
vt 0.908226 0.385952
vt 0.918442 0.385952
vt 0.846390 0.932043
vt 0.854460 0.932043
vt 0.854460 0.945272
vt 0.846390 0.945272
vt 0.943209 0.468508
vt 0.935138 0.468508
vt 0.943209 0.455279
vt 0.935138 0.455279
vt 0.262117 0.950309
vt 0.262117 0.959720
vt 0.254047 0.959720
vt 0.254047 0.950309
vt 0.497589 0.821438
vt 0.505659 0.812019
vt 0.505659 0.821438
vt 0.497589 0.812019
vt 0.293180 0.905284
vt 0.303395 0.905284
vt 0.303395 0.920506
vt 0.293180 0.920506
vt 0.051702 0.907348
vt 0.061917 0.907348
vt 0.051702 0.922570
vt 0.061917 0.922570
vt 0.941145 0.369177
vt 0.941145 0.383888
vt 0.935220 0.369177
vt 0.935220 0.383888
vt 0.939081 0.798471
vt 0.939081 0.813182
vt 0.933156 0.798471
vt 0.933156 0.813182
vt 0.730626 0.323505
vt 0.730626 0.332290
vt 0.724700 0.332290
vt 0.724700 0.323505
vt 0.200364 0.848269
vt 0.206391 0.839483
vt 0.206391 0.848269
vt 0.200364 0.839483
vt 0.910290 0.346738
vt 0.910290 0.331516
vt 0.920506 0.346738
vt 0.920506 0.331516
vt 0.307627 0.907348
vt 0.317843 0.907348
vt 0.307627 0.922570
vt 0.317843 0.922570
vt 0.949400 0.352114
vt 0.949400 0.363249
vt 0.942352 0.352114
vt 0.942352 0.363249
vt 0.840013 0.424351
vt 0.840013 0.435486
vt 0.832964 0.424351
vt 0.832964 0.435486
vt 0.959720 0.207977
vt 0.959720 0.216711
vt 0.952671 0.216711
vt 0.952671 0.207977
vt 0.957656 0.711572
vt 0.957656 0.720306
vt 0.950607 0.720306
vt 0.950607 0.711572
vt 0.699464 0.815246
vt 0.709986 0.798799
vt 0.709986 0.815246
vt 0.699464 0.798799
vt 0.776032 0.932889
vt 0.765816 0.932889
vt 0.776032 0.917668
vt 0.765816 0.917668
vt 0.930825 0.209745
vt 0.930825 0.224967
vt 0.920610 0.209745
vt 0.920610 0.224967
vt 0.728562 0.813246
vt 0.728562 0.829693
vt 0.718039 0.813246
vt 0.718039 0.829693
vt 0.152730 0.949709
vt 0.152730 0.959720
vt 0.145272 0.959720
vt 0.145272 0.949709
vt 0.611717 0.957656
vt 0.619174 0.947747
vt 0.619174 0.957656
vt 0.611717 0.947747
vt 0.076365 0.906058
vt 0.066456 0.906058
vt 0.076365 0.889917
vt 0.066456 0.889917
vt 0.103196 0.887854
vt 0.103196 0.903994
vt 0.093287 0.887854
vt 0.093287 0.903994
vt 0.937202 0.471791
vt 0.945273 0.471791
vt 0.945273 0.485020
vt 0.937202 0.485020
vt 0.943209 0.305459
vt 0.935138 0.305459
vt 0.943209 0.292179
vt 0.935138 0.292179
vt 0.901930 0.755661
vt 0.901930 0.771904
vt 0.894167 0.755661
vt 0.894167 0.771904
vt 0.896230 0.670772
vt 0.903994 0.654529
vt 0.903994 0.670772
vt 0.896230 0.654529
vt 0.561385 0.912250
vt 0.553927 0.912250
vt 0.553927 0.896109
vt 0.561385 0.896109
vt 0.906058 0.714383
vt 0.906058 0.730626
vt 0.898601 0.714383
vt 0.898601 0.730626
vt 0.957656 0.279498
vt 0.957656 0.288948
vt 0.949586 0.288948
vt 0.949586 0.279498
vt 0.949586 0.707922
vt 0.957656 0.698524
vt 0.957656 0.707922
vt 0.949586 0.698524
vt 0.491212 0.059753
vt 0.491212 0.070173
vt 0.483448 0.070173
vt 0.483448 0.059753
vt 0.095432 0.957656
vt 0.103196 0.947287
vt 0.103196 0.957656
vt 0.095432 0.947287
vt 0.932889 0.307523
vt 0.922673 0.307523
vt 0.932889 0.292302
vt 0.922673 0.292302
vt 0.930825 0.352155
vt 0.930825 0.367377
vt 0.920610 0.352155
vt 0.920610 0.367377
vt 0.751531 0.357057
vt 0.751531 0.344594
vt 0.757456 0.357057
vt 0.757456 0.344594
vt 0.670772 0.928600
vt 0.670772 0.943209
vt 0.664847 0.928600
vt 0.664847 0.943209
vt 0.664580 0.804499
vt 0.664580 0.813182
vt 0.658553 0.813182
vt 0.658553 0.804499
vt 0.850332 0.868480
vt 0.850332 0.877163
vt 0.844407 0.877163
vt 0.844407 0.868480
vt 0.920506 0.676190
vt 0.920506 0.691411
vt 0.910290 0.676190
vt 0.910290 0.691411
vt 0.751369 0.907348
vt 0.761584 0.907348
vt 0.751369 0.922570
vt 0.761584 0.922570
vt 0.854460 0.403753
vt 0.854460 0.418975
vt 0.847309 0.403753
vt 0.847309 0.418975
vt 0.918442 0.694867
vt 0.918442 0.709986
vt 0.911291 0.694867
vt 0.911291 0.709986
vt 0.185752 0.949402
vt 0.185752 0.959720
vt 0.178601 0.959720
vt 0.178601 0.949402
vt 0.517083 0.959720
vt 0.524234 0.949504
vt 0.524234 0.959720
vt 0.517083 0.949504
vt 0.932889 0.326098
vt 0.922673 0.326098
vt 0.932889 0.310877
vt 0.922673 0.310877
vt 0.930825 0.372795
vt 0.930825 0.388016
vt 0.920610 0.372795
vt 0.920610 0.388016
vt 0.873036 0.467735
vt 0.873036 0.482956
vt 0.865885 0.467735
vt 0.865885 0.482956
vt 0.937017 0.284820
vt 0.929866 0.284820
vt 0.937017 0.269701
vt 0.929866 0.269701
vt 0.113515 0.949402
vt 0.113515 0.959720
vt 0.106364 0.959720
vt 0.106364 0.949402
vt 0.907163 0.957656
vt 0.914314 0.947440
vt 0.914314 0.957656
vt 0.907163 0.947440
vt 0.001861 0.561385
vt 0.001861 0.543916
vt 0.012383 0.561385
vt 0.012383 0.543916
vt 0.484817 0.055726
vt 0.495339 0.038257
vt 0.495339 0.055726
vt 0.484817 0.038257
vt 0.247670 0.519238
vt 0.247670 0.536618
vt 0.240519 0.519238
vt 0.240519 0.536618
vt 0.782223 0.718242
vt 0.775072 0.718242
vt 0.782223 0.700875
vt 0.775072 0.700875
vt 0.850332 0.720180
vt 0.850332 0.730626
vt 0.843182 0.730626
vt 0.843182 0.720180
vt 0.948441 0.474700
vt 0.955592 0.464249
vt 0.955592 0.474700
vt 0.948441 0.464249
vt 0.016309 0.561385
vt 0.026831 0.543916
vt 0.026831 0.561385
vt 0.016309 0.543916
vt 0.369238 0.759520
vt 0.369238 0.742154
vt 0.379760 0.759520
vt 0.379760 0.742154
vt 0.317843 0.638945
vt 0.317843 0.656325
vt 0.310692 0.638945
vt 0.310692 0.656325
vt 0.414847 0.788415
vt 0.407696 0.788415
vt 0.414847 0.771048
vt 0.407696 0.771048
vt 0.802863 0.354867
vt 0.802863 0.365313
vt 0.795712 0.365313
vt 0.795712 0.354867
vt 0.946377 0.515979
vt 0.953528 0.505527
vt 0.953528 0.515979
vt 0.946377 0.505527
vt 0.932889 0.397561
vt 0.932889 0.412783
vt 0.922673 0.397561
vt 0.922673 0.412783
vt 0.920610 0.811118
vt 0.930825 0.795897
vt 0.930825 0.811118
vt 0.920610 0.795897
vt 0.788415 0.938265
vt 0.788415 0.949400
vt 0.777791 0.938265
vt 0.777791 0.949400
vt 0.947336 0.917626
vt 0.947336 0.928761
vt 0.936712 0.917626
vt 0.936712 0.928761
vt 0.330226 0.955592
vt 0.321492 0.955592
vt 0.321492 0.944968
vt 0.330226 0.944968
vt 0.732689 0.953528
vt 0.723955 0.953528
vt 0.723955 0.942904
vt 0.732689 0.942904
vt 0.790479 0.914212
vt 0.780468 0.914314
vt 0.780468 0.903077
vt 0.790479 0.903077
vt 0.949400 0.247670
vt 0.939491 0.247670
vt 0.939491 0.236535
vt 0.949400 0.236535
vt 0.899867 0.834192
vt 0.899867 0.850332
vt 0.889855 0.834192
vt 0.889855 0.850332
vt 0.821438 0.883726
vt 0.811426 0.899866
vt 0.811426 0.883726
vt 0.821438 0.899866
vt 0.828878 0.881662
vt 0.840013 0.881662
vt 0.840013 0.897802
vt 0.828878 0.897802
vt 0.891611 0.772172
vt 0.891611 0.788415
vt 0.880476 0.772172
vt 0.880476 0.788415
vt 0.920506 0.728562
vt 0.910290 0.728562
vt 0.920506 0.713340
vt 0.910290 0.713340
vt 0.895739 0.907348
vt 0.885523 0.922570
vt 0.885523 0.907348
vt 0.895739 0.922570
vt 0.145007 0.519254
vt 0.156857 0.519254
vt 0.156857 0.532483
vt 0.145007 0.532490
vt 0.916378 0.929979
vt 0.916378 0.943209
vt 0.904528 0.929979
vt 0.904528 0.943209
vt 0.154794 0.493275
vt 0.145382 0.493275
vt 0.145382 0.481425
vt 0.154794 0.481425
vt 0.491212 0.346738
vt 0.481793 0.346738
vt 0.481793 0.334887
vt 0.491212 0.334887
vt 0.920506 0.733979
vt 0.920506 0.749201
vt 0.910290 0.733979
vt 0.910290 0.749201
vt 0.908122 0.922570
vt 0.897906 0.922570
vt 0.908122 0.907348
vt 0.897906 0.907348
vt 0.889547 0.926434
vt 0.889547 0.941145
vt 0.880353 0.926434
vt 0.880353 0.941145
vt 0.939081 0.837686
vt 0.939081 0.852396
vt 0.929887 0.837686
vt 0.929887 0.852396
vt 0.559321 0.961784
vt 0.550535 0.961784
vt 0.550535 0.952590
vt 0.559321 0.952590
vt 0.214647 0.959720
vt 0.205862 0.959720
vt 0.205862 0.950424
vt 0.214647 0.950424
vt 0.206391 0.835885
vt 0.195869 0.835885
vt 0.206391 0.819438
vt 0.195869 0.819438
vt 0.932889 0.344674
vt 0.922673 0.344674
vt 0.932889 0.329452
vt 0.922673 0.329452
vt 0.930825 0.816536
vt 0.930825 0.831757
vt 0.920610 0.816536
vt 0.920610 0.831757
vt 0.837949 0.196136
vt 0.837949 0.212583
vt 0.827427 0.196136
vt 0.827427 0.212583
vt 0.185752 0.945273
vt 0.175741 0.945273
vt 0.175741 0.934035
vt 0.185752 0.934035
vt 0.947336 0.726498
vt 0.937427 0.726498
vt 0.937427 0.715260
vt 0.947336 0.715260
vt 0.906058 0.227031
vt 0.896149 0.227031
vt 0.906058 0.210890
vt 0.896149 0.210890
vt 0.894085 0.305459
vt 0.894085 0.289319
vt 0.903994 0.305459
vt 0.903994 0.289319
vt 0.524767 0.932043
vt 0.536618 0.932043
vt 0.536618 0.945273
vt 0.524767 0.945273
vt 0.016511 0.929928
vt 0.016511 0.943209
vt 0.004661 0.929928
vt 0.004661 0.943209
vt 0.014447 0.852665
vt 0.014447 0.868908
vt 0.003006 0.852665
vt 0.003006 0.868908
vt 0.718242 0.858857
vt 0.718242 0.875099
vt 0.706800 0.858857
vt 0.706800 0.875099
vt 0.837031 0.239785
vt 0.848269 0.239785
vt 0.848269 0.255925
vt 0.837031 0.255925
vt 0.202264 0.873304
vt 0.202264 0.889547
vt 0.191026 0.873304
vt 0.191026 0.889547
vt 0.656325 0.815246
vt 0.646875 0.815246
vt 0.646875 0.803396
vt 0.656325 0.803396
vt 0.177497 0.821438
vt 0.168098 0.821438
vt 0.168098 0.809588
vt 0.177497 0.809588
vt 0.127963 0.947336
vt 0.117543 0.947336
vt 0.117543 0.935895
vt 0.127963 0.935895
vt 0.280692 0.949400
vt 0.270323 0.949400
vt 0.270323 0.937959
vt 0.280692 0.937959
vt 0.932889 0.431358
vt 0.922673 0.431358
vt 0.922673 0.416137
vt 0.932889 0.416137
vt 0.200200 0.919732
vt 0.189984 0.934953
vt 0.189984 0.919732
vt 0.200200 0.934953
vt 0.797694 0.730626
vt 0.797694 0.718162
vt 0.806990 0.730626
vt 0.806990 0.718162
vt 0.941145 0.771743
vt 0.941145 0.786351
vt 0.931849 0.771743
vt 0.931849 0.786351
vt 0.693475 0.815246
vt 0.684792 0.815246
vt 0.684792 0.805848
vt 0.693475 0.805848
vt 0.274501 0.961784
vt 0.265817 0.961784
vt 0.265817 0.952488
vt 0.274501 0.952488
vt 0.932889 0.434712
vt 0.932889 0.449933
vt 0.922673 0.434712
vt 0.922673 0.449933
vt 0.705962 0.934953
vt 0.716178 0.919732
vt 0.716178 0.934953
vt 0.705962 0.919732
vt 0.831757 0.001290
vt 0.831757 0.016511
vt 0.821031 0.001290
vt 0.821031 0.016511
vt 0.051598 0.926026
vt 0.051598 0.941145
vt 0.040871 0.926026
vt 0.040871 0.941145
vt 0.757456 0.955592
vt 0.747139 0.955592
vt 0.747139 0.944866
vt 0.757456 0.944866
vt 0.953528 0.379760
vt 0.943313 0.379760
vt 0.943313 0.369034
vt 0.953528 0.369034
vt 0.041278 0.561385
vt 0.030756 0.561385
vt 0.041278 0.543916
vt 0.030756 0.543916
vt 0.344471 0.503595
vt 0.354993 0.486126
vt 0.354993 0.503595
vt 0.344471 0.486126
vt 0.319907 0.618306
vt 0.319907 0.635686
vt 0.309180 0.618306
vt 0.309180 0.635686
vt 0.730626 0.023912
vt 0.730626 0.041278
vt 0.719899 0.023912
vt 0.719899 0.041278
vt 0.868908 0.953528
vt 0.858462 0.953528
vt 0.858462 0.942802
vt 0.868908 0.942802
vt 0.951464 0.887483
vt 0.941013 0.887483
vt 0.941013 0.876756
vt 0.951464 0.876756
vt 0.561385 0.015554
vt 0.550862 0.033023
vt 0.550862 0.015554
vt 0.561385 0.033023
vt 0.383685 0.771904
vt 0.383685 0.754537
vt 0.394208 0.771904
vt 0.394208 0.754537
vt 0.354993 0.700863
vt 0.354993 0.718242
vt 0.344267 0.700863
vt 0.344267 0.718242
vt 0.369441 0.717387
vt 0.369441 0.734753
vt 0.358714 0.717387
vt 0.358714 0.734753
vt 0.685219 0.955592
vt 0.674774 0.955592
vt 0.674774 0.944866
vt 0.685219 0.944866
vt 0.804926 0.953528
vt 0.794475 0.953528
vt 0.794475 0.942802
vt 0.804926 0.942802
vt 0.932889 0.455351
vt 0.932889 0.470572
vt 0.922673 0.470572
vt 0.922673 0.455351
vt 0.780263 0.934953
vt 0.780263 0.919732
vt 0.790479 0.934953
vt 0.790479 0.919732
vt 0.639813 0.001248
vt 0.639813 0.012383
vt 0.629189 0.001248
vt 0.629189 0.012383
vt 0.833821 0.940329
vt 0.833821 0.951464
vt 0.823197 0.940329
vt 0.823197 0.951464
vt 0.901930 0.955592
vt 0.893196 0.955592
vt 0.893196 0.944968
vt 0.901930 0.944968
vt 0.953528 0.631558
vt 0.944794 0.631558
vt 0.944794 0.620933
vt 0.953528 0.620933
vt 0.788213 0.385952
vt 0.788213 0.369454
vt 0.798735 0.385952
vt 0.798735 0.369454
vt 0.811118 0.652210
vt 0.811118 0.668708
vt 0.800596 0.652210
vt 0.800596 0.668708
vt 0.635686 0.947234
vt 0.625674 0.947336
vt 0.625674 0.936099
vt 0.635686 0.936099
vt 0.200200 0.951464
vt 0.190290 0.951464
vt 0.190290 0.940329
vt 0.200200 0.940329
vt 0.889855 0.885790
vt 0.899867 0.885790
vt 0.889855 0.901930
vt 0.899867 0.901930
vt 0.776032 0.885790
vt 0.776032 0.901930
vt 0.766020 0.885790
vt 0.766020 0.901930
vt 0.864780 0.865048
vt 0.864780 0.881291
vt 0.853338 0.865048
vt 0.853338 0.881291
vt 0.732689 0.836154
vt 0.732689 0.852396
vt 0.721248 0.836154
vt 0.721248 0.852396
vt 0.884604 0.722740
vt 0.895739 0.722740
vt 0.895739 0.738881
vt 0.884604 0.738881
vt 0.893675 0.792811
vt 0.893675 0.809054
vt 0.882540 0.792811
vt 0.882540 0.809054
vt 0.551065 0.945273
vt 0.540645 0.945273
vt 0.540645 0.933831
vt 0.551065 0.933831
vt 0.142410 0.947336
vt 0.131990 0.947336
vt 0.131990 0.935895
vt 0.142410 0.935895
vt 0.910290 0.754619
vt 0.920506 0.754619
vt 0.920506 0.769840
vt 0.910290 0.769840
vt 0.002168 0.926697
vt 0.012383 0.911476
vt 0.012383 0.926697
vt 0.002168 0.911476
vt 0.679561 0.302543
vt 0.691411 0.302543
vt 0.691411 0.315772
vt 0.679561 0.315779
vt 0.930825 0.927915
vt 0.930825 0.941145
vt 0.918975 0.927915
vt 0.918975 0.941145
vt 0.063981 0.557257
vt 0.054570 0.557257
vt 0.054570 0.545407
vt 0.063981 0.545407
vt 0.099068 0.468508
vt 0.089649 0.468508
vt 0.089649 0.456658
vt 0.099068 0.456658
vt 0.078429 0.909412
vt 0.078429 0.924633
vt 0.068213 0.909412
vt 0.068213 0.924633
vt 0.014551 0.926697
vt 0.024767 0.911476
vt 0.024767 0.926697
vt 0.014551 0.911476
vt 0.901930 0.926434
vt 0.901930 0.941145
vt 0.892736 0.926434
vt 0.892736 0.941145
vt 0.105260 0.928498
vt 0.105260 0.943209
vt 0.096066 0.928498
vt 0.096066 0.943209
vt 0.959720 0.540745
vt 0.950935 0.540745
vt 0.950935 0.531551
vt 0.959720 0.531551
vt 0.239414 0.961784
vt 0.230629 0.961784
vt 0.230629 0.952488
vt 0.239414 0.952488
vt 0.095044 0.924633
vt 0.095044 0.909412
vt 0.105260 0.924633
vt 0.105260 0.909412
vt 0.037150 0.911476
vt 0.026935 0.926697
vt 0.026935 0.911476
vt 0.037150 0.926697
vt 0.949400 0.746321
vt 0.949400 0.757456
vt 0.938776 0.746321
vt 0.938776 0.757456
vt 0.718242 0.938265
vt 0.718242 0.949400
vt 0.707618 0.938265
vt 0.707618 0.949400
vt 0.930825 0.955592
vt 0.922091 0.955592
vt 0.922091 0.944968
vt 0.930825 0.944968
vt 0.953528 0.788415
vt 0.944794 0.788415
vt 0.944794 0.777791
vt 0.953528 0.777791
vt 0.210317 0.823566
vt 0.220839 0.823566
vt 0.210317 0.840013
vt 0.220839 0.840013
vt 0.922673 0.689347
vt 0.922673 0.674126
vt 0.932889 0.689347
vt 0.932889 0.674126
vt 0.831861 0.919732
vt 0.842077 0.919732
vt 0.831861 0.934953
vt 0.842077 0.934953
vt 0.831555 0.235286
vt 0.831555 0.218839
vt 0.842077 0.235286
vt 0.842077 0.218839
vt 0.945273 0.681092
vt 0.935261 0.681092
vt 0.935261 0.669854
vt 0.945273 0.669854
vt 0.912250 0.852396
vt 0.902341 0.852396
vt 0.902341 0.841159
vt 0.912250 0.841159
vt 0.080903 0.906058
vt 0.080903 0.889917
vt 0.090812 0.906058
vt 0.090812 0.889917
vt 0.894085 0.309958
vt 0.903994 0.309958
vt 0.894085 0.326098
vt 0.903994 0.326098
vt 0.202797 0.934107
vt 0.214647 0.934107
vt 0.214647 0.947336
vt 0.202797 0.947336
vt 0.685219 0.927864
vt 0.685219 0.941145
vt 0.673369 0.927864
vt 0.673369 0.941145
vt 0.879227 0.867112
vt 0.879227 0.883355
vt 0.867786 0.867112
vt 0.867786 0.883355
vt 0.881291 0.689616
vt 0.881291 0.705859
vt 0.869850 0.689616
vt 0.869850 0.705859
vt 0.884501 0.689718
vt 0.895739 0.689718
vt 0.895739 0.705859
vt 0.884501 0.705859
vt 0.891611 0.751533
vt 0.891611 0.767776
vt 0.880374 0.751533
vt 0.880374 0.767776
vt 0.427230 0.788415
vt 0.417781 0.788415
vt 0.417781 0.776565
vt 0.427230 0.776565
vt 0.809054 0.918442
vt 0.799656 0.918442
vt 0.799656 0.906592
vt 0.809054 0.906592
vt 0.945273 0.829693
vt 0.934853 0.829693
vt 0.934853 0.818252
vt 0.945273 0.818252
vt 0.584088 0.947336
vt 0.573719 0.947336
vt 0.573719 0.935895
vt 0.584088 0.935895
vt 0.910290 0.909412
vt 0.920506 0.909412
vt 0.910290 0.924633
vt 0.920506 0.924633
vt 0.082660 0.926697
vt 0.082660 0.911476
vt 0.092876 0.926697
vt 0.092876 0.911476
vt 0.617110 0.892901
vt 0.617110 0.908122
vt 0.606384 0.892901
vt 0.606384 0.908122
vt 0.317843 0.928089
vt 0.317843 0.943209
vt 0.307116 0.928089
vt 0.307116 0.943209
vt 0.953528 0.846205
vt 0.943210 0.846205
vt 0.943210 0.835478
vt 0.953528 0.835478
vt 0.955592 0.305459
vt 0.945376 0.305459
vt 0.945376 0.294733
vt 0.955592 0.294733
vt 0.922673 0.709986
vt 0.932889 0.694765
vt 0.932889 0.709986
vt 0.922673 0.694765
vt 0.934953 0.728562
vt 0.924737 0.728562
vt 0.934953 0.713340
vt 0.924737 0.713340
vt 0.631558 0.894965
vt 0.631558 0.910186
vt 0.620831 0.894965
vt 0.620831 0.910186
vt 0.877163 0.923962
vt 0.877163 0.939081
vt 0.866437 0.923962
vt 0.866437 0.939081
vt 0.885419 0.955592
vt 0.875101 0.955592
vt 0.875101 0.944866
vt 0.885419 0.944866
vt 0.953528 0.662516
vt 0.943313 0.662516
vt 0.943313 0.651790
vt 0.953528 0.651790
vt 0.001861 0.586152
vt 0.012383 0.568683
vt 0.012383 0.586152
vt 0.001861 0.568683
vt 0.501329 0.033023
vt 0.511851 0.015554
vt 0.511851 0.033023
vt 0.501329 0.015554
vt 0.664580 0.292208
vt 0.664580 0.309587
vt 0.653854 0.292208
vt 0.653854 0.309587
vt 0.734753 0.001209
vt 0.734753 0.018575
vt 0.724027 0.001209
vt 0.724027 0.018575
vt 0.953528 0.501531
vt 0.943083 0.501531
vt 0.943083 0.490805
vt 0.953528 0.490805
vt 0.049534 0.955592
vt 0.039082 0.955592
vt 0.039082 0.944866
vt 0.049534 0.944866
vt 0.922673 0.747137
vt 0.932889 0.731915
vt 0.932889 0.747137
vt 0.922673 0.731915
vt 0.934953 0.750491
vt 0.934953 0.765712
vt 0.924737 0.750491
vt 0.924737 0.765712
vt 0.951464 0.001248
vt 0.951464 0.012383
vt 0.940840 0.001248
vt 0.940840 0.012383
vt 0.297204 0.942393
vt 0.297204 0.953528
vt 0.286579 0.942393
vt 0.286579 0.953528
vt 0.955592 0.396271
vt 0.946858 0.396271
vt 0.946858 0.385647
vt 0.955592 0.385647
vt 0.010320 0.957656
vt 0.001585 0.957656
vt 0.001585 0.947032
vt 0.010320 0.947032
vt 0.790276 0.018575
vt 0.790276 0.002077
vt 0.800799 0.018575
vt 0.800799 0.002077
vt 0.668506 0.813182
vt 0.668506 0.796684
vt 0.679028 0.813182
vt 0.679028 0.796684
vt 0.773968 0.947234
vt 0.763956 0.947336
vt 0.763956 0.936099
vt 0.773968 0.936099
vt 0.949400 0.264181
vt 0.939491 0.264181
vt 0.939491 0.253046
vt 0.949400 0.253046
vt 0.002372 0.887854
vt 0.012383 0.887854
vt 0.012383 0.903994
vt 0.002372 0.903994
vt 0.854460 0.883726
vt 0.854460 0.899866
vt 0.844449 0.883726
vt 0.844449 0.899866
vt 0.887483 0.848537
vt 0.887483 0.864780
vt 0.876041 0.848537
vt 0.876041 0.864780
vt 0.862716 0.460521
vt 0.862716 0.476764
vt 0.851274 0.460521
vt 0.851274 0.476764
vt 0.292260 0.885790
vt 0.303395 0.885790
vt 0.303395 0.901930
vt 0.292260 0.901930
vt 0.716178 0.879496
vt 0.716178 0.895739
vt 0.705043 0.879496
vt 0.705043 0.895739
vt 0.156857 0.947336
vt 0.146438 0.947336
vt 0.146438 0.935895
vt 0.156857 0.935895
vt 0.249734 0.949400
vt 0.239314 0.949400
vt 0.239314 0.937959
vt 0.249734 0.937959
vt 0.914418 0.884645
vt 0.924633 0.884645
vt 0.914418 0.899866
vt 0.924633 0.899866
vt 0.596575 0.926697
vt 0.596575 0.911476
vt 0.606791 0.926697
vt 0.606791 0.911476
vt 0.689881 0.927909
vt 0.701731 0.927909
vt 0.701731 0.941138
vt 0.689881 0.941145
vt 0.173369 0.934107
vt 0.173369 0.947336
vt 0.161519 0.934107
vt 0.161519 0.947336
vt 0.526298 0.047470
vt 0.516887 0.047470
vt 0.516887 0.035620
vt 0.526298 0.035620
vt 0.503595 0.340546
vt 0.494176 0.340546
vt 0.494176 0.328696
vt 0.503595 0.328696
vt 0.173369 0.913540
vt 0.173369 0.928761
vt 0.163153 0.913540
vt 0.163153 0.928761
vt 0.926697 0.249734
vt 0.916482 0.249734
vt 0.926697 0.234512
vt 0.916482 0.234512
vt 0.941145 0.649870
vt 0.941145 0.664580
vt 0.931951 0.649870
vt 0.931951 0.664580
vt 0.648069 0.928498
vt 0.648069 0.943209
vt 0.638875 0.928498
vt 0.638875 0.943209
vt 0.592343 0.961784
vt 0.583558 0.961784
vt 0.583558 0.952590
vt 0.592343 0.952590
vt 0.631558 0.959720
vt 0.622772 0.959720
vt 0.622772 0.950424
vt 0.631558 0.950424
vt 0.528466 0.928761
vt 0.528466 0.913540
vt 0.538682 0.928761
vt 0.538682 0.913540
vt 0.926697 0.253088
vt 0.916482 0.268309
vt 0.916482 0.253088
vt 0.926697 0.268309
vt 0.951464 0.222087
vt 0.951464 0.233222
vt 0.940840 0.222087
vt 0.940840 0.233222
vt 0.947336 0.903179
vt 0.947336 0.914314
vt 0.936712 0.903179
vt 0.936712 0.914314
vt 0.955592 0.410719
vt 0.946858 0.410719
vt 0.946858 0.400095
vt 0.955592 0.400095
vt 0.028895 0.957656
vt 0.020160 0.957656
vt 0.020160 0.947032
vt 0.028895 0.947032
vt 0.844141 0.404591
vt 0.844141 0.421038
vt 0.833619 0.404591
vt 0.833619 0.421038
vt 0.932889 0.924633
vt 0.922673 0.924633
vt 0.932889 0.909412
vt 0.922673 0.909412
vt 0.293180 0.939081
vt 0.293180 0.923859
vt 0.303395 0.939081
vt 0.303395 0.923859
vt 0.846205 0.441742
vt 0.846205 0.458189
vt 0.835683 0.441742
vt 0.835683 0.458189
vt 0.945273 0.707922
vt 0.935261 0.707922
vt 0.935261 0.696685
vt 0.945273 0.696685
vt 0.947336 0.740945
vt 0.937427 0.740945
vt 0.937427 0.729708
vt 0.947336 0.729708
vt 0.896149 0.344674
vt 0.896149 0.328533
vt 0.906058 0.344674
vt 0.906058 0.328533
vt 0.118053 0.023074
vt 0.127963 0.023074
vt 0.118053 0.039214
vt 0.127963 0.039214
vt 0.597004 0.932043
vt 0.608855 0.932043
vt 0.608855 0.945273
vt 0.597004 0.945273
vt 0.033023 0.929928
vt 0.033023 0.943209
vt 0.021172 0.929928
vt 0.021172 0.943209
vt 0.173369 0.873304
vt 0.173369 0.889547
vt 0.161927 0.873304
vt 0.161927 0.889547
vt 0.187816 0.875368
vt 0.187816 0.891611
vt 0.176375 0.875368
vt 0.176375 0.891611
vt 0.882437 0.813553
vt 0.893675 0.813553
vt 0.893675 0.829693
vt 0.882438 0.829693
vt 0.893675 0.668976
vt 0.893675 0.685219
vt 0.882437 0.668976
vt 0.882437 0.685219
vt 0.846205 0.914314
vt 0.836755 0.914314
vt 0.836755 0.902464
vt 0.846205 0.902464
vt 0.233222 0.945273
vt 0.223824 0.945273
vt 0.223824 0.933422
vt 0.233222 0.933422
vt 0.264181 0.947336
vt 0.253761 0.947336
vt 0.253761 0.935895
vt 0.264181 0.935895
vt 0.567576 0.949400
vt 0.557207 0.949400
vt 0.557207 0.937959
vt 0.567576 0.937959
vt 0.730626 0.937017
vt 0.720410 0.937017
vt 0.720410 0.921796
vt 0.730626 0.921796
vt 0.804926 0.923859
vt 0.794711 0.939081
vt 0.794711 0.923859
vt 0.804926 0.939081
vt 0.820499 0.730626
vt 0.820499 0.718162
vt 0.829693 0.730626
vt 0.829693 0.718162
vt 0.660452 0.928600
vt 0.660452 0.943209
vt 0.651258 0.928600
vt 0.651258 0.943209
vt 0.771904 0.959720
vt 0.763220 0.959720
vt 0.763220 0.950424
vt 0.771904 0.950424
vt 0.169241 0.528362
vt 0.160558 0.528362
vt 0.160558 0.519168
vt 0.169241 0.519168
vt 0.611022 0.928761
vt 0.611022 0.913540
vt 0.621238 0.928761
vt 0.621238 0.913540
vt 0.916482 0.271663
vt 0.926697 0.271663
vt 0.916482 0.286884
vt 0.926697 0.286884
vt 0.577896 0.015737
vt 0.577896 0.030959
vt 0.567169 0.015737
vt 0.567169 0.030959
vt 0.759520 0.926026
vt 0.759520 0.941145
vt 0.748794 0.926026
vt 0.748794 0.941145
vt 0.953528 0.860652
vt 0.943210 0.860652
vt 0.943210 0.849926
vt 0.953528 0.849926
vt 0.955592 0.319907
vt 0.945376 0.319907
vt 0.945376 0.309180
vt 0.955592 0.309180
vt 0.926801 0.899866
vt 0.937017 0.884645
vt 0.937017 0.899866
vt 0.926801 0.884645
vt 0.819374 0.923859
vt 0.819374 0.939081
vt 0.809158 0.923859
vt 0.809158 0.939081
vt 0.625366 0.001290
vt 0.625366 0.016511
vt 0.614639 0.001290
vt 0.614639 0.016511
vt 0.066045 0.926026
vt 0.066045 0.941145
vt 0.055319 0.926026
vt 0.055319 0.941145
vt 0.955592 0.342610
vt 0.945274 0.342610
vt 0.945274 0.331883
vt 0.955592 0.331883
vt 0.953528 0.773968
vt 0.943313 0.773968
vt 0.943313 0.763241
vt 0.953528 0.763241
vt 0.610919 0.001106
vt 0.610919 0.018575
vt 0.600396 0.001106
vt 0.600396 0.018575
vt 0.501329 0.053662
vt 0.511851 0.036193
vt 0.511851 0.053662
vt 0.501329 0.036193
vt 0.346738 0.676096
vt 0.346738 0.693475
vt 0.336011 0.676096
vt 0.336011 0.693475
vt 0.747137 0.023912
vt 0.747137 0.041278
vt 0.736410 0.023912
vt 0.736410 0.041278
vt 0.699667 0.955592
vt 0.689221 0.955592
vt 0.689221 0.944866
vt 0.699667 0.944866
vt 0.819374 0.953528
vt 0.808922 0.953528
vt 0.808922 0.942802
vt 0.819374 0.942802
vt 0.309385 0.597578
vt 0.319907 0.597578
vt 0.309385 0.615046
vt 0.319907 0.615046
vt 0.360982 0.780159
vt 0.360982 0.762793
vt 0.371504 0.780159
vt 0.371504 0.762793
vt 0.718242 0.001196
vt 0.718242 0.018575
vt 0.707516 0.001196
vt 0.707516 0.018575
vt 0.747137 0.046615
vt 0.747137 0.063981
vt 0.736410 0.046615
vt 0.736410 0.063981
vt 0.953528 0.802862
vt 0.943083 0.802862
vt 0.943083 0.792136
vt 0.953528 0.792136
vt 0.066045 0.955592
vt 0.055594 0.955592
vt 0.055594 0.944866
vt 0.066045 0.944866
s 1
f 3/1/1 1/2/1 2/3/1
f 1/2/1 4/4/1 2/3/1
f 7/5/1 5/6/1 6/7/1
f 10/8/1 8/9/1 9/10/1
f 8/9/1 1/2/1 3/1/1
f 10/8/1 1/2/1 8/9/1
f 12/11/1 11/12/1 6/7/1
f 11/12/1 7/5/1 6/7/1
f 2/3/1 4/4/1 12/11/1
f 4/4/1 11/12/1 12/11/1
f 15/13/2 13/14/3 14/15/3
f 13/14/3 15/13/2 16/16/2
f 19/17/2 17/18/2 18/19/2
f 22/20/3 20/21/2 21/22/2
f 16/16/2 15/13/2 22/20/3
f 20/21/2 22/20/3 15/13/2
f 23/23/3 17/18/2 19/17/2
f 24/24/3 17/18/2 23/23/3
f 14/15/3 24/24/3 23/23/3
f 13/14/3 24/24/3 14/15/3
f 27/25/4 25/26/4 26/27/4
f 28/28/4 26/27/4 25/26/4
f 31/29/5 29/30/5 30/31/6
f 32/32/5 29/30/5 31/29/5
f 35/33/7 33/34/7 34/35/8
f 36/36/7 33/34/7 35/33/7
f 39/37/9 37/38/9 38/39/9
f 40/40/9 37/38/9 39/37/9
f 43/41/10 41/42/11 42/43/10
f 44/44/11 41/42/11 43/41/10
f 47/45/12 45/46/12 46/47/12
f 48/48/12 46/47/12 45/46/12
f 51/49/1 49/50/1 50/49/1
f 54/51/1 52/52/1 53/53/1
f 57/54/1 55/55/1 56/54/1
f 60/56/1 58/57/1 59/58/1
f 58/57/1 61/59/1 62/60/1
f 63/61/1 62/60/1 61/59/1
f 61/59/1 64/62/1 63/61/1
f 65/63/1 63/61/1 64/62/1
f 64/62/1 66/64/1 65/63/1
f 67/65/1 65/63/1 66/64/1
f 67/65/1 66/64/1 68/66/1
f 69/67/1 68/66/1 66/64/1
f 69/67/1 70/68/1 68/66/1
f 73/69/1 71/70/1 72/71/1
f 62/60/1 59/58/1 58/57/1
f 59/58/1 74/72/1 75/73/1
f 60/56/1 59/58/1 75/73/1
f 76/74/1 75/73/1 74/72/1
f 74/72/1 77/75/1 76/74/1
f 78/76/1 50/49/1 49/50/1
f 49/50/1 52/52/1 79/77/1
f 51/49/1 52/52/1 49/50/1
f 51/49/1 80/78/1 52/52/1
f 79/77/1 52/52/1 81/79/1
f 81/79/1 52/52/1 82/80/1
f 82/80/1 52/52/1 83/81/1
f 83/81/1 52/52/1 84/82/1
f 84/82/1 52/52/1 85/83/1
f 85/83/1 52/52/1 86/84/1
f 52/52/1 87/85/1 86/84/1
f 54/51/1 88/86/1 52/52/1
f 89/87/1 52/52/1 80/78/1
f 89/87/1 53/53/1 52/52/1
f 92/88/13 90/89/13 91/90/13
f 93/91/13 91/90/13 90/89/13
f 96/92/14 94/93/14 95/94/14
f 97/95/14 95/94/14 94/93/14
f 100/96/15 98/97/15 99/98/15
f 101/99/15 98/97/15 100/96/15
f 104/100/16 102/101/16 103/102/16
f 105/103/16 103/102/16 102/101/16
f 108/104/17 106/105/17 107/106/17
f 109/107/17 106/105/17 108/104/17
f 112/108/18 110/109/18 111/110/18
f 113/111/18 110/109/18 112/108/18
f 116/112/19 114/113/19 115/114/19
f 117/115/19 115/114/19 114/113/19
f 120/116/20 118/117/20 119/118/21
f 121/119/21 118/117/20 120/116/20
f 124/120/22 122/121/22 123/122/22
f 125/123/22 123/122/22 122/121/22
f 128/124/23 126/125/23 127/126/23
f 129/127/23 127/126/23 126/125/23
f 132/128/24 130/129/24 131/130/24
f 133/131/24 130/129/24 132/128/24
f 136/132/25 134/133/25 135/134/25
f 137/135/26 135/134/25 134/133/25
f 140/136/27 138/137/27 139/138/27
f 141/139/27 138/137/27 140/136/27
f 144/140/28 142/141/28 143/142/28
f 145/143/28 143/142/28 142/141/28
f 148/144/29 146/145/30 147/146/30
f 149/147/30 147/146/30 146/145/30
f 152/148/31 150/149/31 151/150/31
f 153/151/31 151/150/31 150/149/31
f 156/152/32 154/153/32 155/154/32
f 157/155/32 155/154/32 154/153/32
f 40/40/9 158/156/9 37/38/9
f 159/157/9 158/156/9 40/40/9
f 162/158/33 160/159/33 161/160/33
f 163/161/33 160/159/33 162/158/33
f 166/162/34 164/163/34 165/164/34
f 167/165/34 164/163/34 166/162/34
f 170/166/35 168/167/35 169/168/35
f 171/169/35 168/167/35 170/166/35
f 174/170/36 172/171/36 173/170/36
f 175/171/36 173/170/36 172/171/36
f 178/172/37 176/173/37 177/172/37
f 179/173/37 177/172/37 176/173/37
f 182/174/38 180/175/39 181/176/40
f 183/177/41 181/176/40 180/175/39
f 186/178/3 184/179/2 185/180/2
f 184/179/2 186/178/3 187/181/3
f 186/178/3 188/182/3 187/181/3
f 189/183/3 187/181/3 188/182/3
f 190/184/3 189/183/3 188/182/3
f 189/183/3 190/184/3 191/185/3
f 190/184/3 192/186/2 191/185/3
f 191/185/3 192/186/2 193/187/2
f 194/188/2 193/187/2 192/186/2
f 194/188/2 192/186/2 195/189/2
f 197/190/2 196/191/2 194/188/2
f 194/188/2 195/189/2 197/190/2
f 198/192/3 197/190/2 195/189/2
f 198/192/3 199/193/2 197/190/2
f 195/189/2 200/194/2 198/192/3
f 201/195/1 6/7/1 5/6/1
f 201/195/1 5/6/1 202/196/1
f 203/197/1 202/196/1 5/6/1
f 204/198/1 202/196/1 203/197/1
f 205/199/1 204/198/1 203/197/1
f 206/200/1 204/198/1 205/199/1
f 207/201/1 206/200/1 205/199/1
f 206/200/1 207/201/1 208/202/1
f 209/203/1 208/202/1 207/201/1
f 208/202/1 209/203/1 210/204/1
f 211/205/1 210/204/1 209/203/1
f 212/206/1 210/204/1 211/205/1
f 213/207/1 210/204/1 212/206/1
f 212/206/1 214/208/1 213/207/1
f 215/209/1 213/207/1 214/208/1
f 216/210/2 18/19/2 17/18/2
f 216/210/2 217/211/3 18/19/2
f 218/212/3 18/19/2 217/211/3
f 217/211/3 219/213/3 218/212/3
f 220/214/3 218/212/3 219/213/3
f 221/215/3 220/214/3 219/213/3
f 222/216/3 220/214/3 221/215/3
f 221/215/3 223/217/3 222/216/3
f 224/218/3 222/216/3 223/217/3
f 223/217/3 225/219/2 224/218/3
f 226/220/2 224/218/3 225/219/2
f 227/221/3 226/220/2 225/219/2
f 228/222/3 227/221/3 225/219/2
f 227/221/3 228/222/3 229/223/2
f 230/224/2 229/223/2 228/222/3
f 233/225/1 231/226/1 232/227/1
f 231/226/1 234/228/1 232/227/1
f 232/227/1 234/228/1 235/229/1
f 236/230/1 235/229/1 234/228/1
f 237/231/1 235/229/1 236/230/1
f 236/230/1 238/232/1 237/231/1
f 237/231/1 238/232/1 239/233/1
f 238/232/1 240/234/1 239/233/1
f 240/234/1 241/235/1 239/233/1
f 239/233/1 241/235/1 242/236/1
f 244/237/1 243/238/1 241/235/1
f 242/236/1 241/235/1 243/238/1
f 243/238/1 245/239/1 242/236/1
f 246/240/1 245/239/1 243/238/1
f 242/236/1 245/239/1 247/241/1
f 250/242/42 248/242/42 249/243/43
f 249/243/43 248/242/42 251/243/43
f 249/243/43 251/243/43 252/244/44
f 252/244/44 251/243/43 253/244/44
f 252/244/44 253/244/44 254/245/45
f 254/245/45 253/244/44 255/245/45
f 254/245/45 255/245/45 256/246/46
f 256/246/46 255/245/45 257/246/47
f 256/246/46 257/246/47 258/247/48
f 258/247/48 257/246/47 259/247/48
f 258/247/48 259/247/48 260/248/49
f 260/248/49 259/247/48 261/248/49
f 264/249/50 262/250/51 263/249/50
f 265/250/51 262/250/51 264/249/50
f 265/250/51 266/251/52 262/250/51
f 267/251/52 266/251/52 265/250/51
f 267/251/52 268/252/53 266/251/52
f 269/252/53 268/252/53 267/251/52
f 269/252/53 270/253/54 268/252/53
f 271/253/54 268/252/53 270/253/54
f 270/253/54 272/254/55 271/253/54
f 273/254/55 271/253/54 272/254/55
f 276/255/56 274/256/57 275/255/56
f 277/256/57 275/255/56 274/256/57
f 274/256/57 278/257/58 277/256/57
f 279/257/58 277/256/57 278/257/58
f 282/258/59 280/259/60 281/258/59
f 283/259/60 281/258/59 280/259/60
f 280/259/60 284/260/61 283/259/60
f 285/260/61 283/259/60 284/260/61
f 288/261/62 286/262/63 287/263/64
f 289/264/65 287/263/64 286/262/63
f 286/262/63 290/265/66 289/264/65
f 291/266/67 289/264/65 290/265/66
f 180/175/39 182/174/38 290/265/66
f 291/266/67 290/265/66 182/174/38
f 289/264/65 291/266/67 292/267/68
f 293/268/69 292/267/68 291/266/67
f 292/267/68 293/268/69 294/269/70
f 295/270/71 294/269/70 293/268/69
f 294/269/70 295/270/71 296/271/72
f 297/272/73 296/271/72 295/270/71
f 300/273/74 298/274/75 299/275/76
f 299/275/76 301/276/77 300/273/74
f 299/275/76 302/277/78 301/276/77
f 302/277/78 303/278/79 301/276/77
f 303/278/79 302/277/78 297/279/73
f 302/277/78 296/280/72 297/279/73
f 301/276/77 303/278/79 304/281/80
f 305/282/81 304/281/80 303/278/79
f 306/283/82 304/281/80 305/282/81
f 304/281/80 306/283/82 307/284/83
f 307/284/83 306/283/82 308/285/84
f 309/286/85 308/285/84 306/283/82
f 311/287/86 310/288/87 309/286/85
f 308/285/84 309/286/85 310/288/87
f 314/289/88 312/290/89 313/291/90
f 315/292/91 313/291/90 312/290/89
f 312/290/89 316/293/92 315/292/91
f 317/294/93 315/292/91 316/293/92
f 316/293/92 318/295/94 317/294/93
f 319/296/95 317/294/93 318/295/94
f 320/297/96 319/296/95 318/295/94
f 321/298/97 320/297/96 318/295/94
f 321/298/97 322/299/98 320/297/96
f 323/300/99 319/296/95 320/297/96
f 323/300/99 324/301/100 319/296/95
f 325/301/101 324/301/100 323/300/99
f 328/302/102 326/303/103 327/304/104
f 327/304/104 326/303/103 329/305/105
f 327/304/104 329/305/105 330/306/106
f 314/307/88 313/308/90 330/306/106
f 314/307/88 330/306/106 331/309/107
f 330/306/106 329/305/105 331/309/107
f 329/305/105 332/310/108 331/309/107
f 333/311/109 331/309/107 332/310/108
f 332/310/108 334/312/110 333/311/109
f 335/313/111 333/311/109 334/312/110
f 335/313/111 334/312/110 336/314/112
f 337/315/113 336/314/112 334/312/110
f 321/298/97 338/316/114 322/299/98
f 339/317/115 322/299/98 338/316/114
f 338/316/114 340/318/116 339/317/115
f 341/319/117 339/317/115 340/318/116
f 343/320/118 341/319/117 342/321/119
f 340/318/116 342/321/119 341/319/117
f 345/322/120 344/323/121 342/321/119
f 343/320/118 342/321/119 344/323/121
f 343/320/118 344/323/121 346/324/122
f 347/324/123 346/324/122 344/323/121
f 181/176/40 183/177/41 348/325/124
f 349/326/125 348/325/124 183/177/41
f 348/325/124 349/326/125 350/327/126
f 351/328/127 350/327/126 349/326/125
f 351/328/127 352/329/128 350/327/126
f 353/330/129 350/327/126 352/329/128
f 351/328/127 354/331/130 352/329/128
f 355/331/131 352/329/128 354/331/130
f 55/55/1 356/332/1 56/54/1
f 357/333/1 55/55/1 57/54/1
f 358/334/1 55/55/1 357/333/1
f 358/334/1 359/335/1 55/55/1
f 359/335/1 360/336/1 55/55/1
f 361/337/1 55/55/1 360/336/1
f 55/55/1 361/337/1 362/338/1
f 55/55/1 362/338/1 363/339/1
f 55/55/1 363/339/1 364/340/1
f 55/55/1 364/340/1 365/341/1
f 55/55/1 365/341/1 366/342/1
f 55/55/1 366/342/1 367/343/1
f 55/55/1 367/343/1 368/344/1
f 55/55/1 368/344/1 369/345/1
f 55/55/1 369/345/1 370/346/1
f 373/347/132 371/348/133 372/349/134
f 374/350/135 372/349/134 371/348/133
f 336/314/112 337/315/113 372/349/134
f 337/315/113 373/347/132 372/349/134
f 377/351/1 375/352/1 376/353/1
f 377/351/1 376/353/1 378/354/1
f 376/353/1 379/355/1 378/354/1
f 380/356/1 377/351/1 378/354/1
f 381/357/1 378/354/1 379/355/1
f 378/354/1 382/358/1 380/356/1
f 381/357/1 383/359/1 378/354/1
f 378/354/1 384/360/1 382/358/1
f 383/359/1 385/361/1 378/354/1
f 378/354/1 386/362/1 384/360/1
f 387/363/1 378/354/1 385/361/1
f 378/354/1 388/364/1 386/362/1
f 387/363/1 389/365/1 378/354/1
f 378/354/1 390/366/1 388/364/1
f 389/365/1 391/367/1 378/354/1
f 378/354/1 392/368/1 390/366/1
f 393/369/1 378/354/1 391/367/1
f 378/354/1 394/370/1 392/368/1
f 393/369/1 395/371/1 378/354/1
f 378/354/1 396/372/1 394/370/1
f 395/371/1 397/373/1 378/354/1
f 378/354/1 398/374/1 396/372/1
f 399/375/1 378/354/1 397/373/1
f 378/354/1 400/376/1 398/374/1
f 399/375/1 401/377/1 378/354/1
f 378/354/1 402/378/1 400/376/1
f 401/377/1 403/379/1 378/354/1
f 378/354/1 404/380/1 402/378/1
f 403/379/1 405/381/1 378/354/1
f 378/354/1 406/382/1 404/380/1
f 407/383/1 378/354/1 405/381/1
f 378/354/1 408/384/1 406/382/1
f 407/383/1 409/385/1 378/354/1
f 378/354/1 410/386/1 408/384/1
f 411/387/1 378/354/1 409/385/1
f 378/354/1 412/388/1 410/386/1
f 411/387/1 413/389/1 378/354/1
f 378/354/1 414/390/1 412/388/1
f 413/389/1 415/391/1 378/354/1
f 378/354/1 416/392/1 414/390/1
f 417/393/1 378/354/1 415/391/1
f 378/354/1 418/394/1 416/392/1
f 378/354/1 417/393/1 419/395/1
f 378/354/1 420/396/1 418/394/1
f 419/395/1 421/397/1 378/354/1
f 378/354/1 422/398/1 420/396/1
f 423/399/1 378/354/1 421/397/1
f 378/354/1 424/400/1 422/398/1
f 423/399/1 425/401/1 378/354/1
f 378/354/1 426/402/1 424/400/1
f 378/354/1 425/401/1 427/403/1
f 378/354/1 428/404/1 426/402/1
f 378/354/1 427/403/1 429/405/1
f 378/354/1 430/406/1 428/404/1
f 378/354/1 429/405/1 431/407/1
f 378/354/1 431/407/1 430/406/1
f 433/408/136 432/409/137 311/410/86
f 310/411/87 311/410/86 432/409/137
f 434/412/138 180/413/39 290/414/66
f 435/415/139 180/413/39 434/412/138
f 180/413/39 435/415/139 183/416/41
f 436/417/140 183/416/41 435/415/139
f 436/417/140 437/418/141 183/416/41
f 349/419/125 183/416/41 437/418/141
f 437/418/141 438/420/142 349/419/125
f 351/421/127 349/419/125 438/420/142
f 354/422/130 438/420/142 439/423/143
f 351/421/127 438/420/142 354/422/130
f 290/424/66 286/425/63 434/426/138
f 440/427/144 434/426/138 286/425/63
f 287/428/64 441/429/145 288/430/62
f 288/430/62 441/429/145 442/431/146
f 353/432/129 443/433/147 444/434/148
f 443/433/147 353/432/129 352/435/128
f 445/436/149 302/437/78 299/438/76
f 446/439/150 302/437/78 445/436/149
f 355/440/131 439/441/143 447/442/151
f 354/443/130 439/441/143 355/440/131
f 352/444/128 355/445/131 443/446/147
f 447/447/151 443/446/147 355/445/131
f 442/448/146 440/449/144 288/450/62
f 286/451/63 288/450/62 440/449/144
f 446/452/150 296/453/72 302/454/78
f 448/455/152 296/453/72 446/452/150
f 448/455/152 294/456/70 296/453/72
f 294/456/70 448/455/152 449/457/153
f 449/457/153 292/458/68 294/456/70
f 292/458/68 449/457/153 450/459/154
f 450/459/154 289/460/65 292/458/68
f 451/461/155 289/460/65 450/459/154
f 289/460/65 451/461/155 287/462/64
f 441/463/145 287/462/64 451/461/155
f 300/464/74 452/465/156 298/466/75
f 298/466/75 452/465/156 453/467/157
f 453/468/157 445/469/149 298/470/75
f 299/471/76 298/470/75 445/469/149
f 456/472/96 454/473/158 455/474/159
f 457/475/160 455/474/159 454/473/158
f 454/473/158 458/476/115 457/475/160
f 459/477/161 457/475/160 458/476/115
f 458/476/115 460/478/162 459/477/161
f 461/478/163 459/477/161 460/478/162
f 461/478/163 460/478/162 462/479/164
f 463/480/118 462/479/164 460/478/162
f 465/481/165 462/479/164 464/482/122
f 463/480/118 464/482/122 462/479/164
f 455/483/159 466/484/166 456/485/96
f 467/486/167 456/485/96 466/484/166
f 466/487/166 468/488/168 467/489/167
f 468/488/168 466/487/166 469/490/169
f 472/491/102 470/492/104 471/493/170
f 473/494/171 472/491/102 471/493/170
f 374/495/135 371/496/133 474/497/172
f 475/498/173 474/497/172 371/496/133
f 464/499/122 476/500/174 465/501/165
f 477/502/175 476/500/174 464/499/122
f 476/503/174 477/504/175 478/505/176
f 478/505/176 477/504/175 479/506/177
f 481/507/178 478/508/176 480/509/120
f 479/510/177 480/509/120 478/508/176
f 483/511/103 473/512/171 482/513/179
f 472/514/102 473/512/171 483/511/103
f 469/515/169 484/516/180 468/517/168
f 485/518/181 468/517/168 484/516/180
f 487/519/182 471/520/170 486/521/183
f 470/522/104 486/521/183 471/520/170
f 486/523/183 488/524/184 487/525/182
f 489/526/185 487/525/182 488/524/184
f 488/524/184 490/527/91 489/526/185
f 491/528/186 489/526/185 490/527/91
f 490/527/91 492/529/93 491/528/186
f 493/530/187 491/528/186 492/529/93
f 493/530/187 492/529/93 494/531/188
f 495/532/189 494/531/188 492/529/93
f 484/533/180 494/531/188 485/534/181
f 495/532/189 485/534/181 494/531/188
f 496/535/190 181/536/40 348/535/124
f 181/536/40 496/535/190 497/537/191
f 348/535/124 498/538/192 496/535/190
f 498/538/192 348/535/124 350/539/126
f 444/540/148 498/538/192 353/541/129
f 350/539/126 353/541/129 498/538/192
f 497/537/191 499/542/193 181/536/40
f 182/542/38 181/536/40 499/542/193
f 182/542/38 499/542/193 291/543/67
f 291/543/67 499/542/193 500/544/194
f 291/543/67 500/544/194 293/545/69
f 501/546/195 293/545/69 500/544/194
f 293/545/69 501/546/195 295/547/71
f 502/547/196 295/547/71 501/546/195
f 295/547/71 502/547/196 297/548/73
f 503/549/197 297/548/73 502/547/196
f 503/549/197 303/550/79 297/548/73
f 303/550/79 503/549/197 504/551/198
f 504/551/198 505/552/199 303/550/79
f 305/552/81 303/550/79 505/552/199
f 505/552/199 506/553/200 305/552/81
f 306/554/82 305/552/81 506/553/200
f 506/553/200 507/555/201 306/554/82
f 309/556/85 306/554/82 507/555/201
f 507/555/201 433/557/136 309/556/85
f 311/557/86 309/556/85 433/557/136
f 510/558/202 508/559/202 509/560/203
f 509/560/203 508/559/202 511/561/203
f 509/560/203 511/561/203 512/562/204
f 513/563/204 512/562/204 511/561/203
f 512/562/204 513/563/204 514/564/205
f 514/564/205 513/563/204 515/565/206
f 515/565/206 516/566/207 514/564/205
f 517/567/208 514/564/205 516/566/207
f 517/567/208 516/566/207 518/568/209
f 519/569/210 518/568/209 516/566/207
f 518/568/209 519/569/210 520/570/211
f 520/570/211 519/569/210 521/571/212
f 521/571/212 522/572/213 520/570/211
f 523/573/213 520/570/211 522/572/213
f 522/572/213 524/574/214 523/573/213
f 525/575/215 523/573/213 524/574/214
f 525/575/215 524/574/214 526/576/216
f 527/577/216 526/576/216 524/574/214
f 526/576/216 527/577/216 528/578/217
f 528/578/217 527/577/216 529/579/217
f 528/578/217 529/579/217 530/580/30
f 530/580/30 529/579/217 531/581/30
f 530/580/30 531/581/30 532/582/218
f 533/583/219 532/582/218 531/581/30
f 532/582/218 533/583/219 534/584/220
f 535/585/221 534/584/220 533/583/219
f 535/585/221 536/586/222 534/584/220
f 537/587/222 534/584/220 536/586/222
f 540/588/223 538/589/202 539/590/17
f 539/590/17 538/589/202 541/591/17
f 539/590/17 541/591/17 542/592/204
f 543/593/204 542/592/204 541/591/17
f 542/592/204 543/593/204 544/594/206
f 544/594/206 543/593/204 545/595/206
f 544/594/206 545/595/206 546/596/208
f 546/596/208 545/595/206 547/597/207
f 546/596/208 547/597/207 548/598/209
f 548/598/209 549/599/209 546/596/208
f 549/599/209 548/598/209 550/600/211
f 550/600/211 548/598/209 551/601/211
f 550/600/211 551/601/211 552/602/213
f 552/602/213 551/601/211 553/603/213
f 553/603/213 554/604/214 552/602/213
f 555/605/214 552/602/213 554/604/214
f 554/604/214 556/606/224 555/605/214
f 557/607/224 555/605/214 556/606/224
f 557/607/224 556/606/224 558/608/217
f 558/608/217 559/609/217 557/607/224
f 558/608/217 560/610/30 559/609/217
f 561/611/30 559/609/217 560/610/30
f 561/611/30 560/610/30 562/612/219
f 562/612/219 563/613/219 561/611/30
f 562/612/219 564/614/225 563/613/219
f 565/615/225 563/613/219 564/614/225
f 565/615/225 564/614/225 566/616/222
f 566/616/222 564/614/225 567/617/222
f 570/618/2 568/619/3 569/620/2
f 571/621/3 569/620/2 568/619/3
f 571/621/3 568/619/3 572/622/3
f 572/622/3 573/623/3 571/621/3
f 572/622/3 574/624/3 573/623/3
f 574/624/3 575/625/3 573/623/3
f 574/624/3 576/626/3 575/625/3
f 577/627/3 575/625/3 576/626/3
f 576/626/3 578/628/3 577/627/3
f 578/628/3 579/629/3 577/627/3
f 578/628/3 580/630/3 579/629/3
f 581/631/3 579/629/3 580/630/3
f 580/630/3 582/632/3 581/631/3
f 583/633/3 581/631/3 582/632/3
f 583/633/3 582/632/3 584/634/3
f 584/634/3 585/635/3 583/633/3
f 584/634/3 586/636/2 585/635/3
f 587/637/2 585/635/3 586/636/2
f 587/637/2 586/636/2 588/638/2
f 589/639/226 588/638/2 586/636/2
f 588/638/2 589/639/226 590/640/3
f 590/640/3 591/641/3 588/638/2
f 590/640/3 592/642/3 591/641/3
f 593/643/3 591/641/3 592/642/3
f 592/642/3 594/644/2 593/643/3
f 595/645/2 593/643/3 594/644/2
f 594/644/2 596/646/2 595/645/2
f 596/646/2 594/644/2 597/647/2
f 600/648/227 598/649/228 599/650/227
f 601/651/228 599/650/227 598/649/228
f 598/649/228 602/652/229 601/651/228
f 603/653/230 601/651/228 602/652/229
f 604/654/231 603/653/230 602/652/229
f 604/654/231 605/655/231 603/653/230
f 606/656/232 605/655/231 604/654/231
f 606/656/232 607/657/233 605/655/231
f 608/658/234 607/657/233 606/656/232
f 609/659/234 608/658/234 606/656/232
f 610/660/235 608/658/234 609/659/234
f 610/660/235 611/661/235 608/658/234
f 611/661/235 610/660/235 612/662/236
f 612/662/236 613/663/236 611/661/235
f 612/662/236 614/664/237 613/663/236
f 615/665/237 613/663/236 614/664/237
f 615/665/237 614/664/237 616/666/238
f 616/666/238 617/667/238 615/665/237
f 617/667/238 616/666/238 618/668/239
f 618/668/239 619/669/239 617/667/238
f 619/669/239 618/668/239 620/670/240
f 620/670/240 621/671/240 619/669/239
f 620/670/240 622/672/241 621/671/240
f 623/673/241 622/672/241 620/670/240
f 622/672/241 623/673/241 624/674/43
f 624/674/43 625/675/43 622/672/241
f 625/675/43 624/674/43 626/676/31
f 626/676/31 627/677/31 625/675/43
f 628/678/242 627/677/31 626/676/31
f 629/679/243 628/678/242 626/676/31
f 632/680/202 630/681/17 631/682/202
f 633/683/17 631/682/202 630/681/17
f 633/683/17 630/681/17 634/684/204
f 634/684/204 635/685/204 633/683/17
f 634/684/204 636/686/206 635/685/204
f 637/687/206 635/685/204 636/686/206
f 637/687/206 636/686/206 638/688/208
f 638/688/208 636/686/206 639/689/208
f 638/688/208 639/689/208 640/690/210
f 640/690/210 639/689/208 641/691/210
f 640/690/210 641/691/210 642/692/211
f 642/692/211 641/691/210 643/693/212
f 643/693/212 644/694/213 642/692/211
f 645/695/213 642/692/211 644/694/213
f 644/694/213 646/696/214 645/695/213
f 647/697/215 645/695/213 646/696/214
f 647/697/215 646/696/214 648/698/224
f 648/698/224 646/696/214 649/699/216
f 649/699/216 650/700/244 648/698/224
f 651/701/217 648/698/224 650/700/244
f 651/701/217 650/700/244 652/702/30
f 652/702/30 650/700/244 653/703/30
f 652/702/30 653/703/30 654/704/219
f 655/705/219 654/704/219 653/703/30
f 654/704/219 655/705/219 656/706/221
f 656/706/221 655/705/219 657/707/221
f 656/706/221 657/707/221 658/708/222
f 659/709/222 658/708/222 657/707/221
f 662/710/223 660/711/245 661/712/202
f 663/713/246 661/712/202 660/711/245
f 663/713/246 660/711/245 664/714/204
f 664/714/204 665/715/204 663/713/246
f 664/714/204 666/716/205 665/715/204
f 667/717/205 665/715/204 666/716/205
f 666/716/205 668/718/208 667/717/205
f 669/719/207 667/717/205 668/718/208
f 669/719/207 668/718/208 670/720/209
f 670/720/209 668/718/208 671/721/209
f 671/721/209 672/722/211 670/720/209
f 673/723/211 670/720/209 672/722/211
f 672/722/211 674/724/247 673/723/211
f 675/725/213 673/723/211 674/724/247
f 675/725/213 674/724/247 676/726/214
f 676/726/214 674/724/247 677/727/215
f 677/727/215 678/728/224 676/726/214
f 679/729/224 676/726/214 678/728/224
f 679/729/224 678/728/224 680/730/248
f 680/730/248 681/731/217 679/729/224
f 681/731/217 680/730/248 682/732/30
f 682/732/30 680/730/248 683/733/30
f 682/732/30 683/733/30 684/734/218
f 684/734/218 683/733/30 685/735/218
f 684/734/218 685/735/218 686/736/225
f 686/736/225 685/735/218 687/737/225
f 686/736/225 687/737/225 688/738/222
f 689/739/222 688/738/222 687/737/225
f 692/740/222 690/741/225 691/742/249
f 693/743/225 690/741/225 692/740/222
f 693/743/225 694/744/250 690/741/225
f 695/745/219 694/744/250 693/743/225
f 694/744/250 695/745/219 696/746/30
f 696/746/30 697/747/29 694/744/250
f 696/746/30 698/748/217 697/747/29
f 699/749/217 698/748/217 696/746/30
f 698/748/217 699/749/217 700/750/224
f 701/751/224 700/750/224 699/749/217
f 701/751/224 702/752/214 700/750/224
f 703/753/214 702/752/214 701/751/224
f 703/753/214 704/754/213 702/752/214
f 705/755/213 704/754/213 703/753/214
f 705/755/213 706/756/212 704/754/213
f 707/757/211 706/756/212 705/755/213
f 707/757/211 708/758/209 706/756/212
f 709/759/209 708/758/209 707/757/211
f 708/758/209 709/759/209 710/760/208
f 710/760/208 711/761/207 708/758/209
f 710/760/208 712/762/206 711/761/207
f 713/763/206 712/762/206 710/760/208
f 713/763/206 714/764/204 712/762/206
f 715/765/204 714/764/204 713/763/206
f 714/764/204 715/765/204 716/766/251
f 717/767/252 716/766/251 715/765/204
f 718/768/202 716/766/251 717/767/252
f 719/769/202 718/768/202 717/767/252
f 722/770/222 720/771/222 721/772/225
f 723/773/225 721/772/225 720/771/222
f 721/772/225 723/773/225 724/774/218
f 725/775/218 724/774/218 723/773/225
f 725/775/218 726/776/29 724/774/218
f 727/777/29 726/776/29 725/775/218
f 727/777/29 728/778/217 726/776/29
f 729/779/217 728/778/217 727/777/29
f 728/778/217 729/779/217 730/780/224
f 731/781/216 730/780/224 729/779/217
f 731/781/216 732/782/214 730/780/224
f 733/783/214 730/780/224 732/782/214
f 732/782/214 734/784/247 733/783/214
f 735/785/247 733/783/214 734/784/247
f 734/784/247 736/786/211 735/785/247
f 737/787/212 735/785/247 736/786/211
f 736/786/211 738/788/209 737/787/212
f 739/789/209 738/788/209 736/786/211
f 738/788/209 739/789/209 740/790/207
f 740/790/207 741/791/207 738/788/209
f 740/790/207 742/792/206 741/791/207
f 743/793/206 741/791/207 742/792/206
f 742/792/206 744/794/204 743/793/206
f 745/795/204 744/794/204 742/792/206
f 744/794/204 745/795/204 746/796/17
f 746/796/17 747/797/253 744/794/204
f 747/797/253 746/796/17 748/798/202
f 749/799/202 748/798/202 746/796/17
f 752/800/2 750/801/3 751/802/2
f 753/803/3 751/802/2 750/801/3
f 750/801/3 754/804/3 753/803/3
f 755/805/3 753/803/3 754/804/3
f 754/804/3 756/806/3 755/805/3
f 757/807/3 755/805/3 756/806/3
f 756/806/3 758/808/2 757/807/3
f 759/809/226 757/807/3 758/808/2
f 759/809/226 758/808/2 760/810/2
f 761/811/2 760/810/2 758/808/2
f 761/811/2 762/812/3 760/810/2
f 763/813/3 760/810/2 762/812/3
f 763/813/3 762/812/3 764/814/3
f 764/814/3 765/815/3 763/813/3
f 764/814/3 766/816/3 765/815/3
f 767/817/3 765/815/3 766/816/3
f 766/816/3 768/818/3 767/817/3
f 769/819/3 767/817/3 768/818/3
f 769/819/3 768/818/3 770/820/3
f 771/821/3 769/819/3 770/820/3
f 770/820/3 772/822/3 771/821/3
f 773/823/3 771/821/3 772/822/3
f 773/823/3 772/822/3 774/824/3
f 775/825/3 773/823/3 774/824/3
f 775/825/3 774/824/3 776/826/2
f 776/826/2 777/827/2 775/825/3
f 777/827/2 776/826/2 778/828/2
f 778/828/2 776/826/2 779/829/2
f 310/830/87 432/831/137 308/832/84
f 308/832/84 432/831/137 780/833/254
f 780/833/254 307/834/83 308/832/84
f 307/834/83 780/833/254 781/835/255
f 781/835/255 304/836/80 307/834/83
f 304/836/80 781/835/255 782/837/256
f 782/837/256 783/838/257 304/836/80
f 301/839/77 304/836/80 783/838/257
f 783/838/257 300/840/74 301/839/77
f 300/840/74 783/838/257 452/841/156
f 786/842/2 784/843/3 785/844/2
f 787/845/3 785/844/2 784/843/3
f 787/845/3 784/843/3 788/846/3
f 788/846/3 789/847/3 787/845/3
f 788/846/3 790/848/3 789/847/3
f 790/848/3 791/849/3 789/847/3
f 790/848/3 792/850/3 791/849/3
f 793/851/3 791/849/3 792/850/3
f 792/850/3 794/852/3 793/851/3
f 794/852/3 795/853/3 793/851/3
f 794/852/3 796/854/3 795/853/3
f 797/855/3 795/853/3 796/854/3
f 796/854/3 798/856/3 797/855/3
f 799/857/3 797/855/3 798/856/3
f 799/857/3 798/856/3 800/858/3
f 800/858/3 801/859/3 799/857/3
f 800/858/3 802/860/2 801/859/3
f 803/861/2 801/859/3 802/860/2
f 803/861/2 802/860/2 804/862/2
f 805/863/226 804/862/2 802/860/2
f 805/863/226 806/864/3 804/862/2
f 807/865/3 804/862/2 806/864/3
f 806/864/3 808/866/3 807/865/3
f 809/867/3 807/865/3 808/866/3
f 808/866/3 810/868/2 809/867/3
f 811/869/2 809/867/3 810/868/2
f 811/869/2 810/868/2 812/870/2
f 813/871/2 812/870/2 810/868/2
f 816/872/258 814/873/107 815/874/259
f 817/873/260 815/874/259 814/873/107
f 815/874/259 818/875/261 816/872/258
f 819/876/262 816/872/258 818/875/261
f 817/873/260 814/873/107 820/877/263
f 821/878/264 820/877/263 814/873/107
f 821/878/264 822/879/265 820/877/263
f 822/879/265 821/878/264 823/880/266
f 823/880/266 824/881/267 822/879/265
f 824/881/267 823/880/266 825/882/268
f 818/875/261 826/883/269 819/876/262
f 827/884/270 819/876/262 826/883/269
f 826/883/269 828/885/271 827/884/270
f 829/886/272 827/884/270 828/885/271
f 828/885/271 830/887/273 829/886/272
f 831/888/274 829/886/272 830/887/273
f 830/887/273 832/889/275 831/888/274
f 833/890/114 831/888/274 832/889/275
f 832/889/275 834/891/276 833/890/114
f 835/892/116 833/890/114 834/891/276
f 834/891/276 836/893/277 835/892/116
f 837/894/278 835/892/116 836/893/277
f 836/893/277 480/895/120 837/894/278
f 480/895/120 836/893/277 481/895/178
f 825/882/268 838/896/279 824/881/267
f 839/897/280 824/881/267 838/896/279
f 838/896/279 474/898/172 839/897/280
f 474/898/172 838/896/279 840/898/135
f 843/899/1 841/900/1 842/901/1
f 843/899/1 844/902/1 841/900/1
f 844/902/1 845/903/1 841/900/1
f 845/903/1 846/904/1 841/900/1
f 847/905/1 846/904/1 845/903/1
f 848/906/1 846/904/1 847/905/1
f 846/904/1 848/906/1 849/907/1
f 850/908/1 849/907/1 848/906/1
f 849/907/1 851/909/1 846/904/1
f 851/909/1 849/907/1 852/910/1
f 853/911/1 851/909/1 852/910/1
f 853/911/1 852/910/1 854/912/1
f 853/911/1 854/912/1 855/913/1
f 856/914/1 855/913/1 854/912/1
f 855/913/1 856/914/1 857/915/1
f 857/915/1 856/914/1 858/916/1
f 857/915/1 858/916/1 859/917/1
f 860/918/1 859/917/1 858/916/1
f 859/917/1 860/918/1 861/919/1
f 861/919/1 860/918/1 862/920/1
f 861/919/1 862/920/1 863/921/1
f 862/920/1 864/922/1 863/921/1
f 863/921/1 864/922/1 865/923/1
f 866/924/1 865/923/1 864/922/1
f 866/924/1 867/925/281 865/923/1
f 868/926/1 865/923/1 867/925/281
f 868/926/1 867/925/281 869/927/1
f 870/928/1 869/927/1 867/925/281
f 869/927/1 870/928/1 871/929/1
f 872/930/1 871/929/1 870/928/1
f 871/929/1 872/930/1 873/931/1
f 874/932/1 873/931/1 872/930/1
f 876/933/1 874/932/1 875/934/1
f 874/932/1 876/933/1 873/931/1
f 877/935/1 873/931/1 876/933/1
f 878/936/1 873/931/1 877/935/1
f 879/937/1 873/931/1 878/936/1
f 879/937/1 880/938/1 873/931/1
f 883/939/1 881/940/1 882/941/1
f 883/939/1 884/942/1 881/940/1
f 885/943/1 881/940/1 884/942/1
f 884/942/1 886/944/1 885/943/1
f 885/943/1 886/944/1 887/945/1
f 887/945/1 888/946/1 885/943/1
f 881/940/1 885/943/1 889/947/1
f 890/948/1 889/947/1 885/943/1
f 889/947/1 890/948/1 891/949/1
f 892/950/1 891/949/1 890/948/1
f 891/949/1 892/950/1 893/951/281
f 894/952/1 893/951/281 892/950/1
f 894/952/1 895/953/1 893/951/281
f 896/954/1 893/951/281 895/953/1
f 896/954/1 895/953/1 897/955/1
f 898/956/1 897/955/1 895/953/1
f 899/957/1 897/955/1 898/956/1
f 900/958/1 899/957/1 898/956/1
f 899/957/1 900/958/1 901/959/1
f 902/960/1 901/959/1 900/958/1
f 901/959/1 902/960/1 903/961/1
f 904/962/1 903/961/1 902/960/1
f 904/962/1 905/963/1 903/961/1
f 906/964/1 905/963/1 904/962/1
f 905/963/1 906/964/1 907/965/1
f 908/966/1 907/965/1 906/964/1
f 908/966/1 909/967/1 907/965/1
f 908/966/1 910/968/1 909/967/1
f 910/968/1 911/969/1 909/967/1
f 911/969/1 910/968/1 912/970/1
f 914/971/1 913/972/1 911/969/1
f 914/971/1 911/969/1 915/973/1
f 911/969/1 912/970/1 915/973/1
f 916/974/1 915/973/1 912/970/1
f 917/975/1 916/974/1 912/970/1
f 917/975/1 912/970/1 918/976/1
f 921/977/2 919/978/2 920/979/2
f 921/977/2 920/979/2 922/980/2
f 923/981/3 919/978/2 921/977/2
f 921/977/2 924/982/2 923/981/3
f 925/983/2 923/981/3 924/982/2
f 925/983/2 924/982/2 926/984/2
f 926/984/2 924/982/2 927/985/2
f 927/985/2 924/982/2 928/986/2
f 929/987/2 928/986/2 924/982/2
f 929/987/2 924/982/2 930/988/3
f 924/982/2 931/989/2 930/988/3
f 932/990/2 930/988/3 931/989/2
f 933/991/2 932/990/2 931/989/2
f 933/991/2 931/989/2 934/992/2
f 935/993/2 934/992/2 931/989/2
f 935/993/2 931/989/2 936/994/2
f 931/989/2 924/982/2 937/995/3
f 938/996/3 937/995/3 924/982/2
f 937/995/3 938/996/3 939/997/3
f 940/998/3 939/997/3 938/996/3
f 940/998/3 941/999/2 939/997/3
f 940/998/3 942/1000/2 941/999/2
f 942/1000/2 943/1001/3 941/999/2
f 944/1002/3 941/999/2 943/1001/3
f 943/1001/3 945/1003/2 944/1002/3
f 946/1004/2 944/1002/3 945/1003/2
f 946/1004/2 945/1003/2 947/1005/3
f 948/1006/3 947/1005/3 945/1003/2
f 947/1005/3 948/1006/3 949/1007/3
f 950/1008/3 949/1007/3 948/1006/3
f 949/1007/3 950/1008/3 951/1009/2
f 950/1008/3 952/1010/2 951/1009/2
f 953/1011/226 951/1009/2 952/1010/2
f 951/1009/2 953/1011/226 954/1012/2
f 954/1012/2 953/1011/226 955/1013/3
f 956/1014/3 955/1013/3 953/1011/226
f 957/1015/3 955/1013/3 956/1014/3
f 956/1014/3 958/1016/3 957/1015/3
f 959/1017/2 957/1015/3 958/1016/3
f 958/1016/3 960/1018/2 959/1017/2
f 962/1019/2 961/1020/2 959/1017/2
f 962/1019/2 959/1017/2 963/1021/2
f 963/1021/2 959/1017/2 964/1022/2
f 964/1022/2 959/1017/2 965/1023/2
f 965/1023/2 959/1017/2 966/1024/2
f 966/1024/2 959/1017/2 967/1025/3
f 967/1025/3 959/1017/2 960/1018/2
f 967/1025/3 960/1018/2 968/1026/2
f 968/1026/2 960/1018/2 969/1027/2
f 969/1027/2 960/1018/2 970/1028/2
f 970/1028/2 960/1018/2 971/1029/2
f 972/1030/2 971/1029/2 960/1018/2
f 972/1030/2 960/1018/2 973/1031/2
f 973/1031/2 960/1018/2 974/1032/2
f 482/1033/179 975/1034/282 483/1035/103
f 976/1036/105 483/1035/103 975/1034/282
f 976/1036/105 975/1034/282 977/1037/108
f 978/1038/283 977/1037/108 975/1034/282
f 978/1038/283 979/1039/284 977/1037/108
f 979/1039/284 980/1040/110 977/1037/108
f 979/1039/284 981/1041/285 980/1040/110
f 982/1042/286 980/1040/110 981/1041/285
f 981/1041/285 983/1043/287 982/1042/286
f 983/1043/287 981/1041/285 984/1044/288
f 984/1044/288 475/1045/289 983/1043/287
f 985/1046/290 983/1043/287 475/1045/289
f 988/1047/1 986/1048/1 987/1049/1
f 988/1047/1 989/1050/1 986/1048/1
f 989/1050/1 990/1051/1 986/1048/1
f 991/1052/1 986/1048/1 990/1051/1
f 992/1053/1 991/1052/1 990/1051/1
f 992/1053/1 993/1054/1 991/1052/1
f 986/1048/1 991/1052/1 994/1055/1
f 995/1056/1 994/1055/1 991/1052/1
f 994/1055/1 995/1056/1 996/1057/1
f 997/1058/1 996/1057/1 995/1056/1
f 996/1057/1 997/1058/1 998/1059/281
f 999/1060/1 998/1059/281 997/1058/1
f 999/1060/1 1000/1061/1 998/1059/281
f 1001/1062/1 998/1059/281 1000/1061/1
f 1001/1062/1 1000/1061/1 1002/1063/1
f 1003/1064/1 1002/1063/1 1000/1061/1
f 1004/1065/1 1002/1063/1 1003/1064/1
f 1005/1066/1 1004/1065/1 1003/1064/1
f 1005/1066/1 1006/1067/1 1004/1065/1
f 1007/1068/1 1004/1065/1 1006/1067/1
f 1007/1068/1 1006/1067/1 1008/1069/1
f 1009/1070/1 1008/1069/1 1006/1067/1
f 1009/1070/1 1010/1071/1 1008/1069/1
f 1011/1072/1 1010/1071/1 1009/1070/1
f 1010/1071/1 1011/1072/1 1012/1073/1
f 1013/1074/1 1012/1073/1 1011/1072/1
f 1013/1074/1 1014/1075/1 1012/1073/1
f 1013/1074/1 1015/1076/1 1014/1075/1
f 1015/1076/1 1016/1077/1 1014/1075/1
f 1016/1077/1 1015/1076/1 1017/1078/1
f 1019/1079/1 1018/1080/1 1016/1077/1
f 1019/1079/1 1016/1077/1 1020/1081/1
f 1016/1077/1 1017/1078/1 1020/1081/1
f 1021/1082/1 1020/1081/1 1017/1078/1
f 1022/1083/1 1021/1082/1 1017/1078/1
f 1022/1083/1 1017/1078/1 1023/1084/1
f 1026/1085/1 1024/1086/291 1025/1087/1
f 1029/1088/292 1027/1089/293 1028/1090/294
f 1030/1091/295 1029/1088/292 1028/1090/294
f 1033/1092/296 1031/1093/297 1032/1094/298
f 1034/1095/299 1032/1094/298 1031/1093/297
f 1037/1096/300 1035/1097/301 1036/1098/302
f 1040/1099/1 1038/1100/1 1039/1101/1
f 1043/1102/303 1041/1103/304 1042/1104/305
f 1046/1105/1 1044/1106/1 1045/1107/306
f 1049/1108/1 1047/1109/1 1048/1110/307
f 1052/1111/1 1050/1112/1 1051/1113/1
f 1055/1114/3 1053/1115/308 1054/1116/3
f 1056/1117/309 1054/1116/3 1053/1115/308
f 1059/1118/310 1057/1119/311 1058/1120/311
f 1060/1121/1 1058/1120/311 1057/1119/311
f 1063/1122/1 1061/1123/291 1062/1124/1
f 1066/1125/1 1064/1126/1 1065/1127/312
f 1069/1128/1 1067/1129/313 1068/1130/1
f 1072/1131/1 1070/1132/314 1071/1133/1
f 1073/1134/315 1071/1133/1 1070/1132/314
f 1076/1135/316 1074/1136/1 1075/1137/1
f 1076/1135/316 1075/1137/1 1077/1138/281
f 1080/1139/317 1078/1140/318 1079/1141/319
f 1083/1142/320 1081/1143/321 1082/1144/19
f 1084/1145/322 1082/1144/19 1081/1143/321
f 1087/1146/323 1085/1147/2 1086/1148/226
f 1090/1149/2 1088/1150/308 1089/1151/324
f 1093/1152/325 1091/1153/326 1092/1154/327
f 1094/1155/291 1092/1154/327 1091/1153/326
f 1097/1156/328 1095/1157/329 1096/1158/330
f 1098/1159/331 1097/1156/328 1096/1158/330
f 1101/1160/332 1099/1161/333 1100/1162/334
f 1104/1163/335 1102/1164/336 1103/1165/2
f 1107/1166/337 1105/1167/338 1106/1168/339
f 1108/1169/340 1106/1168/339 1105/1167/338
f 1111/1170/341 1109/1171/342 1110/1172/341
f 1112/1173/343 1110/1172/341 1109/1171/342
f 1115/1174/344 1113/1175/345 1114/1176/346
f 1113/1175/345 1116/1177/347 1114/1176/346
f 1119/1178/348 1117/1179/349 1118/1180/350
f 1120/1181/351 1118/1180/350 1117/1179/349
f 1123/1182/352 1121/1183/353 1122/1184/305
f 1126/1185/314 1124/1186/323 1125/1187/291
f 1129/1188/354 1127/1189/355 1128/1190/356
f 1128/1190/356 1127/1189/355 1130/1191/357
f 1133/1192/358 1131/1193/359 1132/1194/360
f 1136/1195/361 1134/1196/362 1135/1197/363
f 1139/1198/364 1137/1199/365 1138/1200/366
f 1140/1201/367 1138/1200/366 1137/1199/365
f 1083/1142/320 1141/1202/368 1081/1143/321
f 1111/1170/341 1097/1156/328 1109/1171/342
f 1098/1159/331 1109/1171/342 1097/1156/328
f 1142/1203/369 1117/1179/349 1119/1178/348
f 1145/1204/370 1143/1205/371 1144/1206/372
f 1148/1207/2 1146/1208/226 1147/1209/2
f 1148/1207/2 1147/1209/2 1149/1210/3
f 1152/1211/373 1150/1212/2 1151/1213/3
f 1155/1214/2 1153/1215/3 1154/1216/3
f 1158/1217/3 1156/1218/308 1157/1219/2
f 1161/1220/1 1159/1221/281 1160/1222/1
f 1162/1223/374 1160/1222/1 1159/1221/281
f 1165/1224/375 1163/1225/376 1164/1226/377
f 1163/1225/376 1166/1227/378 1164/1226/377
f 1169/1228/2 1167/1229/2 1168/1230/2
f 1172/1231/379 1170/1232/380 1171/1233/381
f 1137/1199/365 1171/1233/381 1170/1232/380
f 1137/1199/365 1170/1232/380 1140/1201/367
f 1173/1234/382 1140/1201/367 1170/1232/380
f 1176/1235/3 1174/1236/3 1175/1237/2
f 1177/1238/3 1176/1235/3 1175/1237/2
f 1180/1239/3 1178/1240/2 1179/1241/3
f 1183/1242/226 1181/1243/3 1182/1244/2
f 1182/1244/2 1184/1245/2 1183/1242/226
f 1187/1246/383 1185/1247/2 1186/1248/3
f 1190/1249/384 1188/1250/3 1189/1251/385
f 1191/1252/3 1189/1251/385 1188/1250/3
f 1194/1253/386 1192/1254/387 1193/1255/388
f 1193/1255/388 1195/1256/330 1194/1253/386
f 1198/1257/389 1196/1258/390 1197/1259/391
f 1199/1260/369 1197/1259/391 1196/1258/390
f 1202/1261/392 1200/1262/393 1201/1263/394
f 1203/1264/395 1201/1263/394 1200/1262/393
f 1206/1265/396 1204/1266/397 1205/1267/327
f 1205/1267/327 1207/1268/396 1206/1265/396
f 1210/1269/281 1208/1270/324 1209/1271/398
f 1213/1272/399 1211/1273/2 1212/1274/2
f 1216/1275/291 1214/1276/400 1215/1277/291
f 1219/1278/380 1217/1279/401 1218/1280/402
f 1220/1281/403 1218/1280/402 1217/1279/401
f 1223/1282/404 1221/1283/1 1222/1284/405
f 1224/1285/406 1222/1284/405 1221/1283/1
f 1226/1286/407 1225/1287/408 1219/1278/380
f 1219/1278/380 1218/1280/402 1226/1286/407
f 1229/1288/1 1227/1289/1 1228/1290/1
f 1230/1291/409 1228/1290/1 1227/1289/1
f 1233/1292/1 1231/1293/1 1232/1294/1
f 1234/1295/1 1232/1294/1 1231/1293/1
f 1237/1296/351 1235/1297/410 1236/1298/411
f 1238/1299/412 1236/1298/411 1235/1297/410
f 1241/1300/413 1239/1301/414 1240/1302/415
f 1242/1303/416 1183/1242/226 1184/1245/2
f 1184/1245/2 1243/1304/417 1242/1303/416
f 1246/1305/418 1244/1306/419 1245/1307/420
f 1247/1308/345 1245/1307/420 1244/1306/419
f 1250/1309/3 1248/1310/3 1249/1311/2
f 1037/1096/300 1036/1098/302 1251/1312/300
f 1252/1313/302 1251/1312/300 1036/1098/302
f 1254/1314/421 1193/1255/388 1253/1315/421
f 1192/1254/387 1253/1315/421 1193/1255/388
f 1255/1316/422 1222/1284/405 1224/1285/406
f 1255/1316/422 1224/1285/406 1256/1317/423
f 1109/1171/342 1257/1318/424 1112/1173/343
f 1258/1319/425 1112/1173/343 1257/1318/424
f 1257/1318/424 1037/1096/300 1258/1319/425
f 1251/1312/300 1258/1319/425 1037/1096/300
f 1261/1320/55 1259/1321/426 1260/1322/426
f 1260/1322/426 1262/1323/427 1261/1320/55
f 1189/1251/385 1191/1252/3 1263/1324/226
f 1264/1325/2 1263/1324/226 1191/1252/3
f 1264/1325/2 1250/1309/3 1263/1324/226
f 1249/1311/2 1263/1324/226 1250/1309/3
f 1042/1104/305 1265/1326/428 1266/1327/429
f 1070/1132/314 1267/1328/430 1073/1134/315
f 1270/1329/431 1268/1330/432 1269/1331/433
f 1271/1332/434 1269/1331/433 1268/1330/432
f 1240/1302/415 1272/1333/435 1145/1204/370
f 1236/1298/411 1238/1299/412 1134/1196/362
f 1273/1334/436 1134/1196/362 1238/1299/412
f 1235/1297/410 1274/1335/437 1238/1299/412
f 1275/1336/438 1238/1299/412 1274/1335/437
f 1051/1113/1 1276/1337/1 1277/1338/1
f 1232/1294/1 1277/1338/1 1233/1292/1
f 1039/1101/1 1278/1339/1 1279/1340/1
f 1280/1341/1 1039/1101/1 1279/1340/1
f 1280/1341/1 1279/1340/1 1227/1289/1
f 1227/1289/1 1229/1288/1 1280/1341/1
f 1283/1342/439 1281/1343/440 1282/1344/441
f 1282/1344/441 1284/1345/218 1283/1342/439
f 1284/1345/218 1282/1344/441 1225/1287/408
f 1225/1287/408 1226/1286/407 1284/1345/218
f 1287/1346/442 1285/1347/443 1286/1348/444
f 1288/1349/445 1286/1348/444 1285/1347/443
f 1285/1347/443 1246/1305/418 1288/1349/445
f 1245/1307/420 1288/1349/445 1246/1305/418
f 1291/1350/446 1289/1351/447 1290/1352/448
f 1292/1353/54 1290/1352/448 1289/1351/447
f 1217/1279/401 1291/1350/446 1220/1281/403
f 1290/1352/448 1220/1281/403 1291/1350/446
f 1294/1354/3 1293/1355/449 1027/1089/293
f 1029/1088/292 1294/1354/3 1027/1089/293
f 1294/1354/3 1295/1356/3 1293/1355/449
f 1297/1357/308 1090/1149/2 1296/1358/450
f 1299/1359/451 1298/1360/291 1215/1277/291
f 1301/1361/2 1300/1362/452 1212/1274/2
f 1303/1363/396 1302/1364/453 1204/1266/397
f 1204/1266/397 1206/1265/396 1303/1363/396
f 1305/1365/2 1211/1273/2 1304/1366/454
f 1292/1353/54 1289/1351/447 1202/1261/392
f 1200/1262/393 1202/1261/392 1289/1351/447
f 1106/1168/339 1108/1169/340 1198/1257/389
f 1197/1259/391 1106/1168/339 1198/1257/389
f 1307/1367/455 1196/1258/390 1306/1368/455
f 1198/1257/389 1306/1368/455 1196/1258/390
f 1287/1346/442 1286/1348/444 1308/1369/456
f 1308/1369/456 1309/1370/457 1287/1346/442
f 1309/1370/457 1308/1369/456 1192/1254/387
f 1192/1254/387 1194/1253/386 1309/1370/457
f 1311/1371/308 1186/1248/3 1310/1372/2
f 1313/1373/3 1312/1374/2 1182/1244/2
f 1312/1374/2 1313/1373/3 1187/1246/383
f 1185/1247/2 1187/1246/383 1313/1373/3
f 1315/1375/2 1314/1376/308 1180/1239/3
f 1178/1240/2 1180/1239/3 1314/1376/308
f 1181/1243/3 1314/1376/308 1315/1375/2
f 1317/1377/2 1316/1378/3 1174/1236/3
f 1176/1235/3 1317/1377/2 1174/1236/3
f 1179/1241/3 1318/1379/3 1317/1377/2
f 1316/1378/3 1317/1377/2 1318/1379/3
f 1320/1380/458 1319/1381/459 1143/1205/371
f 1175/1237/2 1268/1330/432 1177/1238/3
f 1270/1329/431 1177/1238/3 1268/1330/432
f 1322/1382/460 1239/1301/414 1321/1383/461
f 1321/1383/461 1323/1384/462 1322/1382/460
f 1140/1201/367 1173/1234/382 1323/1384/462
f 1325/1385/463 1324/1386/464 1273/1334/436
f 1324/1386/464 1172/1231/379 1135/1197/363
f 1328/1387/3 1326/1388/353 1327/1389/353
f 1327/1389/353 1167/1229/2 1328/1387/3
f 1169/1228/2 1328/1387/3 1167/1229/2
f 1283/1342/439 1329/1390/465 1281/1343/440
f 1330/1391/466 1281/1343/440 1329/1390/465
f 1329/1392/465 1115/1393/467 1331/1394/468
f 1115/1393/467 1320/1395/469 1331/1394/468
f 1066/1125/1 1065/1127/312 1332/1396/291
f 1333/1397/1 1066/1125/1 1332/1396/291
f 1333/1397/1 1332/1396/291 1161/1220/1
f 1248/1310/3 1334/1398/3 1335/1399/308
f 1156/1218/308 1158/1217/3 1336/1400/308
f 1337/1401/3 1336/1400/308 1158/1217/3
f 1155/1214/2 1154/1216/3 1337/1401/3
f 1339/1402/3 1338/1403/226 1148/1207/2
f 1146/1208/226 1148/1207/2 1338/1403/226
f 1150/1212/2 1152/1211/373 1339/1402/3
f 1228/1290/1 1230/1291/409 1340/1404/1
f 1342/1405/2 1341/1406/308 1055/1114/3
f 1053/1115/308 1055/1114/3 1341/1406/308
f 1149/1210/3 1147/1209/2 1341/1406/308
f 1342/1405/2 1149/1210/3 1341/1406/308
f 1345/1407/291 1343/1408/470 1344/1409/1
f 1159/1221/281 1346/1410/416 1162/1223/374
f 1347/1411/417 1162/1223/374 1346/1410/416
f 1268/1330/432 1175/1237/2 1348/1412/471
f 1349/1413/472 1119/1178/348 1036/1098/302
f 1351/1414/55 1261/1320/55 1350/1415/473
f 1352/1416/474 1350/1415/473 1261/1320/55
f 1081/1143/321 1353/1417/475 1354/1418/476
f 1354/1418/476 1355/1419/477 1111/1170/341
f 1358/1420/478 1356/1421/479 1357/1422/478
f 1127/1189/355 1359/1423/480 1083/1142/320
f 1360/1424/318 1321/1383/461 1241/1300/413
f 1239/1301/414 1241/1300/413 1321/1383/461
f 1138/1200/366 1140/1201/367 1360/1424/318
f 1361/1425/424 1171/1233/381 1139/1198/364
f 1137/1199/365 1139/1198/364 1171/1233/381
f 1361/1425/424 1136/1195/361 1171/1233/381
f 1364/1426/481 1362/1427/482 1363/1428/481
f 1367/1429/483 1365/1430/483 1366/1431/305
f 1369/1432/484 1245/1307/420 1368/1433/484
f 1247/1308/345 1368/1433/484 1245/1307/420
f 1224/1285/406 1221/1283/1 1370/1434/485
f 1036/1098/302 1119/1178/348 1252/1313/302
f 1118/1180/350 1252/1313/302 1119/1178/348
f 1372/1435/305 1043/1102/303 1371/1436/305
f 1042/1104/305 1371/1436/305 1043/1102/303
f 1371/1436/305 1042/1104/305 1373/1437/486
f 1266/1327/429 1373/1437/486 1042/1104/305
f 1351/1414/55 1374/1438/487 1375/1321/488
f 1375/1321/488 1261/1320/55 1351/1414/55
f 1322/1382/460 1330/1439/468 1239/1301/414
f 1330/1439/468 1320/1380/458 1272/1333/435
f 1378/1440/489 1376/1441/490 1377/1442/451
f 1379/1443/490 1377/1442/451 1376/1441/490
f 1081/1143/321 1354/1418/476 1084/1145/322
f 1380/1444/241 1084/1145/322 1354/1418/476
f 1354/1418/476 1111/1170/341 1380/1444/241
f 1110/1172/341 1380/1444/241 1111/1170/341
f 1195/1256/330 1193/1255/388 1381/1445/491
f 1381/1445/491 1382/1446/492 1195/1256/330
f 1382/1446/492 1381/1445/491 1107/1166/337
f 1384/1447/1 1262/1323/427 1383/1448/291
f 1386/1449/2 1385/1450/493 1100/1162/334
f 1389/1451/494 1387/1452/3 1388/1453/308
f 1391/1454/495 1355/1419/477 1390/1455/496
f 1095/1157/329 1097/1156/328 1391/1454/495
f 1394/1456/497 1392/1457/498 1393/1458/1
f 1393/1458/1 1395/1459/499 1394/1456/497
f 1395/1459/499 1393/1458/1 1093/1152/325
f 1091/1153/326 1093/1152/325 1393/1458/1
f 1397/1460/1 1396/1461/500 1216/1275/291
f 1088/1150/308 1398/1462/501 1399/1463/502
f 1401/1464/503 1400/1465/504 1210/1269/281
f 1403/1466/319 1402/1467/505 1080/1139/317
f 1406/1468/1 1404/1469/300 1405/1470/506
f 1268/1330/432 1348/1412/471 1271/1332/434
f 1407/1471/507 1271/1332/434 1348/1412/471
f 1127/1189/355 1083/1142/320 1130/1191/357
f 1082/1144/19 1130/1191/357 1083/1142/320
f 1409/1472/508 1408/1473/334 1099/1161/333
f 1411/1474/343 1410/1475/506 1079/1141/319
f 1414/1476/291 1412/1477/1 1413/1478/1
f 1025/1087/1 1413/1478/1 1412/1477/1
f 1031/1093/297 1057/1119/311 1034/1095/299
f 1059/1118/310 1034/1095/299 1057/1119/311
f 1060/1121/1 1057/1119/311 1072/1131/1
f 1070/1132/314 1072/1131/1 1057/1119/311
f 1071/1133/1 1073/1134/315 1415/1479/1
f 1416/1480/509 1415/1479/1 1073/1134/315
f 1415/1479/1 1416/1480/509 1417/1481/314
f 1064/1126/1 1415/1479/1 1417/1481/314
f 1419/1482/510 1418/1483/1 1074/1136/1
f 1076/1135/316 1419/1482/510 1074/1136/1
f 1061/1123/291 1063/1122/1 1419/1482/510
f 1418/1483/1 1419/1482/510 1063/1122/1
f 1390/1455/496 1353/1417/475 1420/1484/511
f 1356/1421/479 1420/1484/511 1359/1423/480
f 1422/1485/512 1151/1213/3 1421/1486/2
f 1421/1486/2 1423/1487/2 1422/1485/512
f 1153/1215/3 1424/1488/2 1425/1489/308
f 1054/1116/3 1056/1117/309 1424/1488/2
f 1426/1490/308 1424/1488/2 1056/1117/309
f 1428/1491/1 1046/1105/1 1427/1492/513
f 1427/1492/513 1050/1112/1 1428/1491/1
f 1052/1111/1 1428/1491/1 1050/1112/1
f 1431/1493/1 1429/1494/514 1430/1495/428
f 1429/1494/514 1431/1493/1 1048/1110/307
f 1049/1108/1 1048/1110/307 1431/1493/1
f 1344/1409/1 1432/1496/1 1345/1407/291
f 1062/1124/1 1345/1407/291 1432/1496/1
f 1098/1159/331 1096/1158/330 1433/1497/515
f 1434/1498/516 1433/1497/515 1035/1097/301
f 1435/1499/517 1035/1097/301 1433/1497/515
f 1438/1500/339 1436/1501/518 1437/1502/391
f 1440/1503/1 1234/1295/1 1439/1504/506
f 1440/1503/1 1439/1504/506 1040/1099/1
f 1038/1100/1 1040/1099/1 1439/1504/506
f 1109/1171/342 1098/1159/331 1257/1318/424
f 1257/1318/424 1434/1498/516 1037/1096/300
f 1035/1097/301 1037/1096/300 1434/1498/516
f 1238/1299/412 1275/1336/438 1325/1385/463
f 1273/1334/436 1238/1299/412 1325/1385/463
f 1326/1388/353 1441/1505/519 1121/1183/353
f 1413/1478/1 1442/1506/520 1414/1476/291
f 1444/1507/521 1443/1508/1 1160/1222/1
f 1443/1508/1 1444/1507/521 1024/1086/291
f 1024/1086/291 1026/1085/1 1443/1508/1
f 1447/1509/522 1445/1433/523 1446/1510/13
f 1448/1316/523 1446/1510/13 1445/1433/523
f 1059/1118/310 1358/1420/478 1357/1422/478
f 1358/1420/478 1059/1118/310 1058/1120/311
f 1269/1331/433 1449/1511/347 1319/1381/459
f 1129/1188/354 1032/1094/298 1034/1095/299
f 1032/1094/298 1129/1188/354 1128/1190/356
f 1144/1206/372 1449/1511/347 1407/1471/507
f 1165/1224/375 1164/1226/377 1319/1512/524
f 1113/1513/525 1165/1224/375 1319/1512/524
f 1450/1422/526 1129/1188/354 1059/1118/310
f 1034/1095/299 1059/1118/310 1129/1188/354
f 1129/1188/354 1357/1422/478 1127/1189/355
f 1274/1335/437 1235/1297/410 1451/1514/527
f 1453/1515/369 1452/1516/528 1142/1203/369
f 1455/1438/529 1351/1414/55 1454/1367/529
f 1196/1258/390 1454/1367/529 1351/1414/55
f 1372/1435/305 1120/1181/351 1043/1102/303
f 1117/1179/349 1043/1102/303 1120/1181/351
f 1117/1179/349 1142/1203/369 1043/1102/303
f 1196/1258/390 1351/1414/55 1199/1260/369
f 1350/1415/473 1199/1260/369 1351/1414/55
f 1456/1517/530 1028/1518/531 1201/1263/394
f 1456/1517/530 1201/1263/394 1203/1264/395
f 1122/1519/532 1457/1520/533 1237/1296/351
f 1437/1502/391 1453/1515/369 1349/1413/472
f 1460/1521/534 1458/1522/535 1459/1523/536
f 1461/1524/537 1459/1523/536 1458/1522/535
f 1464/1525/538 1462/1526/539 1463/1527/540
f 1467/1528/291 1465/1529/1 1466/1530/310
f 1470/1531/541 1468/1532/541 1469/1533/542
f 1471/1534/541 1469/1533/542 1468/1532/541
f 1474/1535/281 1472/1536/1 1473/1537/1
f 1475/1538/1 1473/1537/1 1472/1536/1
f 1478/1539/543 1476/1540/310 1477/1541/310
f 1481/1542/251 1479/1543/544 1480/1544/545
f 1484/1545/1 1482/1546/281 1483/1547/1
f 1485/1548/546 1483/1547/1 1482/1546/281
f 1488/1549/311 1486/1550/310 1487/1551/311
f 1489/1552/310 1487/1551/311 1486/1550/310
f 1492/1553/1 1490/1554/291 1491/1555/1
f 1493/1556/1 1492/1553/1 1491/1555/1
f 1496/1557/3 1494/1558/2 1495/1559/226
f 1496/1557/3 1495/1559/226 1497/1560/2
f 1500/1561/547 1498/1562/547 1499/1563/548
f 1501/1564/549 1499/1563/548 1498/1562/547
f 1504/1565/550 1502/1566/1 1503/1567/1
f 1504/1565/550 1503/1567/1 1505/1568/312
f 1508/1569/1 1506/1570/314 1507/1571/1
f 1511/1572/551 1509/1573/552 1510/1574/553
f 1514/1575/554 1512/1576/555 1513/1577/556
f 1515/1578/556 1513/1577/556 1512/1576/555
f 1518/1579/1 1516/1580/281 1517/1581/1
f 1521/1582/557 1519/1583/398 1520/1584/558
f 1522/1585/559 1520/1584/558 1519/1583/398
f 1525/1586/560 1523/1587/561 1524/1588/2
f 1526/1589/562 1524/1588/2 1523/1587/561
f 1529/1590/506 1527/1591/563 1528/1592/506
f 1530/1593/564 1528/1592/506 1527/1591/563
f 1533/1594/314 1531/1595/281 1532/1596/565
f 1534/1597/566 1532/1596/565 1531/1595/281
f 1537/1598/567 1535/1599/567 1536/1600/568
f 1540/1601/569 1538/1602/226 1539/1603/570
f 1541/1604/308 1539/1603/570 1538/1602/226
f 1544/1605/571 1542/1606/572 1543/1607/571
f 1547/1608/291 1545/1609/573 1546/1610/574
f 1548/1611/404 1547/1608/291 1546/1610/574
f 1551/1612/575 1549/1613/234 1550/1614/576
f 1549/1613/234 1551/1612/575 1552/1615/577
f 1555/1616/578 1553/1617/579 1554/1618/580
f 1553/1617/579 1555/1616/578 1556/1619/581
f 1559/1620/582 1557/1621/582 1558/1622/583
f 1560/1623/584 1558/1622/583 1557/1621/582
f 1563/1624/585 1561/1625/308 1562/1626/586
f 1566/1627/587 1564/1628/588 1565/1629/589
f 1569/1630/590 1567/1631/568 1568/1632/591
f 1572/1633/584 1570/1634/592 1571/1635/593
f 1575/1636/2 1573/1637/226 1574/1638/2
f 1576/1639/594 1574/1638/2 1573/1637/226
f 1579/1640/3 1577/1641/2 1578/1642/3
f 1580/1643/226 1578/1642/3 1577/1641/2
f 1583/1644/595 1581/1645/3 1582/1646/3
f 1582/1646/3 1584/1647/596 1583/1644/595
f 1587/1648/291 1585/1649/1 1586/1650/1
f 1588/1651/1 1586/1650/1 1585/1649/1
f 1591/1652/597 1589/1653/598 1590/1654/599
f 1592/1655/538 1590/1654/599 1589/1653/598
f 1595/1656/536 1593/1657/535 1594/1658/535
f 1597/1659/600 1564/1628/588 1596/1660/601
f 1564/1628/588 1597/1659/600 1598/1661/602
f 1600/1662/603 1599/1663/604 1598/1661/602
f 1603/1664/605 1601/1665/606 1602/1666/607
f 1606/1667/608 1604/1668/609 1605/1669/610
f 1607/1670/609 1605/1669/610 1604/1668/609
f 1610/1671/2 1608/1672/3 1609/1673/611
f 1613/1674/3 1611/1675/2 1612/1676/2
f 1614/1677/612 1612/1676/2 1611/1675/2
f 1617/1678/3 1615/1679/2 1616/1680/613
f 1620/1681/27 1618/1682/614 1619/1683/568
f 1621/1684/404 1551/1612/575 1550/1614/576
f 1550/1614/576 1622/1685/615 1621/1684/404
f 1625/1686/577 1623/1687/536 1624/1688/616
f 1626/1689/536 1624/1688/616 1623/1687/536
f 1629/1690/617 1627/1691/618 1628/1692/308
f 1630/1693/560 1628/1692/308 1627/1691/618
f 1633/1694/2 1631/1695/565 1632/1696/2
f 1634/1697/566 1632/1696/2 1631/1695/565
f 1606/1667/608 1635/1698/506 1636/1699/1
f 1636/1699/1 1604/1668/609 1606/1667/608
f 1639/1700/619 1637/1701/601 1638/1702/620
f 1640/1703/621 1638/1702/620 1637/1701/601
f 1643/1704/622 1641/1705/623 1642/1706/624
f 1642/1706/624 1462/1526/539 1643/1704/622
f 1639/1700/619 1638/1702/620 1644/1707/625
f 1645/1708/604 1639/1700/619 1644/1707/625
f 1648/1709/1 1646/1710/1 1647/1711/1
f 1649/1712/626 1647/1711/1 1646/1710/1
f 1652/1713/627 1650/1714/628 1651/1715/629
f 1501/1564/549 1653/1716/630 1654/1717/631
f 1655/1718/606 1501/1564/549 1654/1717/631
f 1658/1719/632 1656/1720/3 1657/1721/226
f 1659/1722/3 1657/1721/226 1656/1720/3
f 1662/1723/633 1660/1724/634 1661/1725/635
f 1660/1724/634 1662/1723/633 1663/1726/636
f 1666/1727/637 1664/1728/586 1665/1729/638
f 1667/1730/639 1665/1729/638 1664/1728/586
f 1669/1731/640 1668/1732/641 1620/1681/27
f 1511/1572/551 1670/1733/642 1671/1734/643
f 1672/1735/644 1671/1734/643 1670/1733/642
f 1675/1736/645 1673/1737/646 1674/1738/21
f 1676/1739/213 1674/1738/21 1673/1737/646
f 1604/1668/609 1677/1740/647 1607/1670/609
f 1678/1741/648 1607/1670/609 1677/1740/647
f 1677/1740/647 1675/1736/645 1678/1741/648
f 1674/1738/21 1678/1741/648 1675/1736/645
f 1681/1742/649 1679/1743/650 1680/1744/651
f 1684/1745/652 1682/1746/653 1683/1747/654
f 1685/1748/653 1683/1747/654 1682/1746/653
f 1668/1732/641 1669/1731/640 1686/1749/655
f 1550/1614/576 1687/1750/656 1688/1751/657
f 1687/1750/656 1550/1614/576 1549/1613/234
f 1688/1751/657 1663/1726/636 1662/1723/633
f 1663/1726/636 1688/1751/657 1687/1750/656
f 1555/1616/578 1689/1752/658 1556/1619/581
f 1690/1753/659 1556/1619/581 1689/1752/658
f 1693/1754/660 1691/1755/661 1692/1756/662
f 1694/1757/663 1692/1756/662 1691/1755/661
f 1694/1757/663 1530/1593/564 1692/1756/662
f 1696/1758/664 1615/1679/2 1695/1759/226
f 1697/1760/3 1695/1759/226 1615/1679/2
f 1695/1759/226 1697/1760/3 1658/1719/632
f 1656/1720/3 1658/1719/632 1697/1760/3
f 1700/1761/665 1698/1762/2 1699/1763/666
f 1701/1764/308 1699/1763/666 1698/1762/2
f 1684/1745/652 1702/1765/291 1703/1766/667
f 1705/1767/668 1704/1768/669 1572/1633/584
f 1705/1767/668 1652/1713/627 1704/1768/669
f 1708/1769/670 1706/1770/671 1707/1771/670
f 1561/1625/308 1563/1624/585 1459/1523/536
f 1709/1772/672 1459/1523/536 1563/1624/585
f 1493/1556/1 1491/1555/1 1710/1773/291
f 1711/1774/1 1493/1556/1 1710/1773/291
f 1714/1775/673 1712/1776/674 1713/1777/675
f 1712/1776/674 1715/1778/676 1713/1777/675
f 1712/1776/674 1645/1708/604 1715/1778/676
f 1645/1708/604 1644/1707/625 1715/1778/676
f 1718/1779/677 1716/1780/678 1717/1781/679
f 1716/1780/678 1718/1779/677 1643/1704/622
f 1641/1705/623 1643/1704/622 1718/1779/677
f 1721/1782/573 1719/1783/308 1720/1784/308
f 1720/1784/308 1722/1785/680 1721/1782/573
f 1637/1701/601 1723/1786/681 1640/1703/621
f 1724/1787/682 1640/1703/621 1723/1786/681
f 1524/1588/2 1526/1589/562 1725/1788/2
f 1726/1789/683 1725/1788/2 1526/1589/562
f 1531/1595/281 1727/1790/319 1534/1597/566
f 1728/1791/684 1534/1597/566 1727/1790/319
f 1727/1790/319 1729/1792/1 1728/1791/684
f 1730/1793/685 1728/1791/684 1729/1792/1
f 1632/1696/2 1634/1697/566 1731/1794/308
f 1732/1795/684 1731/1794/308 1634/1697/566
f 1731/1794/308 1732/1795/684 1733/1796/3
f 1734/1797/686 1733/1796/3 1732/1795/684
f 1555/1616/578 1735/1798/1 1736/1799/1
f 1689/1752/658 1555/1616/578 1736/1799/1
f 1689/1752/658 1736/1799/1 1737/1800/1
f 1670/1733/642 1510/1574/553 1738/1801/687
f 1740/1802/1 1739/1803/688 1527/1591/563
f 1529/1590/506 1740/1802/1 1527/1591/563
f 1635/1698/506 1606/1667/608 1739/1803/688
f 1635/1698/506 1739/1803/688 1740/1802/1
f 1743/1804/308 1741/1805/689 1742/1806/3
f 1746/1807/690 1744/1746/691 1745/1808/691
f 1747/1809/691 1745/1808/691 1744/1746/691
f 1543/1607/571 1748/1810/692 1749/1811/571
f 1545/1609/573 1750/1812/693 1546/1610/574
f 1750/1812/693 1545/1609/573 1751/1813/694
f 1548/1611/404 1546/1610/574 1551/1612/575
f 1551/1612/575 1621/1684/404 1548/1611/404
f 1717/1781/679 1752/1814/695 1753/1815/696
f 1669/1731/640 1619/1683/568 1753/1815/696
f 1756/1816/2 1754/1817/3 1755/1818/697
f 1757/1819/2 1755/1818/697 1754/1817/3
f 1754/1817/3 1617/1678/3 1757/1819/2
f 1616/1680/613 1757/1819/2 1617/1678/3
f 1611/1675/2 1613/1674/3 1758/1820/2
f 1759/1821/3 1758/1820/2 1613/1674/3
f 1758/1820/2 1759/1821/3 1760/1822/334
f 1761/1823/3 1760/1822/334 1759/1821/3
f 1764/1824/226 1762/1825/3 1763/1826/3
f 1608/1672/3 1763/1826/3 1762/1825/3
f 1763/1826/3 1612/1676/2 1764/1824/226
f 1766/1827/3 1701/1764/308 1765/1828/2
f 1698/1762/2 1765/1828/2 1701/1764/308
f 1610/1671/2 1609/1673/611 1766/1827/3
f 1739/1803/688 1606/1667/608 1767/1829/698
f 1605/1669/610 1767/1829/698 1606/1667/608
f 1513/1577/556 1570/1634/592 1768/1830/699
f 1765/1828/2 1698/1762/2 1769/1831/226
f 1772/1832/700 1770/1833/701 1771/1834/702
f 1773/1835/703 1771/1834/702 1770/1833/701
f 1599/1663/604 1600/1662/603 1773/1835/703
f 1771/1834/702 1773/1835/703 1600/1662/603
f 1776/1836/2 1774/1837/2 1775/1838/3
f 1458/1522/535 1460/1521/534 1777/1839/431
f 1777/1839/431 1778/1840/535 1458/1522/535
f 1778/1840/535 1777/1839/431 1779/1841/537
f 1779/1841/537 1594/1658/535 1778/1840/535
f 1714/1775/673 1713/1777/675 1780/1842/704
f 1780/1842/704 1781/1843/705 1714/1775/673
f 1781/1843/705 1780/1842/704 1591/1652/597
f 1589/1653/598 1591/1652/597 1780/1842/704
f 1507/1571/1 1782/1844/1 1783/1845/1
f 1783/1845/1 1784/1846/1 1586/1650/1
f 1587/1648/291 1586/1650/1 1784/1846/1
f 1786/1847/2 1785/1848/2 1659/1722/3
f 1785/1848/2 1786/1847/2 1581/1645/3
f 1581/1645/3 1583/1644/595 1785/1848/2
f 1584/1647/596 1582/1646/3 1787/1849/2
f 1787/1849/2 1788/1850/226 1584/1647/596
f 1788/1850/226 1787/1849/2 1580/1643/226
f 1578/1642/3 1580/1643/226 1787/1849/2
f 1496/1557/3 1789/1851/3 1494/1558/2
f 1789/1851/3 1574/1638/2 1790/1852/706
f 1512/1576/555 1791/1853/707 1515/1578/556
f 1571/1635/593 1515/1578/556 1791/1853/707
f 1794/1854/708 1792/1620/708 1793/1855/708
f 1558/1622/583 1793/1855/708 1792/1620/708
f 1797/1856/709 1795/1857/710 1796/1858/711
f 1798/1859/712 1797/1856/709 1796/1858/711
f 1801/1860/696 1799/1861/713 1800/1862/714
f 1799/1861/713 1801/1860/696 1569/1630/590
f 1501/1564/549 1498/1562/547 1653/1716/630
f 1498/1562/547 1802/1863/715 1803/1864/716
f 1802/1863/715 1804/1865/717 1803/1864/716
f 1650/1714/628 1805/1866/718 1770/1833/701
f 1805/1866/718 1773/1835/703 1770/1833/701
f 1565/1629/589 1599/1663/604 1805/1866/718
f 1773/1835/703 1805/1866/718 1599/1663/604
f 1806/1867/719 1596/1660/601 1566/1627/587
f 1564/1628/588 1566/1627/587 1596/1660/601
f 1807/1868/720 1708/1769/670 1806/1867/719
f 1809/1869/721 1808/1870/2 1700/1761/665
f 1655/1718/606 1654/1717/631 1810/1871/607
f 1811/1872/707 1810/1871/607 1654/1717/631
f 1462/1526/539 1642/1706/624 1601/1665/606
f 1601/1665/606 1603/1664/605 1462/1526/539
f 1463/1527/540 1603/1664/605 1812/1873/722
f 1813/1874/722 1812/1873/722 1603/1664/605
f 1815/1875/723 1814/1876/671 1807/1868/720
f 1665/1729/638 1816/1730/724 1817/1877/725
f 1818/1878/724 1817/1877/725 1816/1730/724
f 1821/1879/726 1819/1880/727 1820/1881/728
f 1823/1882/729 1796/1858/711 1822/1883/49
f 1795/1857/710 1822/1883/49 1796/1858/711
f 1546/1610/574 1552/1615/577 1551/1612/575
f 1552/1615/577 1546/1610/574 1750/1812/693
f 1824/1884/705 1651/1715/629 1772/1832/700
f 1825/1885/597 1704/1768/669 1824/1884/705
f 1618/1682/614 1620/1681/27 1826/1886/730
f 1826/1886/730 1827/1887/731 1618/1682/614
f 1795/1857/710 1797/1856/709 1827/1887/731
f 1828/1888/732 1536/1600/568 1801/1860/696
f 1630/1693/560 1627/1691/618 1829/1889/308
f 1830/1890/733 1829/1889/308 1627/1691/618
f 1829/1889/308 1830/1890/733 1525/1586/560
f 1523/1587/561 1525/1586/560 1830/1890/733
f 1604/1668/609 1636/1699/1 1831/1891/1
f 1831/1891/1 1677/1740/647 1604/1668/609
f 1590/1654/599 1592/1655/538 1832/1892/556
f 1833/1893/540 1832/1892/556 1592/1655/538
f 1836/1894/2 1834/1895/580 1835/1896/581
f 1835/1896/581 1837/1897/2 1836/1894/2
f 1840/1898/1 1838/1899/281 1839/1900/1
f 1841/1901/734 1839/1900/1 1838/1899/281
f 1839/1900/1 1841/1901/734 1518/1579/1
f 1499/1563/548 1501/1564/549 1842/1902/606
f 1655/1718/606 1842/1902/606 1501/1564/549
f 1844/1903/1 1843/1904/291 1702/1765/291
f 1845/1905/1 1844/1903/1 1702/1765/291
f 1845/1905/1 1702/1765/291 1846/1906/1
f 1847/1907/1 1845/1905/1 1846/1906/1
f 1847/1907/1 1846/1906/1 1506/1570/314
f 1508/1569/1 1847/1907/1 1506/1570/314
f 1849/1908/1 1848/1909/1 1517/1581/1
f 1850/1910/314 1849/1908/1 1517/1581/1
f 1505/1568/312 1503/1567/1 1848/1909/1
f 1849/1908/1 1505/1568/312 1848/1909/1
f 1802/1863/715 1851/1911/735 1852/1912/736
f 1851/1911/735 1802/1863/715 1500/1561/547
f 1498/1562/547 1500/1561/547 1802/1863/715
f 1854/1913/3 1853/1914/2 1579/1640/3
f 1577/1641/2 1579/1640/3 1853/1914/2
f 1483/1547/1 1485/1548/546 1855/1915/1
f 1856/1916/737 1855/1915/1 1485/1548/546
f 1855/1915/1 1856/1916/737 1490/1554/291
f 1490/1554/291 1492/1553/1 1855/1915/1
f 1858/1917/310 1477/1541/310 1857/1918/310
f 1859/1919/310 1857/1918/310 1477/1541/310
f 1857/1918/310 1859/1919/310 1488/1549/311
f 1486/1550/310 1488/1549/311 1859/1919/310
f 1861/1920/738 1860/1921/1 1502/1566/1
f 1861/1920/738 1502/1566/1 1504/1565/550
f 1482/1546/281 1484/1545/1 1861/1920/738
f 1860/1921/1 1861/1920/738 1484/1545/1
f 1863/1922/731 1862/1923/739 1537/1598/567
f 1865/1924/740 1467/1528/291 1864/1925/741
f 1866/1926/311 1466/1530/310 1476/1540/310
f 1647/1711/1 1649/1712/626 1867/1927/1
f 1867/1927/1 1868/1928/1 1473/1537/1
f 1474/1535/281 1473/1537/1 1868/1928/1
f 1870/1929/742 1826/1886/730 1869/1930/620
f 1620/1681/27 1869/1930/620 1826/1886/730
f 1826/1886/730 1870/1929/742 1795/1857/710
f 1568/1632/591 1535/1599/567 1871/1931/743
f 1479/1543/544 1481/1542/251 1862/1923/739
f 1833/1893/540 1872/1932/744 1832/1892/556
f 1873/1933/555 1832/1892/556 1872/1932/744
f 1554/1618/580 1874/1934/1 1735/1798/1
f 1555/1616/578 1554/1618/580 1735/1798/1
f 1723/1786/681 1875/1935/745 1724/1787/682
f 1876/1936/711 1724/1787/682 1875/1935/745
f 1459/1523/536 1461/1524/537 1561/1625/308
f 1775/1838/3 1561/1625/308 1461/1524/537
f 1585/1649/1 1877/1937/1 1588/1651/1
f 1878/1938/1 1588/1651/1 1877/1937/1
f 1877/1937/1 1879/1939/314 1878/1938/1
f 1880/1940/1 1878/1938/1 1879/1939/314
f 1480/1544/545 1881/1941/712 1865/1924/740
f 1467/1528/291 1865/1924/740 1881/1941/712
f 1751/1813/694 1545/1609/573 1823/1882/729
f 1796/1858/711 1823/1882/729 1545/1609/573
f 1843/1904/291 1882/1942/607 1810/1871/607
f 1844/1903/1 1882/1942/607 1843/1904/291
f 1834/1895/580 1836/1894/2 1873/1933/555
f 1834/1895/580 1873/1933/555 1872/1932/744
f 1796/1858/711 1545/1609/573 1798/1859/712
f 1547/1608/291 1798/1859/712 1545/1609/573
f 1813/1874/722 1602/1666/607 1874/1934/1
f 1554/1618/580 1813/1874/722 1874/1934/1
f 1562/1626/586 1774/1837/2 1815/1875/723
f 1814/1876/671 1815/1875/723 1774/1837/2
f 1769/1831/226 1808/1870/2 1514/1575/554
f 1512/1576/555 1514/1575/554 1808/1870/2
f 1865/1924/740 1883/1943/746 1480/1544/545
f 1883/1943/746 1865/1924/740 1884/1728/747
f 1810/1871/607 1811/1872/707 1843/1904/291
f 1703/1766/667 1843/1904/291 1811/1872/707
f 1721/1782/573 1876/1936/711 1719/1783/308
f 1875/1935/745 1719/1783/308 1876/1936/711
f 1774/1837/2 1776/1836/2 1814/1876/671
f 1706/1770/671 1814/1876/671 1776/1836/2
f 1808/1870/2 1809/1869/721 1512/1576/555
f 1791/1853/707 1512/1576/555 1809/1869/721
f 1811/1872/707 1885/1809/748 1703/1766/667
f 1885/1809/748 1811/1872/707 1886/1854/749
f 1812/1873/722 1813/1874/722 1553/1617/579
f 1554/1618/580 1553/1617/579 1813/1874/722
f 1888/1944/712 1881/1941/712 1887/1945/750
f 1481/1542/251 1480/1544/545 1889/1946/751
f 1890/1943/751 1889/1946/751 1480/1544/545
f 1893/1947/752 1891/1948/620 1892/1949/752
f 1896/1950/753 1894/1951/754 1895/1952/754
f 1664/1728/586 1865/1924/740 1667/1730/639
f 1864/1925/741 1667/1730/639 1865/1924/740
f 1899/1953/755 1897/1954/756 1898/1955/756
f 1902/1956/757 1900/1957/757 1901/1958/758
f 1903/1959/666 1685/1748/653 1746/1807/57
f 1682/1746/653 1746/1807/57 1685/1748/653
f 1744/1746/691 1684/1745/652 1747/1809/691
f 1811/1872/707 1654/1717/631 1794/1854/708
f 1792/1620/708 1794/1854/708 1654/1717/631
f 1906/1960/759 1904/1961/760 1905/1962/760
f 1909/1963/761 1907/1964/762 1908/1961/763
f 1912/1965/764 1910/1952/765 1911/1966/766
f 1891/1948/767 1913/1947/768 1914/1967/768
f 1917/1968/300 1915/1969/321 1916/1970/769
f 1816/1730/724 1864/1925/741 1818/1878/724
f 1918/1971/770 1818/1878/724 1864/1925/741
f 1920/1972/771 1471/1973/772 1919/1974/771
f 1471/1973/772 1920/1972/771 1666/1975/773
f 1922/1976/774 1446/1977/775 1921/1978/776
f 1446/1977/775 1922/1976/774 1923/1979/777
f 1926/1980/465 1924/1981/778 1925/1982/779
f 1927/1432/780 1925/1982/779 1924/1981/778
f 1928/1983/427 1260/1322/426 1259/1321/426
f 1928/1983/427 1259/1321/426 1929/1984/781
f 1931/1985/394 1307/1367/455 1930/1986/782
f 1306/1368/455 1930/1986/782 1307/1367/455
f 1925/1987/779 1932/1988/783 1447/1989/345
f 1933/1990/783 1447/1989/345 1932/1988/783
f 1930/1986/389 1934/1368/30 1935/1991/340
f 1936/1992/30 1935/1991/340 1934/1368/30
f 1929/1993/55 1937/1994/784 1938/1995/784
f 1929/1993/55 1938/1995/784 1939/1996/55
f 1923/1997/406 1940/1317/785 1941/1998/786
f 1923/1997/406 1941/1998/786 1942/1999/787
f 1445/1433/523 1247/1308/345 1448/1316/523
f 1222/1284/405 1448/1316/523 1247/1308/345
f 1939/2000/55 1943/2001/788 1931/2002/390
f 1944/2003/788 1931/2002/390 1943/2001/788
f 1413/1478/1 1025/1087/1 1024/1086/291
f 1024/1086/291 1945/2004/789 1413/1478/1
f 1945/2004/789 1024/1086/291 1444/1507/521
f 1946/2005/790 1076/1135/316 1077/1138/281
f 1077/1138/281 1947/2006/791 1946/2005/790
f 1414/1476/291 1948/2007/792 1947/2006/791
f 1947/2006/791 1077/1138/281 1414/1476/291
f 1077/1138/281 1412/1477/1 1414/1476/291
f 1077/1138/281 1075/1137/1 1412/1477/1
f 1950/1992/793 1108/1169/340 1949/2008/793
f 1105/1167/338 1949/2008/793 1108/1169/340
f 1278/1339/1 1039/1101/1 1038/1100/1
f 1038/1100/1 1951/2009/688 1278/1339/1
f 1265/1326/428 1042/1104/305 1041/1103/304
f 1041/1103/304 1452/1516/528 1265/1326/428
f 1430/1495/428 1265/1326/428 1452/1516/528
f 1952/2010/291 1045/1107/306 1044/1106/1
f 1953/2011/794 1045/1107/306 1952/2010/291
f 1954/2012/795 1953/2011/794 1952/2010/291
f 1956/2013/796 1953/2011/794 1955/2014/795
f 1955/2014/795 1954/2012/795 1957/2015/797
f 1959/2016/30 1958/2017/30 1956/2013/796
f 1953/2011/794 1958/2017/30 1045/1107/306
f 1961/2018/798 1960/2019/798 1959/2016/30
f 1045/1107/306 1427/1492/513 1046/1105/1
f 1958/2017/30 1427/1492/513 1045/1107/306
f 1958/2017/30 1960/2019/798 1427/1492/513
f 1050/1112/1 1427/1492/513 1960/2019/798
f 1954/2012/795 1952/2010/291 1962/2020/799
f 1957/2015/797 1962/2020/799 1963/2021/470
f 1962/2020/799 1344/1409/1 1343/1408/470
f 1344/1409/1 1962/2020/799 1952/2010/291
f 1343/1408/470 1345/1407/291 1964/2022/800
f 1963/2021/470 1964/2022/800 1965/2023/801
f 1964/2022/800 1061/1123/291 1966/2024/802
f 1965/2023/801 1966/2024/802 1967/2025/455
f 1966/2024/802 1076/1135/316 1946/2005/790
f 1967/2025/455 1946/2005/790 1968/2026/790
f 1968/2026/790 1947/2006/791 1969/2027/803
f 1969/2027/803 1948/2007/792 1970/2028/804
f 1970/2028/804 1442/1506/520 1971/2029/520
f 1948/2007/792 1414/1476/291 1442/1506/520
f 1971/2029/520 1945/2004/789 1972/2030/805
f 1972/2030/805 1973/2031/806 1974/2032/807
f 1442/1506/520 1413/1478/1 1945/2004/789
f 1444/1507/521 1973/2031/806 1945/2004/789
f 1162/1223/374 1347/1411/417 1973/2031/806
f 1973/2031/806 1444/1507/521 1162/1223/374
f 1160/1222/1 1162/1223/374 1444/1507/521
f 1975/2033/1 1048/1110/307 1047/1109/1
f 1048/1110/307 1975/2033/1 1976/2034/808
f 1977/2035/240 1976/2034/808 1975/2033/1
f 1048/1110/307 1976/2034/808 1429/1494/514
f 1266/1327/429 1429/1494/514 1976/2034/808
f 1979/2036/240 1978/2037/808 1977/2035/240
f 1978/2037/808 1373/1437/486 1976/2034/808
f 1276/1337/1 1051/1113/1 1050/1112/1
f 1050/1112/1 1960/2019/798 1276/1337/1
f 1980/2038/427 1276/1337/1 1960/2019/798
f 1981/2039/809 1980/2038/427 1961/2018/798
f 1982/2040/55 1980/2038/427 1981/2039/809
f 1276/1337/1 1980/2038/427 1983/2041/1
f 1983/2041/1 1277/1338/1 1276/1337/1
f 1984/2042/55 1983/2041/1 1980/2038/427
f 1985/2043/394 1984/2042/55 1982/2040/55
f 1987/2044/389 1986/2045/390 1985/2043/394
f 1984/2042/55 1986/2045/390 1983/2041/1
f 1983/2041/1 1233/1292/1 1277/1338/1
f 1233/1292/1 1983/2041/1 1986/2045/390
f 1986/2045/390 1988/2046/810 1233/1292/1
f 1989/2047/811 1988/2046/810 1987/2044/389
f 1231/1293/1 1233/1292/1 1988/2046/810
f 1991/2048/688 1990/2049/812 1989/2047/811
f 1988/2046/810 1990/2049/812 1231/1293/1
f 1231/1293/1 1439/1504/506 1234/1295/1
f 1439/1504/506 1231/1293/1 1990/2049/812
f 1439/1504/506 1990/2049/812 1038/1100/1
f 1951/2009/688 1038/1100/1 1990/2049/812
f 1992/2050/403 1951/2009/688 1991/2048/688
f 1993/2051/813 1278/1339/1 1951/2009/688
f 1995/2052/388 1994/2053/388 1992/2050/403
f 1278/1339/1 1993/2051/813 1994/2053/388
f 1279/1340/1 1278/1339/1 1994/2053/388
f 1345/1407/291 1062/1124/1 1061/1123/291
f 1061/1123/291 1964/2022/800 1345/1407/291
f 1996/2054/808 1068/1130/1 1067/1129/313
f 1067/1129/313 1069/1128/1 1997/2055/303
f 1999/2056/349 1997/2055/303 1998/2057/281
f 2000/2058/814 1998/2057/281 1997/2055/303
f 2000/2058/814 1997/2055/303 1069/1128/1
f 1998/2057/281 2001/2059/1 1999/2056/349
f 2002/2060/815 1999/2056/349 2001/2059/1
f 2003/2061/362 2002/2060/815 1405/1470/506
f 2001/2059/1 1405/1470/506 2002/2060/815
f 2003/2061/362 1405/1470/506 1404/1469/300
f 1404/1469/300 1406/1468/1 2004/2062/424
f 1411/1474/343 2004/2062/424 1410/1475/506
f 2004/2062/424 2005/2063/1 1410/1475/506
f 2005/2063/1 2004/2062/424 1406/1468/1
f 1079/1141/319 2006/2064/816 1411/1474/343
f 2006/2064/816 1079/1141/319 1078/1140/318
f 1078/1140/318 1080/1139/317 1402/1467/505
f 2007/2065/225 1087/1146/323 1086/1148/226
f 1087/1146/323 2008/2066/817 1085/1147/2
f 2008/2066/817 2009/2067/2 1085/1147/2
f 2009/2067/2 2008/2066/817 2010/2068/226
f 2011/2069/818 2010/2068/226 2008/2066/817
f 2013/2070/497 2012/2071/3 2011/2069/818
f 2010/2068/226 2011/2069/818 2012/2071/3
f 1302/1364/453 1303/1363/396 2013/2070/497
f 2012/2071/3 2013/2070/497 1303/1363/396
f 2016/2072/819 2014/2073/1 2015/2074/398
f 2015/2074/398 2017/2075/820 2016/2072/819
f 2014/2073/1 2016/2072/819 1396/1461/500
f 1396/1461/500 1397/1460/1 2014/2073/1
f 2019/2076/821 2018/2077/333 1387/1452/3
f 2018/2077/333 2019/2076/821 1386/1449/2
f 1385/1450/493 1386/1449/2 2019/2076/821
f 1387/1452/3 1389/1451/494 2019/2076/821
f 2020/2078/822 1100/1162/334 1385/1450/493
f 1389/1451/494 1388/1453/308 2021/2079/302
f 1100/1162/334 2020/2078/822 1101/1160/332
f 1099/1161/333 1101/1160/332 1409/1472/508
f 2021/2079/302 1388/1453/308 2022/2080/823
f 2023/2081/3 2022/2080/823 1388/1453/308
f 2022/2080/823 2023/2081/3 2024/2082/824
f 2025/2083/2 2024/2082/824 2023/2081/3
f 2024/2082/824 2025/2083/2 2026/2084/825
f 2027/2085/826 2026/2084/825 2025/2083/2
f 2026/2084/825 2027/2085/826 2028/2086/308
f 1102/1164/336 2026/2084/825 2028/2086/308
f 1102/1164/336 2028/2086/308 1103/1165/2
f 2030/2087/687 1383/1448/291 2029/2088/827
f 2031/2089/828 2029/2088/827 1383/1448/291
f 2031/2089/828 1383/1448/291 1262/1323/427
f 2034/2090/829 2032/2091/830 2033/2092/831
f 2035/2093/832 1214/1276/400 2034/2090/829
f 2032/2091/830 2034/2090/829 1214/1276/400
f 1396/1461/500 2036/2094/833 1214/1276/400
f 2036/2094/833 2037/2095/500 2038/2091/833
f 2038/2091/833 1214/1276/400 2036/2094/833
f 2039/2096/400 2038/2091/833 2037/2095/500
f 2037/2095/454 2040/2094/834 2041/2097/835
f 2039/2096/400 2033/2092/831 2032/2091/830
f 2033/2092/831 1377/1442/451 2042/2090/836
f 2041/2097/819 2043/2098/837 2044/2099/838
f 2043/2098/837 2016/2072/819 2045/2100/837
f 2045/2100/837 2044/2099/838 2043/2098/837
f 2017/2075/820 2045/2100/837 2016/2072/819
f 2016/2072/819 2046/2098/839 1396/1461/500
f 2046/2098/839 2041/2097/835 2040/2094/834
f 2040/2094/834 1396/1461/500 2046/2098/839
f 1299/1359/451 2035/2093/832 2047/1443/836
f 2042/2090/836 2047/1443/836 2035/2093/832
f 2047/1443/836 2042/2090/836 1377/1442/451
f 1976/2034/808 1977/2035/240 1978/2037/808
f 1266/1327/429 1976/2034/808 1373/1437/486
f 2048/2101/353 1122/1184/305 1121/1183/353
f 2048/2101/353 1121/1183/353 1441/1505/519
f 1370/1434/485 1125/1187/291 1124/1186/323
f 1124/1186/323 1126/1185/314 2049/2102/817
f 2051/2103/840 2049/2102/817 2050/2104/1
f 2049/2102/817 2052/2105/291 2050/2104/1
f 2052/2105/291 2049/2102/817 1126/1185/314
f 1394/1456/497 2051/2103/840 1392/1457/498
f 2051/2103/840 2050/2104/1 1392/1457/498
f 1353/1417/475 1081/1143/321 1141/1202/368
f 1141/1202/368 1420/1484/511 1353/1417/475
f 1189/1251/385 2053/2106/841 1190/1249/384
f 2054/2107/842 1190/1249/384 2053/2106/841
f 2056/2108/792 2055/2109/308 2054/2107/842
f 1190/1249/384 2054/2107/842 2055/2109/308
f 1227/1289/1 2057/2110/843 1230/1291/409
f 2057/2110/843 1227/1289/1 1279/1340/1
f 1332/1396/291 1065/1127/312 2058/2111/844
f 1332/1396/291 2058/2111/844 1159/1221/281
f 1159/1221/281 1161/1220/1 1332/1396/291
f 1151/1213/3 1422/1485/512 1152/1211/373
f 2059/2112/407 1152/1211/373 1422/1485/512
f 1152/1211/373 2059/2112/407 1338/1403/226
f 1338/1403/226 1339/1402/3 1152/1211/373
f 2060/2113/845 1338/1403/226 2059/2112/407
f 1422/1485/512 2061/2114/846 2059/2112/407
f 1423/1487/2 2062/2115/847 2061/2114/846
f 2061/2114/846 1422/1485/512 1423/1487/2
f 1338/1403/226 2060/2113/845 1146/1208/226
f 2063/2116/403 1146/1208/226 2060/2113/845
f 1146/1208/226 2063/2116/403 2064/2117/698
f 2064/2117/698 1147/1209/2 1146/1208/226
f 1147/1209/2 2064/2117/698 2065/2118/848
f 1147/1209/2 2065/2118/848 1341/1406/308
f 1341/1406/308 2065/2118/848 1053/1115/308
f 2066/2119/782 1053/1115/308 2065/2118/848
f 1053/1115/308 2066/2119/782 1056/1117/309
f 2067/2120/390 1056/1117/309 2066/2119/782
f 1056/1117/309 2067/2120/390 1426/1490/308
f 2068/2121/293 1426/1490/308 2067/2120/390
f 1426/1490/308 2068/2121/293 2069/2122/849
f 1425/1489/308 2069/2122/849 2070/2123/828
f 1425/1489/308 1426/1490/308 2069/2122/849
f 1426/1490/308 1425/1489/308 1424/1488/2
f 1154/1216/3 1425/1489/308 2070/2123/828
f 1425/1489/308 1154/1216/3 1153/1215/3
f 2071/2124/850 1157/1219/2 1156/1218/308
f 1156/1218/308 2072/2125/851 2071/2124/850
f 2073/2126/852 2071/2124/850 2072/2125/851
f 2073/2126/852 2074/2127/610 2071/2124/850
f 2074/2127/610 2075/2128/853 2076/2129/3
f 2075/2128/853 2077/2130/854 1335/1399/308
f 1335/1399/308 2076/2129/3 2075/2128/853
f 2076/2129/3 1335/1399/308 1334/1398/3
f 2076/2129/3 2071/2124/850 2074/2127/610
f 1334/1398/3 1157/1219/2 2076/2129/3
f 2071/2124/850 2076/2129/3 1157/1219/2
f 2072/2125/851 1156/1218/308 2078/2131/30
f 1336/1400/308 2078/2131/30 1156/1218/308
f 2078/2131/30 1336/1400/308 2070/2123/828
f 1154/1216/3 2070/2123/828 1336/1400/308
f 1336/1400/308 1337/1401/3 1154/1216/3
f 2079/2132/2 1168/1230/2 1167/1229/2
f 1167/1229/2 2080/2133/808 2079/2132/2
f 2081/2134/240 2079/2132/2 2080/2133/808
f 2082/2135/855 2080/2133/808 1327/1389/353
f 2080/2133/808 1167/1229/2 1327/1389/353
f 1186/1248/3 1311/1371/308 1187/1246/383
f 2083/2136/805 1187/1246/383 1311/1371/308
f 1187/1246/383 2083/2136/805 1312/1374/2
f 2086/2137/226 2084/2138/819 2085/2139/308
f 2087/2140/856 2085/2139/308 2084/2138/819
f 2084/2138/819 2086/2137/226 1304/1366/454
f 1305/1365/2 1304/1366/454 2086/2137/226
f 1211/1273/2 1213/1272/399 1304/1366/454
f 1212/1274/2 2088/2141/832 1213/1272/399
f 2088/2141/832 1212/1274/2 1300/1362/452
f 2090/2142/596 2089/2143/30 1295/1356/3
f 2091/2144/798 1295/1356/3 2089/2143/30
f 1295/1356/3 2091/2144/798 1293/1355/449
f 1272/1333/435 1240/1302/415 1239/1301/414
f 1272/1333/435 1239/1301/414 1330/1439/468
f 1335/1399/308 1249/1311/2 1248/1310/3
f 1249/1311/2 1335/1399/308 2077/2130/854
f 2077/2130/854 2092/2145/857 1249/1311/2
f 2053/2106/841 1189/1251/385 2092/2145/857
f 2095/2146/579 2093/2147/579 2094/2148/818
f 2051/2103/840 1394/1456/497 2095/2146/579
f 2093/2147/579 2095/2146/579 1394/1456/497
f 2049/2102/817 2051/2103/840 2096/2149/858
f 2098/2149/859 2097/2150/859 2049/2102/817
f 2096/2149/858 2099/2146/858 2100/2151/817
f 2099/2146/858 2096/2149/858 2051/2103/840
f 1124/1186/323 2049/2102/817 2097/2150/859
f 2097/2150/859 2098/2149/859 2101/2152/323
f 2102/1998/860 1370/1434/485 1124/1186/323
f 1125/1187/291 1370/1434/485 1221/1283/1
f 1124/1186/323 2103/2150/861 2102/1998/860
f 1942/1999/862 2102/1998/860 2103/2150/861
f 1942/1999/862 2103/2150/861 2101/2152/863
f 2100/2151/864 2101/2152/323 2098/2149/859
f 2094/2148/865 2100/2151/817 2099/2146/858
f 2104/2153/866 2094/2148/818 2093/2147/579
f 2107/2154/867 2105/2155/868 2106/2156/869
f 2106/2156/869 2108/2157/870 2058/2111/844
f 1346/1410/416 2058/2111/844 2109/2158/871
f 2112/2159/313 2110/2160/808 2111/2161/872
f 2112/2159/429 2113/2161/873 1366/1431/874
f 2114/2162/349 1366/1431/305 1365/1430/483
f 2116/2163/350 2114/2162/349 2115/2164/239
f 2118/2165/302 2116/2163/815 2117/2166/240
f 2120/2167/300 2118/2165/302 2119/2168/241
f 2122/2169/425 2120/2167/300 2121/2170/875
f 2124/2171/343 2122/2169/876 2123/2172/31
f 2126/2173/341 2124/2171/343 2125/2174/877
f 2128/2175/878 2126/2173/341 2127/2176/879
f 2130/2177/880 2128/2175/881 2129/2178/882
f 2131/1429/873 2113/2161/873 1997/2055/303
f 2131/1429/873 1366/1431/874 2113/2161/873
f 2133/2179/883 1286/1348/444 2132/1981/883
f 1288/1349/445 2132/1981/883 1286/1348/444
f 1347/1411/417 1346/1410/416 2134/2180/884
f 1974/2032/807 1973/2031/806 1347/1411/417
f 2134/2180/884 1346/1410/416 2109/2158/871
f 2109/2158/871 2058/2111/844 2108/2157/870
f 1346/1410/416 1159/1221/281 2058/2111/844
f 2106/2156/869 2058/2111/844 1065/1127/312
f 2108/2157/870 2106/2156/869 2105/2155/868
f 2105/2155/868 2107/2154/867 2135/2181/885
f 2135/2181/885 2136/2182/886 2137/2183/887
f 2137/2183/887 2138/2184/888 2139/2185/889
f 2139/2185/889 1267/1328/430 1033/1092/296
f 2138/2184/888 1073/1134/315 1267/1328/430
f 1267/1328/430 1070/1132/314 1031/1093/297
f 1057/1119/311 1031/1093/297 1070/1132/314
f 1417/1481/314 2107/2154/867 2106/2156/869
f 1064/1126/1 1417/1481/314 1065/1127/312
f 1065/1127/312 1417/1481/314 2106/2156/869
f 1416/1480/509 2136/2182/886 2107/2154/867
f 1417/1481/314 1416/1480/509 2107/2154/867
f 2136/2182/886 1416/1480/509 2138/2184/888
f 1073/1134/315 2138/2184/888 1416/1480/509
f 2142/2186/232 2140/2187/232 2141/2188/450
f 1400/1465/504 2143/2189/890 2142/2186/232
f 2140/2187/232 2142/2186/232 2143/2189/890
f 2143/2189/890 2144/2190/44 2145/2187/891
f 2147/2191/891 2146/2192/44 2145/2187/891
f 2149/2191/892 2148/2193/892 2146/2192/44
f 2144/2190/44 2150/2194/240 2149/2191/892
f 2147/2191/891 2145/2187/891 2144/2190/44
f 2148/2193/892 2149/2191/892 2150/2194/240
f 2151/2195/893 2145/2187/891 2146/2192/44
f 2152/2196/240 2146/2192/44 2148/2193/892
f 2151/2195/893 2141/2188/450 2140/2187/232
f 2152/2196/240 2153/2193/894 2110/2160/808
f 2141/2188/450 2154/2197/324 2155/2186/680
f 2154/2197/895 2156/2198/896 2157/2199/897
f 2156/2198/502 2158/2200/898 2159/2201/899
f 2158/2200/898 2044/2099/838 2160/2202/730
f 2161/2203/894 2153/2193/894 1996/2054/808
f 2150/2194/240 1996/2054/808 2153/2193/894
f 2161/2203/894 2110/2160/808 2153/2193/894
f 1924/1981/778 1288/1349/445 1927/1432/780
f 1245/1307/420 1927/1432/780 1288/1349/445
f 2136/2182/886 2135/2181/885 2107/2154/867
f 2138/2184/888 2137/2183/887 2136/2182/886
f 1267/1328/430 2139/2185/889 2138/2184/888
f 1031/1093/297 1033/1092/296 1267/1328/430
f 2163/2204/900 1308/1369/456 2162/2179/901
f 1286/1348/444 2162/2179/901 1308/1369/456
f 2165/1315/902 1192/1254/387 2164/2204/902
f 1308/1369/456 2164/2204/902 1192/1254/387
f 1263/1324/226 2092/2145/857 1189/1251/385
f 2092/2145/857 1263/1324/226 1249/1311/2
f 1429/1494/514 1266/1327/429 1265/1326/428
f 1265/1326/428 1430/1495/428 1429/1494/514
f 1174/1236/3 1316/1378/3 2166/2205/903
f 1316/1378/3 2167/2206/904 2166/2205/903
f 2167/2206/904 1316/1378/3 2168/2207/905
f 1318/1379/3 2168/2207/905 1316/1378/3
f 2168/2207/905 1318/1379/3 2169/2208/42
f 1318/1379/3 1179/1241/3 1178/1240/2
f 1178/1240/2 2169/2208/42 1318/1379/3
f 2169/2208/42 1178/1240/2 2170/2209/906
f 1183/1242/226 1242/1303/416 2170/2209/906
f 1314/1376/308 2170/2209/906 1178/1240/2
f 2170/2209/906 1314/1376/308 1183/1242/226
f 1181/1243/3 1183/1242/226 1314/1376/308
f 2172/2210/2 1297/1357/308 2171/2211/907
f 2172/2210/2 2171/2211/907 2173/2212/226
f 2174/2213/908 2173/2212/226 2171/2211/907
f 1296/1358/450 2171/2211/907 1297/1357/308
f 1089/1151/324 1296/1358/450 1090/1149/2
f 1399/1463/502 1089/1151/324 1088/1150/308
f 1398/1462/501 2175/2214/909 1399/1463/502
f 2175/2214/909 1398/1462/501 2087/2140/856
f 2085/2139/308 2087/2140/856 1398/1462/501
f 2177/2215/910 2176/2216/911 2174/2213/908
f 2173/2212/226 2174/2213/908 2176/2216/911
f 1104/1163/335 1103/1165/2 2177/2215/910
f 2176/2216/911 2177/2215/910 1103/1165/2
f 1092/1154/327 1094/1155/291 1298/1360/291
f 1298/1360/291 1299/1359/451 1092/1154/327
f 1215/1277/291 2035/2093/832 1299/1359/451
f 2035/2093/832 1215/1277/291 1214/1276/400
f 1214/1276/400 1216/1275/291 1396/1461/500
f 1207/1268/396 1205/1267/327 1301/1361/2
f 1300/1362/452 1301/1361/2 1205/1267/327
f 2178/2217/1 2017/2075/820 2015/2074/398
f 2178/2217/1 2179/2218/912 2017/2075/820
f 2179/2218/912 2178/2217/1 2180/2219/502
f 1209/1271/398 2180/2219/502 2178/2217/1
f 2180/2219/502 1209/1271/398 1208/1270/324
f 1208/1270/324 1210/1269/281 1400/1465/504
f 1400/1465/504 1401/1464/503 2143/2189/890
f 2181/2220/281 2143/2189/890 1401/1464/503
f 2181/2220/281 2182/2221/687 2143/2189/890
f 2182/2221/687 2144/2190/44 2143/2189/890
f 2183/2222/913 2150/2194/240 2144/2190/44
f 2182/2221/687 2183/2222/913 2144/2190/44
f 1996/2054/808 2150/2194/240 1068/1130/1
f 2183/2222/913 1068/1130/1 2150/2194/240
f 2055/2109/308 1311/1371/308 1310/1372/2
f 2184/2223/520 1311/1371/308 2055/2109/308
f 2185/2100/730 2160/2202/730 2044/2099/838
f 2017/2075/820 2179/2218/912 2185/2100/730
f 2160/2202/730 2185/2100/730 2179/2218/912
f 2179/2218/912 2180/2219/502 2186/2202/899
f 2159/2201/899 2186/2202/899 2180/2219/502
f 2186/2202/899 2159/2201/899 2158/2200/898
f 2180/2219/502 1208/1270/324 2187/2201/897
f 2187/2201/897 2157/2199/897 2156/2198/896
f 2157/2199/897 2187/2201/897 1208/1270/324
f 1208/1270/324 1400/1465/504 2188/2199/680
f 2155/2186/680 2188/2199/680 1400/1465/504
f 2188/2199/680 2155/2186/680 2154/2197/324
f 1323/1384/462 1321/1383/461 1140/1201/367
f 1321/1383/461 1360/1424/318 1140/1201/367
f 1121/1183/353 1327/1389/353 1326/1388/353
f 1121/1183/353 1123/1182/352 1327/1389/353
f 2082/2135/855 1327/1389/353 1123/1182/352
f 2189/2224/1 1340/1404/1 1230/1291/409
f 1230/1291/409 2190/2225/218 2189/2224/1
f 2191/2226/914 2189/2224/1 2190/2225/218
f 2193/2227/914 2190/2225/218 2192/2228/915
f 2190/2225/218 1230/1291/409 2057/2110/843
f 2192/2228/915 2057/2110/843 2194/2229/916
f 1279/1340/1 1994/2053/388 2057/2110/843
f 2194/2229/916 1994/2053/388 1995/2052/388
f 1966/2024/802 1419/1482/510 1076/1135/316
f 1419/1482/510 1966/2024/802 1061/1123/291
f 1175/1237/2 1174/1236/3 2195/2230/917
f 1174/1236/3 2166/2205/903 2195/2230/917
f 1175/1237/2 2195/2230/917 1348/1412/471
f 2196/1500/918 1349/1413/472 1036/1098/302
f 1349/1413/472 1438/1500/339 1437/1502/391
f 2056/2108/792 2184/2223/520 2055/2109/308
f 1311/1371/308 2184/2223/520 2083/2136/805
f 2197/2231/806 1312/1374/2 2083/2136/805
f 1243/1304/417 1184/1245/2 2197/2231/806
f 1312/1374/2 2197/2231/806 1184/1245/2
f 1184/1245/2 1182/1244/2 1312/1374/2
f 1355/1419/477 1354/1418/476 1353/1417/475
f 1353/1417/475 1390/1455/496 1355/1419/477
f 1097/1156/328 1111/1170/341 1355/1419/477
f 1355/1419/477 1391/1454/495 1097/1156/328
f 1359/1423/480 1357/1422/478 1356/1421/479
f 1359/1423/480 1127/1189/355 1357/1422/478
f 1141/1202/368 1083/1142/320 1359/1423/480
f 1141/1202/368 1359/1423/480 1420/1484/511
f 1972/2030/805 1945/2004/789 1973/2031/806
f 1945/2004/789 1971/2029/520 1442/1506/520
f 1442/1506/520 1970/2028/804 1948/2007/792
f 1948/2007/792 1969/2027/803 1947/2006/791
f 1947/2006/791 1968/2026/790 1946/2005/790
f 1946/2005/790 1967/2025/455 1966/2024/802
f 1966/2024/802 1965/2023/801 1964/2022/800
f 1964/2022/800 1963/2021/470 1343/1408/470
f 1343/1408/470 1963/2021/470 1962/2020/799
f 1962/2020/799 1957/2015/797 1954/2012/795
f 1954/2012/795 1955/2014/795 1953/2011/794
f 1953/2011/794 1956/2013/796 1958/2017/30
f 1958/2017/30 1959/2016/30 1960/2019/798
f 1960/2019/798 1961/2018/798 1980/2038/427
f 1980/2038/427 1982/2040/55 1984/2042/55
f 1984/2042/55 1985/2043/394 1986/2045/390
f 1986/2045/390 1987/2044/389 1988/2046/810
f 1989/2047/811 1990/2049/812 1988/2046/810
f 1991/2048/688 1951/2009/688 1990/2049/812
f 1992/2050/403 1993/2051/813 1951/2009/688
f 1993/2051/813 1992/2050/403 1994/2053/388
f 1994/2053/388 2194/2229/916 2057/2110/843
f 2057/2110/843 2192/2228/915 2190/2225/218
f 2190/2225/218 2193/2227/914 2191/2226/914
f 1934/1368/30 1198/1257/389 1936/1992/30
f 1108/1169/340 1936/1992/30 1198/1257/389
f 1105/1167/338 1107/1166/337 1381/1445/491
f 2199/2008/919 1105/1167/338 2198/2232/919
f 1381/1445/491 2198/2232/919 1105/1167/338
f 1261/1320/55 1262/1323/427 1352/1416/474
f 1384/1447/1 1352/1416/474 1262/1323/427
f 2007/2065/225 1086/1148/226 1166/1227/378
f 1163/1225/376 2007/2065/225 1166/1227/378
f 2201/2232/818 1381/1445/491 2200/1314/818
f 1193/1255/388 2200/1314/818 1381/1445/491
f 1449/1511/347 1269/1331/433 1271/1332/434
f 1271/1332/434 1407/1471/507 1449/1511/347
f 1247/1308/345 1244/1306/419 1223/1282/404
f 1247/1308/345 1223/1282/404 1222/1284/405
f 2048/1520/353 1451/1514/527 1235/1297/410
f 1235/1297/410 1237/1296/351 1457/1520/533
f 1041/1103/304 1142/1203/369 1452/1516/528
f 1041/1103/304 1043/1102/303 1142/1203/369
f 1603/1664/605 1463/1527/540 1462/1526/539
f 1813/1874/722 1603/1664/605 1602/1666/607
f 1866/1926/311 1467/1528/291 1466/1530/310
f 1866/1926/311 1864/1925/741 1467/1528/291
f 1477/1541/310 1858/1917/310 1478/1539/543
f 1918/1971/770 1478/1539/543 1858/1917/310
f 1858/1917/310 2202/2233/920 1918/1971/770
f 1881/1941/712 1480/1544/545 1479/1543/544
f 1479/1543/544 1887/1945/750 1881/1941/712
f 1510/1574/553 1670/1733/642 1511/1572/551
f 2203/2234/921 1670/1733/642 1738/1801/687
f 1850/1910/314 1517/1581/1 1516/1580/281
f 1516/1580/281 2204/2235/922 1850/1910/314
f 2205/2236/923 1850/1910/314 2204/2235/922
f 2205/2236/923 2206/2237/924 1850/1910/314
f 2206/2237/924 1849/1908/1 1850/1910/314
f 2209/2238/925 2207/2239/925 2208/2240/926
f 2210/2241/9 2208/2240/926 2207/2239/925
f 2212/2242/553 1673/1737/646 2211/2243/398
f 1675/1736/645 2211/2243/398 1673/1737/646
f 1673/1737/646 2212/2242/553 2213/2244/927
f 1509/1573/552 1511/1572/551 2213/2244/927
f 2214/2245/398 2213/2244/927 2212/2242/553
f 2213/2244/927 2214/2245/398 1509/1573/552
f 1567/1631/568 1536/1600/568 1535/1599/567
f 1535/1599/567 1568/1632/591 1567/1631/568
f 1748/1810/692 1543/1607/571 1542/1606/572
f 2215/2246/928 1749/1811/571 1748/1810/692
f 2217/2247/929 2216/2248/226 2215/2246/928
f 1749/1811/571 2215/2246/928 2216/2248/226
f 2216/2248/226 2217/2247/929 2218/2249/930
f 2218/2249/930 2219/2250/2 2216/2248/226
f 2221/2251/310 1662/2252/633 2220/2253/615
f 1661/1725/635 2220/2253/615 1662/2252/633
f 2224/2254/559 2222/2255/559 2223/2256/931
f 2225/2257/932 2223/2256/931 2222/2255/559
f 1693/1754/660 2226/2258/685 1691/1755/661
f 2227/2259/933 1728/1791/684 2226/2258/685
f 2227/2259/933 2228/2260/566 1728/1791/684
f 1768/1830/699 1570/1634/592 1825/1885/597
f 1704/1768/669 1825/1885/597 1570/1634/592
f 1570/1634/592 1572/1633/584 1704/1768/669
f 1820/1881/728 2229/2261/934 2230/2262/935
f 2229/2261/934 2231/2263/936 2232/2264/934
f 2233/2265/937 2232/2264/934 2231/2263/936
f 2232/2264/934 2230/2262/935 2229/2261/934
f 1817/1877/938 2234/1878/939 2235/2266/210
f 2234/1878/939 1918/1971/770 2236/2267/939
f 2202/2233/920 2236/2267/939 1918/1971/770
f 2236/2267/939 2235/2266/210 2234/1878/939
f 2238/2268/940 1681/1742/649 2237/2269/941
f 2203/2234/921 2238/2268/940 2239/2270/942
f 1670/1733/642 2203/2234/921 1672/1735/644
f 1774/1837/2 1562/1626/586 1561/1625/308
f 1561/1625/308 1775/1838/3 1774/1837/2
f 1804/1865/717 1802/1863/715 2240/2271/943
f 2242/2272/944 2241/2273/945 2240/2271/943
f 1804/1865/717 2240/2271/943 2241/2273/945
f 2244/2274/946 2243/2275/947 1696/1758/664
f 1616/1680/613 1696/1758/664 2243/2275/947
f 1696/1758/664 1616/1680/613 1615/1679/2
f 1515/1578/556 1571/1635/593 1570/1634/592
f 1513/1577/556 1515/1578/556 1570/1634/592
f 2246/2276/948 2245/2277/949 1474/1535/281
f 1472/1536/1 1474/1535/281 2245/2277/949
f 1505/1568/312 2247/2278/950 2248/2279/951
f 2248/2279/951 1504/1565/550 1505/1568/312
f 1490/1554/291 2249/2280/952 2250/2281/953
f 2250/2281/953 1491/1555/1 1490/1554/291
f 2252/2282/954 1580/1643/226 2251/2283/955
f 1577/1641/2 2251/2283/955 1580/1643/226
f 1594/1658/535 1779/1841/537 1595/1656/536
f 2253/2284/937 1595/1656/536 1779/1841/537
f 1779/1841/537 2254/2285/956 2253/2284/937
f 1619/1683/568 1669/1731/640 1620/1681/27
f 1869/1930/620 1620/1681/27 1668/1732/641
f 2256/2286/957 2255/2287/308 1742/1806/3
f 2257/2288/958 2256/2286/957 1742/1806/3
f 2257/2288/958 1742/1806/3 1741/1805/689
f 2238/2268/940 2258/2289/1 1681/1742/649
f 2259/2290/1 1681/1742/649 2258/2289/1
f 2261/2291/281 2260/2292/957 1737/1800/1
f 2262/2293/959 1737/1800/1 2260/2292/957
f 2262/2293/959 1689/1752/658 1737/1800/1
f 1733/1796/3 1734/1797/686 2263/2294/960
f 2264/2295/961 2263/2294/960 1734/1797/686
f 2265/2296/319 1691/1755/661 1730/1793/685
f 1729/1792/1 2265/2296/319 1730/1793/685
f 2268/2297/962 2266/2298/596 2267/2299/560
f 2267/2299/560 2269/2300/963 2268/2297/962
f 2266/2298/596 2268/2297/962 2270/2301/964
f 1542/1606/572 1544/1605/571 2270/2301/964
f 2270/2301/964 2271/2302/226 2266/2298/596
f 2271/2302/226 2270/2301/964 1544/1605/571
f 2274/2303/636 2272/2304/536 2273/2305/537
f 2273/2305/537 2275/2306/635 2274/2303/636
f 1459/1523/536 1709/1772/672 1460/1521/534
f 2276/2307/965 1460/1521/534 1709/1772/672
f 1650/1714/628 1770/1833/701 1651/1715/629
f 1770/1833/701 1772/1832/700 1651/1715/629
f 2278/2308/966 1614/1677/612 2277/2309/967
f 1611/1675/2 2277/2309/967 1614/1677/612
f 1573/1637/226 2279/2310/968 1576/1639/594
f 2280/2311/969 1576/1639/594 2279/2310/968
f 1576/1639/594 2280/2311/969 2281/2312/970
f 1790/1852/706 1576/1639/594 2281/2312/970
f 1574/1638/2 1576/1639/594 1790/1852/706
f 2283/2313/971 1658/1719/632 2282/2314/972
f 1657/1721/226 2282/2314/972 1658/1719/632
f 1530/1593/564 1527/1591/563 2284/2315/973
f 1527/1591/563 1739/1803/688 2285/2316/53
f 1520/1584/558 1522/1585/559 2286/2317/932
f 1679/1743/650 1520/1584/558 2287/2318/974
f 2288/2319/559 2286/2317/932 1522/1585/559
f 2286/2317/932 2287/2318/974 1520/1584/558
f 1716/1780/678 2289/2320/975 1752/1814/695
f 2290/2321/976 1752/1814/695 2289/2320/975
f 1752/1814/695 1717/1781/679 1716/1780/678
f 2291/2322/977 1643/1704/622 1464/1525/538
f 1462/1526/539 1464/1525/538 1643/1704/622
f 2289/2320/975 1716/1780/678 2291/2322/977
f 1643/1704/622 2291/2322/977 1716/1780/678
f 2287/2318/974 1680/1744/651 1679/1743/650
f 1680/1744/651 2237/2269/941 1681/1742/649
f 2237/2269/941 2239/2270/942 2238/2268/940
f 2239/2270/942 1672/1735/644 2203/2234/921
f 1673/1737/646 2213/2244/927 1676/1739/213
f 2213/2244/927 1511/1572/551 2292/2323/927
f 2292/2323/927 1676/1739/213 2213/2244/927
f 1671/1734/643 2292/2323/927 1511/1572/551
f 1752/1814/695 2290/2321/976 2293/2324/978
f 2293/2324/978 1686/1749/655 1669/1731/640
f 2296/2325/979 2294/2326/980 2295/2327/981
f 2297/2328/982 2295/2327/981 2294/2326/980
f 2299/2329/983 2298/2330/983 2297/2331/982
f 1469/2332/984 2297/2331/982 2298/2330/983
f 1689/1752/658 2262/2293/959 1690/1753/659
f 2262/2293/959 2260/2292/957 2300/2333/985
f 2260/2292/957 2301/2334/986 2302/2335/987
f 2301/2334/986 1532/1596/565 2303/2336/988
f 1532/1596/565 1534/1597/566 2304/2337/989
f 1534/1597/566 1728/1791/684 2228/2260/566
f 2300/2333/985 1690/1753/659 2262/2293/959
f 2302/2335/987 2300/2333/985 2260/2292/957
f 2303/2336/988 2302/2335/987 2301/2334/986
f 2304/2337/989 2303/2336/988 1532/1596/565
f 2228/2260/566 2304/2337/989 1534/1597/566
f 2284/2315/973 1692/1756/662 1530/1593/564
f 2285/2316/53 2284/2315/973 1527/1591/563
f 1767/1829/698 2285/2316/53 1739/1803/688
f 2244/2274/946 1696/1758/664 2305/2338/494
f 1695/1759/226 2305/2338/494 1696/1758/664
f 2305/2338/494 1695/1759/226 2283/2313/971
f 1658/1719/632 2283/2313/971 1695/1759/226
f 1842/1902/606 1655/1718/606 1882/1942/607
f 1810/1871/607 1882/1942/607 1655/1718/606
f 1843/1904/291 1703/1766/667 1702/1765/291
f 1703/1766/667 1747/1809/691 1684/1745/652
f 1491/1555/1 2250/2281/953 2306/2339/990
f 1710/1773/291 1491/1555/1 2306/2339/990
f 1702/1765/291 1684/1745/652 1683/1747/654
f 1846/1906/1 1702/1765/291 1683/1747/654
f 1652/1713/627 1651/1715/629 1704/1768/669
f 1651/1715/629 1824/1884/705 1704/1768/669
f 1624/1688/616 1626/1689/536 2307/2340/991
f 2307/2340/991 2308/2341/656 1624/1688/616
f 2308/2341/656 2307/2340/991 2272/2304/536
f 2272/2304/536 2274/2303/636 2308/2341/656
f 1725/1788/2 1726/1789/683 2269/2300/963
f 2269/2300/963 2267/2299/560 1725/1788/2
f 2203/2234/921 1738/1801/687 2258/2289/1
f 2238/2268/940 2203/2234/921 2258/2289/1
f 1837/1897/2 1835/1896/581 1743/1804/308
f 1741/1805/689 1743/1804/308 1835/1896/581
f 2310/2342/986 2309/2343/2 2255/2287/308
f 2256/2286/957 2310/2342/986 2255/2287/308
f 1631/1695/565 1633/1694/2 2309/2343/2
f 2310/2342/986 1631/1695/565 2309/2343/2
f 2264/2295/961 2311/2344/992 2263/2294/960
f 2312/2345/334 2263/2294/960 2311/2344/992
f 2311/2344/992 1629/1690/617 2312/2345/334
f 1628/1692/308 2312/2345/334 1629/1690/617
f 1722/1785/680 1720/1784/308 1623/1687/536
f 1623/1687/536 1625/1686/577 1722/1785/680
f 1614/1677/612 1764/1824/226 1612/1676/2
f 1764/1824/226 1614/1677/612 2313/2346/993
f 1614/1677/612 2278/2308/966 2313/2346/993
f 1701/1764/308 1766/1827/3 1609/1673/611
f 1609/1673/611 2314/2347/994 1701/1764/308
f 1699/1763/666 1701/1764/308 2314/2347/994
f 1762/1825/3 2315/2348/995 2314/2347/994
f 1609/1673/611 1762/1825/3 2314/2347/994
f 1608/1672/3 1762/1825/3 1609/1673/611
f 1596/1660/601 1707/1771/670 1597/1659/600
f 1707/1771/670 1596/1660/601 1708/1769/670
f 1596/1660/601 1806/1867/719 1708/1769/670
f 1657/1721/226 1659/1722/3 1785/1848/2
f 1785/1848/2 2316/2349/996 1657/1721/226
f 2282/2314/972 1657/1721/226 2316/2349/996
f 1877/1937/1 1585/1649/1 2317/2350/997
f 2318/2351/967 2317/2350/997 1585/1649/1
f 2319/2352/998 2318/2351/967 1587/1648/291
f 1585/1649/1 1587/1648/291 2318/2351/967
f 2317/2350/997 2320/2353/999 1877/1937/1
f 1879/1939/314 1877/1937/1 2320/2353/999
f 2321/2354/1000 1788/1850/226 2252/2282/954
f 1580/1643/226 2252/2282/954 1788/1850/226
f 1504/1565/550 2248/2279/951 2322/2355/1001
f 2322/2355/1001 1861/1920/738 1504/1565/550
f 1856/1916/737 2323/2356/1002 2249/2280/952
f 2249/2280/952 1490/1554/291 1856/1916/737
f 2247/2278/950 1505/1568/312 1849/1908/1
f 2247/2278/950 1849/1908/1 2206/2237/924
f 1760/1822/334 2324/2357/1003 1758/1820/2
f 2325/2358/759 1758/1820/2 2324/2357/1003
f 2277/2309/967 1611/1675/2 2325/2358/759
f 1758/1820/2 2325/2358/759 1611/1675/2
f 1567/1631/568 1569/1630/590 1801/1860/696
f 1567/1631/568 1801/1860/696 1536/1600/568
f 1498/1562/547 1803/1864/716 1653/1716/630
f 2327/2359/1004 2326/1621/1004 1803/1864/716
f 1653/1716/630 1803/1864/716 2326/1621/1004
f 2235/2266/209 2328/2267/1005 1821/1879/726
f 2328/2267/1005 2202/2233/920 2329/1880/1005
f 2330/2360/1006 2329/1880/1005 2202/2233/920
f 2329/1880/1005 1821/1879/726 2328/2267/1005
f 2331/2261/727 1820/1881/728 1819/1880/727
f 2231/2263/936 2331/2261/727 2330/2360/1006
f 1819/1880/727 2330/2360/1006 2331/2261/727
f 2333/2272/1007 2332/2361/1008 2210/2362/9
f 2334/2363/1009 2210/2362/9 2332/2361/1008
f 2336/2361/1010 2335/2254/1010 2334/2363/718
f 2223/2256/931 2334/2363/718 2335/2254/1010
f 1827/1887/731 1826/1886/730 1795/1857/710
f 1822/1883/49 1795/1857/710 1870/1929/742
f 1622/1685/615 1550/1614/576 2337/2364/404
f 1688/1751/657 2337/2364/404 1550/1614/576
f 2337/2364/404 1688/1751/657 2221/2251/310
f 1662/2252/633 2221/2251/310 1688/1751/657
f 2339/2365/1011 2338/2366/226 2219/2250/2
f 2339/2365/1011 2219/2250/2 2218/2249/930
f 2339/2365/1011 1539/1603/570 2338/2366/226
f 1539/1603/570 1541/1604/308 2338/2366/226
f 1852/1912/736 1828/1888/732 1800/1862/714
f 1801/1860/696 1800/1862/714 1828/1888/732
f 2260/2292/957 2261/2291/281 2301/2334/986
f 2340/2367/314 2301/2334/986 2261/2291/281
f 2301/2334/986 2340/2367/314 1532/1596/565
f 1533/1594/314 1532/1596/565 2340/2367/314
f 2341/2368/312 1694/1757/663 2265/2296/319
f 1691/1755/661 2265/2296/319 1694/1757/663
f 1694/1757/663 2341/2368/312 1530/1593/564
f 1528/1592/506 1530/1593/564 2341/2368/312
f 1677/1740/647 1831/1891/1 1675/1736/645
f 2211/2243/398 1675/1736/645 1831/1891/1
f 2342/2369/503 1679/1743/650 2259/2290/1
f 1681/1742/649 2259/2290/1 1679/1743/650
f 1679/1743/650 2342/2369/503 1520/1584/558
f 1521/1582/557 1520/1584/558 2342/2369/503
f 2344/2370/1012 2343/2371/1012 1560/2372/584
f 2345/2373/668 1560/2372/584 2343/2371/1012
f 2347/2374/1013 2346/2375/1013 2345/2376/668
f 2208/2377/926 2345/2376/668 2346/2375/1013
f 1516/1580/281 1518/1579/1 1841/1901/734
f 1841/1901/734 2348/2378/1014 1516/1580/281
f 2204/2235/922 1516/1580/281 2348/2378/1014
f 1862/1923/739 1863/1922/731 1479/1543/544
f 1887/1945/750 1479/1543/544 1863/1922/731
f 1868/1928/1 1867/1927/1 1649/1712/626
f 1649/1712/626 2349/2379/1015 1868/1928/1
f 2350/2380/1016 1868/1928/1 2349/2379/1015
f 1871/1931/743 1862/1923/739 1481/1542/251
f 2352/1946/1017 2351/2381/1018 1481/1542/251
f 1871/1931/743 1481/1542/251 2351/2381/1018
f 1465/1529/1 1881/1941/712 1888/1944/712
f 1467/1528/291 1881/1941/712 1465/1529/1
f 1569/1630/590 1568/1632/591 2224/2254/559
f 2222/2255/559 2224/2254/559 1568/1632/591
f 2355/2382/1019 2353/2383/1020 2354/2384/1020
f 2357/2383/1021 2355/2382/1019 2356/2385/1021
f 2356/2385/1021 2322/2355/1001 2357/2383/1021
f 2248/2279/951 2357/2383/1021 2322/2355/1001
f 2353/2383/1020 2248/2279/951 2247/2278/950
f 2247/2278/950 2354/2384/1020 2353/2383/1020
f 2355/2382/1019 2354/2384/1020 2358/2386/1022
f 2359/2387/1001 2356/2385/1021 2355/2382/1019
f 2358/2386/1022 2360/1969/1023 1917/1968/1024
f 2361/2384/1023 2247/2278/950 2206/2237/924
f 2206/2237/924 2360/1969/1023 2361/2384/1023
f 2358/2386/1022 2361/2384/1023 2360/1969/1023
f 1654/1717/631 1653/1716/630 1559/1620/582
f 1557/1621/582 1559/1620/582 1653/1716/630
f 1916/1970/769 2362/2388/1025 2363/2389/31
f 2362/2388/1025 2205/2236/923 2364/2390/1025
f 2204/2235/922 2364/2390/1025 2205/2236/923
f 2364/2390/1025 2363/2389/31 2362/2388/1025
f 2367/2391/1026 2365/2392/1026 2366/2393/1027
f 2365/2392/1026 2368/2394/1026 2369/2395/1027
f 2369/2395/1027 2368/2394/1026 2370/2396/1026
f 2369/2395/1027 2366/2393/1027 2365/2392/1026
f 2373/2397/1028 2371/2398/1028 2372/2399/1028
f 2371/2398/1028 2374/2400/1028 2375/2401/1028
f 2376/2402/1028 2375/2401/1028 2374/2400/1028
f 2371/2398/1028 2373/2397/1028 2374/2400/1028
f 2378/2403/1029 2377/2404/1030 2359/2387/1001
f 2377/2404/1030 2379/2405/1029 2380/2385/1030
f 2322/2355/1001 2380/2385/1030 2379/2405/1029
f 2380/2385/1030 2359/2387/1001 2377/2404/1030
f 1568/1632/591 1871/1931/743 2381/2255/1031
f 2382/2381/1031 2381/2255/1031 1871/1931/743
f 1906/1960/759 1905/1962/760 2383/2406/1032
f 2318/2351/967 1905/1962/760 1904/1961/760
f 1904/1961/760 2317/2350/997 2318/2351/967
f 1909/1963/761 1908/1961/763 1906/1960/759
f 2385/2407/1033 2384/2408/1034 1909/1963/761
f 2384/2408/1034 2386/2409/1035 2320/2353/999
f 2320/2353/999 2387/1964/1034 2384/2408/1034
f 2387/1964/1034 1909/1963/761 2384/2408/1034
f 2363/2389/31 2388/2390/1036 2389/2410/877
f 2388/2390/1036 2204/2235/922 2390/2411/1036
f 2348/2378/1014 2390/2411/1036 2204/2235/922
f 2390/2411/1036 2389/2410/877 2388/2390/1036
f 1891/1948/767 1914/1967/768 2391/2412/1037
f 2391/2412/1037 2392/1951/1038 1896/1950/753
f 2391/2412/1037 2393/1967/1039 2392/1951/1038
f 2349/2379/1015 2392/1951/1038 2393/1967/1039
f 2393/1967/1039 2350/2380/1016 2349/2379/1015
f 1913/1947/768 2246/2276/948 2350/2380/1016
f 2350/2380/1016 1914/1967/768 1913/1947/768
f 1894/1951/754 2349/2379/1015 2394/2413/1040
f 2394/2413/1040 1895/1952/754 1894/1951/754
f 1896/1950/753 1895/1952/754 1912/1965/764
f 1912/1965/764 1911/1966/766 2395/2414/1041
f 1910/1952/765 2394/2413/1040 2306/2339/990
f 2306/2339/990 1911/1966/766 1910/1952/765
f 2395/2414/1041 2396/2415/1042 2397/2416/955
f 2397/2416/955 2398/2415/1043 2399/2417/1044
f 2399/2417/1044 2400/2418/1045 2401/2419/1002
f 2401/2419/1002 2402/2420/1046 2403/2421/236
f 2403/2421/236 2404/2422/400 2378/2403/1047
f 2405/2404/400 2378/2403/1047 2404/2422/400
f 2404/2422/400 2406/2423/1048 2405/2404/400
f 2379/2405/1029 2405/2404/400 2406/2423/1048
f 2402/2420/1046 2323/2356/1002 2407/2422/1046
f 2406/2423/1048 2407/2422/1046 2323/2356/1002
f 2407/2422/1046 2403/2421/236 2402/2420/1046
f 2323/2356/1002 2408/2420/1049 2249/2280/952
f 2400/2418/1045 2249/2280/952 2408/2420/1049
f 2408/2420/1049 2401/2419/1002 2400/2418/1045
f 2249/2280/952 2409/2418/1043 2250/2281/953
f 2398/2415/1043 2250/2281/953 2409/2418/1043
f 2409/2418/1043 2399/2417/1044 2398/2415/1043
f 2410/1966/1042 2306/2339/990 2250/2281/953
f 2410/1966/1042 2250/2281/953 2396/2415/1042
f 2396/2415/1042 2395/2414/1041 2410/1966/1042
f 2240/2271/943 1799/1861/713 2333/2272/1007
f 2332/2361/1008 2333/2272/1007 1799/1861/713
f 2240/2271/943 1800/1862/714 1799/1861/713
f 1799/1861/713 1569/1630/590 2336/2361/1010
f 2335/2254/1010 2336/2361/1010 1569/1630/590
f 1803/1864/716 1804/1865/717 2411/2359/1050
f 2412/2273/1050 2411/2359/1050 1804/1865/717
f 1886/1854/749 1745/1808/691 1885/1809/748
f 1745/1808/691 1886/1854/749 1793/1855/708
f 1935/1991/811 1950/1992/793 2413/2424/688
f 1949/2008/793 2413/2424/688 1950/1992/793
f 2416/2425/388 2414/2426/15 2415/2427/843
f 2417/2428/992 2415/2427/843 2414/2426/15
f 2418/2429/444 2133/2179/883 1926/1980/1051
f 2132/1981/883 1926/1980/1051 2133/2179/883
f 2420/2430/219 2419/2431/1052 2418/2432/444
f 2421/2433/1053 2418/2432/444 2419/2431/1052
f 2415/2434/843 2422/2435/1054 2420/2436/219
f 2423/2437/1055 2420/2436/219 2422/2435/1054
f 2424/2438/813 2201/2232/818 2416/2439/388
f 2200/1314/818 2416/2439/388 2201/2232/818
f 2413/2440/688 2425/2441/1056 2424/2442/491
f 2426/2443/1056 2424/2442/491 2425/2441/1056
f 1436/1501/518 1438/1500/339 1435/1499/517
f 1438/1500/339 1036/1098/302 1035/1097/301
f 1035/1097/301 1435/1499/517 1438/1500/339
f 1782/1844/1 1507/1571/1 1506/1570/314
f 2428/2444/1057 1782/1844/1 2427/2445/1058
f 1506/1570/314 2427/2445/1058 1782/1844/1
f 1846/1906/1 1683/1747/654 2427/2445/1058
f 1506/1570/314 1846/1906/1 2427/2445/1058
f 1686/1749/655 2293/2324/978 2290/2321/976
f 1753/1815/696 2293/2324/978 1669/1731/640
f 2293/2324/978 1753/1815/696 1752/1814/695
f 1784/1846/1 1783/1845/1 1782/1844/1
f 2429/2446/993 1784/1846/1 2428/2444/1057
f 1782/1844/1 2428/2444/1057 1784/1846/1
f 2251/2283/955 1577/1641/2 2430/2447/1041
f 1853/1914/2 2430/2447/1041 1577/1641/2
f 2430/2447/1041 1853/1914/2 2431/2448/1059
f 1495/1559/226 2431/2448/1059 1853/1914/2
f 2431/2448/1059 1495/1559/226 1494/1558/2
f 1494/1558/2 2432/2449/1015 2431/2448/1059
f 1864/1925/741 1866/1926/311 1918/1971/770
f 1478/1539/543 1866/1926/311 1476/1540/310
f 1478/1539/543 1918/1971/770 1866/1926/311
f 2433/2450/752 1892/1949/752 1891/1948/620
f 2246/2276/948 1893/1947/752 1892/1949/752
f 1892/1949/752 2245/2277/949 2246/2276/948
f 1902/1956/757 2434/2451/757 1900/1957/757
f 1900/1957/757 2435/2452/758 2436/2453/757
f 2434/2451/757 2435/2452/758 1900/1957/757
f 2389/2410/877 2437/2408/1060 2385/2407/1061
f 2389/2410/877 2438/2411/1060 2437/2408/1060
f 2386/2409/1035 2437/2408/1060 2438/2411/1060
f 2438/2411/1060 2348/2378/1014 2386/2409/1035
f 2439/2388/321 1916/1970/769 1915/1969/321
f 2205/2236/923 2439/2388/321 2206/2237/924
f 1915/1969/321 2206/2237/924 2439/2388/321
f 2442/2454/1062 2440/2455/1062 2441/2456/1062
f 2443/2457/1062 2441/2456/1062 2440/2455/1062
f 2441/2456/1062 2443/2457/1062 2444/2458/1062
f 2445/2459/1062 2444/2458/1062 2443/2457/1062
f 1134/1196/362 1273/1334/436 1135/1197/363
f 1135/1197/363 1273/1334/436 1324/1386/464
f 1349/1413/472 1142/1203/369 1119/1178/348
f 1142/1203/369 1349/1413/472 1453/1515/369
f 1449/1511/347 1144/1206/372 1143/1205/371
f 1449/1511/347 1143/1205/371 1319/1381/459
f 2446/2460/1063 1347/1411/417 2134/2180/884
f 1974/2032/807 1347/1411/417 2446/2460/1063
f 1143/1205/371 1145/1204/370 1272/1333/435
f 1143/1205/371 1272/1333/435 1320/1380/458
f 2055/2109/308 1310/1372/2 1190/1249/384
f 1188/1250/3 1190/1249/384 1310/1372/2
f 1171/1233/381 1135/1197/363 1172/1231/379
f 1136/1195/361 1135/1197/363 1171/1233/381
f 1952/2010/291 1044/1106/1 1344/1409/1
f 1432/1496/1 1344/1409/1 1044/1106/1
f 1434/1498/516 1098/1159/331 1433/1497/515
f 1434/1498/516 1257/1318/424 1098/1159/331
f 1370/1434/485 1941/1998/786 1940/1317/785
f 1940/1317/785 1224/1285/406 1370/1434/485
f 1879/1939/314 1838/1899/281 1880/1940/1
f 1840/1898/1 1880/1940/1 1838/1899/281
f 1730/1793/685 1691/1755/661 2226/2258/685
f 1730/1793/685 2226/2258/685 1728/1791/684
f 1599/1663/604 1565/1629/589 1564/1628/588
f 1564/1628/588 1598/1661/602 1599/1663/604
f 1800/1862/714 2240/2271/943 1802/1863/715
f 1852/1912/736 1800/1862/714 1802/1863/715
f 2324/2357/1003 1760/1822/334 2447/2461/1064
f 1755/1818/697 2447/2461/1064 1760/1822/334
f 2448/2462/1029 1583/1644/595 1584/1647/596
f 1584/1647/596 2449/2463/1065 2448/2462/1029
f 1788/1850/226 2321/2354/1000 2449/2463/1065
f 2449/2463/1065 1584/1647/596 1788/1850/226
f 1482/1546/281 2379/2405/1029 1485/1548/546
f 2406/2423/1048 1485/1548/546 2379/2405/1029
f 2323/2356/1002 1856/1916/737 2406/2423/1048
f 1485/1548/546 2406/2423/1048 1856/1916/737
f 2386/2409/1035 1838/1899/281 1879/1939/314
f 2320/2353/999 2386/2409/1035 1879/1939/314
f 1760/1822/334 1761/1823/3 1755/1818/697
f 1756/1816/2 1755/1818/697 1761/1823/3
f 1646/1710/1 2394/2413/1040 1649/1712/626
f 2349/2379/1015 1649/1712/626 2394/2413/1040
f 2231/2263/936 1488/1549/311 2233/2265/937
f 1487/1551/311 2233/2265/937 1488/1549/311
f 2202/2233/920 1858/1917/310 2330/2360/1006
f 1857/1918/310 2330/2360/1006 1858/1917/310
f 2330/2360/1006 1857/1918/310 2231/2263/936
f 1488/1549/311 2231/2263/936 1857/1918/310
f 1710/1773/291 2306/2339/990 2394/2413/1040
f 1646/1710/1 1710/1773/291 2394/2413/1040
f 1764/1824/226 2313/2346/993 2315/2348/995
f 1762/1825/3 1764/1824/226 2315/2348/995
f 1706/1770/671 1708/1769/670 1814/1876/671
f 1708/1769/670 1807/1868/720 1814/1876/671
f 1711/1774/1 1710/1773/291 1646/1710/1
f 1648/1709/1 1711/1774/1 1646/1710/1
f 1808/1870/2 1769/1831/226 1698/1762/2
f 1698/1762/2 1700/1761/665 1808/1870/2
f 1861/1920/738 2322/2355/1001 1482/1546/281
f 2379/2405/1029 1482/1546/281 2322/2355/1001
f 1587/1648/291 2429/2446/993 2319/2352/998
f 1784/1846/1 2429/2446/993 1587/1648/291
f 2316/2349/996 1785/1848/2 1583/1644/595
f 1583/1644/595 2448/2462/1029 2316/2349/996
f 1868/1928/1 2350/2380/1016 1474/1535/281
f 2246/2276/948 1474/1535/281 2350/2380/1016
f 1755/1818/697 1757/1819/2 2447/2461/1064
f 2450/2464/1066 2447/2461/1064 1757/1819/2
f 1757/1819/2 1616/1680/613 2450/2464/1066
f 2243/2275/947 2450/2464/1066 1616/1680/613
f 1460/1521/534 2276/2307/965 2451/2465/1067
f 2451/2465/1067 1777/1839/431 1460/1521/534
f 1777/1839/431 2451/2465/1067 2254/2285/956
f 2254/2285/956 1779/1841/537 1777/1839/431
f 2317/2350/997 1908/1961/763 1907/1964/762
f 1907/1964/762 2320/2353/999 2317/2350/997
f 1497/1560/2 1495/1559/226 1854/1913/3
f 1853/1914/2 1854/1913/3 1495/1559/226
f 1535/1599/567 1537/1598/567 1862/1923/739
f 1862/1923/739 1871/1931/743 1535/1599/567
f 2348/2378/1014 1841/1901/734 2386/2409/1035
f 1838/1899/281 2386/2409/1035 1841/1901/734
f 1899/1953/755 1898/1955/756 2452/2466/1068
f 2452/2466/1068 2453/1748/1069 1903/1959/666
f 2427/2445/1058 1898/1955/756 1897/1954/756
f 1897/1954/756 2428/2444/1057 2427/2445/1058
f 2452/2466/1068 2454/1955/1069 2453/1748/1069
f 2454/1955/1069 2427/2445/1058 1683/1747/654
f 1683/1747/654 2453/1748/1069 2454/1955/1069
f 1376/1441/490 1092/1154/327 1379/1443/490
f 1299/1359/451 1379/1443/490 1092/1154/327
f 2455/1430/239 2115/2164/239 2114/2162/349
f 2115/2164/239 2455/1430/239 2002/2060/815
f 1999/2056/349 2002/2060/815 2455/1430/239
f 1365/1430/483 1367/1429/483 1999/2056/349
f 1997/2055/303 1999/2056/349 1367/1429/483
f 1067/1129/313 1997/2055/303 2113/2161/873
f 1996/2054/808 1067/1129/313 2456/2203/872
f 2111/2161/872 2456/2203/872 1067/1129/313
f 2456/2203/872 2111/2161/872 2110/2160/808
f 2002/2060/815 2003/2061/362 2457/2164/240
f 2117/2166/240 2457/2164/240 2003/2061/362
f 2457/2164/240 2117/2166/240 2116/2163/815
f 2003/2061/362 1404/1469/300 2458/2166/241
f 2119/2168/241 2458/2166/241 1404/1469/300
f 2458/2166/241 2119/2168/241 2118/2165/302
f 1404/1469/300 2004/2062/424 2459/2168/875
f 2121/2170/875 2459/2168/875 2004/2062/424
f 2459/2168/875 2121/2170/875 2120/2167/300
f 2004/2062/424 1411/1474/343 2460/2170/31
f 2123/2172/31 2460/2170/31 1411/1474/343
f 2460/2170/31 2123/2172/31 2122/2169/876
f 1411/1474/343 2006/2064/816 2461/2172/877
f 2125/2174/877 2461/2172/877 2006/2064/816
f 2461/2172/877 2125/2174/877 2124/2171/343
f 2006/2064/816 1078/1140/318 2462/2174/879
f 2127/2176/879 2462/2174/879 1078/1140/318
f 2462/2174/879 2127/2176/879 2126/2173/341
f 1078/1140/318 1402/1467/505 2463/2176/882
f 2129/2178/882 2463/2176/882 1402/1467/505
f 2463/2176/882 2129/2178/882 2128/2175/881
f 2464/2467/360 1132/1194/360 1131/1193/359
f 1132/1194/360 2464/2467/360 2465/2468/359
f 2466/2469/360 2465/2468/359 2464/2467/360
f 2467/2470/727 2029/2471/827 2031/2472/828
f 2031/2472/828 2468/2473/727 2467/2470/727
f 2469/2474/30 2467/2470/727 2468/2473/727
f 2469/2474/30 2468/2473/727 2470/2475/798
f 2470/2476/1070 2471/2477/1071 1928/2478/809
f 2470/2476/1070 2472/2479/1071 2471/2477/1071
f 1262/2480/427 2471/2477/1071 2472/2479/1071
f 2472/2479/1071 2031/2481/828 1262/2480/427
f 2473/2482/481 1363/1428/481 1362/1427/482
f 1363/1428/481 2473/2482/481 2474/2483/481
f 2475/2484/481 2474/2483/481 2473/2482/481
f 1790/1852/706 2281/2312/970 2432/2449/1015
f 1790/1852/706 2432/2449/1015 1494/1558/2
f 1789/1851/3 1790/1852/706 1494/1558/2
f 2478/2485/1072 2476/2486/1073 2477/2487/1074
f 2479/2488/1073 2477/2487/1074 2476/2486/1073
f 2479/2488/1073 2480/2489/1075 2477/2487/1074
f 2480/2489/1075 2479/2488/1073 2481/2490/1076
f 2481/2490/1076 2482/2491/1077 2480/2489/1075
f 2482/2491/1077 2481/2490/1076 2483/2492/1078
f 2483/2492/1078 2484/2493/1079 2482/2491/1077
f 2485/2494/1080 2482/2491/1077 2484/2493/1079
f 2485/2494/1080 2484/2493/1079 2486/2495/1079
f 2486/2495/1079 2487/2496/1081 2485/2494/1080
f 2486/2495/1079 2488/2497/1079 2487/2496/1081
f 2489/2498/161 2487/2496/1081 2488/2497/1079
f 2488/2497/1079 2490/2499/1079 2489/2498/161
f 2491/2500/1082 2489/2498/161 2490/2499/1079
f 2491/2500/1082 2490/2499/1079 2492/2501/1083
f 2493/2502/1079 2492/2501/1083 2490/2499/1079
f 2492/2501/1083 2493/2502/1079 2494/2503/1084
f 2495/2504/1085 2494/2503/1084 2493/2502/1079
f 2494/2503/1084 2495/2504/1085 2496/2505/1086
f 2497/2506/1079 2496/2505/1086 2495/2504/1085
f 2496/2505/1086 2497/2506/1079 2498/2507/1087
f 2499/2508/1088 2498/2507/1087 2497/2506/1079
f 2498/2507/1087 2499/2508/1088 2500/2509/1089
f 2501/2510/1088 2500/2509/1089 2499/2508/1088
f 2500/2509/1089 2501/2510/1088 2502/2511/1090
f 2503/2512/1091 2502/2511/1090 2501/2510/1088
f 2503/2512/1091 2504/2513/1091 2502/2511/1090
f 2505/2514/1092 2502/2511/1090 2504/2513/1091
f 2476/2515/1073 2478/2516/1072 2506/2517/1076
f 2507/2518/1093 2506/2517/1076 2478/2516/1072
f 2506/2517/1076 2507/2518/1093 2508/2519/311
f 2509/2520/1094 2508/2519/311 2507/2518/1093
f 2509/2520/1094 2510/2521/310 2508/2519/311
f 2510/2521/310 2509/2520/1094 2511/2522/1095
f 2514/2523/1096 2512/2524/1097 2513/2525/1088
f 2515/2526/1091 2513/2525/1088 2512/2524/1097
f 2515/2526/1091 2512/2524/1097 2516/2527/1098
f 2516/2527/1098 2517/2528/1099 2515/2526/1091
f 2517/2528/1099 2516/2527/1098 2518/2529/1100
f 2519/2530/1087 2518/2529/1100 2516/2527/1098
f 2518/2529/1100 2519/2530/1087 2520/2531/1100
f 2521/2532/1086 2520/2531/1100 2519/2530/1087
f 2521/2532/1086 2522/2533/1101 2520/2531/1100
f 2522/2533/1101 2521/2532/1086 2523/2534/1084
f 2523/2534/1084 2524/2535/1083 2522/2533/1101
f 2525/2536/1102 2522/2533/1101 2524/2535/1083
f 2525/2536/1102 2524/2535/1083 2526/2537/1103
f 2527/2538/1104 2526/2537/1103 2524/2535/1083
f 2527/2538/1104 2528/2539/161 2526/2537/1103
f 2529/2540/1105 2526/2537/1103 2528/2539/161
f 2529/2540/1105 2528/2539/161 2530/2541/1106
f 2531/2542/1107 2530/2541/1106 2528/2539/161
f 2534/2543/1108 2532/2544/1109 2533/2545/281
f 2535/2546/281 2533/2545/281 2532/2544/1109
f 2532/2544/1109 2536/2547/1110 2535/2546/281
f 2537/2548/1111 2535/2546/281 2536/2547/1110
f 2536/2547/1110 2538/2549/1112 2537/2548/1111
f 2539/2550/1111 2537/2548/1111 2538/2549/1112
f 2538/2549/1112 2540/2551/1113 2539/2550/1111
f 2541/2552/1114 2539/2550/1111 2540/2551/1113
f 2540/2551/1113 2542/2553/1114 2541/2552/1114
f 2543/2554/1115 2542/2553/1114 2540/2551/1113
f 2543/2554/1115 2544/2555/1111 2542/2553/1114
f 2545/2556/1116 2544/2555/1111 2543/2554/1115
f 2545/2556/1116 2546/2557/281 2544/2555/1111
f 2547/2558/1117 2546/2557/281 2545/2556/1116
f 2547/2558/1117 2548/2559/1090 2546/2557/281
f 2549/2560/281 2546/2557/281 2548/2559/1090
f 2549/2560/281 2548/2559/1090 2550/2561/1118
f 2550/2561/1118 2551/2562/314 2549/2560/281
f 2551/2562/314 2550/2561/1118 2552/2563/1085
f 2553/2564/1087 2552/2563/1085 2550/2561/1118
f 2552/2563/1085 2553/2564/1087 2554/2565/1079
f 2555/2566/1086 2554/2565/1079 2553/2564/1087
f 2555/2566/1086 2556/2567/1085 2554/2565/1079
f 2556/2567/1085 2555/2566/1086 2557/2568/1084
f 2557/2568/1084 2558/2569/1083 2556/2567/1085
f 2559/2570/1079 2556/2567/1085 2558/2569/1083
f 2559/2570/1079 2558/2569/1083 2560/2571/1119
f 2561/2572/1104 2560/2571/1119 2558/2569/1083
f 2561/2572/1104 2562/2573/161 2560/2571/1119
f 2563/2574/1079 2560/2571/1119 2562/2573/161
f 2563/2574/1079 2562/2573/161 2564/2575/1085
f 2565/2576/1081 2564/2575/1085 2562/2573/161
f 2565/2576/1081 2566/2577/1080 2564/2575/1085
f 2567/2578/1079 2564/2575/1085 2566/2577/1080
f 2566/2577/1080 2568/2579/1120 2567/2578/1079
f 2569/2580/1079 2567/2578/1079 2568/2579/1120
f 2568/2579/1120 2570/2581/1075 2569/2580/1079
f 2571/2582/291 2569/2580/1079 2570/2581/1075
f 2570/2581/1075 2572/2583/1 2571/2582/291
f 2572/2583/1 2570/2581/1075 2573/2584/1074
f 2573/2584/1074 2574/2585/291 2572/2583/1
f 2575/2586/1121 2574/2585/291 2573/2584/1074
f 2574/2585/291 2575/2586/1121 2576/2587/404
f 2577/2588/1093 2576/2587/404 2575/2586/1121
f 2576/2587/404 2577/2588/1093 2578/2589/1094
f 2578/2589/1094 2579/2590/404 2576/2587/404
f 2578/2589/1094 2580/2591/1122 2579/2590/404
f 2581/2592/404 2579/2590/404 2580/2591/1122
f 2581/2592/404 2580/2591/1122 2582/2593/1123
f 2582/2593/1123 2583/2594/310 2581/2592/404
f 2582/2593/1123 2584/2595/1124 2583/2594/310
f 2585/2596/310 2583/2594/310 2584/2595/1124
f 2584/2595/1124 2586/2597/1125 2585/2596/310
f 2587/2598/404 2585/2596/310 2586/2597/1125
f 2586/2597/1125 2588/2599/311 2587/2598/404
f 2588/2599/311 2586/2597/1125 2589/2600/1126
f 2589/2600/1126 2590/2601/1127 2588/2599/311
f 2590/2601/1127 2591/2602/404 2588/2599/311
f 2591/2602/404 2590/2601/1127 2592/2603/311
f 2592/2603/311 2590/2601/1127 2593/2604/1128
f 2592/2603/311 2593/2604/1128 2594/2605/506
f 2595/2606/1129 2594/2605/506 2593/2604/1128
f 2598/2607/1106 2596/2608/1107 2597/2609/1130
f 2599/2610/1081 2597/2609/1130 2596/2608/1107
f 2597/2609/1130 2599/2610/1081 2600/2611/1131
f 2601/2612/1080 2600/2611/1131 2599/2610/1081
f 2601/2612/1080 2602/2613/1132 2600/2611/1131
f 2603/2614/1130 2600/2611/1131 2602/2613/1132
f 2602/2613/1132 2604/2615/1075 2603/2614/1130
f 2605/2616/1133 2603/2614/1130 2604/2615/1075
f 2604/2615/1075 2606/2617/1073 2605/2616/1133
f 2606/2617/1073 2604/2615/1075 2607/2618/1134
f 2607/2618/1134 2608/2619/1135 2606/2617/1073
f 2609/2620/1136 2608/2619/1135 2607/2618/1134
f 2608/2619/1135 2609/2620/1136 2610/2621/1137
f 2610/2621/1137 2611/2622/1138 2608/2619/1135
f 2611/2622/1138 2610/2621/1137 2612/2623/1138
f 2613/2624/1094 2612/2623/1138 2610/2621/1137
f 2612/2623/1138 2613/2624/1094 2614/2625/1139
f 2615/2626/1140 2614/2625/1139 2613/2624/1094
f 2618/2627/1141 2616/2628/1142 2617/2629/1143
f 2619/2630/1144 2617/2629/1143 2616/2628/1142
f 2620/2631/1145 2619/2630/1144 2616/2628/1142
f 2617/2629/1143 2619/2630/1144 2621/2632/1146
f 2622/2633/1147 2619/2630/1144 2620/2631/1145
f 2623/2634/1088 2622/2633/1147 2620/2631/1145
f 2624/2635/1088 2622/2633/1147 2623/2634/1088
f 2621/2632/1146 2619/2630/1144 2625/2636/1148
f 2619/2630/1144 2622/2633/1147 2625/2636/1148
f 2622/2633/1147 2624/2635/1088 2626/2637/1145
f 2626/2637/1145 2625/2636/1148 2622/2633/1147
f 2627/2638/1088 2626/2637/1145 2624/2635/1088
f 2625/2636/1148 2628/2639/1149 2621/2632/1146
f 2629/2640/1150 2621/2632/1146 2628/2639/1149
f 2626/2637/1145 2630/2641/1145 2625/2636/1148
f 2626/2637/1145 2627/2638/1088 2630/2641/1145
f 2628/2639/1149 2625/2636/1148 2630/2641/1145
f 2631/2642/1088 2630/2641/1145 2627/2638/1088
f 2631/2642/1088 2632/2643/1079 2630/2641/1145
f 2633/2644/1151 2630/2641/1145 2632/2643/1079
f 2630/2641/1145 2633/2644/1151 2628/2639/1149
f 2632/2643/1079 2634/2645/1079 2633/2644/1151
f 2628/2639/1149 2635/2646/1152 2629/2640/1150
f 2635/2646/1152 2628/2639/1149 2633/2644/1151
f 2636/2647/1153 2629/2640/1150 2635/2646/1152
f 2636/2647/1153 2635/2646/1152 2637/2648/708
f 2638/2649/1151 2633/2644/1151 2634/2645/1079
f 2633/2644/1151 2638/2649/1151 2635/2646/1152
f 2637/2648/708 2635/2646/1152 2639/2650/1154
f 2639/2650/1154 2635/2646/1152 2638/2649/1151
f 2638/2649/1151 2634/2645/1079 2640/2651/1151
f 2638/2649/1151 2640/2651/1151 2639/2650/1154
f 2641/2652/1079 2640/2651/1151 2634/2645/1079
f 2639/2650/1154 2642/2653/1155 2637/2648/708
f 2642/2653/1155 2639/2650/1154 2640/2651/1151
f 2643/2654/630 2637/2648/708 2642/2653/1155
f 2643/2654/630 2642/2653/1155 2644/2655/1013
f 2641/2652/1079 2645/2656/1079 2640/2651/1151
f 2644/2655/1013 2642/2653/1155 2646/2657/1156
f 2642/2653/1155 2640/2651/1151 2646/2657/1156
f 2644/2655/1013 2646/2657/1156 2647/2658/9
f 2648/2659/1151 2640/2651/1151 2645/2656/1079
f 2646/2657/1156 2640/2651/1151 2648/2659/1151
f 2648/2659/1151 2645/2656/1079 2649/2660/1151
f 2649/2660/1151 2645/2656/1079 2650/2661/1079
f 2648/2659/1151 2651/2662/1157 2646/2657/1156
f 2651/2662/1157 2648/2659/1151 2649/2660/1151
f 2647/2658/9 2646/2657/1156 2651/2662/1157
f 2649/2660/1151 2650/2661/1079 2652/2663/1151
f 2649/2660/1151 2652/2663/1151 2651/2662/1157
f 2653/2664/1079 2652/2663/1151 2650/2661/1079
f 2653/2664/1079 2654/2665/1079 2652/2663/1151
f 2651/2662/1157 2655/2666/1158 2647/2658/9
f 2655/2666/1158 2651/2662/1157 2652/2663/1151
f 2656/2667/1010 2647/2658/9 2655/2666/1158
f 2656/2667/1010 2655/2666/1158 2657/2668/1159
f 2658/2669/1151 2652/2663/1151 2654/2665/1079
f 2652/2663/1151 2658/2669/1151 2655/2666/1158
f 2657/2668/1159 2655/2666/1158 2659/2670/1160
f 2659/2670/1160 2655/2666/1158 2658/2669/1151
f 2657/2668/1159 2659/2670/1160 2660/2671/1161
f 2658/2669/1151 2654/2665/1079 2661/2672/1162
f 2658/2669/1151 2661/2672/1162 2659/2670/1160
f 2662/2673/1076 2661/2672/1162 2654/2665/1079
f 2660/2671/1161 2659/2670/1160 2663/2674/1163
f 2663/2674/1163 2659/2670/1160 2661/2672/1162
f 2660/2671/1161 2663/2674/1163 2664/2675/1164
f 2661/2672/1162 2662/2673/1076 2665/2676/1162
f 2661/2672/1162 2665/2676/1162 2663/2674/1163
f 2666/2677/1076 2665/2676/1162 2662/2673/1076
f 2664/2675/1164 2663/2674/1163 2667/2678/1165
f 2667/2678/1165 2663/2674/1163 2665/2676/1162
f 2665/2676/1162 2666/2677/1076 2668/2679/1162
f 2665/2676/1162 2668/2679/1162 2667/2678/1165
f 2669/2680/1076 2668/2679/1162 2666/2677/1076
f 2669/2680/1076 2670/2681/1076 2668/2679/1162
f 2671/2682/1162 2668/2679/1162 2670/2681/1076
f 2667/2678/1165 2672/2683/1166 2664/2675/1164
f 2672/2683/1166 2667/2678/1165 2668/2679/1162
f 2668/2679/1162 2671/2682/1162 2672/2683/1166
f 2673/2684/724 2664/2675/1164 2672/2683/1166
f 2674/2685/1167 2672/2683/1166 2671/2682/1162
f 2673/2684/724 2672/2683/1166 2675/2686/210
f 2675/2686/210 2672/2683/1166 2674/2685/1167
f 2675/2687/210 2674/2688/1167 2676/2689/1168
f 2677/2690/1169 2676/2689/1168 2674/2688/1167
f 2676/2689/1168 2677/2690/1169 2678/2691/1170
f 2671/2692/1162 2677/2690/1169 2674/2688/1167
f 2679/2693/1171 2678/2691/1170 2677/2690/1169
f 2678/2691/1170 2679/2693/1171 2680/2694/1172
f 2681/2695/1173 2680/2694/1172 2679/2693/1171
f 2681/2695/1173 2679/2693/1171 2682/2696/1114
f 2683/2697/1162 2677/2690/1169 2671/2692/1162
f 2683/2697/1162 2679/2693/1171 2677/2690/1169
f 2671/2692/1162 2670/2698/1076 2684/2699/1076
f 2684/2699/1076 2683/2697/1162 2671/2692/1162
f 2685/2700/1174 2682/2696/1114 2679/2693/1171
f 2679/2693/1171 2683/2697/1162 2685/2700/1174
f 2683/2697/1162 2684/2699/1076 2685/2700/1174
f 2686/2701/310 2682/2696/1114 2685/2700/1174
f 2687/2702/310 2685/2700/1174 2684/2699/1076
f 2685/2700/1174 2687/2702/310 2686/2701/310
f 2690/2703/1088 2688/2704/1088 2689/2705/1145
f 2691/2706/1145 2689/2705/1145 2688/2704/1088
f 2689/2705/1145 2691/2706/1145 2692/2707/1175
f 2688/2704/1088 2693/2708/1100 2691/2706/1145
f 2695/2709/1141 2692/2707/1175 2694/2710/1176
f 2696/2711/1177 2692/2707/1175 2691/2706/1145
f 2692/2707/1175 2696/2711/1177 2694/2710/1176
f 2697/2712/1178 2691/2706/1145 2693/2708/1100
f 2691/2706/1145 2697/2712/1178 2696/2711/1177
f 2694/2710/1176 2696/2711/1177 2698/2713/1179
f 2698/2713/1179 2696/2711/1177 2697/2712/1178
f 2698/2713/1179 2699/2714/1146 2694/2710/1176
f 2699/2714/1146 2698/2713/1179 2700/2715/1069
f 2697/2712/1178 2693/2708/1100 2701/2716/1178
f 2697/2712/1178 2701/2716/1178 2698/2713/1179
f 2702/2717/1100 2701/2716/1178 2693/2708/1100
f 2703/2718/1180 2700/2715/1069 2698/2713/1179
f 2703/2718/1180 2698/2713/1179 2701/2716/1178
f 2700/2715/1069 2703/2718/1180 2704/2719/690
f 2701/2716/1178 2702/2717/1100 2705/2720/1181
f 2706/2721/1100 2705/2720/1181 2702/2717/1100
f 2701/2716/1178 2707/2722/1182 2703/2718/1180
f 2707/2722/1182 2704/2719/690 2703/2718/1180
f 2707/2722/1182 2701/2716/1178 2705/2720/1181
f 2704/2719/690 2707/2722/1182 2708/2723/1183
f 2705/2720/1181 2708/2723/1183 2707/2722/1182
f 2708/2723/1183 2709/2724/708 2704/2719/690
f 2709/2724/708 2708/2723/1183 2710/2725/1184
f 2705/2720/1181 2706/2721/1100 2711/2726/1185
f 2708/2723/1183 2705/2720/1181 2711/2726/1185
f 2712/2727/1100 2711/2726/1185 2706/2721/1100
f 2712/2727/1100 2713/2728/1102 2711/2726/1185
f 2714/2729/1186 2710/2725/1184 2708/2723/1183
f 2710/2725/1184 2714/2729/1186 2715/2730/1013
f 2711/2726/1185 2716/2731/1187 2708/2723/1183
f 2714/2729/1186 2708/2723/1183 2716/2731/1187
f 2716/2731/1187 2711/2726/1185 2713/2728/1102
f 2717/2732/1188 2715/2730/1013 2714/2729/1186
f 2714/2729/1186 2716/2731/1187 2717/2732/1188
f 2715/2730/1013 2717/2732/1188 2718/2733/9
f 2716/2731/1187 2713/2728/1102 2719/2734/1189
f 2719/2734/1189 2717/2732/1188 2716/2731/1187
f 2719/2734/1189 2713/2728/1102 2720/2735/1102
f 2720/2735/1102 2721/2736/1102 2719/2734/1189
f 2722/2737/1190 2718/2733/9 2717/2732/1188
f 2718/2733/9 2722/2737/1190 2723/2738/1191
f 2724/2739/1192 2723/2738/1191 2722/2737/1190
f 2719/2734/1189 2725/2740/1193 2717/2732/1188
f 2722/2737/1190 2717/2732/1188 2725/2740/1193
f 2725/2740/1193 2724/2739/1192 2722/2737/1190
f 2725/2740/1193 2719/2734/1189 2721/2736/1102
f 2724/2739/1192 2725/2740/1193 2726/2741/1189
f 2725/2740/1193 2721/2736/1102 2726/2741/1189
f 2727/2742/1102 2726/2741/1189 2721/2736/1102
f 2730/2743/1 2728/2744/1 2729/2745/281
f 2728/2744/1 2731/2746/310 2729/2745/281
f 2731/2746/310 2728/2744/1 2732/2747/1111
f 2729/2745/281 2731/2746/310 2733/2748/1194
f 2735/2749/1195 2733/2748/1194 2734/2750/302
f 2734/2750/302 2733/2748/1194 2736/2751/1196
f 2736/2751/1196 2733/2748/1194 2731/2746/310
f 2734/2750/302 2736/2751/1196 2737/2752/43
f 2732/2747/1111 2738/2753/310 2731/2746/310
f 2738/2753/310 2732/2747/1111 2739/2754/1111
f 2731/2746/310 2740/2755/1197 2736/2751/1196
f 2737/2752/43 2736/2751/1196 2740/2755/1197
f 2740/2755/1197 2731/2746/310 2738/2753/310
f 2739/2754/1111 2741/2756/1111 2738/2753/310
f 2737/2752/43 2740/2755/1197 2742/2757/1198
f 2743/2758/310 2738/2753/310 2741/2756/1111
f 2738/2753/310 2743/2758/310 2740/2755/1197
f 2744/2759/1199 2742/2757/1198 2740/2755/1197
f 2744/2759/1199 2740/2755/1197 2743/2758/310
f 2744/2759/1199 2745/2760/1200 2742/2757/1198
f 2743/2758/310 2745/2760/1200 2744/2759/1199
f 2746/2761/1201 2742/2757/1198 2745/2760/1200
f 2743/2758/310 2741/2756/1111 2747/2762/310
f 2747/2762/310 2745/2760/1200 2743/2758/310
f 2748/2763/1111 2747/2762/310 2741/2756/1111
f 2748/2763/1111 2749/2764/1111 2747/2762/310
f 2746/2761/1201 2745/2760/1200 2750/2765/1202
f 2750/2765/1202 2751/2766/1203 2746/2761/1201
f 2747/2762/310 2752/2767/310 2745/2760/1200
f 2750/2765/1202 2745/2760/1200 2752/2767/310
f 2752/2767/310 2747/2762/310 2749/2764/1111
f 2750/2765/1202 2753/2768/1204 2751/2766/1203
f 2752/2767/310 2753/2768/1204 2750/2765/1202
f 2754/2769/967 2751/2766/1203 2753/2768/1204
f 2749/2764/1111 2755/2770/314 2752/2767/310
f 2753/2768/1204 2752/2767/310 2755/2770/314
f 2756/2771/1 2755/2770/314 2749/2764/1111
f 2753/2768/1204 2757/2772/1205 2754/2769/967
f 2755/2770/314 2757/2772/1205 2753/2768/1204
f 2758/2773/1143 2754/2769/967 2757/2772/1205
f 2756/2771/1 2759/2774/281 2755/2770/314
f 2757/2772/1205 2755/2770/314 2759/2774/281
f 2760/2775/1 2759/2774/281 2756/2771/1
f 2760/2775/1 2761/2776/1 2759/2774/281
f 2759/2774/281 2762/2777/314 2757/2772/1205
f 2762/2777/314 2759/2774/281 2761/2776/1
f 2758/2773/1143 2757/2772/1205 2763/2778/1206
f 2763/2778/1206 2757/2772/1205 2762/2777/314
f 2763/2778/1206 2764/2779/1146 2758/2773/1143
f 2764/2779/1146 2763/2778/1206 2765/2780/1150
f 2762/2777/314 2761/2776/1 2766/2781/1151
f 2762/2777/314 2766/2781/1151 2763/2778/1206
f 2767/2782/1079 2766/2781/1151 2761/2776/1
f 2768/2783/1207 2765/2780/1150 2763/2778/1206
f 2768/2783/1207 2763/2778/1206 2766/2781/1151
f 2765/2780/1150 2768/2783/1207 2769/2784/1153
f 2766/2781/1151 2767/2782/1079 2770/2785/1151
f 2771/2786/1208 2769/2784/1153 2768/2783/1207
f 2766/2781/1151 2771/2786/1208 2768/2783/1207
f 2771/2786/1208 2766/2781/1151 2770/2785/1151
f 2769/2784/1153 2771/2786/1208 2772/2787/708
f 2773/2788/1079 2770/2785/1151 2767/2782/1079
f 2774/2789/1209 2772/2787/708 2771/2786/1208
f 2770/2785/1151 2774/2789/1209 2771/2786/1208
f 2772/2787/708 2774/2789/1209 2775/2790/630
f 2770/2785/1151 2773/2788/1079 2776/2791/1151
f 2774/2789/1209 2770/2785/1151 2776/2791/1151
f 2777/2792/1079 2776/2791/1151 2773/2788/1079
f 2777/2792/1079 2778/2793/1079 2776/2791/1151
f 2779/2794/1210 2775/2790/630 2774/2789/1209
f 2775/2790/630 2779/2794/1210 2780/2795/1013
f 2776/2791/1151 2781/2796/1151 2774/2789/1209
f 2779/2794/1210 2774/2789/1209 2781/2796/1151
f 2781/2796/1151 2776/2791/1151 2778/2793/1079
f 2782/2797/1211 2780/2795/1013 2779/2794/1210
f 2779/2794/1210 2781/2796/1151 2782/2797/1211
f 2780/2795/1013 2782/2797/1211 2783/2798/9
f 2781/2796/1151 2778/2793/1079 2784/2799/1151
f 2784/2799/1151 2782/2797/1211 2781/2796/1151
f 2784/2799/1151 2778/2793/1079 2785/2800/1079
f 2785/2800/1079 2786/2801/1079 2784/2799/1151
f 2787/2802/1212 2783/2798/9 2782/2797/1211
f 2783/2798/9 2787/2802/1212 2788/2803/1010
f 2784/2799/1151 2789/2804/1151 2782/2797/1211
f 2787/2802/1212 2782/2797/1211 2789/2804/1151
f 2789/2804/1151 2784/2799/1151 2786/2801/1079
f 2790/2805/1213 2788/2803/1010 2787/2802/1212
f 2789/2804/1151 2790/2805/1213 2787/2802/1212
f 2788/2803/1010 2790/2805/1213 2791/2806/1159
f 2789/2804/1151 2786/2801/1079 2792/2807/1151
f 2790/2805/1213 2789/2804/1151 2792/2807/1151
f 2793/2808/1079 2792/2807/1151 2786/2801/1079
f 2794/2809/1214 2791/2806/1159 2790/2805/1213
f 2792/2807/1151 2794/2809/1214 2790/2805/1213
f 2791/2806/1159 2794/2809/1214 2795/2810/1161
f 2792/2807/1151 2793/2808/1079 2796/2811/1151
f 2794/2809/1214 2792/2807/1151 2796/2811/1151
f 2797/2812/1079 2796/2811/1151 2793/2808/1079
f 2796/2811/1151 2797/2812/1079 2798/2813/1079
f 2799/2814/1215 2796/2811/1151 2798/2813/1079
f 2796/2811/1151 2799/2814/1215 2794/2809/1214
f 2798/2813/1079 2800/2815/1 2799/2814/1215
f 2801/2816/1216 2795/2810/1161 2794/2809/1214
f 2801/2816/1216 2794/2809/1214 2799/2814/1215
f 2795/2810/1161 2801/2816/1216 2802/2817/1164
f 2803/2818/1 2799/2814/1215 2800/2815/1
f 2799/2814/1215 2803/2818/1 2801/2816/1216
f 2804/2819/1217 2802/2817/1164 2801/2816/1216
f 2804/2819/1217 2801/2816/1216 2803/2818/1
f 2802/2817/1164 2804/2819/1217 2805/2820/724
f 2800/2815/1 2806/2821/1 2803/2818/1
f 2806/2821/1 2800/2815/1 2807/2822/1
f 2807/2822/1 2808/2823/1 2806/2821/1
f 2803/2818/1 2809/2824/1218 2804/2819/1217
f 2809/2824/1218 2805/2820/724 2804/2819/1217
f 2809/2824/1218 2803/2818/1 2806/2821/1
f 2805/2820/724 2809/2824/1218 2810/2825/210
f 2811/2826/1 2806/2821/1 2808/2823/1
f 2806/2821/1 2811/2826/1 2809/2824/1218
f 2808/2823/1 2812/2827/310 2811/2826/1
f 2810/2825/210 2809/2824/1218 2813/2828/1219
f 2813/2828/1219 2809/2824/1218 2811/2826/1
f 2813/2828/1219 2814/2829/1220 2810/2825/210
f 2815/2830/1168 2810/2825/210 2814/2829/1220
f 2811/2826/1 2816/2831/1114 2813/2828/1219
f 2814/2829/1220 2813/2828/1219 2816/2831/1114
f 2816/2831/1114 2811/2826/1 2812/2827/310
f 2814/2829/1220 2817/2832/1221 2815/2830/1168
f 2816/2831/1114 2817/2832/1221 2814/2829/1220
f 2818/2833/1170 2815/2830/1168 2817/2832/1221
f 2812/2827/310 2819/2834/1114 2816/2831/1114
f 2817/2832/1221 2816/2831/1114 2819/2834/1114
f 2820/2835/310 2819/2834/1114 2812/2827/310
f 2818/2833/1170 2817/2832/1221 2821/2836/1222
f 2820/2835/310 2822/2837/310 2819/2834/1114
f 2819/2834/1114 2823/2838/1111 2817/2832/1221
f 2823/2838/1111 2819/2834/1114 2822/2837/310
f 2821/2836/1222 2817/2832/1221 2824/2839/1223
f 2824/2839/1223 2817/2832/1221 2823/2838/1111
f 2823/2838/1111 2822/2837/310 2825/2840/1111
f 2823/2838/1111 2825/2840/1111 2824/2839/1223
f 2826/2841/310 2825/2840/1111 2822/2837/310
f 2826/2841/310 2827/2842/310 2825/2840/1111
f 2824/2839/1223 2828/2843/1224 2821/2836/1222
f 2828/2843/1224 2824/2839/1223 2825/2840/1111
f 2829/2844/801 2821/2836/1222 2828/2843/1224
f 2829/2844/801 2828/2843/1224 2830/2845/54
f 2827/2842/310 2831/2846/1111 2825/2840/1111
f 2825/2840/1111 2831/2846/1111 2828/2843/1224
f 2827/2842/310 2832/2847/310 2831/2846/1111
f 2830/2845/54 2828/2843/1224 2833/2848/1225
f 2833/2848/1225 2828/2843/1224 2831/2846/1111
f 2830/2845/54 2833/2848/1225 2834/2849/1226
f 2833/2848/1225 2831/2846/1111 2835/2850/1227
f 2834/2849/1226 2833/2848/1225 2835/2850/1227
f 2836/2851/1111 2831/2846/1111 2832/2847/310
f 2836/2851/1111 2835/2850/1227 2831/2846/1111
f 2835/2850/1227 2837/2852/1228 2834/2849/1226
f 2835/2850/1227 2836/2851/1111 2837/2852/1228
f 2838/2853/1229 2834/2849/1226 2837/2852/1228
f 2838/2853/1229 2837/2852/1228 2839/2854/1230
f 2832/2847/310 2840/2855/1111 2836/2851/1111
f 2840/2855/1111 2837/2852/1228 2836/2851/1111
f 2840/2855/1111 2832/2847/310 2841/2856/310
f 2841/2856/310 2842/2857/310 2840/2855/1111
f 2839/2854/1230 2837/2852/1228 2843/2858/1231
f 2844/2859/1111 2840/2855/1111 2842/2857/310
f 2840/2855/1111 2844/2859/1111 2837/2852/1228
f 2843/2858/1231 2837/2852/1228 2844/2859/1111
f 2842/2857/310 2845/2860/310 2844/2859/1111
f 2839/2854/1230 2843/2858/1231 2846/2861/1232
f 2847/2862/1 2844/2859/1111 2845/2860/310
f 2844/2859/1111 2847/2862/1 2843/2858/1231
f 2849/2863/1 2845/2860/310 2848/2864/1
f 2847/2862/1 2845/2860/310 2849/2863/1
f 2849/2863/1 2850/2865/1233 2847/2862/1
f 2851/2866/397 2846/2861/1232 2850/2865/1233
f 2852/2867/1234 2843/2858/1231 2847/2862/1
f 2846/2861/1232 2843/2858/1231 2852/2867/1234
f 2852/2867/1234 2847/2862/1 2850/2865/1233
f 2852/2867/1234 2850/2865/1233 2846/2861/1232
f 2855/2868/1235 2853/2869/1236 2854/2870/1237
f 2856/2871/1238 2854/2870/1237 2853/2869/1236
f 2853/2869/1236 2857/2872/1239 2856/2871/1238
f 2858/2873/1240 2854/2870/1237 2856/2871/1238
f 2859/2874/1241 2856/2871/1238 2857/2872/1239
f 2857/2872/1239 2860/2875/209 2859/2874/1241
f 2856/2871/1238 2861/2876/1240 2858/2873/1240
f 2856/2871/1238 2859/2874/1241 2861/2876/1240
f 2863/2877/1138 2858/2873/1240 2862/2878/1138
f 2861/2876/1240 2862/2878/1138 2858/2873/1240
f 2862/2878/1138 2861/2876/1240 2864/2879/1138
f 2865/2880/1240 2861/2876/1240 2859/2874/1241
f 2864/2879/1138 2861/2876/1240 2865/2880/1240
f 2866/2881/1242 2859/2874/1241 2860/2875/209
f 2859/2874/1241 2866/2881/1242 2865/2880/1240
f 2865/2880/1240 2867/2882/1240 2864/2879/1138
f 2867/2882/1240 2865/2880/1240 2866/2881/1242
f 2868/2883/1138 2864/2879/1138 2867/2882/1240
f 2860/2875/209 2869/2884/1243 2866/2881/1242
f 2866/2881/1242 2869/2884/1243 2867/2882/1240
f 2870/2885/724 2869/2884/1243 2860/2875/209
f 2867/2882/1240 2871/2886/1162 2868/2883/1138
f 2871/2886/1162 2867/2882/1240 2869/2884/1243
f 2872/2887/1076 2868/2883/1138 2871/2886/1162
f 2871/2886/1162 2873/2888/1131 2872/2887/1076
f 2869/2884/1243 2870/2885/724 2874/2889/1244
f 2875/2890/1164 2874/2889/1244 2870/2885/724
f 2869/2884/1243 2876/2891/1245 2871/2886/1162
f 2876/2891/1245 2869/2884/1243 2874/2889/1244
f 2873/2888/1131 2871/2886/1162 2876/2891/1245
f 2874/2889/1244 2875/2890/1164 2877/2892/1246
f 2874/2889/1244 2877/2892/1246 2876/2891/1245
f 2878/2893/1247 2877/2892/1246 2875/2890/1164
f 2876/2891/1245 2879/2894/1245 2873/2888/1131
f 2879/2894/1245 2876/2891/1245 2877/2892/1246
f 2880/2895/1131 2873/2888/1131 2879/2894/1245
f 2877/2892/1246 2878/2893/1247 2881/2896/1248
f 2877/2892/1246 2881/2896/1248 2879/2894/1245
f 2882/2897/1249 2881/2896/1248 2878/2893/1247
f 2879/2894/1245 2883/2898/1250 2880/2895/1131
f 2883/2898/1250 2879/2894/1245 2881/2896/1248
f 2883/2898/1250 2884/2899/1131 2880/2895/1131
f 2884/2899/1131 2883/2898/1250 2885/2900/1131
f 2886/2901/1251 2885/2900/1131 2883/2898/1250
f 2881/2896/1248 2886/2901/1251 2883/2898/1250
f 2885/2900/1131 2886/2901/1251 2887/2902/1102
f 2888/2903/1189 2887/2902/1102 2886/2901/1251
f 2886/2901/1251 2881/2896/1248 2889/2904/1252
f 2889/2904/1252 2888/2903/1189 2886/2901/1251
f 2881/2896/1248 2882/2897/1249 2889/2904/1252
f 2888/2903/1189 2889/2904/1252 2890/2905/1253
f 2891/2906/1010 2889/2904/1252 2882/2897/1249
f 2889/2904/1252 2891/2906/1010 2890/2905/1253
f 2892/2907/1191 2890/2905/1253 2891/2906/1010
f 2895/2908/1 2893/2909/1 2894/2910/1
f 2895/2908/1 2894/2910/1 2896/2911/1
f 2895/2908/1 2896/2911/1 2897/2912/1
f 2895/2908/1 2897/2912/1 2898/2913/1
f 2895/2908/1 2898/2913/1 2899/2914/1
f 2895/2908/1 2899/2914/1 2900/2915/1
f 2895/2908/1 2900/2915/1 2901/2916/1
f 2895/2908/1 2901/2916/1 2902/2917/1
f 2895/2908/1 2902/2917/1 2903/2918/1
f 2895/2908/1 2903/2918/1 2904/2919/1
f 2895/2908/1 2904/2919/1 2905/2920/1
f 2895/2908/1 2905/2920/1 2906/2921/1
f 2895/2908/1 2906/2921/1 2907/2922/1
f 2895/2908/1 2907/2922/1 2908/2923/1
f 2895/2908/1 2908/2923/1 2909/2924/1
f 2895/2908/1 2909/2924/1 2910/2925/1
f 2895/2908/1 2910/2925/1 2911/2926/1
f 2895/2908/1 2911/2926/1 2912/2927/1
f 2895/2908/1 2912/2927/1 2913/2928/1
f 2895/2908/1 2913/2928/1 2914/2929/1
f 2895/2908/1 2914/2929/1 2915/2930/1
f 2895/2908/1 2915/2930/1 2916/2931/1
f 2895/2908/1 2916/2931/1 2917/2932/1
f 2895/2908/1 2917/2932/1 2918/2933/1
f 2895/2908/1 2918/2933/1 2919/2934/1
f 2895/2908/1 2919/2934/1 2920/2935/1
f 2895/2908/1 2920/2935/1 2921/2936/1
f 2895/2908/1 2921/2936/1 2922/2937/1
f 2895/2908/1 2922/2937/1 2923/2938/1
f 2895/2908/1 2923/2938/1 2924/2939/1
f 2895/2908/1 2924/2939/1 2925/2940/1
f 2895/2908/1 2925/2940/1 2926/2941/1
f 2895/2908/1 2926/2941/1 2927/2942/1
f 2895/2908/1 2927/2942/1 2928/2943/1
f 2895/2908/1 2928/2943/1 2929/2944/1
f 2895/2908/1 2929/2944/1 2930/2945/1
f 2895/2908/1 2930/2945/1 2931/2946/1
f 2895/2908/1 2931/2946/1 2932/2947/1
f 2895/2908/1 2932/2947/1 2933/2948/1
f 2936/2949/1 2934/2950/1 2935/2951/1
f 2936/2949/1 2937/2952/1 2934/2950/1
f 2936/2949/1 2938/2953/1 2937/2952/1
f 2936/2949/1 2939/2954/1 2938/2953/1
f 2936/2949/1 2940/2955/1 2939/2954/1
f 2936/2949/1 2941/2956/1 2940/2955/1
f 2936/2949/1 2942/2957/1 2941/2956/1
f 2936/2949/1 2943/2958/1 2942/2957/1
f 2936/2949/1 2944/2959/1 2943/2958/1
f 2936/2949/1 2945/2960/1 2944/2959/1
f 2936/2949/1 2946/2961/1 2945/2960/1
f 2936/2949/1 2947/2962/1 2946/2961/1
f 2936/2949/1 2948/2963/1 2947/2962/1
f 2936/2949/1 2949/2964/1 2948/2963/1
f 2936/2949/1 2950/2965/1 2949/2964/1
f 2936/2949/1 2951/2966/1 2950/2965/1
f 2936/2949/1 2952/2967/1 2951/2966/1
f 2936/2949/1 2953/2968/1 2952/2967/1
f 2936/2949/1 2954/2969/1 2953/2968/1
f 2936/2949/1 2955/2970/1 2954/2969/1
f 2936/2949/1 2956/2971/1 2955/2970/1
f 2936/2949/1 2957/2972/1 2956/2971/1
f 2936/2949/1 2958/2973/1 2957/2972/1
f 2936/2949/1 2959/2974/1 2958/2973/1
f 2936/2949/1 2960/2975/1 2959/2974/1
f 2936/2949/1 2961/2976/1 2960/2975/1
f 2936/2949/1 2962/2977/1 2961/2976/1
f 2936/2949/1 2963/2978/1 2962/2977/1
f 2936/2949/1 2964/2979/1 2963/2978/1
f 2936/2949/1 2965/2980/1 2964/2979/1
f 2936/2949/1 2966/2981/1 2965/2980/1
f 2936/2949/1 2967/2982/1 2966/2981/1
f 2936/2949/1 2968/2983/1 2967/2982/1
f 2936/2949/1 2969/2984/1 2968/2983/1
f 2936/2949/1 2970/2985/1 2969/2984/1
f 2936/2949/1 2971/2986/1 2970/2985/1
f 2936/2949/1 2972/2987/1 2971/2986/1
f 2936/2949/1 2973/2988/1 2972/2987/1
f 2936/2949/1 2974/2989/1 2973/2988/1
f 2977/2990/1254 2975/2991/1255 2976/2991/1255
f 2975/2991/1255 2978/2992/1256 2976/2991/1255
f 2979/2990/1257 2977/2990/1254 2976/2991/1255
f 2980/2992/1258 2976/2991/1255 2978/2992/1256
f 2979/2990/1257 2981/2993/1259 2977/2990/1254
f 2980/2992/1258 2978/2992/1256 2982/2994/1260
f 2983/2993/1259 2977/2990/1254 2981/2993/1259
f 2978/2992/1256 2984/2994/1260 2982/2994/1260
f 2985/2995/340 2983/2993/1259 2981/2993/1259
f 2984/2994/1260 2986/2996/778 2982/2994/1260
f 2987/2995/340 2985/2995/340 2981/2993/1259
f 2988/2996/778 2982/2994/1260 2986/2996/778
f 2987/2995/340 2989/2997/1261 2985/2995/340
f 2988/2996/778 2986/2996/778 2990/2998/1262
f 2991/2997/1261 2985/2995/340 2989/2997/1261
f 2986/2996/778 2992/2998/1262 2990/2998/1262
f 2993/2999/488 2991/2997/1261 2989/2997/1261
f 2992/2998/1262 2994/3000/988 2990/2998/1262
f 2995/2999/488 2993/2999/488 2989/2997/1261
f 2996/3000/986 2990/2998/1262 2994/3000/988
f 2995/2999/488 2997/3001/215 2993/2999/488
f 2996/3000/986 2994/3000/988 2998/3002/1263
f 2999/3001/215 2993/2999/488 2997/3001/215
f 2994/3000/988 3000/3002/1263 2998/3002/1263
f 3001/3003/1264 2999/3001/215 2997/3001/215
f 3000/3002/1263 3002/3004/1265 2998/3002/1263
f 3003/3003/1264 3001/3003/1264 2997/3001/215
f 3004/3004/1265 2998/3002/1263 3002/3004/1265
f 3003/3003/1264 3005/3005/964 3001/3003/1264
f 3004/3004/1265 3002/3004/1265 3006/3006/1266
f 3007/3005/964 3001/3003/1264 3005/3005/964
f 3002/3004/1265 3008/3006/858 3006/3006/1266
f 3009/3007/643 3007/3005/964 3005/3005/964
f 3008/3006/858 3010/3008/1267 3006/3006/1266
f 3011/3007/643 3009/3007/643 3005/3005/964
f 3012/3008/1267 3006/3006/1266 3010/3008/1267
f 3011/3007/643 3013/3009/1268 3009/3007/643
f 3012/3008/1267 3010/3008/1267 3014/3010/1269
f 3015/3009/1268 3009/3007/643 3013/3009/1268
f 3010/3008/1267 3016/3010/1269 3014/3010/1269
f 3017/3011/1270 3015/3009/1268 3013/3009/1268
f 3016/3010/1269 3018/3012/1271 3014/3010/1269
f 3019/3011/1270 3017/3011/1270 3013/3009/1268
f 3020/3012/1271 3014/3010/1269 3018/3012/1271
f 3019/3011/1270 3021/3013/1272 3017/3011/1270
f 3020/3012/1271 3018/3012/1271 3022/3014/1273
f 3023/3013/1274 3017/3011/1270 3021/3013/1272
f 3018/3012/1271 3024/3014/1273 3022/3014/1273
f 3025/3015/1018 3023/3013/1274 3021/3013/1272
f 3024/3014/1273 3026/3016/1275 3022/3014/1273
f 3027/3015/1018 3025/3015/1018 3021/3013/1272
f 3028/3016/1276 3022/3014/1273 3026/3016/1275
f 3027/3015/1018 3029/3017/1277 3025/3015/1018
f 3028/3016/1276 3026/3016/1275 3030/3018/1278
f 3031/3017/1277 3025/3015/1018 3029/3017/1277
f 3026/3016/1275 3032/3018/1279 3030/3018/1278
f 3033/3019/1280 3031/3017/1277 3029/3017/1277
f 3032/3018/1279 3034/3020/1281 3030/3018/1278
f 3035/3019/1280 3033/3019/1280 3029/3017/1277
f 3036/3020/1282 3030/3018/1278 3034/3020/1281
f 3035/3019/1280 3037/3021/1283 3033/3019/1280
f 3036/3020/1282 3034/3020/1281 3038/3022/1284
f 3039/3021/1285 3033/3019/1280 3037/3021/1283
f 3034/3020/1281 3040/3022/1284 3038/3022/1284
f 3041/3023/1286 3039/3021/1285 3037/3021/1283
f 3040/3022/1284 3042/3024/1287 3038/3022/1284
f 3043/3023/1286 3041/3023/1286 3037/3021/1283
f 3044/3024/1288 3038/3022/1284 3042/3024/1287
f 3043/3023/1286 3045/3025/1013 3041/3023/1286
f 3044/3024/1288 3042/3024/1287 3046/3026/1289
f 3047/3025/1013 3041/3023/1286 3045/3025/1013
f 3042/3024/1287 3048/3026/1289 3046/3026/1289
f 3049/3027/630 3047/3025/1013 3045/3025/1013
f 3048/3026/1289 3050/3028/48 3046/3026/1289
f 3051/3027/630 3049/3027/630 3045/3025/1013
f 3052/3028/48 3046/3026/1289 3050/3028/48
f 3051/3027/630 3053/3029/1290 3049/3027/630
f 3052/3028/48 3050/3028/48 3054/3030/1291
f 3055/3029/1290 3049/3027/630 3053/3029/1290
f 3050/3028/48 3056/3030/1291 3054/3030/1291
f 3057/3031/1292 3055/3029/1290 3053/3029/1290
f 3056/3030/1291 3058/3032/1044 3054/3030/1291
f 3059/3031/1292 3057/3031/1292 3053/3029/1290
f 3060/3032/1044 3054/3030/1291 3058/3032/1044
f 3059/3031/1292 3061/3033/653 3057/3031/1292
f 3060/3032/1044 3058/3032/1044 3062/3034/1002
f 3063/3033/653 3057/3031/1292 3061/3033/653
f 3058/3032/1044 3064/3034/1002 3062/3034/1002
f 3065/3035/1293 3063/3033/653 3061/3033/653
f 3064/3034/1002 3066/3036/1294 3062/3034/1002
f 3067/3035/1293 3065/3035/1293 3061/3033/653
f 3068/3036/1295 3062/3034/1002 3066/3036/1294
f 3067/3035/1293 3069/3037/1296 3065/3035/1293
f 3068/3036/1295 3066/3036/1294 3070/3038/1297
f 3071/3037/1296 3065/3035/1293 3069/3037/1296
f 3066/3036/1294 3072/3038/237 3070/3038/1297
f 3073/3039/993 3071/3037/1296 3069/3037/1296
f 3072/3038/237 3074/3040/483 3070/3038/1297
f 3075/3039/1298 3073/3039/993 3069/3037/1296
f 3076/3040/483 3070/3038/1297 3074/3040/483
f 3075/3039/1298 3077/3041/1299 3073/3039/993
f 3076/3040/483 3074/3040/483 3078/3042/1022
f 3079/3041/1299 3073/3039/993 3077/3041/1299
f 3074/3040/483 3080/3042/1022 3078/3042/1022
f 3081/3043/1300 3079/3041/1299 3077/3041/1299
f 3080/3042/1022 3082/3044/302 3078/3042/1022
f 3083/3043/1300 3081/3043/1300 3077/3041/1299
f 3084/3044/302 3078/3042/1022 3082/3044/302
f 3083/3043/1300 3085/3045/1301 3081/3043/1300
f 3084/3044/302 3082/3044/302 3086/3046/1302
f 3087/3045/1301 3081/3043/1300 3085/3045/1301
f 3082/3044/302 3088/3046/1302 3086/3046/1302
f 3089/3047/1303 3087/3045/1301 3085/3045/1301
f 3088/3046/1302 3090/3048/1304 3086/3046/1302
f 3091/3047/1303 3089/3047/1303 3085/3045/1301
f 3092/3048/1305 3086/3046/1302 3090/3048/1304
f 3091/3047/1303 3093/3049/1306 3089/3047/1303
f 3092/3048/1305 3090/3048/1304 3093/3049/1306
f 3094/3049/1306 3089/3047/1303 3093/3049/1306
f 3090/3048/1304 3094/3049/1306 3093/3049/1306
f 3097/3050/1 3095/3051/1 3096/3052/1
f 3097/3050/1 3098/3053/1 3095/3051/1
f 3097/3050/1 3096/3052/1 3099/3054/1
f 3097/3050/1 3100/3055/1 3098/3053/1
f 3097/3050/1 3099/3054/1 3101/3056/1
f 3097/3050/1 3102/3057/1 3100/3055/1
f 3097/3050/1 3101/3056/1 3103/3058/1
f 3097/3050/1 3104/3059/1 3102/3057/1
f 3097/3050/1 3103/3058/1 3105/3060/1
f 3097/3050/1 3106/3061/1 3104/3059/1
f 3097/3050/1 3105/3060/1 3107/3062/1
f 3097/3050/1 3108/3063/1 3106/3061/1
f 3097/3050/1 3107/3062/1 3109/3064/1
f 3097/3050/1 3110/3065/1 3108/3063/1
f 3097/3050/1 3109/3064/1 3111/3066/1
f 3097/3050/1 3112/3067/1 3110/3065/1
f 3097/3050/1 3111/3066/1 3113/3068/1
f 3097/3050/1 3114/3069/1 3112/3067/1
f 3097/3050/1 3113/3068/1 3115/3070/1
f 3097/3050/1 3116/3071/1 3114/3069/1
f 3097/3050/1 3115/3070/1 3117/3072/1
f 3097/3050/1 3118/3073/1 3116/3071/1
f 3097/3050/1 3117/3072/1 3119/3074/1
f 3097/3050/1 3120/3075/1 3118/3073/1
f 3097/3050/1 3119/3074/1 3121/3076/1
f 3097/3050/1 3122/3077/1 3120/3075/1
f 3097/3050/1 3121/3076/1 3123/3078/1
f 3097/3050/1 3124/3079/1 3122/3077/1
f 3097/3050/1 3123/3078/1 3125/3080/1
f 3097/3050/1 3126/3081/1 3124/3079/1
f 3097/3050/1 3125/3080/1 3127/3082/1
f 3097/3050/1 3128/3083/1 3126/3081/1
f 3097/3050/1 3127/3082/1 3129/3084/1
f 3097/3050/1 3130/3085/1 3128/3083/1
f 3097/3050/1 3129/3084/1 3131/3086/1
f 3097/3050/1 3132/3087/1 3130/3085/1
f 3097/3050/1 3131/3086/1 3133/3088/1
f 3097/3050/1 3134/3089/1 3132/3087/1
f 3097/3050/1 3133/3088/1 3135/3090/1
f 3097/3050/1 3136/3091/1 3134/3089/1
f 3097/3050/1 3135/3090/1 3137/3092/1
f 3097/3050/1 3138/3093/1 3136/3091/1
f 3097/3050/1 3137/3092/1 3139/3094/1
f 3097/3050/1 3140/3095/1 3138/3093/1
f 3097/3050/1 3139/3094/1 3141/3096/1
f 3097/3050/1 3142/3097/1 3140/3095/1
f 3097/3050/1 3141/3096/1 3143/3098/1
f 3097/3050/1 3144/3099/1 3142/3097/1
f 3097/3050/1 3143/3098/1 3145/3100/1
f 3097/3050/1 3146/3101/1 3144/3099/1
f 3097/3050/1 3145/3100/1 3147/3102/1
f 3097/3050/1 3148/3103/1 3146/3101/1
f 3097/3050/1 3147/3102/1 3149/3104/1
f 3097/3050/1 3150/3105/1 3148/3103/1
f 3097/3050/1 3149/3104/1 3151/3106/1
f 3097/3050/1 3152/3107/1 3150/3105/1
f 3097/3050/1 3151/3106/1 3153/3108/1
f 3097/3050/1 3154/3109/1 3152/3107/1
f 3097/3050/1 3153/3108/1 3155/3110/1
f 3097/3050/1 3155/3110/1 3154/3109/1
f 3158/3111/2 3156/3112/3 3157/3113/2
f 3159/3114/2 3156/3112/3 3158/3111/2
f 3157/3113/2 3156/3112/3 3160/3115/2
f 3161/3116/2 3156/3112/3 3159/3114/2
f 3160/3115/2 3156/3112/3 3162/3117/2
f 3163/3118/2 3156/3112/3 3161/3116/2
f 3162/3117/2 3156/3112/3 3164/3119/2
f 3165/3120/2 3156/3112/3 3163/3118/2
f 3164/3119/2 3156/3112/3 3166/3121/2
f 3167/3122/2 3156/3112/3 3165/3120/2
f 3166/3121/2 3156/3112/3 3168/3123/2
f 3169/3124/2 3156/3112/3 3167/3122/2
f 3168/3123/2 3156/3112/3 3170/3125/2
f 3171/3126/2 3156/3112/3 3169/3124/2
f 3170/3125/2 3156/3112/3 3172/3127/2
f 3173/3128/2 3156/3112/3 3171/3126/2
f 3172/3127/2 3156/3112/3 3174/3129/2
f 3175/3130/2 3156/3112/3 3173/3128/2
f 3174/3129/2 3156/3112/3 3176/3131/2
f 3177/3132/2 3156/3112/3 3175/3130/2
f 3176/3131/2 3156/3112/3 3178/3133/2
f 3179/3134/2 3156/3112/3 3177/3132/2
f 3178/3133/2 3156/3112/3 3180/3135/2
f 3181/3136/2 3156/3112/3 3179/3134/2
f 3180/3135/2 3156/3112/3 3182/3137/2
f 3183/3138/2 3156/3112/3 3181/3136/2
f 3182/3137/2 3156/3112/3 3184/3139/2
f 3185/3140/2 3156/3112/3 3183/3138/2
f 3184/3139/2 3156/3112/3 3186/3141/2
f 3187/3142/2 3156/3112/3 3185/3140/2
f 3186/3141/2 3156/3112/3 3188/3143/2
f 3189/3144/2 3156/3112/3 3187/3142/2
f 3188/3143/2 3156/3112/3 3190/3145/2
f 3191/3146/2 3156/3112/3 3189/3144/2
f 3190/3145/2 3156/3112/3 3192/3147/2
f 3193/3148/2 3156/3112/3 3191/3146/2
f 3192/3147/2 3156/3112/3 3194/3149/2
f 3195/3150/2 3156/3112/3 3193/3148/2
f 3194/3149/2 3156/3112/3 3196/3151/2
f 3197/3152/2 3156/3112/3 3195/3150/2
f 3196/3151/2 3156/3112/3 3198/3153/2
f 3199/3154/2 3156/3112/3 3197/3152/2
f 3198/3153/2 3156/3112/3 3200/3155/2
f 3201/3156/2 3156/3112/3 3199/3154/2
f 3200/3155/2 3156/3112/3 3202/3157/2
f 3203/3158/2 3156/3112/3 3201/3156/2
f 3202/3157/2 3156/3112/3 3204/3159/2
f 3205/3160/2 3156/3112/3 3203/3158/2
f 3204/3159/2 3156/3112/3 3206/3161/2
f 3207/3162/2 3156/3112/3 3205/3160/2
f 3206/3161/2 3156/3112/3 3208/3163/2
f 3209/3164/2 3156/3112/3 3207/3162/2
f 3208/3163/2 3156/3112/3 3210/3165/2
f 3211/3166/2 3156/3112/3 3209/3164/2
f 3210/3165/2 3156/3112/3 3212/3167/2
f 3213/3168/2 3156/3112/3 3211/3166/2
f 3212/3167/2 3156/3112/3 3214/3169/2
f 3215/3170/2 3156/3112/3 3213/3168/2
f 3214/3169/2 3156/3112/3 3216/3171/2
f 3216/3171/2 3156/3112/3 3215/3170/2
f 3219/3172/1 3217/3173/1 3218/3174/1
f 3219/3172/1 3218/3174/1 3220/3175/1
f 3223/3176/1 3221/3177/1 3222/3178/1
f 3224/3179/1 3222/3178/1 3221/3177/1
f 3227/3180/1 3225/3181/1 3226/3182/1
f 3228/3183/1 3226/3182/1 3225/3181/1
f 3231/3184/1 3229/3185/1 3230/3186/1
f 3232/3187/1 3230/3186/1 3229/3185/1
f 3235/3188/1 3233/3189/1 3234/3190/1
f 3236/3191/1 3234/3190/1 3233/3189/1
f 3239/3192/1 3237/3193/1 3238/3194/1
f 3240/3195/1 3238/3194/1 3237/3193/1
f 3237/3193/1 3241/3196/1 3240/3195/1
f 3242/3197/1 3240/3195/1 3241/3196/1
f 3229/3185/1 3243/3198/1 3232/3187/1
f 3244/3199/1 3232/3187/1 3243/3198/1
f 3247/3200/1 3245/3201/1 3246/3202/1
f 3245/3201/1 3247/3200/1 3248/3203/1
f 3251/3204/1 3249/3205/1 3250/3206/1
f 3252/3207/1 3250/3206/1 3249/3205/1
f 3253/3208/1 3244/3199/1 3243/3198/1
f 3254/3209/1 3244/3199/1 3253/3208/1
f 3257/3210/1 3255/3211/1 3256/3212/1
f 3258/3213/1 3256/3212/1 3255/3211/1
f 3261/3214/1 3259/3215/1 3260/3216/1
f 3261/3214/1 3260/3216/1 3262/3217/1
f 3220/3175/1 3218/3174/1 3263/3218/1
f 3264/3219/1 3263/3218/1 3218/3174/1
f 3241/3196/1 3257/3210/1 3242/3197/1
f 3256/3212/1 3242/3197/1 3257/3210/1
f 3238/3194/1 3231/3184/1 3239/3192/1
f 3230/3186/1 3239/3192/1 3231/3184/1
f 3247/3200/1 3265/3220/1 3248/3203/1
f 3266/3221/1 3248/3203/1 3265/3220/1
f 3269/3222/1 3267/3223/1 3268/3224/1
f 3270/3225/1 3268/3224/1 3267/3223/1
f 3273/3226/1 3271/3227/1 3272/3228/1
f 3273/3226/1 3272/3228/1 3274/3229/1
f 3277/3230/1 3275/3231/1 3276/3232/1
f 3275/3231/1 3277/3230/1 3278/3233/1
f 3251/3204/1 3276/3232/1 3249/3205/1
f 3277/3230/1 3276/3232/1 3251/3204/1
f 3267/3223/1 3279/3234/1 3270/3225/1
f 3280/3235/1 3270/3225/1 3279/3234/1
f 3221/3177/1 3223/3176/1 3252/3207/1
f 3250/3206/1 3252/3207/1 3223/3176/1
f 3282/3236/1 3281/3237/1 3224/3179/1
f 3222/3178/1 3224/3179/1 3281/3237/1
f 3273/3226/1 3274/3229/1 3283/3238/1
f 3284/3239/1 3283/3238/1 3274/3229/1
f 3255/3211/1 3285/3240/1 3258/3213/1
f 3286/3241/1 3258/3213/1 3285/3240/1
f 3268/3224/1 3254/3209/1 3269/3222/1
f 3253/3208/1 3269/3222/1 3254/3209/1
f 3281/3237/1 3282/3236/1 3227/3180/1
f 3225/3181/1 3227/3180/1 3282/3236/1
f 3288/3242/1 3287/3243/1 3235/3244/1
f 3233/3245/1 3235/3244/1 3287/3243/1
f 3265/3220/1 3289/3246/1 3266/3221/1
f 3290/3247/1 3266/3221/1 3289/3246/1
f 3289/3246/1 3259/3215/1 3290/3247/1
f 3261/3214/1 3290/3247/1 3259/3215/1
f 3226/3182/1 3228/3183/1 3291/3248/1
f 3292/3249/1 3291/3248/1 3228/3183/1
f 3295/3250/1 3293/3251/1 3294/3252/1
f 3296/3253/1 3294/3252/1 3293/3251/1
f 3299/3254/1 3297/3255/1 3298/3256/1
f 3300/3257/1 3298/3256/1 3297/3255/1
f 3303/3258/1 3301/3259/1 3302/3260/1
f 3304/3261/1 3302/3260/1 3301/3259/1
f 3301/3259/1 3305/3262/1 3304/3261/1
f 3306/3263/1 3304/3261/1 3305/3262/1
f 3293/3251/1 3307/3264/1 3296/3253/1
f 3308/3265/1 3296/3253/1 3307/3264/1
f 3311/3266/1 3309/3267/1 3310/3268/1
f 3312/3269/1 3310/3268/1 3309/3267/1
f 3315/3270/1 3313/3271/1 3314/3272/1
f 3316/3273/1 3314/3272/1 3313/3271/1
f 3319/3274/1 3317/3275/1 3318/3276/1
f 3320/3277/1 3318/3276/1 3317/3275/1
f 3321/3278/1 3308/3265/1 3307/3264/1
f 3322/3279/1 3308/3265/1 3321/3278/1
f 3325/3280/1 3323/3281/1 3324/3282/1
f 3326/3283/1 3324/3282/1 3323/3281/1
f 3329/3284/1 3327/3285/1 3328/3286/1
f 3329/3284/1 3328/3286/1 3330/3287/1
f 3333/3288/1 3331/3289/1 3332/3290/1
f 3334/3291/1 3332/3290/1 3331/3289/1
f 3337/3292/1 3335/3293/1 3336/3294/1
f 3338/3295/1 3336/3294/1 3335/3293/1
f 3341/3296/1 3339/3297/1 3340/3298/1
f 3342/3299/1 3340/3298/1 3339/3297/1
f 3305/3262/1 3325/3280/1 3306/3263/1
f 3324/3282/1 3306/3263/1 3325/3280/1
f 3302/3260/1 3295/3250/1 3303/3258/1
f 3294/3252/1 3303/3258/1 3295/3250/1
f 3345/3300/33 3343/3301/206 3344/3302/33
f 3348/3303/966 3346/3304/966 3347/3305/1307
f 3351/3306/1 3349/3307/1 3350/3308/1
f 3352/3309/1 3350/3308/1 3349/3307/1
f 3354/3310/1 3353/3311/1 3320/3277/1
f 3318/3276/1 3320/3277/1 3353/3311/1
f 3335/3293/1 3355/3312/1 3338/3295/1
f 3356/3313/1 3338/3295/1 3355/3312/1
f 3328/3286/1 3351/3306/1 3330/3287/1
f 3350/3308/1 3330/3287/1 3351/3306/1
f 3333/3288/1 3340/3298/1 3342/3299/1
f 3333/3288/1 3342/3299/1 3331/3289/1
f 3359/3314/1 3357/3315/1 3358/3316/1
f 3360/3317/1 3358/3316/1 3357/3315/1
f 3312/3269/1 3317/3275/1 3319/3274/1
f 3310/3268/1 3312/3269/1 3319/3274/1
f 3349/3307/1 3361/3318/1 3352/3309/1
f 3362/3319/1 3352/3309/1 3361/3318/1
f 3364/3320/1 3356/3313/1 3363/3321/1
f 3355/3312/1 3363/3321/1 3356/3313/1
f 3357/3315/1 3365/3322/1 3360/3317/1
f 3366/3323/1 3360/3317/1 3365/3322/1
f 3323/3281/1 3367/3324/1 3326/3283/1
f 3368/3325/1 3326/3283/1 3367/3324/1
f 3358/3316/1 3322/3279/1 3359/3314/1
f 3321/3278/1 3359/3314/1 3322/3279/1
f 3370/3326/1 3369/3327/1 3354/3310/1
f 3353/3311/1 3354/3310/1 3369/3327/1
f 3372/3328/1 3315/3270/1 3371/3329/1
f 3314/3272/1 3371/3329/1 3315/3270/1
f 3311/3266/1 3334/3291/1 3309/3267/1
f 3332/3290/1 3334/3291/1 3311/3266/1
f 3374/3330/1 3373/3331/1 3299/3332/1
f 3297/3333/1 3299/3332/1 3373/3331/1
f 3361/3318/1 3364/3320/1 3362/3319/1
f 3363/3321/1 3362/3319/1 3364/3320/1
f 3376/3334/1 3327/3285/1 3375/3335/1
f 3329/3284/1 3375/3335/1 3327/3285/1
f 3379/3336/1308 3377/3337/1308 3378/3338/1309
f 3380/3339/1002 3378/3338/1309 3377/3337/1308
f 3381/3340/234 3378/3338/1309 3380/3339/1002
f 3382/3341/234 3381/3340/234 3380/3339/1002
f 3381/3340/234 3382/3341/234 3383/3342/232
f 3384/3343/1310 3383/3342/232 3382/3341/234
f 3385/3344/765 3383/3342/232 3384/3343/1310
f 3386/3345/1311 3385/3344/765 3384/3343/1310
f 3387/3346/1312 3385/3344/765 3386/3345/1311
f 3388/3347/1312 3387/3346/1312 3386/3345/1311
f 3389/3348/1313 3387/3346/1312 3388/3347/1312
f 3390/3349/1314 3389/3348/1313 3388/3347/1312
f 3389/3348/1313 3390/3349/1314 3391/3350/620
f 3392/3351/620 3391/3350/620 3390/3349/1314
f 3393/3352/1315 3391/3350/620 3392/3351/620
f 3394/3353/1316 3393/3352/1315 3392/3351/620
f 3397/3354/1317 3395/3355/36 3396/3356/1317
f 3398/3357/36 3395/3355/36 3397/3354/1317
f 3395/3355/36 3398/3357/36 3399/3358/210
f 3400/3359/209 3399/3358/210 3398/3357/36
f 3400/3359/209 3401/3360/211 3399/3358/210
f 3402/3361/927 3401/3360/211 3400/3359/209
f 3397/3354/1317 3396/3356/1317 3403/3362/33
f 3396/3356/1317 3404/3363/541 3403/3362/33
f 3403/3362/33 3404/3363/541 3405/3364/1247
f 3406/3365/1318 3405/3364/1247 3404/3363/541
f 3405/3364/1247 3406/3365/1318 3407/3366/932
f 3406/3365/1318 3408/3367/932 3407/3366/932
f 3407/3366/932 3408/3367/932 3409/3368/1319
f 3410/3369/1319 3409/3368/1319 3408/3367/932
f 3409/3368/1319 3410/3369/1319 3411/3370/1320
f 3410/3369/1319 3412/3371/1321 3411/3370/1320
f 3275/3231/1 3278/3233/1 3271/3227/1
f 3272/3228/1 3271/3227/1 3278/3233/1
f 3415/3372/54 3413/3373/53 3414/3374/54
f 3416/3375/1322 3413/3373/53 3415/3372/54
f 3419/3376/1323 3417/3377/1324 3418/3378/1325
f 3420/3379/1326 3418/3378/1325 3417/3377/1324
f 3245/3380/1 3283/3238/1 3246/3381/1
f 3284/3239/1 3246/3381/1 3283/3238/1
f 3234/3190/1 3236/3191/1 3421/3382/1
f 3422/3383/1 3421/3382/1 3236/3191/1
f 3414/3374/54 3423/3384/1327 3424/3385/1327
f 3415/3372/54 3414/3374/54 3424/3385/1327
f 3426/3386/1328 3412/3387/1321 3425/3388/1328
f 3411/3389/1320 3412/3387/1321 3426/3386/1328
f 3429/3390/302 3427/3391/1329 3428/3392/1329
f 3430/3393/302 3429/3390/302 3428/3392/1329
f 3433/3394/1330 3431/3395/1331 3432/3396/1332
f 3434/3397/1333 3432/3396/1332 3431/3395/1331
f 3437/3398/540 3435/3399/1334 3436/3400/1335
f 3438/3401/1336 3436/3400/1335 3435/3399/1334
f 3435/3399/1334 3439/3402/1337 3438/3401/1336
f 3440/3403/1337 3438/3401/1336 3439/3402/1337
f 3431/3395/1331 3441/3404/1260 3434/3397/1333
f 3442/3405/1338 3434/3397/1333 3441/3404/1260
f 3445/3406/1339 3443/3407/583 3444/3408/583
f 3446/3409/1339 3445/3406/1339 3444/3408/583
f 3449/3410/1340 3447/3411/1329 3448/3412/1329
f 3450/3413/1340 3449/3410/1340 3448/3412/1329
f 3451/3414/1341 3401/3360/211 3402/3361/927
f 3452/3415/1342 3451/3414/1341 3402/3361/927
f 3455/3416/1343 3453/3417/1344 3454/3418/1344
f 3456/3419/1343 3455/3416/1343 3454/3418/1344
f 3459/3420/302 3457/3421/769 3458/3422/769
f 3460/3423/302 3459/3420/302 3458/3422/769
f 3462/3424/1345 3423/3384/1327 3461/3425/1345
f 3424/3385/1327 3423/3384/1327 3462/3424/1345
f 3465/3426/1322 3463/3427/1346 3464/3428/1322
f 3466/3429/1346 3464/3428/1322 3463/3427/1346
f 3425/3388/1328 3467/3430/1013 3468/3431/1013
f 3426/3386/1328 3425/3388/1328 3468/3431/1013
f 3470/3432/340 3465/3426/1322 3469/3433/340
f 3464/3428/1322 3469/3433/340 3465/3426/1322
f 3472/3434/1347 3470/3432/340 3471/3435/1347
f 3469/3433/340 3471/3435/1347 3470/3432/340
f 3448/3412/1329 3447/3411/1329 3460/3423/302
f 3459/3420/302 3460/3423/302 3447/3411/1329
f 3473/3436/28 3449/3410/1340 3450/3413/1340
f 3474/3437/873 3473/3436/28 3450/3413/1340
f 3477/3438/1348 3475/3439/1273 3476/3440/1348
f 3478/3441/1325 3476/3440/1348 3475/3439/1273
f 3379/3336/1308 3473/3436/28 3474/3437/873
f 3377/3337/1308 3379/3336/1308 3474/3437/873
f 3480/3442/1349 3453/3417/1344 3479/3443/1349
f 3454/3418/1344 3453/3417/1344 3480/3442/1349
f 3430/3393/302 3481/3444/769 3429/3390/302
f 3482/3445/1350 3481/3444/769 3430/3393/302
f 3484/3446/1351 3483/3447/1013 3446/3409/1339
f 3445/3406/1339 3446/3409/1339 3483/3447/1013
f 3417/3377/1324 3485/3448/1352 3420/3379/1326
f 3486/3449/1353 3420/3379/1326 3485/3448/1352
f 3480/3442/1349 3479/3443/1349 3482/3445/1350
f 3481/3444/769 3482/3445/1350 3479/3443/1349
f 3488/3450/1301 3487/3451/1301 3456/3419/1343
f 3455/3416/1343 3456/3419/1343 3487/3451/1301
f 3463/3427/1346 3433/3394/1330 3466/3429/1346
f 3432/3396/1332 3466/3429/1346 3433/3394/1330
f 3452/3415/1342 3489/3452/1354 3451/3414/1341
f 3490/3453/1355 3489/3452/1354 3452/3415/1342
f 3436/3454/1335 3477/3438/1348 3437/3455/540
f 3476/3440/1348 3437/3455/540 3477/3438/1348
f 3485/3456/1352 3393/3352/1315 3486/3457/1353
f 3394/3353/1316 3486/3457/1353 3393/3352/1315
f 3492/3458/859 3440/3403/1337 3491/3459/859
f 3439/3402/1337 3491/3459/859 3440/3403/1337
f 3462/3424/1345 3461/3425/1345 3490/3453/1355
f 3489/3452/1354 3490/3453/1355 3461/3425/1345
f 3279/3460/1 3493/3461/1 3280/3462/1
f 3494/3463/1 3280/3462/1 3493/3461/1
f 3493/3461/1 3495/3464/1 3494/3463/1
f 3496/3465/1 3494/3463/1 3495/3464/1
f 3288/3242/1 3286/3241/1 3287/3243/1
f 3285/3240/1 3287/3243/1 3286/3241/1
f 3291/3248/1 3292/3249/1 3264/3466/1
f 3263/3467/1 3264/3466/1 3292/3249/1
f 3499/3468/1013 3497/3469/1356 3498/3470/1357
f 3500/3471/1358 3499/3468/1013 3498/3470/1357
f 3503/3472/1315 3501/3473/620 3502/3474/1315
f 3504/3475/1359 3501/3473/620 3503/3472/1315
f 3507/3476/54 3505/3477/53 3506/3478/54
f 3508/3479/53 3505/3477/53 3507/3476/54
f 3511/3480/1360 3509/3481/1361 3510/3482/1362
f 3512/3483/1363 3509/3481/1361 3511/3480/1360
f 3298/3256/1 3300/3257/1 3370/3326/1
f 3369/3327/1 3370/3326/1 3300/3257/1
f 3515/3484/1324 3513/3485/452 3514/3486/1364
f 3516/3487/978 3513/3485/452 3515/3484/1324
f 3506/3478/54 3517/3488/1327 3518/3489/1347
f 3507/3476/54 3506/3478/54 3518/3489/1347
f 3497/3469/1356 3519/3490/1320 3520/3491/1365
f 3498/3470/1357 3497/3469/1356 3520/3491/1365
f 3523/3492/1315 3521/3493/1315 3522/3494/620
f 3521/3493/1315 3524/3495/620 3522/3494/620
f 3522/3494/620 3524/3495/620 3525/3496/1366
f 3526/3497/1366 3525/3496/1366 3524/3495/620
f 3525/3496/1366 3526/3497/1366 3527/3498/1367
f 3526/3497/1366 3528/3499/1367 3527/3498/1367
f 3527/3498/1367 3528/3499/1367 3529/3500/1368
f 3528/3499/1367 3530/3501/765 3529/3500/1368
f 3529/3500/1368 3530/3501/765 3531/3502/1310
f 3530/3501/765 3532/3503/1310 3531/3502/1310
f 3531/3502/1310 3532/3503/1310 3533/3504/234
f 3534/3505/234 3533/3504/234 3532/3503/1310
f 3533/3504/234 3534/3505/234 3535/3506/1002
f 3534/3505/234 3536/3507/1309 3535/3506/1002
f 3539/3508/1339 3537/3509/1339 3538/3510/1369
f 3540/3511/1351 3538/3510/1369 3537/3509/1339
f 3543/3512/1340 3541/3513/1329 3542/3514/1329
f 3544/3515/1340 3543/3512/1340 3542/3514/1329
f 3547/3516/1341 3545/3517/964 3546/3518/927
f 3548/3519/1341 3547/3516/1341 3546/3518/927
f 3549/3520/1370 3509/3481/1361 3512/3483/1363
f 3550/3521/765 3549/3520/1370 3512/3483/1363
f 3515/3484/1324 3514/3486/1364 3551/3522/1371
f 3552/3523/1372 3551/3522/1371 3514/3486/1364
f 3555/3524/302 3553/3525/769 3554/3526/769
f 3556/3527/302 3555/3524/302 3554/3526/769
f 3558/3528/1310 3557/3529/1310 3550/3521/765
f 3549/3520/1370 3550/3521/765 3557/3529/1310
f 3560/3530/1345 3517/3488/1327 3559/3531/1373
f 3518/3489/1347 3517/3488/1327 3560/3530/1345
f 3542/3514/1329 3541/3513/1329 3556/3527/302
f 3555/3524/302 3556/3527/302 3541/3513/1329
f 3511/3480/1360 3510/3482/1362 3504/3475/1359
f 3501/3473/620 3504/3475/1359 3510/3482/1362
f 3562/3532/1374 3345/3300/33 3561/3533/1374
f 3344/3302/33 3561/3533/1374 3345/3300/33
f 3563/3534/1375 3344/3302/33 3343/3301/206
f 3343/3301/206 3564/3535/207 3563/3534/1375
f 3565/3536/207 3563/3534/1375 3564/3535/207
f 3503/3472/1315 3502/3474/1315 3516/3487/978
f 3513/3485/452 3516/3487/978 3502/3474/1315
f 3566/3537/873 3543/3512/1340 3544/3515/1340
f 3567/3538/873 3566/3537/873 3544/3515/1340
f 3519/3490/1320 3568/3539/1319 3569/3540/1376
f 3520/3491/1365 3519/3490/1320 3569/3540/1376
f 3570/3541/1308 3566/3537/873 3567/3538/873
f 3571/3542/1308 3570/3541/1308 3567/3538/873
f 3573/3543/932 3562/3532/1374 3572/3544/932
f 3561/3533/1374 3572/3544/932 3562/3532/1374
f 3535/3506/1002 3536/3507/1309 3571/3542/1308
f 3570/3541/1308 3571/3542/1308 3536/3507/1309
f 3569/3540/1376 3568/3539/1319 3572/3544/932
f 3573/3543/932 3572/3544/932 3568/3539/1319
f 3548/3519/1341 3574/3545/1235 3547/3516/1341
f 3575/3546/1377 3574/3545/1235 3548/3519/1341
f 3577/3547/451 3521/3493/1315 3576/3548/1378
f 3523/3492/1315 3576/3548/1378 3521/3493/1315
f 3560/3530/1345 3559/3531/1373 3575/3546/1377
f 3574/3545/1235 3575/3546/1377 3559/3531/1373
f 3580/3549/1319 3578/3550/1321 3579/3551/1379
f 3581/3552/1319 3580/3549/1319 3579/3551/1379
f 3374/3330/1 3368/3325/1 3373/3331/1
f 3367/3324/1 3373/3331/1 3368/3325/1
f 3583/3553/1 3337/3292/1 3582/3554/1
f 3336/3294/1 3582/3554/1 3337/3292/1
f 3341/3296/1 3372/3328/1 3339/3297/1
f 3371/3329/1 3339/3297/1 3372/3328/1
f 3585/3555/1 3583/3553/1 3584/3556/1
f 3582/3554/1 3584/3556/1 3583/3553/1
f 3588/3557/1380 3586/3558/1344 3587/3559/1344
f 3589/3560/1380 3588/3557/1380 3587/3559/1344
f 3588/3557/1380 3589/3560/1380 3457/3561/769
f 3458/3562/769 3457/3561/769 3589/3560/1380
f 3590/3563/967 3487/3451/1301 3488/3450/1301
f 3591/3564/1381 3590/3563/967 3488/3450/1301
f 3591/3564/1381 3592/3565/1382 3590/3563/967
f 3593/3566/1382 3592/3565/1382 3591/3564/1381
f 3592/3565/1382 3593/3566/1382 3594/3567/1383
f 3595/3568/1384 3594/3567/1383 3593/3566/1382
f 3595/3568/1384 3596/3569/1385 3594/3567/1383
f 3597/3570/756 3596/3569/1385 3595/3568/1384
f 3598/3571/1150 3596/3569/1385 3597/3570/756
f 3599/3572/1150 3598/3571/1150 3597/3570/756
f 3598/3571/1150 3599/3572/1150 3600/3573/1386
f 3601/3574/1386 3600/3573/1386 3599/3572/1150
f 3602/3575/748 3600/3573/1386 3601/3574/1386
f 3603/3576/748 3602/3575/748 3601/3574/1386
f 3602/3575/748 3603/3576/748 3443/3577/583
f 3444/3578/583 3443/3577/583 3603/3576/748
f 3604/3579/234 3557/3529/1310 3558/3528/1310
f 3605/3580/234 3604/3579/234 3558/3528/1310
f 3604/3579/234 3605/3580/234 3606/3581/1002
f 3607/3582/1309 3606/3581/1002 3605/3580/234
f 3608/3583/1308 3606/3581/1002 3607/3582/1309
f 3609/3584/1308 3608/3583/1308 3607/3582/1309
f 3610/3585/583 3537/3509/1339 3539/3508/1339
f 3611/3586/583 3610/3585/583 3539/3508/1339
f 3610/3585/583 3611/3586/583 3612/3587/748
f 3613/3588/748 3612/3587/748 3611/3586/583
f 3614/3589/1386 3612/3587/748 3613/3588/748
f 3615/3590/1386 3614/3589/1386 3613/3588/748
f 3616/3591/1150 3614/3589/1386 3615/3590/1386
f 3617/3592/1387 3616/3591/1150 3615/3590/1386
f 3616/3591/1150 3617/3592/1387 3618/3593/1388
f 3619/3594/1389 3618/3593/1388 3617/3592/1387
f 3620/3595/1307 3618/3593/1388 3619/3594/1389
f 3347/3305/1307 3620/3595/1307 3619/3594/1389
f 3620/3595/1307 3347/3305/1307 3346/3304/966
f 3621/3596/967 3346/3304/966 3348/3303/966
f 3622/3597/967 3621/3596/967 3348/3303/966
f 3621/3596/967 3622/3597/967 3623/3598/1301
f 3624/3599/1301 3623/3598/1301 3622/3597/967
f 3625/3600/1343 3623/3598/1301 3624/3599/1301
f 3626/3601/1343 3625/3600/1343 3624/3599/1301
f 3625/3600/1343 3626/3601/1343 3627/3602/1390
f 3628/3603/1344 3627/3602/1390 3626/3601/1343
f 3629/3604/1349 3627/3602/1390 3628/3603/1344
f 3630/3605/1380 3629/3604/1349 3628/3603/1344
f 3629/3604/1349 3630/3605/1380 3553/3606/769
f 3554/3607/769 3553/3606/769 3630/3605/1380
f 3633/3608/1330 3631/3609/1330 3632/3610/1346
f 3632/3610/1346 3631/3609/1330 3634/3611/1346
f 3632/3610/1346 3634/3611/1346 3416/3612/1322
f 3413/3613/53 3416/3612/1322 3634/3611/1346
f 3637/3614/209 3635/3615/927 3636/3616/209
f 3638/3617/927 3636/3616/209 3635/3615/927
f 3635/3615/927 3639/3618/1341 3638/3617/927
f 3640/3619/1341 3638/3617/927 3639/3618/1341
f 3639/3618/1341 3641/3620/1391 3640/3619/1341
f 3642/3621/1172 3640/3619/1341 3641/3620/1391
f 3641/3620/1391 3643/3622/1345 3642/3621/1172
f 3644/3623/1345 3642/3621/1172 3643/3622/1345
f 3643/3622/1345 3472/3624/1347 3644/3623/1345
f 3471/3625/1347 3644/3623/1345 3472/3624/1347
f 3491/3459/859 3645/3626/1392 3492/3458/859
f 3646/3627/1392 3492/3458/859 3645/3626/1392
f 3645/3626/1392 3647/3628/1393 3646/3627/1392
f 3648/3629/1394 3646/3627/1392 3647/3628/1393
f 3647/3628/1393 3649/3630/1395 3648/3629/1394
f 3650/3631/1395 3648/3629/1394 3649/3630/1395
f 3649/3630/1395 3651/3632/566 3650/3631/1395
f 3652/3633/566 3650/3631/1395 3651/3632/566
f 3651/3632/566 3442/3405/1338 3652/3633/566
f 3441/3404/1260 3652/3633/566 3442/3405/1338
f 3655/3634/234 3653/3635/234 3654/3636/1002
f 3656/3637/1002 3654/3636/1002 3653/3635/234
f 3657/3638/1308 3654/3636/1002 3656/3637/1002
f 3658/3639/1308 3657/3638/1308 3656/3637/1002
f 3658/3639/1308 3659/3640/873 3657/3638/1308
f 3660/3641/28 3659/3640/873 3658/3639/1308
f 3661/3642/1340 3659/3640/873 3660/3641/28
f 3662/3643/1340 3661/3642/1340 3660/3641/28
f 3661/3642/1340 3662/3643/1340 3427/3644/1329
f 3428/3645/1329 3427/3644/1329 3662/3643/1340
f 3665/3646/1372 3663/3647/1371 3664/3648/1396
f 3664/3648/1396 3663/3647/1371 3666/3649/1396
f 3664/3648/1396 3666/3649/1396 3667/3650/540
f 3666/3649/1396 3668/3651/540 3667/3650/540
f 3667/3650/540 3668/3651/540 3669/3652/1336
f 3669/3652/1336 3668/3651/540 3670/3653/1336
f 3669/3652/1336 3670/3653/1336 3671/3654/1337
f 3670/3653/1336 3672/3655/1337 3671/3654/1337
f 3671/3654/1337 3672/3655/1337 3673/3656/859
f 3673/3656/859 3672/3655/1337 3674/3657/1397
f 3673/3656/859 3674/3657/1397 3675/3658/1398
f 3676/3659/1398 3675/3658/1398 3674/3657/1397
f 3675/3658/1398 3676/3659/1398 3677/3660/1399
f 3677/3660/1399 3676/3659/1398 3678/3661/1399
f 3677/3660/1399 3678/3661/1399 3679/3662/1395
f 3680/3663/1395 3679/3662/1395 3678/3661/1399
f 3679/3662/1395 3680/3663/1395 3681/3664/1400
f 3681/3664/1400 3680/3663/1395 3682/3665/1400
f 3681/3664/1400 3682/3665/1400 3683/3666/1338
f 3684/3667/1338 3683/3666/1338 3682/3665/1400
f 3683/3666/1338 3684/3667/1338 3685/3668/1331
f 3685/3668/1331 3684/3667/1338 3686/3669/1331
f 3685/3668/1331 3686/3669/1331 3687/3670/1330
f 3688/3671/1401 3687/3670/1330 3686/3669/1331
f 3687/3670/1330 3688/3671/1401 3689/3672/1402
f 3689/3672/1402 3688/3671/1401 3690/3673/1402
f 3689/3672/1402 3690/3673/1402 3508/3674/53
f 3505/3675/53 3508/3674/53 3690/3673/1402
f 3693/3676/1317 3691/3677/1317 3692/3678/33
f 3691/3677/1317 3694/3679/33 3692/3678/33
f 3692/3678/33 3694/3679/33 3695/3680/1403
f 3696/3681/1247 3695/3680/1403 3694/3679/33
f 3695/3680/1403 3696/3681/1247 3697/3682/932
f 3696/3681/1247 3698/3683/932 3697/3682/932
f 3580/3549/1319 3581/3552/1319 3698/3683/932
f 3697/3682/932 3698/3683/932 3581/3552/1319
f 3564/3535/207 3699/3684/209 3565/3536/207
f 3700/3685/209 3565/3536/207 3699/3684/209
f 3699/3684/209 3701/3686/927 3700/3685/209
f 3702/3687/927 3700/3685/209 3701/3686/927
f 3701/3686/927 3703/3688/1341 3702/3687/927
f 3704/3689/1341 3702/3687/927 3703/3688/1341
f 3693/3676/1317 3705/3690/36 3691/3677/1317
f 3706/3691/36 3705/3690/36 3693/3676/1317
f 3705/3690/36 3706/3691/36 3707/3692/209
f 3708/3693/209 3707/3692/209 3706/3691/36
f 3708/3693/209 3545/3517/964 3707/3692/209
f 3546/3518/927 3545/3517/964 3708/3693/209
f 3711/3694/3 3709/3695/2 3710/3696/2
f 3711/3694/3 3710/3696/2 3712/3697/2
f 3711/3694/3 3713/3698/2 3714/3699/2
f 3711/3694/3 3714/3699/2 3715/3700/2
f 3711/3694/3 3716/3701/2 3717/3702/2
f 3711/3694/3 3717/3702/2 3718/3703/2
f 3711/3694/3 3712/3697/2 3719/3704/2
f 3711/3694/3 3719/3704/2 3720/3705/2
f 3711/3694/3 3720/3705/2 3721/3706/2
f 3711/3694/3 3721/3706/2 3722/3707/2
f 3711/3694/3 3723/3708/2 3724/3709/2
f 3711/3694/3 3722/3707/2 3723/3708/2
f 3711/3694/3 3725/3710/2 3726/3711/2
f 3711/3694/3 3724/3709/2 3725/3710/2
f 3711/3694/3 3727/3712/2 3728/3713/2
f 3711/3694/3 3728/3713/2 3709/3695/2
f 3711/3694/3 3729/3714/2 3727/3712/2
f 3711/3694/3 3730/3715/2 3729/3714/2
f 3711/3694/3 3731/3716/2 3730/3715/2
f 3711/3694/3 3732/3717/2 3731/3716/2
f 3711/3694/3 3733/3718/2 3732/3717/2
f 3711/3694/3 3734/3719/2 3733/3718/2
f 3711/3694/3 3735/3720/2 3734/3719/2
f 3711/3694/3 3736/3721/2 3735/3720/2
f 3711/3694/3 3737/3722/2 3736/3721/2
f 3711/3694/3 3738/3723/2 3737/3722/2
f 3711/3694/3 3739/3724/2 3738/3723/2
f 3711/3694/3 3740/3725/2 3739/3724/2
f 3711/3694/3 3741/3726/2 3740/3725/2
f 3711/3694/3 3742/3727/2 3741/3726/2
f 3711/3694/3 3743/3728/2 3742/3727/2
f 3711/3694/3 3744/3729/2 3743/3728/2
f 3711/3694/3 3718/3703/2 3744/3729/2
f 3711/3694/3 3715/3700/2 3716/3701/2
f 3711/3694/3 3745/3730/2 3746/3731/2
f 3711/3694/3 3747/3732/2 3745/3730/2
f 3711/3694/3 3748/3733/2 3747/3732/2
f 3711/3694/3 3749/3734/2 3748/3733/2
f 3711/3694/3 3726/3711/2 3749/3734/2
f 3752/3735/3 3750/3736/2 3751/3737/2
f 3752/3735/3 3753/3738/2 3750/3736/2
f 3752/3735/3 3754/3739/2 3753/3738/2
f 3752/3735/3 3755/3740/2 3754/3739/2
f 3752/3735/3 3756/3741/2 3755/3740/2
f 3752/3735/3 3757/3742/2 3756/3741/2
f 3752/3735/3 3758/3743/2 3757/3742/2
f 3752/3735/3 3759/3744/2 3758/3743/2
f 3752/3735/3 3760/3745/2 3759/3744/2
f 3752/3735/3 3761/3746/2 3760/3745/2
f 3752/3735/3 3762/3747/2 3761/3746/2
f 3752/3735/3 3763/3748/2 3762/3747/2
f 3752/3735/3 3764/3749/2 3763/3748/2
f 3752/3735/3 3765/3750/2 3764/3749/2
f 3752/3735/3 3766/3751/2 3765/3750/2
f 3752/3735/3 3767/3752/2 3766/3751/2
f 3752/3735/3 3768/3753/2 3767/3752/2
f 3752/3735/3 3769/3754/2 3768/3753/2
f 3752/3735/3 3770/3755/2 3769/3754/2
f 3752/3735/3 3771/3756/2 3770/3755/2
f 3752/3735/3 3772/3757/2 3771/3756/2
f 3752/3735/3 3773/3758/2 3772/3757/2
f 3752/3735/3 3774/3759/2 3773/3758/2
f 3752/3735/3 3775/3760/2 3774/3759/2
f 3752/3735/3 3776/3761/2 3775/3760/2
f 3752/3735/3 3777/3762/2 3776/3761/2
f 3752/3735/3 3778/3763/2 3777/3762/2
f 3752/3735/3 3779/3764/2 3778/3763/2
f 3752/3735/3 3780/3765/2 3779/3764/2
f 3752/3735/3 3781/3766/2 3780/3765/2
f 3752/3735/3 3782/3767/2 3781/3766/2
f 3752/3735/3 3783/3768/2 3782/3767/2
f 3752/3735/3 3784/3769/2 3783/3768/2
f 3752/3735/3 3785/3770/2 3784/3769/2
f 3752/3735/3 3786/3771/2 3785/3770/2
f 3752/3735/3 3787/3772/2 3786/3771/2
f 3752/3735/3 3788/3773/2 3787/3772/2
f 3752/3735/3 3789/3774/2 3788/3773/2
f 3752/3735/3 3790/3775/2 3789/3774/2
f 3793/3776/2 3791/3777/2 3792/3778/2
f 3794/3779/2 3792/3778/2 3791/3777/2
f 3797/3780/1 3795/3781/1 3796/3782/1
f 3795/3781/1 3797/3780/1 3798/3783/1
f 3801/3784/1404 3799/3785/1404 3800/3786/1404
f 3802/3787/1404 3800/3786/1404 3799/3785/1404
f 3805/3788/1405 3803/3789/1405 3804/3790/1406
f 3806/3791/1405 3804/3790/1406 3803/3789/1405
f 3809/3792/1407 3807/3793/1407 3808/3794/1407
f 3810/3795/1407 3809/3792/1407 3808/3794/1407
f 3813/3796/1408 3811/3797/1408 3812/3798/1408
f 3814/3799/1408 3811/3797/1408 3813/3796/1408
f 3817/3800/2 3815/3801/2 3816/3802/2
f 3818/3803/2 3816/3802/2 3815/3801/2
f 3821/3804/1 3819/3805/1 3820/3806/1
f 3819/3805/1 3821/3804/1 3822/3807/1
f 3825/3808/897 3823/3809/897 3824/3810/897
f 3826/3811/897 3825/3808/897 3824/3810/897
f 3829/3812/982 3827/3813/982 3828/3814/982
f 3830/3815/982 3827/3813/982 3829/3812/982
f 3833/3816/2 3831/3817/2 3832/3818/2
f 3834/3819/2 3832/3818/2 3831/3817/2
f 3837/3820/1 3835/3821/1 3836/3822/1
f 3838/3823/1 3835/3821/1 3837/3820/1
f 3841/3824/1198 3839/3825/1198 3840/3826/1198
f 3842/3827/1198 3840/3826/1198 3839/3825/1198
f 3845/3828/1229 3843/3829/1229 3844/3830/1229
f 3846/3831/1229 3844/3830/1229 3843/3829/1229
f 3849/3832/1409 3847/3833/1409 3848/3834/1409
f 3848/3834/1409 3850/3835/1409 3849/3832/1409
f 3853/3836/1410 3851/3837/1410 3852/3838/1410
f 3854/3839/1410 3852/3838/1410 3851/3837/1410
f 3857/3840/1411 3855/3841/1411 3856/3842/1411
f 3858/3843/1412 3857/3840/1411 3856/3842/1411
f 3861/3844/1008 3859/3845/1008 3860/3846/1008
f 3862/3847/1008 3859/3845/1008 3861/3844/1008
f 3865/3848/2 3863/3849/2 3864/3850/2
f 3866/3851/2 3864/3850/2 3863/3849/2
f 3869/3852/1 3867/3853/1 3868/3854/1
f 3870/3855/1 3868/3854/1 3867/3853/1
f 3873/3856/1413 3871/3857/1413 3872/3858/1413
f 3872/3858/1413 3874/3859/1413 3873/3856/1413
f 3877/3860/1414 3875/3861/1414 3876/3862/1414
f 3878/3863/1415 3876/3862/1414 3875/3861/1414
f 3881/3864/742 3879/3865/742 3880/3866/742
f 3882/3867/742 3881/3864/742 3880/3866/742
f 3885/3868/61 3883/3869/61 3884/3870/61
f 3886/3871/61 3883/3869/61 3885/3868/61
f 3889/3872/308 3887/3873/2 3888/3874/2
f 3888/3874/2 3890/3875/2 3889/3872/308
f 3893/3876/1 3891/3877/1 3892/3878/1
f 3894/3879/1 3892/3878/1 3891/3877/1
f 3897/3880/1299 3895/3881/1299 3896/3882/1299
f 3898/3883/1299 3896/3882/1299 3895/3881/1299
f 3901/3884/1262 3899/3885/1416 3900/3886/1262
f 3902/3887/1262 3899/3885/1416 3901/3884/1262
f 3905/3888/1417 3903/3889/1417 3904/3890/1417
f 3906/3891/1417 3905/3888/1417 3904/3890/1417
f 3909/3892/746 3907/3893/746 3908/3894/746
f 3910/3895/746 3907/3893/746 3909/3892/746
f 3913/3896/2 3911/3897/2 3912/3898/2
f 3914/3899/2 3912/3898/2 3911/3897/2
f 3917/3900/1 3915/3901/1 3916/3902/1
f 3918/3903/1 3916/3902/1 3915/3901/1
f 3921/3904/1350 3919/3905/1350 3920/3906/769
f 3922/3907/769 3920/3906/769 3919/3905/1350
f 3925/3908/53 3923/3909/53 3924/3910/1322
f 3926/3911/1322 3924/3910/1322 3923/3909/53
f 3929/3912/1418 3927/3913/1418 3928/3914/1418
f 3930/3915/1418 3929/3912/1418 3928/3914/1418
f 3933/3916/926 3931/3917/926 3932/3918/926
f 3934/3919/926 3931/3917/926 3933/3916/926
f 3937/3920/2 3935/3921/2 3936/3922/2
f 3938/3923/2 3936/3922/2 3935/3921/2
f 3941/3924/2 3939/3925/2 3940/3926/2
f 3940/3926/2 3942/3927/2 3941/3924/2
f 3945/3928/1 3943/3929/1 3944/3930/1
f 3946/3931/1 3943/3929/1 3945/3928/1
f 3949/3932/1 3947/3933/1 3948/3934/1
f 3950/3935/1 3948/3934/1 3947/3933/1
f 3953/3936/1419 3951/3937/1419 3952/3938/1419
f 3954/3939/1419 3953/3936/1419 3952/3938/1419
f 3957/3940/688 3955/3941/688 3956/3942/688
f 3958/3943/688 3955/3941/688 3957/3940/688
f 3961/3944/2 3959/3945/2 3960/3946/2
f 3960/3946/2 3962/3947/2 3961/3944/2
f 3965/3948/1 3963/3949/1 3964/3950/1
f 3966/3951/1 3963/3949/1 3965/3948/1
f 3969/3952/1420 3967/3953/1420 3968/3954/1420
f 3968/3954/1420 3970/3955/1420 3969/3952/1420
f 3973/3956/1421 3971/3957/1421 3972/3958/1421
f 3974/3959/1421 3972/3958/1421 3971/3957/1421
f 3977/3960/1422 3975/3961/1422 3976/3962/1422
f 3978/3963/1422 3976/3962/1422 3975/3961/1422
f 3981/3964/1423 3979/3965/1423 3980/3966/1423
f 3982/3967/1423 3980/3966/1423 3979/3965/1423
f 3985/3968/1328 3983/3969/1328 3984/3970/1356
f 3984/3970/1356 3986/3971/1356 3985/3968/1328
f 3989/3972/1324 3987/3973/1424 3988/3974/1324
f 3990/3975/1324 3988/3974/1324 3987/3973/1424
f 3993/3976/300 3991/3977/300 3992/3978/300
f 3994/3979/300 3993/3976/300 3992/3978/300
f 3997/3980/1425 3995/3981/1425 3996/3982/1425
f 3998/3983/1425 3995/3981/1425 3997/3980/1425
f 4001/3984/1020 3999/3985/1020 4000/3986/1020
f 4002/3987/1020 4001/3984/1020 4000/3986/1020
f 4005/3988/1426 4003/3989/1426 4004/3990/1426
f 4006/3991/1427 4003/3989/1426 4005/3988/1426
f 4009/3992/3 4007/3993/2 4008/3994/2
f 4010/3995/2 4008/3994/2 4007/3993/2
f 4013/3996/1 4011/3997/1 4012/3998/1
f 4014/3999/1 4011/3997/1 4013/3996/1
f 4017/4000/1428 4015/4001/1428 4016/4002/1428
f 4018/4003/1428 4016/4002/1428 4015/4001/1428
f 4021/4004/1429 4019/4005/1429 4020/4006/1429
f 4022/4007/1429 4020/4006/1429 4019/4005/1429
f 4025/4008/1430 4023/4009/1430 4024/4010/1430
f 4026/4011/1430 4025/4008/1430 4024/4010/1430
f 4029/4012/1431 4027/4013/1432 4028/4014/1431
f 4030/4015/1431 4027/4013/1432 4029/4012/1431
f 4033/4016/2 4031/4017/2 4032/4018/2
f 4034/4019/2 4032/4018/2 4031/4017/2
f 4037/4020/1 4035/4021/1 4036/4022/1
f 4035/4021/1 4037/4020/1 4038/4023/1
f 4041/4024/1433 4039/4025/1433 4040/4026/1434
f 4042/4027/1433 4040/4026/1434 4039/4025/1433
f 4045/4028/1435 4043/4029/1435 4044/4030/1435
f 4046/4031/1435 4044/4030/1435 4043/4029/1435
f 4049/4032/1436 4047/4033/1436 4048/4034/1436
f 4050/4035/1436 4049/4032/1436 4048/4034/1436
f 4053/4036/1437 4051/4037/1437 4052/4038/1437
f 4054/4039/1437 4051/4037/1437 4053/4036/1437
f 4057/4040/2 4055/4041/2 4056/4042/2
f 4058/4043/2 4056/4042/2 4055/4041/2
f 4061/4044/1 4059/4045/1 4060/4046/1
f 4059/4045/1 4061/4044/1 4062/4047/1
f 4065/4048/1438 4063/4049/1438 4064/4050/1438
f 4066/4051/1438 4064/4050/1438 4063/4049/1438
f 4069/4052/1439 4067/4053/1439 4068/4054/1439
f 4070/4055/1439 4068/4054/1439 4067/4053/1439
f 4073/4056/1440 4071/4057/1440 4072/4058/1440
f 4074/4059/1440 4073/4056/1440 4072/4058/1440
f 4077/4060/1441 4075/4061/1442 4076/4062/1441
f 4078/4063/1441 4077/4060/1441 4076/4062/1441
f 4081/4064/2 4079/4065/2 4080/4066/2
f 4082/4067/2 4080/4066/2 4079/4065/2
f 4085/4068/1 4083/4069/1 4084/4070/1
f 4086/4071/1 4084/4070/1 4083/4069/1
f 4089/4072/932 4087/4073/932 4088/4074/932
f 4090/4075/932 4088/4074/932 4087/4073/932
f 4093/4076/1359 4091/4077/620 4092/4078/620
f 4094/4079/1359 4092/4078/620 4091/4077/620
f 4097/4080/1443 4095/4081/1443 4096/4082/1443
f 4098/4083/1443 4097/4080/1443 4096/4082/1443
f 4101/4084/1444 4099/4085/1444 4100/4086/1444
f 4102/4087/1445 4099/4085/1444 4101/4084/1444
f 4105/4088/2 4103/4089/2 4104/4090/2
f 4106/4091/2 4104/4090/2 4103/4089/2
f 4109/4092/1 4107/4093/1 4108/4094/1
f 4110/4095/1 4108/4094/1 4107/4093/1
f 4113/4096/1446 4111/4097/1447 4112/4098/1447
f 4114/4099/1448 4112/4098/1447 4111/4097/1447
f 4117/4100/939 4115/4101/939 4116/4102/939
f 4118/4103/939 4116/4102/939 4115/4101/939
f 4121/4104/1263 4119/4105/1263 4120/4106/1263
f 4122/4107/1263 4121/4104/1263 4120/4106/1263
f 4125/4108/11 4123/4109/11 4124/4110/11
f 4126/4111/11 4125/4108/11 4124/4110/11
f 4129/4112/3 4127/4113/2 4128/4114/3
f 4130/4115/2 4127/4113/2 4129/4112/3
f 4133/4116/1 4131/4117/1 4132/4118/1
f 4134/4119/1 4132/4118/1 4131/4117/1
f 4137/4120/1449 4135/4121/1449 4136/4122/1449
f 4138/4123/1449 4137/4120/1449 4136/4122/1449
f 4141/4124/1450 4139/4125/1450 4140/4126/1450
f 4142/4127/1450 4139/4125/1450 4141/4124/1450
f 4145/4128/2 4143/4129/2 4144/4130/2
f 4146/4131/2 4144/4130/2 4143/4129/2
f 4149/4132/1 4147/4133/1 4148/4134/1
f 4150/4135/1 4148/4134/1 4147/4133/1
f 4153/4136/1451 4151/4137/1451 4152/4138/1452
f 4154/4139/1451 4152/4138/1452 4151/4137/1451
f 4157/4140/1004 4155/4141/1004 4156/4142/1004
f 4158/4143/1004 4155/4141/1004 4157/4140/1004
f 4161/4144/1279 4159/4145/1279 4160/4146/1279
f 4160/4146/1279 4162/4147/1279 4161/4144/1279
f 4165/4148/1285 4163/4149/1285 4164/4150/1285
f 4166/4151/1285 4164/4150/1285 4163/4149/1285
f 4169/4152/1453 4167/4153/388 4168/4154/1453
f 4170/4155/845 4169/4152/1453 4168/4154/1453
f 4173/4156/1454 4171/4157/1454 4172/4158/239
f 4174/4159/1455 4171/4157/1454 4173/4156/1454
f 4177/4160/2 4175/4161/2 4176/4162/3
f 4178/4163/3 4176/4162/3 4175/4161/2
f 4181/4164/1 4179/4165/1 4180/4166/1
f 4182/4167/1 4180/4166/1 4179/4165/1
f 4185/4168/22 4183/4169/22 4184/4170/22
f 4184/4170/22 4186/4171/22 4185/4168/22
f 4189/4172/925 4187/4173/925 4188/4174/925
f 4190/4175/925 4188/4174/925 4187/4173/925
f 4193/4176/1456 4191/4177/1456 4192/4178/1456
f 4194/4179/1456 4193/4176/1456 4192/4178/1456
f 4197/4180/343 4195/4181/342 4196/4182/342
f 4198/4183/342 4195/4181/342 4197/4180/343
f 4201/4184/2 4199/4185/2 4200/4186/2
f 4202/4187/2 4200/4186/2 4199/4185/2
f 4205/4188/1 4203/4189/1 4204/4190/1
f 4206/4191/1 4204/4190/1 4203/4189/1
f 4209/4192/27 4207/4193/27 4208/4194/27
f 4210/4195/27 4208/4194/27 4207/4193/27
f 4213/4196/1159 4211/4197/1159 4212/4198/1159
f 4214/4199/1159 4211/4197/1159 4213/4196/1159
f 4217/4200/685 4215/4201/685 4216/4202/685
f 4218/4203/685 4217/4200/685 4216/4202/685
f 4221/4204/1344 4219/4205/1344 4220/4206/1344
f 4222/4207/1344 4219/4205/1344 4221/4204/1344
f 4225/4208/3 4223/4209/3 4224/4210/3
f 4226/4211/2 4223/4209/3 4225/4208/3
f 4229/4212/1 4227/4213/1 4228/4214/1
f 4230/4215/1 4228/4214/1 4227/4213/1
f 4233/4216/605 4231/4217/605 4232/4218/605
f 4234/4219/605 4232/4218/605 4231/4217/605
f 4237/4220/1457 4235/4221/1457 4236/4222/1457
f 4238/4223/1457 4236/4222/1457 4235/4221/1457
f 4241/4224/217 4239/4225/1458 4240/4226/217
f 4242/4227/244 4241/4224/217 4240/4226/217
f 4245/4228/1001 4243/4229/1001 4244/4230/1001
f 4246/4231/1001 4243/4229/1001 4245/4228/1001
f 4249/4232/2 4247/4233/2 4248/4234/2
f 4250/4235/2 4247/4233/2 4249/4232/2
f 4253/4236/2 4251/4237/2 4252/4238/2
f 4254/4239/2 4252/4238/2 4251/4237/2
f 4257/4240/1 4255/4241/1 4256/4242/1
f 4258/4243/1 4256/4242/1 4255/4241/1
f 4261/4244/1 4259/4245/1 4260/4246/1
f 4262/4247/1 4260/4246/1 4259/4245/1
f 4265/4248/1459 4263/4249/1459 4264/4250/1459
f 4266/4251/1459 4265/4248/1459 4264/4250/1459
f 4269/4252/1460 4267/4253/1460 4268/4254/1460
f 4270/4255/1460 4267/4253/1460 4269/4252/1460
f 4273/4256/2 4271/4257/2 4272/4258/2
f 4274/4259/2 4272/4258/2 4271/4257/2
f 4277/4260/1 4275/4261/1 4276/4262/1
f 4278/4263/1 4276/4262/1 4275/4261/1
f 4281/4264/1461 4279/4265/1461 4280/4266/1462
f 4280/4266/1462 4282/4267/1461 4281/4264/1461
f 4285/4268/1463 4283/4269/1463 4284/4270/1463
f 4286/4271/1463 4284/4270/1463 4283/4269/1463
f 4289/4272/656 4287/4273/656 4288/4274/656
f 4290/4275/656 4288/4274/656 4287/4273/656
f 4293/4276/726 4291/4277/726 4292/4278/726
f 4294/4279/726 4291/4277/726 4293/4276/726
f 4297/4280/483 4295/4281/483 4296/4282/483
f 4296/4282/483 4298/4283/483 4297/4280/483
f 4301/4284/487 4299/4285/488 4300/4286/488
f 4302/4287/488 4300/4286/488 4299/4285/488
f 4305/4288/1464 4303/4289/1464 4304/4290/1464
f 4306/4291/1464 4305/4288/1464 4304/4290/1464
f 4309/4292/1465 4307/4293/1465 4308/4294/1465
f 4310/4295/1465 4307/4293/1465 4309/4292/1465
f 4313/4296/1466 4311/4297/1466 4312/4298/1466
f 4314/4299/1466 4313/4296/1466 4312/4298/1466
f 4317/4300/1296 4315/4301/1296 4316/4302/1296
f 4318/4303/1296 4315/4301/1296 4317/4300/1296
f 4321/4304/2 4319/4305/2 4320/4306/2
f 4322/4307/2 4320/4306/2 4319/4305/2
f 4325/4308/1 4323/4309/1 4324/4310/1
f 4326/4311/1 4324/4310/1 4323/4309/1
f 4329/4312/893 4327/4313/893 4328/4314/893
f 4330/4315/893 4328/4314/893 4327/4313/893
f 4333/4316/795 4331/4317/795 4332/4318/795
f 4334/4319/795 4331/4317/795 4333/4316/795
f 4337/4320/1467 4335/4321/1467 4336/4322/1468
f 4338/4323/1468 4337/4320/1467 4336/4322/1468
f 4341/4324/1469 4339/4325/1469 4340/4326/1469
f 4342/4327/1469 4339/4325/1469 4341/4324/1469
f 4345/4328/2 4343/4329/3 4344/4330/2
f 4343/4329/3 4345/4328/2 4346/4331/3
f 4349/4332/1 4347/4333/1 4348/4334/1
f 4350/4335/1 4348/4334/1 4347/4333/1
f 4353/4336/1405 4351/4337/1406 4352/4338/1406
f 4354/4339/1405 4352/4338/1406 4351/4337/1406
f 4357/4340/1404 4355/4341/1404 4356/4342/1404
f 4358/4343/1404 4356/4342/1404 4355/4341/1404
f 4361/4344/648 4359/4345/1470 4360/4346/1470
f 4362/4347/648 4361/4344/648 4360/4346/1470
f 4365/4348/1308 4363/4349/1308 4364/4350/1308
f 4366/4351/1308 4363/4349/1308 4365/4348/1308
f 4369/4352/2 4367/4353/2 4368/4354/2
f 4370/4355/2 4368/4354/2 4367/4353/2
f 4373/4356/1 4371/4357/1 4372/4358/1
f 4374/4359/1 4372/4358/1 4371/4357/1
f 4377/4360/1471 4375/4361/1471 4376/4362/1471
f 4378/4363/1471 4376/4362/1471 4375/4361/1471
f 4381/4364/1472 4379/4365/1472 4380/4366/1472
f 4382/4367/1472 4380/4366/1472 4379/4365/1472
f 4385/4368/1473 4383/4369/1473 4384/4370/1473
f 4386/4371/1473 4385/4368/1473 4384/4370/1473
f 4389/4372/967 4387/4373/967 4388/4374/967
f 4390/4375/967 4387/4373/967 4389/4372/967
f 4393/4376/2 4391/4377/2 4392/4378/2
f 4394/4379/2 4392/4378/2 4391/4377/2
f 4397/4380/1 4395/4381/1 4396/4382/1
f 4398/4383/1 4396/4382/1 4395/4381/1
f 4401/4384/1474 4399/4385/1474 4400/4386/1474
f 4402/4387/1474 4400/4386/1474 4399/4385/1474
f 4405/4388/17 4403/4389/17 4404/4390/17
f 4406/4391/17 4404/4390/17 4403/4389/17
f 4409/4392/566 4407/4393/566 4408/4394/566
f 4410/4395/566 4409/4392/566 4408/4394/566
f 4413/4396/1475 4411/4397/1475 4412/4398/1475
f 4414/4399/1475 4411/4397/1475 4413/4396/1475
f 4417/4400/2 4415/4401/2 4416/4402/2
f 4417/4400/2 4416/4402/2 4418/4403/3
f 4421/4404/1 4419/4405/1 4420/4406/1
f 4422/4407/1 4420/4406/1 4419/4405/1
f 4425/4408/425 4423/4409/425 4424/4410/425
f 4426/4411/425 4424/4410/425 4423/4409/425
f 4429/4412/688 4427/4413/688 4428/4414/688
f 4430/4415/688 4428/4414/688 4427/4413/688
f 4433/4416/836 4431/4417/836 4432/4418/836
f 4434/4419/836 4433/4416/836 4432/4418/836
f 4437/4420/1476 4435/4421/1476 4436/4422/1476
f 4438/4423/1476 4435/4421/1476 4437/4420/1476
f 4441/4424/2 4439/4425/3 4440/4426/3
f 4442/4427/3 4440/4426/3 4439/4425/3
f 4445/4428/1 4443/4429/1 4444/4430/1
f 4446/4431/1 4444/4430/1 4443/4429/1
f 4449/4432/1477 4447/4433/1477 4448/4434/1477
f 4450/4435/1478 4448/4434/1477 4447/4433/1477
f 4453/4436/1036 4451/4437/1036 4452/4438/1036
f 4454/4439/1036 4452/4438/1036 4451/4437/1036
f 4457/4440/1319 4455/4441/1319 4456/4442/1319
f 4458/4443/1319 4457/4440/1319 4456/4442/1319
f 4461/4444/1479 4459/4445/1479 4460/4446/1479
f 4462/4447/1479 4459/4445/1479 4461/4444/1479
f 4465/4448/3 4463/4449/2 4464/4450/2
f 4466/4451/2 4464/4450/2 4463/4449/2
f 4469/4452/1 4467/4453/1 4468/4454/1
f 4467/4453/1 4469/4452/1 4470/4455/1
f 4473/4456/1480 4471/4457/1481 4472/4458/1481
f 4474/4459/1481 4473/4456/1480 4472/4458/1481
f 4477/4460/1482 4475/4461/1482 4476/4462/1482
f 4478/4463/1482 4475/4461/1482 4477/4460/1482
f 4481/4464/2 4479/4465/3 4480/4466/2
f 4482/4467/3 4480/4466/2 4479/4465/3
f 4485/4468/1 4483/4469/1 4484/4470/1
f 4486/4471/1 4483/4469/1 4485/4468/1
f 4489/4472/1483 4487/4473/1483 4488/4474/1483
f 4490/4475/1483 4488/4474/1483 4487/4473/1483
f 4493/4476/1484 4491/4477/1484 4492/4478/1484
f 4494/4479/1484 4492/4478/1484 4491/4477/1484
f 4497/4480/935 4495/4481/935 4496/4482/935
f 4496/4482/935 4498/4483/935 4497/4480/935
f 4501/4484/634 4499/4485/634 4500/4486/634
f 4502/4487/634 4500/4486/634 4499/4485/634
f 4505/4488/756 4503/4489/756 4504/4490/756
f 4506/4491/756 4505/4488/756 4504/4490/756
f 4509/4492/1485 4507/4493/1485 4508/4494/1485
f 4510/4495/1485 4509/4492/1485 4508/4494/1485
f 4513/4496/3 4511/4497/3 4512/4498/3
f 4514/4499/2 4512/4498/3 4511/4497/3
f 4517/4500/1 4515/4501/1 4516/4502/1
f 4518/4503/1 4516/4502/1 4515/4501/1
f 4521/4504/1486 4519/4505/1487 4520/4506/1486
f 4521/4504/1486 4520/4506/1486 4522/4507/1486
f 4525/4508/1488 4523/4509/1488 4524/4510/1488
f 4526/4511/1488 4524/4510/1488 4523/4509/1488
f 4529/4512/1489 4527/4513/1489 4528/4514/1489
f 4530/4515/1489 4529/4512/1489 4528/4514/1489
f 4533/4516/1490 4531/4517/1490 4532/4518/1490
f 4534/4519/1490 4531/4517/1490 4533/4516/1490
f 4537/4520/3 4535/4521/3 4536/4522/3
f 4538/4523/3 4537/4520/3 4536/4522/3
f 4541/4524/1 4539/4525/1 4540/4526/1
f 4542/4527/1 4540/4526/1 4539/4525/1
f 4545/4528/1373 4543/4529/1373 4544/4530/1373
f 4546/4531/1373 4544/4530/1373 4543/4529/1373
f 4549/4532/1340 4547/4533/1340 4548/4534/1340
f 4550/4535/1340 4548/4534/1340 4547/4533/1340
f 4553/4536/1491 4551/4537/1491 4552/4538/1491
f 4554/4539/1491 4553/4536/1491 4552/4538/1491
f 4557/4540/1492 4555/4541/1492 4556/4542/1492
f 4558/4543/1492 4555/4541/1492 4557/4540/1492
f 4561/4544/3 4559/4545/2 4560/4546/2
f 4562/4547/2 4560/4546/2 4559/4545/2
f 4565/4548/1 4563/4549/1 4564/4550/1
f 4566/4551/1 4564/4550/1 4563/4549/1
f 4569/4552/1472 4567/4553/1472 4568/4554/1472
f 4570/4555/1472 4568/4554/1472 4567/4553/1472
f 4573/4556/1471 4571/4557/1471 4572/4558/1471
f 4574/4559/1471 4572/4558/1471 4571/4557/1471
f 4577/4560/1143 4575/4561/1143 4576/4562/1143
f 4578/4563/1143 4577/4560/1143 4576/4562/1143
f 4581/4564/1493 4579/4565/1493 4580/4566/1493
f 4582/4567/1493 4581/4564/1493 4580/4566/1493
f 4585/4568/2 4583/4569/3 4584/4570/2
f 4586/4571/3 4583/4569/3 4585/4568/2
f 4589/4572/2 4587/4573/2 4588/4574/3
f 4590/4575/3 4588/4574/3 4587/4573/2
f 4593/4576/1 4591/4577/1 4592/4578/1
f 4594/4579/1 4592/4578/1 4591/4577/1
f 4597/4580/1 4595/4581/1 4596/4582/1
f 4598/4583/1 4596/4582/1 4595/4581/1
f 4601/4584/1494 4599/4585/1495 4600/4586/1494
f 4602/4587/1494 4601/4584/1494 4600/4586/1494
f 4605/4588/1496 4603/4589/1496 4604/4590/1496
f 4606/4591/1496 4603/4589/1496 4605/4588/1496
f 4609/4592/2 4607/4593/2 4608/4594/3
f 4610/4595/3 4608/4594/3 4607/4593/2
f 4613/4596/1 4611/4597/1 4612/4598/1
f 4614/4599/1 4612/4598/1 4611/4597/1
f 4617/4600/1497 4615/4601/1497 4616/4602/1497
f 4617/4600/1497 4616/4602/1497 4618/4603/1497
f 4621/4604/1498 4619/4605/1498 4620/4606/1498
f 4622/4607/1498 4620/4606/1498 4619/4605/1498
f 4625/4608/1499 4623/4609/1500 4624/4610/1499
f 4626/4611/1499 4624/4610/1499 4623/4609/1500
f 4629/4612/1501 4627/4613/1501 4628/4614/1501
f 4630/4615/1501 4627/4613/1501 4629/4612/1501
f 4633/4616/783 4631/4617/783 4632/4618/783
f 4632/4618/783 4634/4619/783 4633/4616/783
f 4637/4620/1502 4635/4621/1502 4636/4622/1502
f 4638/4623/1503 4636/4622/1502 4635/4621/1502
f 4641/4624/1504 4639/4625/1504 4640/4626/1504
f 4642/4627/1505 4641/4624/1504 4640/4626/1504
f 4645/4628/742 4643/4629/742 4644/4630/742
f 4646/4631/742 4643/4629/742 4645/4628/742
f 4649/4632/982 4647/4633/982 4648/4634/982
f 4650/4635/982 4649/4632/982 4648/4634/982
f 4653/4636/1315 4651/4637/1315 4652/4638/1315
f 4654/4639/1315 4651/4637/1315 4653/4636/1315
f 4657/4640/2 4655/4641/2 4656/4642/3
f 4658/4643/3 4656/4642/3 4655/4641/2
f 4661/4644/1 4659/4645/1 4660/4646/1
f 4662/4647/1 4660/4646/1 4659/4645/1
f 4665/4648/1506 4663/4649/1507 4664/4650/1507
f 4666/4651/1507 4664/4650/1507 4663/4649/1507
f 4669/4652/1508 4667/4653/1508 4668/4654/1508
f 4670/4655/1508 4668/4654/1508 4667/4653/1508
f 4673/4656/1509 4671/4657/1509 4672/4658/1509
f 4674/4659/1509 4673/4656/1509 4672/4658/1509
f 4677/4660/1510 4675/4661/1511 4676/4662/1511
f 4678/4663/1511 4677/4660/1510 4676/4662/1511
f 4681/4664/2 4679/4665/2 4680/4666/2
f 4682/4667/3 4680/4666/2 4679/4665/2
f 4685/4668/1 4683/4669/1 4684/4670/1
f 4686/4671/1 4684/4670/1 4683/4669/1
f 4689/4672/1512 4687/4673/1512 4688/4674/1512
f 4690/4675/1512 4688/4674/1512 4687/4673/1512
f 4693/4676/1513 4691/4677/1513 4692/4678/1513
f 4694/4679/1513 4692/4678/1513 4691/4677/1513
f 4697/4680/1514 4695/4681/1514 4696/4682/1514
f 4698/4683/1514 4697/4680/1514 4696/4682/1514
f 4701/4684/1515 4699/4685/1515 4700/4686/1516
f 4702/4687/1516 4699/4685/1515 4701/4684/1515
f 4705/4688/2 4703/4689/2 4704/4690/3
f 4706/4691/3 4704/4690/3 4703/4689/2
f 4709/4692/1 4707/4693/1 4708/4694/1
f 4710/4695/1 4708/4694/1 4707/4693/1
f 4713/4696/1322 4711/4697/1322 4712/4698/1322
f 4714/4699/1517 4712/4698/1322 4711/4697/1322
f 4717/4700/769 4715/4701/769 4716/4702/769
f 4718/4703/769 4716/4702/769 4715/4701/769
f 4721/4704/1191 4719/4705/1191 4720/4706/1191
f 4722/4707/1191 4721/4704/1191 4720/4706/1191
f 4725/4708/1518 4723/4709/1518 4724/4710/1518
f 4726/4711/1518 4723/4709/1518 4725/4708/1518
f 4729/4712/2 4727/4713/3 4728/4714/3
f 4730/4715/3 4728/4714/3 4727/4713/3
f 4733/4716/1 4731/4717/1 4732/4718/1
f 4731/4717/1 4733/4716/1 4734/4719/1
f 4737/4720/851 4735/4721/851 4736/4722/851
f 4738/4723/851 4736/4722/851 4735/4721/851
f 4741/4724/44 4739/4725/44 4740/4726/44
f 4742/4727/44 4740/4726/44 4739/4725/44
f 4745/4728/1519 4743/4729/1519 4744/4730/1519
f 4746/4731/1519 4745/4728/1519 4744/4730/1519
f 4749/4732/1520 4747/4733/1520 4748/4734/1520
f 4750/4735/1520 4747/4733/1520 4749/4732/1520
f 4753/4736/2 4751/4737/3 4752/4738/2
f 4751/4737/3 4753/4736/2 4754/4739/3
f 4757/4740/1 4755/4741/1 4756/4742/1
f 4758/4743/1 4756/4742/1 4755/4741/1
f 4761/4744/1265 4759/4745/1265 4760/4746/1265
f 4762/4747/1265 4760/4746/1265 4759/4745/1265
f 4765/4748/1293 4763/4749/1293 4764/4750/1293
f 4766/4751/1293 4764/4750/1293 4763/4749/1293
f 4769/4752/1342 4767/4753/1342 4768/4754/1341
f 4770/4755/1341 4769/4752/1342 4768/4754/1341
f 4773/4756/14 4771/4757/14 4772/4758/14
f 4774/4759/14 4771/4757/14 4773/4756/14
f 4777/4760/2 4775/4761/2 4776/4762/2
f 4778/4763/2 4776/4762/2 4775/4761/2
f 4781/4764/1 4779/4765/1 4780/4766/1
f 4782/4767/1 4779/4765/1 4781/4764/1
f 4785/4768/1521 4783/4769/1521 4784/4770/1521
f 4786/4771/1521 4784/4770/1521 4783/4769/1521
f 4789/4772/1522 4787/4773/1522 4788/4774/1523
f 4790/4775/1523 4788/4774/1523 4787/4773/1522
f 4793/4776/1524 4791/4777/1525 4792/4778/1524
f 4794/4779/1524 4793/4776/1524 4792/4778/1524
f 4797/4780/1526 4795/4781/1526 4796/4782/1526
f 4798/4783/1526 4797/4780/1526 4796/4782/1526
f 4801/4784/902 4799/4785/902 4800/4786/1527
f 4802/4787/902 4801/4784/902 4800/4786/1527
f 4805/4788/867 4803/4789/867 4804/4790/867
f 4806/4791/867 4805/4788/867 4804/4790/867
f 4809/4792/2 4807/4793/2 4808/4794/2
f 4810/4795/2 4808/4794/2 4807/4793/2
f 4813/4796/1 4811/4797/1 4812/4798/1
f 4814/4799/1 4811/4797/1 4813/4796/1
f 4817/4800/1315 4815/4801/1315 4816/4802/1315
f 4817/4800/1315 4816/4802/1315 4818/4803/1315
f 4821/4804/1319 4819/4805/1319 4820/4806/1319
f 4822/4807/1319 4820/4806/1319 4819/4805/1319
f 4825/4808/2 4823/4809/2 4824/4810/2
f 4826/4811/2 4824/4810/2 4823/4809/2
f 4829/4812/1 4827/4813/1 4828/4814/1
f 4830/4815/1 4827/4813/1 4829/4812/1
f 4833/4816/675 4831/4817/675 4832/4818/675
f 4833/4816/675 4832/4818/675 4834/4819/675
f 4837/4820/9 4835/4821/9 4836/4822/9
f 4838/4823/9 4836/4822/9 4835/4821/9
f 4841/4824/840 4839/4825/840 4840/4826/840
f 4842/4827/840 4841/4824/840 4840/4826/840
f 4845/4828/321 4843/4829/321 4844/4830/321
f 4846/4831/321 4845/4828/321 4844/4830/321
f 4849/4832/2 4847/4833/2 4848/4834/2
f 4850/4835/2 4848/4834/2 4847/4833/2
f 4853/4836/1 4851/4837/1 4852/4838/1
f 4854/4839/1 4852/4838/1 4851/4837/1
f 4857/4840/1528 4855/4841/1528 4856/4842/1528
f 4858/4843/1528 4856/4842/1528 4855/4841/1528
f 4861/4844/1529 4859/4845/1529 4860/4846/1529
f 4862/4847/1529 4860/4846/1529 4859/4845/1529
f 4865/4848/1530 4863/4849/1530 4864/4850/1530
f 4866/4851/1530 4865/4848/1530 4864/4850/1530
f 4869/4852/1501 4867/4853/1501 4868/4854/1501
f 4870/4855/1501 4869/4852/1501 4868/4854/1501
f 4873/4856/2 4871/4857/2 4872/4858/2
f 4874/4859/2 4872/4858/2 4871/4857/2
f 4877/4860/2 4875/4861/2 4876/4862/2
f 4878/4863/2 4876/4862/2 4875/4861/2
f 4881/4864/1 4879/4865/1 4880/4866/1
f 4882/4867/1 4880/4866/1 4879/4865/1
f 4885/4868/1 4883/4869/1 4884/4870/1
f 4886/4871/1 4884/4870/1 4883/4869/1
f 4889/4872/1531 4887/4873/1531 4888/4874/1531
f 4890/4875/1531 4889/4872/1531 4888/4874/1531
f 4893/4876/1491 4891/4877/1491 4892/4878/1491
f 4894/4879/1491 4893/4876/1491 4892/4878/1491
f 4897/4880/2 4895/4881/2 4896/4882/2
f 4898/4883/2 4896/4882/2 4895/4881/2
f 4901/4884/1 4899/4885/1 4900/4886/1
f 4902/4887/1 4900/4886/1 4899/4885/1
f 4905/4888/1532 4903/4889/483 4904/4890/1532
f 4905/4888/1532 4904/4890/1532 4906/4891/1532
f 4909/4892/488 4907/4893/488 4908/4894/488
f 4910/4895/488 4908/4894/488 4907/4893/488
f 4913/4896/872 4911/4897/872 4912/4898/872
f 4914/4899/872 4912/4898/872 4911/4897/872
f 4917/4900/1533 4915/4901/1533 4916/4902/1533
f 4918/4903/1533 4916/4902/1533 4915/4901/1533
f 4921/4904/44 4919/4905/44 4920/4906/44
f 4921/4904/44 4920/4906/44 4922/4907/44
f 4925/4908/796 4923/4909/796 4924/4910/796
f 4926/4911/796 4924/4910/796 4923/4909/796
f 4929/4912/1520 4927/4913/1520 4928/4914/1534
f 4930/4915/1520 4929/4912/1520 4928/4914/1534
f 4933/4916/1460 4931/4917/1460 4932/4918/1460
f 4934/4919/1460 4933/4916/1460 4932/4918/1460
f 4937/4920/1464 4935/4921/1464 4936/4922/1464
f 4938/4923/1464 4937/4920/1464 4936/4922/1464
f 4941/4924/1535 4939/4925/1535 4940/4926/1535
f 4942/4927/1535 4941/4924/1535 4940/4926/1535
f 4945/4928/2 4943/4929/2 4944/4930/2
f 4946/4931/2 4945/4928/2 4944/4930/2
f 4949/4932/1 4947/4933/1 4948/4934/1
f 4947/4933/1 4949/4932/1 4950/4935/1
f 4953/4936/297 4951/4937/297 4952/4938/297
f 4954/4939/297 4952/4938/297 4951/4937/297
f 4957/4940/1536 4955/4941/1536 4956/4942/1536
f 4958/4943/1536 4956/4942/1536 4955/4941/1536
f 4961/4944/1418 4959/4945/1418 4960/4946/1418
f 4962/4947/1418 4961/4944/1418 4960/4946/1418
f 4965/4948/1537 4963/4949/1537 4964/4950/1537
f 4966/4951/1537 4965/4948/1537 4964/4950/1537
f 4969/4952/2 4967/4953/2 4968/4954/2
f 4970/4955/2 4968/4954/2 4967/4953/2
f 4973/4956/1 4971/4957/1 4972/4958/1
f 4974/4959/1 4971/4957/1 4973/4956/1
f 4977/4960/1538 4975/4961/1539 4976/4962/1539
f 4978/4963/1539 4976/4962/1539 4975/4961/1539
f 4981/4964/1540 4979/4965/1540 4980/4966/1540
f 4982/4967/1540 4980/4966/1540 4979/4965/1540
f 4985/4968/1541 4983/4969/1541 4984/4970/1541
f 4986/4971/1541 4985/4968/1541 4984/4970/1541
f 4989/4972/1382 4987/4973/1382 4988/4974/1382
f 4990/4975/1382 4989/4972/1382 4988/4974/1382
f 4993/4976/2 4991/4977/2 4992/4978/2
f 4994/4979/2 4992/4978/2 4991/4977/2
f 4997/4980/1 4995/4981/1 4996/4982/1
f 4995/4981/1 4997/4980/1 4998/4983/1
f 5001/4984/1542 4999/4985/1542 5000/4986/1542
f 5002/4987/1542 5000/4986/1542 4999/4985/1542
f 5005/4988/1164 5003/4989/1164 5004/4990/1164
f 5006/4991/1164 5004/4990/1164 5003/4989/1164
f 5009/4992/1395 5007/4993/1395 5008/4994/1395
f 5010/4995/1395 5009/4992/1395 5008/4994/1395
f 5013/4996/1543 5011/4997/1543 5012/4998/1543
f 5014/4999/1543 5013/4996/1543 5012/4998/1543
f 5017/5000/2 5015/5001/2 5016/5002/2
f 5018/5003/2 5015/5001/2 5017/5000/2
f 5021/5004/1 5019/5005/1 5020/5006/1
f 5022/5007/1 5020/5006/1 5019/5005/1
f 5025/5008/42 5023/5009/42 5024/5010/42
f 5026/5011/42 5024/5010/42 5023/5009/42
f 5029/5012/497 5027/5013/497 5028/5014/497
f 5030/5015/497 5028/5014/497 5027/5013/497
f 5033/5016/1544 5031/5017/1544 5032/5018/1544
f 5034/5019/1544 5033/5016/1544 5032/5018/1544
f 5037/5020/1007 5035/5021/1007 5036/5022/1007
f 5038/5023/1007 5037/5020/1007 5036/5022/1007
f 5041/5024/2 5039/5025/2 5040/5026/2
f 5041/5024/2 5040/5026/2 5042/5027/2
f 5045/5028/1 5043/5029/1 5044/5030/1
f 5046/5031/1 5044/5030/1 5043/5029/1
f 5049/5032/1524 5047/5033/1524 5048/5034/1524
f 5050/5035/1524 5048/5034/1524 5047/5033/1524
f 5053/5036/1535 5051/5037/1535 5052/5038/1535
f 5054/5039/1535 5052/5038/1535 5051/5037/1535
f 5057/5040/1545 5055/5041/1545 5056/5042/1545
f 5058/5043/1545 5057/5040/1545 5056/5042/1545
f 5061/5044/1521 5059/5045/1521 5060/5046/1521
f 5062/5047/1521 5061/5044/1521 5060/5046/1521
f 5065/5048/2 5063/5049/2 5064/5050/2
f 5066/5051/2 5064/5050/2 5063/5049/2
f 5069/5052/1 5067/5053/1 5068/5054/1
f 5070/5055/1 5068/5054/1 5067/5053/1
f 5073/5056/1546 5071/5057/1546 5072/5058/1546
f 5074/5059/1546 5073/5056/1546 5072/5058/1546
f 5077/5060/1547 5075/5061/1548 5076/5062/1547
f 5078/5063/1548 5077/5060/1547 5076/5062/1547
f 5081/5064/2 5079/5065/2 5080/5066/2
f 5082/5067/2 5080/5066/2 5079/5065/2
f 5085/5068/1 5083/5069/1 5084/5070/1
f 5086/5071/1 5084/5070/1 5083/5069/1
f 5089/5072/845 5087/5073/845 5088/5074/845
f 5090/5075/845 5088/5074/845 5087/5073/845
f 5093/5076/342 5091/5077/342 5092/5078/342
f 5094/5079/342 5092/5078/342 5091/5077/342
f 5097/5080/1549 5095/5081/1549 5096/5082/1549
f 5097/5080/1549 5096/5082/1549 5098/5083/1550
f 5101/5084/1551 5099/5085/1551 5100/5086/1551
f 5102/5087/1551 5100/5086/1551 5099/5085/1551
f 5105/5088/1286 5103/5089/1286 5104/5090/1286
f 5106/5091/1286 5105/5088/1286 5104/5090/1286
f 5109/5092/1552 5107/5093/1552 5108/5094/1552
f 5110/5095/1552 5109/5092/1552 5108/5094/1552
f 5113/5096/2 5111/5097/2 5112/5098/2
f 5113/5096/2 5112/5098/2 5114/5099/2
f 5117/5100/1 5115/5101/1 5116/5102/1
f 5115/5101/1 5117/5100/1 5118/5103/1
f 5121/5104/1553 5119/5105/1554 5120/5106/1554
f 5121/5104/1553 5120/5106/1554 5122/5107/1554
f 5125/5108/1555 5123/5109/1555 5124/5110/1555
f 5126/5111/1556 5124/5110/1555 5123/5109/1555
f 5129/5112/1557 5127/5113/1558 5128/5114/1557
f 5130/5115/1557 5129/5112/1557 5128/5114/1557
f 5133/5116/1276 5131/5117/1276 5132/5118/1276
f 5134/5119/1276 5133/5116/1276 5132/5118/1276
f 5137/5120/2 5135/5121/2 5136/5122/2
f 5138/5123/2 5136/5122/2 5135/5121/2
f 5141/5124/1 5139/5125/1 5140/5126/1
f 5142/5127/1 5139/5125/1 5141/5124/1
f 5145/5128/1559 5143/5129/1559 5144/5130/1559
f 5146/5131/1559 5144/5130/1559 5143/5129/1559
f 5149/5132/5 5147/5133/5 5148/5134/5
f 5150/5135/5 5148/5134/5 5147/5133/5
f 5153/5136/541 5151/5137/541 5152/5138/541
f 5154/5139/541 5153/5136/541 5152/5138/541
f 5157/5140/1560 5155/5141/1560 5156/5142/1560
f 5158/5143/1560 5157/5140/1560 5156/5142/1560
f 5161/5144/2 5159/5145/2 5160/5146/2
f 5162/5147/2 5160/5146/2 5159/5145/2
f 5165/5148/1 5163/5149/1 5164/5150/1
f 5166/5151/1 5163/5149/1 5165/5148/1
f 5169/5152/1561 5167/5153/1561 5168/5154/1561
f 5170/5155/1561 5168/5154/1561 5167/5153/1561
f 5173/5156/1020 5171/5157/1020 5172/5158/1020
f 5174/5159/1020 5172/5158/1020 5171/5157/1020
f 5177/5160/1562 5175/5161/1562 5176/5162/1562
f 5178/5163/1562 5177/5160/1562 5176/5162/1562
f 5181/5164/1563 5179/5165/1563 5180/5166/1563
f 5182/5167/1563 5181/5164/1563 5180/5166/1563
f 5185/5168/2 5183/5169/2 5184/5170/2
f 5186/5171/2 5184/5170/2 5183/5169/2
f 5189/5172/2 5187/5173/2 5188/5174/2
f 5190/5175/2 5188/5174/2 5187/5173/2
f 5193/5176/1 5191/5177/1 5192/5178/1
f 5194/5179/1 5192/5178/1 5191/5177/1
f 5197/5180/1 5195/5181/1 5196/5182/1
f 5198/5183/1 5196/5182/1 5195/5181/1
f 5201/5184/444 5199/5185/444 5200/5186/444
f 5202/5187/444 5201/5184/444 5200/5186/444
f 5205/5188/1564 5203/5189/1564 5204/5190/1564
f 5206/5191/1564 5205/5188/1564 5204/5190/1564
f 5209/5192/2 5207/5193/2 5208/5194/2
f 5210/5195/2 5208/5194/2 5207/5193/2
f 5213/5196/1 5211/5197/1 5212/5198/1
f 5214/5199/1 5212/5198/1 5211/5197/1
f 5217/5200/481 5215/5201/481 5216/5202/481
f 5217/5200/481 5216/5202/481 5218/5203/481
f 5221/5204/1565 5219/5205/1565 5220/5206/1565
f 5222/5207/1565 5220/5206/1565 5219/5205/1565
f 5225/5208/579 5223/5209/1566 5224/5210/1566
f 5226/5211/1566 5224/5210/1566 5223/5209/1566
f 5229/5212/691 5227/5213/691 5228/5214/691
f 5230/5215/691 5228/5214/691 5227/5213/691
f 5233/5216/1567 5231/5217/1567 5232/5218/1567
f 5233/5216/1567 5232/5218/1567 5234/5219/1567
f 5237/5220/1568 5235/5221/1568 5236/5222/1568
f 5238/5223/1568 5236/5222/1568 5235/5221/1568
f 5241/5224/1569 5239/5225/1569 5240/5226/1569
f 5242/5227/1569 5241/5224/1569 5240/5226/1569
f 5245/5228/1570 5243/5229/1570 5244/5230/1570
f 5246/5231/1570 5245/5228/1570 5244/5230/1570
f 5249/5232/224 5247/5233/224 5248/5234/224
f 5250/5235/224 5249/5232/224 5248/5234/224
f 5253/5236/1295 5251/5237/1295 5252/5238/1295
f 5254/5239/1295 5253/5236/1295 5252/5238/1295
f 5257/5240/2 5255/5241/2 5256/5242/2
f 5258/5243/2 5256/5242/2 5255/5241/2
f 5261/5244/1 5259/5245/1 5260/5246/1
f 5262/5247/1 5260/5246/1 5259/5245/1
f 5265/5248/1571 5263/5249/1571 5264/5250/1571
f 5266/5251/1571 5264/5250/1571 5263/5249/1571
f 5269/5252/1572 5267/5253/1573 5268/5254/1572
f 5270/5255/1573 5268/5254/1572 5267/5253/1573
f 5273/5256/1574 5271/5257/1574 5272/5258/1574
f 5274/5259/1574 5273/5256/1574 5272/5258/1574
f 5277/5260/1575 5275/5261/1576 5276/5262/1576
f 5278/5263/1575 5277/5260/1575 5276/5262/1576
f 5281/5264/2 5279/5265/2 5280/5266/2
f 5279/5265/2 5281/5264/2 5282/5267/2
f 5285/5268/1 5283/5269/1 5284/5270/1
f 5286/5271/1 5284/5270/1 5283/5269/1
f 5289/5272/1577 5287/5273/1577 5288/5274/1577
f 5290/5275/1577 5288/5274/1577 5287/5273/1577
f 5293/5276/1578 5291/5277/1578 5292/5278/1578
f 5294/5279/1578 5292/5278/1578 5291/5277/1578
f 5297/5280/1522 5295/5281/1522 5296/5282/1522
f 5298/5283/1522 5297/5280/1522 5296/5282/1522
f 5301/5284/1310 5299/5285/1310 5300/5286/1310
f 5302/5287/1310 5301/5284/1310 5300/5286/1310
f 5305/5288/2 5303/5289/2 5304/5290/2
f 5303/5289/2 5305/5288/2 5306/5291/2
f 5309/5292/1 5307/5293/1 5308/5294/1
f 5310/5295/1 5307/5293/1 5309/5292/1
f 5313/5296/484 5311/5297/484 5312/5298/484
f 5314/5299/484 5312/5298/484 5311/5297/484
f 5317/5300/1579 5315/5301/1579 5316/5302/1579
f 5318/5303/1579 5316/5302/1579 5315/5301/1579
f 5321/5304/36 5319/5305/36 5320/5306/36
f 5322/5307/36 5321/5304/36 5320/5306/36
f 5325/5308/729 5323/5309/729 5324/5310/729
f 5326/5311/729 5325/5308/729 5324/5310/729
f 5329/5312/2 5327/5313/2 5328/5314/2
f 5327/5313/2 5329/5312/2 5330/5315/2
f 5333/5316/1 5331/5317/1 5332/5318/1
f 5334/5319/1 5332/5318/1 5331/5317/1
f 5337/5320/1580 5335/5321/1285 5336/5322/1580
f 5338/5323/1285 5336/5322/1580 5335/5321/1285
f 5341/5324/1278 5339/5325/1278 5340/5326/1278
f 5342/5327/1278 5340/5326/1278 5339/5325/1278
f 5345/5328/1581 5343/5329/1581 5344/5330/1581
f 5346/5331/1581 5345/5328/1581 5344/5330/1581
f 5349/5332/817 5347/5333/817 5348/5334/817
f 5350/5335/817 5349/5332/817 5348/5334/817
f 5353/5336/2 5351/5337/2 5352/5338/2
f 5354/5339/2 5352/5338/2 5351/5337/2
f 5357/5340/1 5355/5341/1 5356/5342/1
f 5358/5343/1 5356/5342/1 5355/5341/1
f 5361/5344/1582 5359/5345/1582 5360/5346/1582
f 5362/5347/1582 5361/5344/1582 5360/5346/1582
f 5365/5348/1487 5363/5349/1487 5364/5350/1487
f 5366/5351/1487 5365/5348/1487 5364/5350/1487
f 5369/5352/2 5367/5353/2 5368/5354/2
f 5369/5352/2 5368/5354/2 5370/5355/2
f 5373/5356/1 5371/5357/1 5372/5358/1
f 5374/5359/1 5372/5358/1 5371/5357/1
f 5377/5360/1583 5375/5361/1583 5376/5362/1583
f 5378/5363/1583 5376/5362/1583 5375/5361/1583
f 5381/5364/1584 5379/5365/1584 5380/5366/1584
f 5382/5367/1585 5380/5366/1584 5379/5365/1584
f 5385/5368/1586 5383/5369/1586 5384/5370/1586
f 5385/5368/1586 5384/5370/1586 5386/5371/1586
f 5389/5372/1587 5387/5373/1587 5388/5374/1587
f 5390/5375/1587 5388/5374/1587 5387/5373/1587
f 5393/5376/1484 5391/5377/1484 5392/5378/1484
f 5394/5379/1484 5393/5376/1484 5392/5378/1484
f 5397/5380/1588 5395/5381/1588 5396/5382/1588
f 5398/5383/1588 5397/5380/1588 5396/5382/1588
f 5401/5384/2 5399/5385/2 5400/5386/2
f 5402/5387/2 5400/5386/2 5399/5385/2
f 5405/5388/1 5403/5389/1 5404/5390/1
f 5406/5391/1 5404/5390/1 5403/5389/1
f 5409/5392/756 5407/5393/756 5408/5394/756
f 5409/5392/756 5408/5394/756 5410/5395/756
f 5413/5396/1589 5411/5397/1589 5412/5398/1589
f 5414/5399/1589 5412/5398/1589 5411/5397/1589
f 5417/5400/1488 5415/5401/1488 5416/5402/1488
f 5418/5403/1488 5417/5400/1488 5416/5402/1488
f 5421/5404/1483 5419/5405/1483 5420/5406/1483
f 5422/5407/1483 5421/5404/1483 5420/5406/1483
f 5425/5408/2 5423/5409/2 5424/5410/2
f 5426/5411/2 5424/5410/2 5423/5409/2
f 5429/5412/1 5427/5413/1 5428/5414/1
f 5430/5415/1 5428/5414/1 5427/5413/1
f 5433/5416/1590 5431/5417/1590 5432/5418/1591
f 5434/5419/1591 5432/5418/1591 5431/5417/1590
f 5437/5420/1592 5435/5421/1592 5436/5422/1592
f 5438/5423/1592 5436/5422/1592 5435/5421/1592
f 5441/5424/1593 5439/5425/1594 5440/5426/1593
f 5442/5427/1594 5441/5424/1593 5440/5426/1593
f 5445/5428/1595 5443/5429/1595 5444/5430/1596
f 5446/5431/1595 5445/5428/1595 5444/5430/1596
f 5449/5432/2 5447/5433/2 5448/5434/2
f 5450/5435/2 5448/5434/2 5447/5433/2
f 5453/5436/1 5451/5437/1 5452/5438/1
f 5454/5439/1 5451/5437/1 5453/5436/1
f 5457/5440/1597 5455/5441/1597 5456/5442/1597
f 5458/5443/1597 5456/5442/1597 5455/5441/1597
f 5461/5444/1598 5459/5445/1598 5460/5446/1598
f 5462/5447/1599 5460/5446/1598 5459/5445/1598
f 5465/5448/1600 5463/5449/1600 5464/5450/1600
f 5466/5451/1600 5465/5448/1600 5464/5450/1600
f 5469/5452/17 5467/5453/17 5468/5454/17
f 5470/5455/17 5469/5452/17 5468/5454/17
f 5473/5456/2 5471/5457/2 5472/5458/2
f 5474/5459/2 5472/5458/2 5471/5457/2
f 5477/5460/2 5475/5461/2 5476/5462/2
f 5478/5463/2 5476/5462/2 5475/5461/2
f 5481/5464/1 5479/5465/1 5480/5466/1
f 5482/5467/1 5480/5466/1 5479/5465/1
f 5485/5468/1 5483/5469/1 5484/5470/1
f 5486/5471/1 5484/5470/1 5483/5469/1
f 5489/5472/37 5487/5473/37 5488/5474/37
f 5490/5475/37 5489/5472/37 5488/5474/37
f 5493/5476/566 5491/5477/566 5492/5478/566
f 5494/5479/566 5493/5476/566 5492/5478/566
f 5497/5480/2 5495/5481/2 5496/5482/2
f 5498/5483/2 5496/5482/2 5495/5481/2
f 5501/5484/1 5499/5485/1 5500/5486/1
f 5502/5487/1 5500/5486/1 5499/5485/1
f 5505/5488/1601 5503/5489/1601 5504/5490/1601
f 5505/5488/1601 5504/5490/1601 5506/5491/1601
f 5509/5492/1602 5507/5493/1602 5508/5494/1602
f 5510/5495/1602 5508/5494/1602 5507/5493/1602
f 5513/5496/1603 5511/5497/1603 5512/5498/1604
f 5514/5499/1604 5512/5498/1604 5511/5497/1603
f 5517/5500/837 5515/5501/837 5516/5502/837
f 5518/5503/837 5516/5502/837 5515/5501/837
f 5521/5504/1605 5519/5505/1606 5520/5506/1605
f 5521/5504/1605 5520/5506/1605 5522/5507/1606
f 5525/5508/1607 5523/5509/1607 5524/5510/1607
f 5526/5511/1607 5524/5510/1607 5523/5509/1607
f 5529/5512/967 5527/5513/1032 5528/5514/967
f 5530/5515/967 5529/5512/967 5528/5514/967
f 5533/5516/1516 5531/5517/1516 5532/5518/1516
f 5534/5519/1516 5533/5516/1516 5532/5518/1516
f 5537/5520/1608 5535/5521/1608 5536/5522/1608
f 5538/5523/1608 5537/5520/1608 5536/5522/1608
f 5541/5524/15 5539/5525/15 5540/5526/15
f 5542/5527/15 5541/5524/15 5540/5526/15
f 5545/5528/2 5543/5529/2 5544/5530/2
f 5545/5528/2 5544/5530/2 5546/5531/2
f 5549/5532/1 5547/5533/1 5548/5534/1
f 5547/5533/1 5549/5532/1 5550/5535/1
f 5553/5536/209 5551/5537/209 5552/5538/209
f 5554/5539/209 5552/5538/209 5551/5537/209
f 5557/5540/234 5555/5541/234 5556/5542/234
f 5558/5543/234 5556/5542/234 5555/5541/234
f 5561/5544/1609 5559/5545/1609 5560/5546/1609
f 5562/5547/1609 5561/5544/1609 5560/5546/1609
f 5565/5548/1394 5563/5549/1610 5564/5550/1394
f 5566/5551/1610 5565/5548/1394 5564/5550/1394
f 5569/5552/2 5567/5553/2 5568/5554/2
f 5570/5555/2 5568/5554/2 5567/5553/2
f 5573/5556/1 5571/5557/1 5572/5558/1
f 5574/5559/1 5572/5558/1 5571/5557/1
f 5577/5560/1475 5575/5561/1475 5576/5562/1475
f 5578/5563/1475 5576/5562/1475 5575/5561/1475
f 5581/5564/1611 5579/5565/1612 5580/5566/1612
f 5582/5567/1612 5580/5566/1612 5579/5565/1612
f 5585/5568/1474 5583/5569/1474 5584/5570/1474
f 5586/5571/1474 5585/5568/1474 5584/5570/1474
f 5589/5572/1613 5587/5573/1613 5588/5574/1613
f 5590/5575/1613 5589/5572/1613 5588/5574/1613
f 5593/5576/2 5591/5577/2 5592/5578/2
f 5594/5579/2 5591/5577/2 5593/5576/2
f 5597/5580/1 5595/5581/1 5596/5582/1
f 5598/5583/1 5596/5582/1 5595/5581/1
f 5601/5584/925 5599/5585/925 5600/5586/925
f 5602/5587/925 5600/5586/925 5599/5585/925
f 5605/5588/22 5603/5589/22 5604/5590/22
f 5606/5591/22 5604/5590/22 5603/5589/22
f 5609/5592/1614 5607/5593/1614 5608/5594/1614
f 5610/5595/1615 5609/5592/1614 5608/5594/1614
f 5613/5596/340 5611/5597/340 5612/5598/340
f 5614/5599/340 5613/5596/340 5612/5598/340
f 5617/5600/2 5615/5601/2 5616/5602/2
f 5618/5603/2 5616/5602/2 5615/5601/2
f 5621/5604/1 5619/5605/1 5620/5606/1
f 5622/5607/1 5619/5605/1 5621/5604/1
f 5625/5608/1339 5623/5609/1339 5624/5610/1339
f 5626/5611/1339 5624/5610/1339 5623/5609/1339
f 5629/5612/1348 5627/5613/1348 5628/5614/1348
f 5630/5615/1348 5628/5614/1348 5627/5613/1348
f 5633/5616/302 5631/5617/302 5632/5618/302
f 5634/5619/302 5633/5616/302 5632/5618/302
f 5637/5620/1616 5635/5621/1617 5636/5622/1617
f 5638/5623/1616 5637/5620/1616 5636/5622/1617
f 5641/5624/2 5639/5625/2 5640/5626/2
f 5642/5627/2 5640/5626/2 5639/5625/2
f 5645/5628/1 5643/5629/1 5644/5630/1
f 5646/5631/1 5644/5630/1 5643/5629/1
f 5649/5632/1618 5647/5633/1618 5648/5634/1618
f 5650/5635/1618 5648/5634/1618 5647/5633/1618
f 5653/5636/1619 5651/5637/1619 5652/5638/1619
f 5654/5639/1619 5652/5638/1619 5651/5637/1619
f 5657/5640/1620 5655/5641/1620 5656/5642/1620
f 5658/5643/1620 5657/5640/1620 5656/5642/1620
f 5661/5644/1621 5659/5645/1621 5660/5646/1621
f 5662/5647/1621 5661/5644/1621 5660/5646/1621
