# Blender 5.0.0
# www.blender.org
g SM_NewYorkH01BuildingIND001Aa.001_SM_NewYorkH01BuildingIND001Aa
v -9.676963 17.012274 17.121727
v -9.719831 17.012274 17.741810
v -9.663383 17.012274 18.359823
v -9.436809 17.012274 16.301533
v -9.404987 17.012272 19.174755
v -8.997069 17.012274 15.515297
v -3.141750 17.012274 15.172116
v -8.945831 17.012274 19.964031
v -8.364662 17.012278 14.799078
v -7.555683 17.012270 14.188608
v -6.592098 17.012262 13.712956
v -5.509489 17.012264 13.397573
v -4.644336 17.012274 13.282482
v -4.173359 17.012274 13.288645
v -2.307235 17.012274 16.327164
v -8.293764 17.012278 20.696156
v -7.470328 17.012274 21.332634
v -6.505673 17.012276 21.839779
v -5.706240 17.012276 22.114466
v -4.578560 17.012274 22.268936
v -4.029789 17.012274 22.230091
v -1.503045 17.012274 17.324036
v -3.211342 17.012274 22.047588
v -2.328399 17.012274 21.649445
v -1.619811 17.012274 21.188820
v -0.648415 17.012274 18.266815
v -0.936896 17.012274 20.612247
v -0.316924 17.012274 20.003490
v 0.340844 17.012274 19.179905
v -10.247371 0.859664 -0.700562
v -10.196261 0.597088 -0.670153
v -9.115428 1.959368 -2.123318
v -9.660174 0.687656 -1.394843
v -4.763645 0.859664 -5.342261
v -5.583572 0.872843 -4.950094
v -6.361279 0.859664 -4.485641
v -7.099439 0.872367 -3.968160
v -7.814681 0.859664 -3.394317
v -8.475938 0.874053 -2.787236
v -9.115428 0.859664 -2.123319
v -12.455887 0.859665 4.258422
v -12.634672 0.875602 5.150599
v -11.925617 0.859665 2.518780
v -11.186584 0.859665 0.856694
v -4.740679 0.687655 -5.288975
v -5.562070 0.597743 -4.895808
v -6.329603 0.687587 -4.436786
v -7.071995 0.687656 -3.918976
v -7.776738 0.687590 -3.350153
v -8.742949 0.687619 -2.447989
v -12.577263 0.597094 5.160507
v -12.160896 0.687622 3.394605
v -3.891881 0.595742 -5.597508
v -4.809287 0.595742 -5.448147
v -3.954684 0.595742 -5.780994
v -4.732521 0.595742 -5.270053
v -5.545671 0.595742 -4.883011
v -5.637388 0.595742 -5.053885
v -6.424010 0.595742 -4.582387
v -6.318495 0.595742 -4.419666
v -12.749389 0.595743 5.130963
v -12.558367 0.595743 5.164425
v -12.469208 0.595743 3.812335
v -4.809287 2.218909 -5.448147
v -3.952084 2.257729 -5.779143
v -5.867933 2.209714 -4.747303
v -5.637388 2.218909 -5.053885
v -6.424010 2.218909 -4.582387
v -9.795803 2.218910 -1.502766
v -12.469208 2.218910 3.812334
v -12.455772 1.955266 4.258470
v -11.925617 1.959369 2.518780
v -11.624490 1.957259 1.775975
v -11.186584 1.959369 0.856694
v -10.744845 1.954013 0.071491
v -10.247371 1.959369 -0.700562
v -4.763552 1.952212 -5.342066
v -6.361279 1.959368 -4.485641
v -7.111986 1.953676 -3.959466
v -7.814681 1.959368 -3.394317
v -3.898074 0.597115 -5.615615
v -12.399405 0.687658 4.271707
v -11.712808 0.687618 2.114765
v -10.921372 0.687619 0.473365
v -3.916875 0.876095 -5.670547
v 2.353703 0.859663 -6.065785
v 2.341660 0.687587 -6.008821
v 2.377537 0.595741 -6.178601
v 3.210845 0.595742 -5.768097
v 2.337453 0.595741 -5.988855
v 3.266684 0.595741 -5.953818
v 2.377537 2.218909 -6.178601
v 3.266684 2.218909 -5.953818
v 3.214579 0.687620 -5.788384
v 8.684006 0.872994 -2.649332
v 8.005100 0.864892 -3.242836
v 6.938584 0.859664 -4.049371
v 5.726768 0.873983 -4.775977
v 4.926235 0.859664 -5.185860
v 4.086456 0.872556 -5.544920
v -3.046391 0.859663 -5.930012
v -1.247008 0.862798 -6.252359
v -0.353529 0.859664 -6.314005
v 0.554307 0.859664 -6.300426
v 8.276917 0.687625 -2.946310
v 7.241094 0.687621 -3.759689
v 6.107514 0.687618 -4.502978
v 4.901474 0.687589 -5.133161
v 4.069865 0.687655 -5.490893
v -1.253795 0.687587 -6.193457
v 4.132764 0.595742 -5.652409
v 4.062408 0.595742 -5.471684
v -3.075361 0.595741 -6.041617
v -3.026629 0.595742 -5.853905
v -2.145954 0.595742 -6.050344
v -2.180217 0.595742 -6.241226
v -1.271645 0.595742 -6.366068
v -1.251685 0.595742 -6.173163
v -0.351363 0.595742 -6.235405
v -0.356701 0.595742 -6.429266
v 0.560266 0.595742 -6.415579
v 0.550239 0.595742 -6.221904
v 1.448670 0.595742 -6.141791
v 1.473764 0.595741 -6.334095
v 4.132764 2.218909 -5.652409
v -3.075361 2.218909 -6.041617
v -2.180217 2.218909 -6.241226
v -2.518151 2.209141 -6.015566
v -1.271645 2.218909 -6.366068
v -0.356701 2.218909 -6.429266
v 0.560266 2.218909 -6.415579
v 1.473764 2.218909 -6.334097
v -3.046361 1.952212 -5.929797
v -1.259777 1.959368 -6.251375
v -0.356788 1.954078 -6.312622
v 0.554307 1.959368 -6.300426
v 2.353703 1.959368 -6.065785
v 8.321020 1.951274 -2.984157
v 4.926235 1.959368 -5.185860
v 0.551316 0.687588 -6.242279
v 1.451332 0.687654 -6.162225
v 13.173051 0.873940 4.058990
v 12.917342 0.869750 3.225748
v 12.864946 0.687573 3.246026
v 12.846138 0.595743 3.253932
v 13.331282 0.595743 4.198434
v 13.024909 0.595742 3.178752
v 13.024909 2.218910 3.178752
v 13.330497 1.959369 5.010605
v 13.427654 0.875543 10.051839
v 13.579141 0.871307 8.566689
v 13.609596 0.863759 7.688454
v 13.563715 0.859665 6.789688
v 13.330497 0.859665 5.010610
v 11.340418 0.859665 0.429772
v 12.342668 0.860069 2.110981
v 13.370648 0.687623 10.049619
v 13.550460 0.597089 7.677581
v 13.506443 0.688924 6.804185
v 13.161116 0.687549 4.232845
v 13.500087 0.595743 8.597191
v 13.542482 0.595744 10.073383
v 13.693542 0.595743 8.610821
v 13.531326 0.595743 7.695782
v 13.725253 0.595743 7.694285
v 13.485459 0.595743 6.797352
v 13.678469 0.595743 6.778448
v 13.140918 0.595743 4.236863
v 10.961868 0.595743 -0.303577
v 9.900884 0.595742 -1.300175
v 10.046591 0.595742 -1.428163
v 12.454686 0.595743 2.074988
v 11.528481 0.595743 0.875903
v 11.692746 0.595743 0.772818
v 12.282942 0.595743 2.165320
v 13.693542 2.218911 8.610821
v 13.725253 2.218911 7.694284
v 13.678469 2.218911 6.778447
v 13.331282 2.218910 4.198433
v 10.046591 2.218910 -1.428163
v 11.163048 2.209678 0.243753
v 11.692746 2.218910 0.772817
v 12.454691 2.218910 2.074996
v 10.209288 1.953681 -1.069186
v 11.595083 1.959369 0.834107
v 12.352327 1.953110 2.128639
v 13.221433 2.033812 11.315044
v 13.427778 1.953671 10.059832
v 13.578522 1.959370 8.602715
v 13.608910 1.957145 7.728700
v 13.563227 1.950132 6.796765
v 13.175320 1.953814 4.068023
v 13.520443 0.687591 8.598615
v 10.165779 0.686135 -1.031129
v 11.281266 0.683222 0.445519
v 10.599837 0.864953 16.961088
v 9.911084 0.687412 17.493982
v 10.566856 0.597747 16.911888
v 9.924567 1.959371 17.559111
v 7.309375 0.595744 19.489243
v 5.629357 0.859667 22.221867
v 6.590353 0.859667 20.684128
v 5.098469 0.869896 22.952122
v 7.137961 0.859667 19.913338
v 7.775014 0.859666 19.237118
v 7.282259 0.853898 19.569965
v 8.480951 0.859667 18.638351
v 9.924567 0.859667 17.559111
v 12.869452 0.859666 13.111513
v 12.303681 0.875413 14.809589
v 11.798609 0.872324 15.570930
v 11.242576 0.859666 16.275503
v 5.575053 0.688775 22.197674
v 6.543988 0.686193 20.649191
v 7.091934 0.687617 19.877800
v 7.733801 0.687621 19.196098
v 8.426473 0.687857 18.608810
v 12.253736 0.687612 14.783096
v 11.757675 0.687622 15.530882
v 5.040975 0.595745 22.902157
v 5.725307 0.595745 22.285810
v 5.187618 0.595745 23.029064
v 5.563921 0.595745 22.178265
v 6.524571 0.595745 20.641029
v 6.686821 0.595745 20.747322
v 7.227447 0.595745 19.986050
v 7.076939 0.595745 19.863754
v 7.721012 0.595745 19.179966
v 7.854205 0.595745 19.320930
v 8.552021 0.595745 18.729149
v 8.432489 0.595744 18.576431
v 9.875462 0.595745 17.497684
v 9.996613 0.595744 17.649170
v 12.985522 0.595744 13.136168
v 12.626678 0.595745 13.879297
v 12.776700 0.595744 14.029150
v 12.405765 0.595744 14.866548
v 12.236402 0.595744 14.772074
v 11.899144 0.595744 15.631214
v 11.742505 0.595744 15.516872
v 11.330194 0.595745 16.350464
v 10.569479 0.595745 16.882519
v 11.182829 0.595745 16.224388
v 10.704886 0.595744 17.021353
v 5.725307 2.218912 22.285810
v 5.187618 2.218913 23.029064
v 6.686821 2.218912 20.747322
v 7.227447 2.218912 19.986050
v 7.854205 2.218912 19.320930
v 8.552021 2.218912 18.729149
v 9.996605 2.218912 17.649174
v 13.179461 2.212842 11.307555
v 13.337646 2.218911 11.337219
v 12.776700 2.218911 14.029150
v 12.982290 2.218911 13.135266
v 12.405765 2.218912 14.866548
v 12.578740 2.210801 14.208561
v 11.899149 2.218912 15.631214
v 12.869452 1.959371 13.111512
v 12.632265 1.993357 14.072544
v 11.806014 1.959371 15.563232
v 12.302526 1.950152 14.812677
v 10.595090 1.965270 16.967363
v 5.627343 1.952128 22.224279
v 6.590353 1.959371 20.684128
v 7.137961 1.959371 19.913338
v 7.775014 1.959371 19.237118
v 8.480951 1.959371 18.638351
v 12.812957 0.687630 13.097713
v 1.979304 0.599864 24.160320
v 2.841659 0.599646 24.212433
v 2.849680 0.875396 24.270292
v 3.674168 0.687579 23.990011
v 4.518286 0.595745 23.655857
v 4.399089 0.595745 23.502880
v 3.665151 0.595745 23.971577
v 3.744824 0.595745 24.148392
v 2.860686 0.595746 24.386402
v 2.839583 0.595746 24.193619
v 1.950667 0.595746 24.333313
v 1.980087 0.595746 24.141624
v 5.061955 2.208023 22.920155
v 4.518286 2.218913 23.655857
v 3.744824 2.218913 24.148392
v 2.860686 2.218913 24.386402
v 4.447281 1.952233 23.564732
v 1.969805 1.951345 24.217733
v 2.846349 1.950216 24.270832
v 14.663940 8.965057 5.548872
v 14.389717 9.503727 5.733628
v 14.389717 8.965057 5.733615
v 14.663940 8.965057 5.548872
v 14.389717 8.965057 5.733615
v 14.507984 8.896832 5.653949
v 14.178468 9.428313 5.875933
v 14.389717 9.503727 5.733628
v 14.144078 9.503727 5.899101
v 14.178468 9.428313 5.875933
v -7.997617 0.595742 -3.177230
v -11.712377 0.595743 2.111218
v -12.215120 0.871710 3.378880
v -10.206319 0.682188 -0.700231
v -10.735995 0.872828 0.056917
v -9.700827 0.873650 -1.434289
v -8.011630 0.682187 -3.192911
v -5.851599 0.682187 -4.740658
v -3.908268 0.682187 -5.641828
v 9.296644 0.603315 -1.976499
v 7.568752 0.595742 -3.538178
v 3.944420 0.595742 -5.577397
v -3.031769 0.687588 -5.873653
v -2.139357 0.597743 -6.070854
v 0.540090 0.595742 -6.252258
v 9.337890 0.872522 -2.016936
v 9.298055 0.682188 -1.977825
v 7.487263 0.682188 -3.619342
v 3.221920 0.872573 -5.844994
v 3.951746 0.682187 -5.597158
v 1.454798 0.872846 -6.218725
v 0.541177 0.682187 -6.273258
v -2.160470 0.872066 -6.125429
v -1.848404 0.682187 -6.127689
v -3.903042 0.682187 -5.632209
v -0.351931 0.687653 -6.256001
v 13.182282 0.595744 11.307293
v 9.313869 0.595742 -1.991654
v 11.277177 0.595743 0.473466
v 12.302172 0.687628 2.157698
v 13.017893 0.595743 3.545695
v 11.198337 0.687590 16.237650
v 11.934941 0.595744 15.293295
v 12.611115 0.597744 13.972750
v 5.060706 0.595745 22.916351
v 5.054743 0.604028 22.914532
v 5.581379 1.988191 22.189899
v 5.056833 1.988192 22.915882
v 5.090472 2.208377 22.942966
v 5.056833 0.682191 22.915886
v 3.995336 0.682191 23.844238
v 3.698542 0.875410 24.041340
v 4.448916 0.875505 23.562063
v 2.841864 0.682191 24.214470
v 1.976905 0.682191 24.162357
v 1.969996 0.875201 24.218092
v 3.984467 0.595745 23.826136
v 4.412538 0.687612 23.518391
v 10.252073 2.210611 17.235620
v 10.704886 2.218912 17.021353
v 5.095819 2.031508 22.949898
v 4.411979 1.988192 23.519424
v 5.056833 1.988192 22.915882
v 16.489788 19.931955 18.723450
v 20.129951 19.976965 11.530647
v 13.979810 25.968565 16.230639
v 17.783409 19.027445 18.020895
v 20.126562 18.948696 12.880444
v 20.093988 18.740189 13.303413
v 14.318589 25.081005 17.690386
v 17.406641 24.730867 10.237795
v 16.671150 26.001085 11.209862
v 19.831560 18.769064 12.766562
v 14.298001 26.134548 16.362896
v 16.786219 20.081867 18.844067
v 18.073719 18.823517 17.721992
v 14.364914 26.311823 15.954521
v 16.357235 25.826160 11.089739
v 19.825180 19.809309 11.406479
v 14.016559 24.920433 17.578396
v 17.501301 18.854935 17.880039
v 17.699690 24.914877 10.354866
v 17.966705 24.566181 10.232593
v 14.403765 24.750351 18.012840
v 16.533701 20.451834 18.994274
v -9.644053 0.595742 -1.382010
v -10.342117 0.595743 -0.766272
v -9.795803 0.595742 -1.502766
v -10.182759 0.595742 -0.655753
v -11.576041 0.872030 1.668335
v -7.059623 0.595742 -3.902496
v -7.176095 0.595742 -4.057564
v -7.889820 0.595742 -3.481777
v -7.763444 0.595742 -3.334675
v -8.728537 0.595742 -2.433380
v -8.868337 0.595742 -2.567923
v -12.281882 0.595743 3.862891
v -11.873599 0.595743 2.049546
v -11.694022 0.595743 2.123019
v -11.072898 0.595743 0.388813
v -10.903746 0.595742 0.483866
v 8.963147 0.595742 -2.289053
v 9.098092 0.595742 -2.428435
v 7.569976 0.595742 -3.498291
v 7.688020 0.595742 -3.652278
v 6.097573 0.595743 -4.485029
v 6.195890 0.595742 -4.652296
v 4.975290 0.595742 -5.290210
v 4.892780 0.595742 -5.114701
v 13.034234 2.207252 3.505871
v 12.918746 1.950162 3.226766
v 13.165474 0.598401 11.304904
v 10.215599 0.866788 -1.061049
v 13.350075 0.595744 10.048831
v 13.327368 0.595744 11.373278
v 10.806552 0.595743 -0.187330
v 13.587749 2.210722 7.544031
v 12.662296 0.874302 14.001623
v 13.136730 0.595744 11.337678
v 6.945740 2.207959 20.068121
v 7.286150 1.973030 19.574425
v 11.495573 2.208014 15.907078
v 3.915425 2.207905 23.901711
v 2.853256 2.209623 24.223457
v 3.695357 1.950217 24.042961
v 1.956156 2.264535 24.329580
v 17.786362 18.626331 17.585440
v 14.388146 26.336340 15.949527
v 18.087662 18.815001 17.719992
v -10.342117 2.218910 -0.766272
v -8.615449 1.959742 -2.652116
v -9.708801 1.957029 -1.426310
v -3.954684 2.218909 -5.780994
v -3.986075 0.595742 -5.860248
v -7.630775 0.595742 -3.748141
v -6.085530 2.218909 -4.845909
v -10.103471 0.595742 -1.150311
v -9.349266 2.218910 -2.122992
v -11.847365 0.595743 1.914402
v -11.576202 2.218910 1.304678
v -12.773189 0.595743 5.126115
v -12.799002 2.218910 5.120780
v -5.557495 1.983053 -4.963467
v -8.868337 2.218910 -2.567923
v -12.749389 2.218910 5.130963
v -12.606002 2.208711 5.155827
v -12.579025 1.988189 5.160806
v -12.214069 1.983856 3.374178
v -12.630598 2.033233 5.151140
v -11.873602 2.218910 2.049554
v -11.699946 2.208928 1.964276
v -10.159796 2.207379 -0.772002
v -11.072901 2.218910 0.388817
v -3.908087 2.206661 -5.643531
v -3.898674 1.988188 -5.617356
v -8.112213 2.207381 -3.110610
v -7.889820 2.218910 -3.481777
v -7.176095 2.218910 -4.057564
v -11.731815 0.682188 2.103234
v -12.602588 0.682188 5.156006
v 3.221761 1.954816 -5.845658
v 7.344714 2.218910 -3.898791
v 6.195888 2.218910 -4.652299
v 7.278977 1.953837 -3.802322
v 6.577898 2.209110 -4.241431
v 6.144267 1.952363 -4.548197
v -3.898674 1.988188 -5.617356
v -3.915631 2.032959 -5.666898
v -2.168712 1.984247 -6.124486
v 1.448319 1.954558 -6.219888
v 0.183908 2.209010 -6.309690
v 8.290319 2.209325 -2.948057
v 4.099602 1.954310 -5.539856
v 3.626359 2.209022 -5.709120
v 4.975290 2.218909 -5.290210
v 13.373203 0.595744 11.343095
v 13.365561 2.218911 11.341839
v 13.740671 0.595743 7.627833
v 13.750214 2.218911 7.620856
v 13.211411 0.595743 3.498909
v 13.245296 2.218910 3.704745
v 11.438288 0.595743 0.365355
v 11.578169 2.218910 0.534592
v 9.452600 0.595742 -2.127864
v 9.437054 2.218910 -2.113487
v 9.327328 2.204651 -2.005901
v 10.330547 1.986952 -0.864858
v 9.298055 1.988189 -1.977825
v 9.335483 2.033169 -2.014571
v 11.187967 1.964148 0.215181
v 10.961867 2.218910 -0.303578
v 13.317829 1.988190 10.408098
v 13.167655 1.988190 11.305336
v 13.206260 2.207613 11.312243
v 13.542482 2.218911 10.073383
v 13.567489 0.682189 7.630171
v 13.083937 0.682188 3.767541
v 11.372915 0.682188 0.528699
v 9.307700 0.682187 -1.986782
v 7.980631 2.206420 18.966629
v 13.167655 1.988190 11.305336
v 13.160414 1.979987 11.303897
v 11.330194 2.218912 16.350464
v 11.243773 1.958217 16.271961
v 5.069205 0.682190 22.924786
v 7.305036 0.682190 19.520741
v 10.928573 0.682190 16.622231
v 12.560676 0.682189 14.191918
v 13.162410 0.682189 11.304273
v -6.960522 1.391102 23.970436
v -7.016361 0.294302 23.918503
v -8.005482 1.391542 24.921745
v -9.927728 0.295242 26.187832
v -9.845140 1.391102 26.264788
v -2.405646 12.979561 22.217308
v -2.262913 13.028946 22.294601
v -2.514756 12.594921 22.264156
v -2.308764 12.345016 21.903179
v -2.385843 12.445779 22.301472
v -2.081452 12.678096 21.689562
v -2.042435 12.399933 21.816492
v -2.156791 13.051603 21.889946
v -1.965735 12.929832 21.858379
v -8.569000 12.677596 10.311671
v -8.689312 12.454062 10.207325
v -8.918692 12.561732 10.205305
v -8.956658 12.381395 10.434360
v -8.821095 12.767241 10.299853
v -2.014515 13.007348 22.390270
v -2.272376 12.758661 22.467672
v -2.188938 12.640526 22.528114
v -2.250811 12.401020 22.338564
v -2.015760 12.312748 21.990791
v -2.066163 12.251500 22.251101
v -1.841338 12.679572 21.852951
v -1.757905 12.561425 21.913387
v -1.964117 13.068594 22.129969
v -1.779465 12.919069 22.042496
v -8.816280 12.956517 10.392588
v -8.407807 12.640088 10.443076
v -8.690152 12.234877 10.241053
v -8.372541 12.595526 10.339012
v -8.785780 12.270244 10.142918
v -9.075933 12.466636 10.257106
v -8.927956 12.916087 10.451153
v -9.095438 12.610608 10.213198
v -2.150097 12.507602 22.222095
v -1.946033 12.681475 21.990326
v -2.107460 12.822429 22.250538
v -2.159819 13.050260 22.156494
v -2.041770 12.999187 22.021835
v -2.051855 13.030157 22.001198
v -1.971978 12.897915 21.897713
v -1.950066 12.740271 21.824903
v -1.971245 12.881973 21.836920
v -1.964305 12.654541 21.776331
v -1.984415 12.568670 21.823254
v -2.063282 12.429185 21.892918
v -2.054206 12.443648 21.832325
v -2.167089 12.360030 22.014843
v -2.290775 12.394396 22.190208
v -2.219296 12.329001 22.030037
v -2.362260 12.431417 22.249367
v -2.353235 12.552683 22.325996
v -2.394544 12.635317 22.362625
v -2.341360 12.766624 22.357906
v -2.357963 12.821959 22.365494
v -2.244297 12.947302 22.287086
v -2.273122 12.972959 22.287792
v -2.142293 13.016491 22.163288
v -8.530966 12.904594 10.398218
v -8.797932 13.036596 10.268092
v -8.370138 12.572835 10.304079
v -8.315655 12.644255 10.209866
v -8.665289 12.243199 10.127835
v -8.697740 12.298071 10.011660
v -9.084572 12.495088 10.145283
v -8.998285 12.914245 10.316849
v -9.104805 12.596203 10.048527
v -8.542644 12.773536 10.650455
v -8.837232 12.928953 10.499362
v -8.483884 12.788262 10.511280
v -8.452107 12.380590 10.535302
v -8.407430 12.434552 10.393639
v -8.719381 12.177313 10.400042
v -8.693134 12.220422 10.262066
v -9.091333 12.343734 10.405727
v -9.152429 12.674848 10.348270
v -9.075595 12.376860 10.250712
v -8.955946 12.833239 10.612035
v -9.890162 10.544310 9.603749
v -9.409190 11.349099 10.106550
v -9.271724 12.006506 10.235602
v -9.313462 11.440008 9.895090
v -9.539596 12.549534 10.347270
v -9.287330 12.304372 10.079699
v -10.169495 12.776522 10.357992
v -9.894650 12.756846 10.125105
v -10.680819 12.792099 10.378448
v -10.680852 12.599223 10.308188
v -10.885962 12.603024 10.311005
v -10.956401 12.929892 10.432499
v -10.786902 12.995168 10.454981
v -10.050131 12.974933 10.436210
v -9.337491 12.732655 10.451136
v -9.022533 12.190794 10.344392
v -9.213473 11.353786 10.189483
v -9.852897 10.491139 9.872510
v -9.917447 10.552049 9.843517
v -9.779574 10.470317 9.618980
v -3.237267 9.503727 -2.524382
v -3.738006 9.503727 -2.227738
v -3.257499 9.428313 -2.560574
v -3.760030 9.428313 -2.262871
v -4.223160 9.503727 -1.906347
v -3.738006 9.503727 -2.227738
v -4.246925 9.428313 -1.940326
v -4.223160 9.503727 -1.906347
v -4.691368 9.503727 -1.561001
v -4.716819 9.428313 -1.593735
v -5.141312 9.503727 -1.192448
v -4.691368 9.503727 -1.561001
v -5.168396 9.428313 -1.223842
v -5.141312 9.503727 -1.192448
v -5.571846 9.503727 -0.801456
v -5.600494 9.428313 -0.831432
v -5.571846 9.503727 -0.801456
v -6.012213 9.428313 -0.417366
v -5.982085 9.503727 -0.388878
v -5.982085 9.503727 -0.388878
v -6.402976 9.428313 0.017250
v -6.371473 9.503727 0.044209
v -6.371473 9.503727 0.044209
v -6.772603 9.428313 0.471228
v -6.739842 9.503727 0.496638
v -6.739842 9.503727 0.496638
v -7.121174 9.428313 0.943063
v -7.087279 9.503727 0.966949
v -7.087279 9.503727 0.966949
v -7.448897 9.428313 1.431025
v -7.413985 9.503727 1.453402
v -7.413985 9.503727 1.453402
v -7.755806 9.428313 1.933341
v -7.719978 9.503727 1.954213
v -7.719978 9.503727 1.954213
v -8.424765 9.503645 3.295290
v -8.942797 9.428313 4.607985
v -8.903139 9.503727 4.620096
v -8.903139 9.503727 4.620096
v -9.124873 9.503719 5.448213
v -9.322218 9.428313 6.318277
v -9.281203 9.503727 6.324378
v -9.281203 9.503727 6.324378
v -9.397368 9.428313 6.906778
v -9.356169 9.503727 6.911457
v -9.356169 9.503727 6.911457
v -9.415420 9.503727 7.508259
v -9.415420 9.503727 7.508259
v -9.417335 9.503362 7.508086
v -9.511333 9.503727 8.721189
v -1.104720 9.503727 -3.448734
v -1.654744 9.503727 -3.258195
v -1.117312 9.428313 -3.488246
v -1.669298 9.428313 -3.297021
v -2.194361 9.503727 -3.040309
v -1.654744 9.503727 -3.258195
v -2.210852 9.428313 -3.078349
v -2.194361 9.503727 -3.040309
v -2.722286 9.503727 -2.795485
v -2.740672 9.428313 -2.832655
v -3.237267 9.503727 -2.524382
v -2.722286 9.503727 -2.795485
v -0.556283 9.428313 -3.651761
v -1.104720 9.503727 -3.448734
v -0.545671 9.503727 -3.611672
v 0.012190 9.428313 -3.787261
v -0.545671 9.503727 -3.611672
v 0.020795 9.503727 -3.746696
v 0.586266 9.428313 -3.894204
v 0.020795 9.503727 -3.746696
v 0.592814 9.503727 -3.853260
v 1.163790 9.428313 -3.971478
v 0.592814 9.503727 -3.853260
v 1.168174 9.503727 -3.930238
v 1.742257 9.428313 -4.017216
v 1.168174 9.503727 -3.930238
v 1.744295 9.503727 -3.975801
v 2.627254 9.503448 -3.982094
v 1.744295 9.503727 -3.975801
v 3.735435 9.503680 -3.845130
v 4.786068 9.503663 -3.531672
v 5.770898 9.503675 -3.044427
v 7.011565 9.503697 -2.179852
v 8.351942 9.503727 -1.012441
v 8.356981 9.502473 -1.017988
v 8.351942 9.503727 -1.012441
v 9.919549 9.503794 0.467356
v 10.518266 9.502622 1.081417
v 10.514039 9.503727 1.085336
v 10.514039 9.503727 1.085336
v 11.489264 9.503728 2.197680
v 12.776691 9.501891 3.879842
v 12.767779 9.503727 3.886232
v 13.117266 9.503451 4.381187
v 12.767779 9.503727 3.886232
v 13.115120 9.503727 4.382670
v 13.115120 9.503727 4.382670
v 14.144078 9.503727 5.899101
v -6.973848 8.965057 0.315134
v -6.596500 8.965056 -0.148358
v -7.329387 8.965057 0.796349
v -6.973848 8.965057 0.315134
v -7.663346 8.965057 1.293564
v -7.329387 8.965057 0.796349
v -7.975897 8.965057 1.805130
v -7.663346 8.965057 1.293564
v -7.975897 8.965057 1.805130
v -8.692843 8.964827 3.168893
v -9.186397 8.965057 4.533582
v -9.186397 8.965057 4.533582
v -9.413002 8.964997 5.379462
v -9.574162 8.965056 6.280806
v -9.650454 8.965056 6.878039
v -9.574162 8.965056 6.280806
v -9.710374 8.965056 7.481319
v -9.650454 8.965056 6.878039
v -9.711776 8.964875 7.481207
v -9.806687 8.965057 8.699079
v -12.659453 0.859665 5.146043
v -12.685076 1.959369 5.140749
v -11.740777 0.859665 1.959071
v -10.183970 0.859664 -0.824417
v -11.232525 1.959369 0.806773
v -7.802603 0.859664 -3.472460
v -8.827144 1.959369 -2.476769
v -3.948426 0.859664 -5.750369
v -6.026450 1.959368 -4.746394
v -3.917343 1.959368 -5.671902
v 8.390398 2.218910 -3.077528
v 9.419403 2.251868 -2.098648
v 9.298055 1.988189 -1.977825
v 8.645389 1.988189 -2.609233
v 9.354678 0.859664 -2.032604
v 9.370116 1.959369 -2.046880
v 11.547834 0.859665 0.692139
v 11.295432 1.959369 0.363952
v 13.154717 0.859665 3.840063
v 13.086647 1.959369 3.487113
v 13.625217 0.859665 7.629379
v 13.634663 1.959370 7.622496
v 13.259692 0.859666 11.321810
v 13.252091 1.959370 11.320560
v 13.202932 0.682189 11.311167
v 13.222040 0.881132 11.315496
v 5.208048 0.595745 23.043781
v 5.200378 2.218912 23.038256
v 7.409266 0.595745 19.682629
v 7.346709 2.218912 19.760590
v 10.661360 0.595745 17.113476
v 10.350775 2.218912 17.372591
v 12.649263 0.595744 14.502716
v 12.165652 2.218912 15.312467
v 12.821321 2.218911 13.906473
v 13.332397 0.595744 11.336155
v 13.334368 2.218911 11.336555
v 5.128371 1.959371 22.973721
v 5.120446 0.859667 22.968018
v 7.428722 1.959371 19.490627
v 7.322904 0.859667 19.604797
v 10.971179 1.959371 16.661549
v 10.503947 0.859666 17.094069
v 12.633560 1.959370 14.173882
v 12.521644 0.859666 14.522678
v 13.221038 1.959370 11.315299
v 13.219070 0.859666 11.314899
v 1.968159 1.959372 24.219341
v 1.964800 0.859668 24.287136
v 3.580953 1.959371 24.150818
v 3.972854 0.859667 23.934811
v 5.100430 1.959371 22.953611
v 5.100430 0.859667 22.953611
v -9.737689 1.642904 26.362816
v -9.872114 0.035336 26.230370
v -6.954885 0.034555 23.987091
v -7.895607 1.642949 25.022593
v -6.860829 1.642905 24.076298
v -7.706750 0.035215 24.602755
v -7.129106 0.044597 23.799007
v -6.997098 0.035215 23.941290
v -8.442427 0.034215 25.196461
v -7.912625 0.043826 24.526651
v -9.241922 0.043786 25.576708
v -9.873959 0.035214 26.227808
v -10.003876 0.043709 26.085426
v -9.834112 1.388259 26.241823
v -9.875931 1.425935 26.220497
v -9.832231 1.639624 26.230335
v -9.737689 1.642904 26.362816
v -9.873959 0.035214 26.227808
v -9.938025 0.295267 26.172766
v -9.968657 0.298285 26.127344
v -9.991621 0.128853 26.100348
v -10.003876 0.043709 26.085426
v -8.824739 12.893359 10.464512
v -8.647596 12.889800 10.521486
v -8.653022 12.873061 10.487177
v -8.465829 12.740849 10.506809
v -8.509417 12.773682 10.475599
v -8.409375 12.480626 10.416658
v -8.435207 12.621084 10.434080
v -8.446003 12.458958 10.370809
v -8.565823 12.270825 10.311821
v -8.577137 12.303680 10.294417
v -8.789935 12.229971 10.250241
v -8.783447 12.265830 10.237641
v -9.004785 12.326236 10.254639
v -8.946758 12.328439 10.230505
v -9.119938 12.526459 10.300492
v -9.059779 12.458945 10.259213
v -9.090344 12.742060 10.391706
v -9.088222 12.660850 10.334335
v -8.881437 12.904748 10.488549
v -8.979366 12.831720 10.412466
v -3.141864 10.614588 23.074322
v -3.338295 10.561581 22.858477
v -3.121020 10.555980 23.023289
v -2.938952 10.800446 22.774801
v -2.484943 11.705303 22.213661
v -2.393726 11.958544 22.201405
v -2.260606 12.326516 22.299168
v -2.299290 12.646326 22.557285
v -2.513094 12.887360 22.914181
v -2.985470 13.013715 23.455256
v -3.723131 12.983046 24.009859
v -3.717745 12.609242 23.642494
v -3.584720 12.595323 23.863268
v -3.650468 12.844938 23.627384
v -3.451456 12.828959 23.788284
v -3.051199 12.801994 23.132015
v -3.090901 12.828346 23.513807
v -2.780478 12.753919 23.194248
v -2.636407 12.517151 22.547083
v -2.485244 12.549749 22.772911
v -2.632711 12.129398 22.243950
v -2.407227 12.342894 22.561344
v -2.530659 11.913731 22.401947
v -2.875720 11.422522 22.367836
v -2.938022 10.944292 22.814955
v -8.810739 12.961467 10.366302
v -8.723001 12.925570 10.396007
v -8.978900 12.893286 10.310346
v -8.929282 12.887712 10.339216
v -9.097078 12.710741 10.216978
v -9.060430 12.732448 10.262831
v -9.040632 12.450527 10.126845
v -9.060616 12.530538 10.182516
v -8.812795 12.286654 10.110946
v -8.931229 12.359690 10.147691
v -8.723845 12.297433 10.155221
v -8.582314 12.301609 10.162417
v -8.527082 12.359679 10.221164
v -8.441233 12.410220 10.228473
v -8.430884 12.489812 10.287058
v -8.380589 12.575032 10.300782
v -8.419024 12.652500 10.349711
v -8.416636 12.751847 10.359977
v -8.579773 12.919755 10.385103
v -8.523758 12.837713 10.395854
v -1.961311 13.022681 22.123322
v -2.016575 13.003877 22.146078
v -1.929631 12.943615 22.007015
v -1.863558 12.896653 21.949123
v -1.841077 12.726313 21.869114
v -1.882386 12.808937 21.905743
v -1.877658 12.539664 21.866245
v -1.894273 12.594994 21.873787
v -1.985595 12.359401 21.974836
v -1.991323 12.414321 21.944656
v -2.093328 12.345130 22.068447
v -2.131920 12.309388 22.153118
v -2.193858 12.362418 22.209888
v -2.227292 12.376587 22.302956
v -2.263644 12.463692 22.334011
v -2.275848 12.565742 22.434525
v -2.285553 12.621352 22.406828
v -2.246051 12.799006 22.446207
v -2.129717 12.977583 22.344915
v -2.231426 12.832045 22.400448
v -2.122133 12.977872 22.282394
v -2.242987 12.979176 22.296232
v -1.890841 12.592039 21.853806
v -1.955955 12.914198 21.883453
v -2.096169 12.330216 22.063351
v -2.011728 12.483382 21.840347
v -2.218907 12.346573 22.087200
v -2.270637 12.457825 22.338751
v -2.260271 12.798407 22.419212
v -2.360542 12.546251 22.337492
v -1.974523 13.033355 22.091608
v 14.389717 8.965057 5.733615
v 13.111158 8.965017 3.849318
v 14.507984 8.896832 5.653949
v 13.228016 8.896847 3.767488
v 11.697330 8.965502 1.972778
v 11.806805 8.896098 1.882191
v 10.541811 8.965053 0.680593
v 10.644000 8.896813 0.581116
v 9.325781 8.964632 -0.525154
v 9.423161 8.897156 -0.629839
v 7.799101 8.965084 -1.897720
v 7.892632 8.896791 -2.005356
v 6.878652 8.965065 -2.648401
v 6.963833 8.896683 -2.762744
v 5.923477 8.964882 -3.298479
v 5.994978 8.896443 -3.421894
v 4.896879 8.965377 -3.806945
v 4.948513 8.895163 -3.939003
v 4.103673 8.896811 -4.204972
v 4.068890 8.965057 -4.066639
v 3.225176 8.964756 -4.228883
v 3.243796 8.896412 -4.370320
v 2.050246 8.964867 -4.287026
v 2.047985 8.896605 -4.429708
v 0.853881 8.964933 -4.194770
v 0.834184 8.896733 -4.336075
v -0.331752 8.964366 -3.974358
v -0.365463 8.897159 -4.113464
v -1.480772 8.965411 -3.639921
v -1.527535 8.896087 -3.774136
v -2.368865 8.896819 -3.442912
v -2.586946 8.964994 -3.192870
v -3.187839 8.896772 -3.054670
v -3.643075 8.964967 -2.636774
v -4.227820 8.897158 -2.438761
v -4.638694 8.964339 -1.976705
v -5.334773 8.965057 -1.416696
v -5.199677 8.896090 -1.721129
v -5.989944 8.964963 -0.811523
v -6.090611 8.896698 -0.912612
v -6.784778 8.964975 0.071610
v -6.895122 8.896718 -0.018798
v -7.496599 8.965003 1.033561
v -7.614720 8.896747 0.953635
v -8.127373 8.964493 2.065721
v -8.252570 8.897124 1.996488
v -8.669168 8.964997 3.148599
v -8.799535 8.896745 3.090755
v -9.102494 8.965383 4.258105
v -9.237240 8.896104 4.212821
v -9.413621 8.964988 5.381917
v -9.552598 8.896661 5.349861
v -9.606672 8.965090 6.496281
v -9.747896 8.896687 6.476690
v -9.813379 8.964517 8.698254
v -9.956041 8.897193 8.687579
v 1.136864 8.965057 -4.224806
v 0.546045 8.965057 -4.145715
v 1.729737 8.965057 -4.271609
v 1.136864 8.965057 -4.224806
v 0.546045 8.965057 -4.145715
v -0.040673 8.965057 -4.036446
v -0.040673 8.965057 -4.036446
v -0.621473 8.965057 -3.898017
v -0.621473 8.965057 -3.898017
v -1.194663 8.965057 -3.730958
v -1.194663 8.965057 -3.730958
v -1.758706 8.965057 -3.535533
v -1.758706 8.965057 -3.535533
v -2.312150 8.965057 -3.312020
v -2.312150 8.965057 -3.312020
v -2.853618 8.965057 -3.060978
v -2.853618 8.965057 -3.060978
v -3.381774 8.965057 -2.782900
v -3.381774 8.965057 -2.782900
v -3.895322 8.965057 -2.478688
v -3.895322 8.965057 -2.478688
v -4.392908 8.965057 -2.149043
v -4.392908 8.965057 -2.149043
v -4.873165 8.965057 -1.794814
v -4.873165 8.965057 -1.794814
v -5.334773 8.965057 -1.416696
v -5.334773 8.965057 -1.416696
v -5.776483 8.965057 -1.015569
v -6.197285 8.965057 -0.592359
v -5.776483 8.965057 -1.015569
v -6.596500 8.965056 -0.148358
v -6.197285 8.965057 -0.592359
v 14.389717 9.503727 5.733628
v 14.663940 8.965057 5.548872
v 13.380080 8.965083 3.656709
v 13.112276 9.503686 3.851023
v 11.949927 8.965007 1.759627
v 11.699070 9.503686 1.975366
v 10.115676 8.964211 -0.237765
v 9.886416 9.504369 -0.002696
v 7.404291 8.964977 -2.668826
v 7.195048 9.503624 -2.412463
v 6.092496 8.965011 -3.582929
v 5.921413 9.503549 -3.299494
v 5.020197 8.964858 -4.113564
v 4.894617 9.503501 -3.807288
v 4.149541 8.965057 -4.387336
v 3.269380 8.964857 -4.556659
v 3.529681 9.503173 -4.194023
v 2.045443 8.965597 -4.618831
v 2.050560 9.502811 -4.285677
v 0.808101 8.965018 -4.522351
v 0.855401 9.503657 -4.194908
v -0.410480 8.965011 -4.295868
v -0.329833 9.503680 -3.975056
v -1.590762 8.965009 -3.951597
v -1.478699 9.503683 -3.640378
v -2.726799 8.965017 -3.492572
v -2.585064 9.503681 -3.193708
v -3.812667 8.965012 -2.920727
v -3.641179 9.503681 -2.637854
v -4.836545 8.965010 -2.242115
v -4.879305 9.503573 -1.802497
v -6.008109 8.963737 -1.262934
v -5.990853 9.504173 -0.811736
v -7.040016 8.965004 -0.138700
v -6.786139 9.503696 0.073307
v -7.769576 8.965014 0.846878
v -8.415890 8.965032 1.903537
v -7.829095 9.503493 1.528500
v -8.970781 8.965037 3.012887
v -8.670010 9.503675 3.150659
v -9.415564 8.965022 4.152009
v -9.102889 9.503663 4.260094
v -9.843497 8.964858 5.781757
v -9.518885 9.503505 5.847422
v -10.144201 8.965535 8.673708
v -9.812733 9.503160 8.698502
v 13.358653 8.965057 4.214111
v 13.009253 8.965057 3.714706
v 13.360557 8.964951 4.212815
v 14.389717 8.965057 5.733615
v 13.009253 8.965057 3.714706
v 12.054068 8.965024 2.417876
v 10.733827 8.964491 0.880579
v 10.738766 8.964315 0.875355
v 8.556309 8.965502 -1.238648
v 8.556936 8.964201 -1.240000
v 6.880308 8.965100 -2.647241
v 5.925362 8.965022 -3.297389
v 4.898951 8.964901 -3.805665
v 3.800119 8.964879 -4.134182
v 2.643523 8.965604 -4.279513
v 1.729737 8.965057 -4.271609
v 14.507984 8.896832 5.653949
v 13.228053 8.896859 3.767583
v 14.663940 8.965057 5.548872
v 13.381348 8.965045 3.658592
v 11.807155 8.896458 1.881866
v 11.951813 8.965665 1.762146
v 10.643785 8.896825 0.580879
v 10.780483 8.965076 0.451746
v 9.423023 8.897171 -0.629584
v 9.552492 8.964802 -0.766304
v 7.892758 8.896808 -2.005286
v 8.014326 8.965098 -2.148740
v 6.964126 8.896806 -2.762594
v 7.077210 8.965153 -2.912851
v 5.995256 8.896959 -3.421838
v 6.090673 8.965325 -3.583977
v 4.948821 8.896603 -3.939804
v 5.018209 8.966453 -4.114139
v 4.149541 8.965057 -4.387336
v 4.103673 8.896811 -4.204972
v 3.243504 8.897108 -4.370443
v 3.267518 8.965426 -4.557073
v 2.047678 8.896979 -4.429763
v 2.045651 8.965276 -4.617867
v 0.833941 8.896921 -4.336061
v 0.810176 8.965191 -4.522638
v -0.365370 8.897389 -4.113097
v -0.408587 8.964787 -4.296495
v -1.527529 8.896898 -3.774467
v -1.588994 8.965142 -3.952257
v -2.368865 8.896819 -3.442912
v -2.725096 8.965145 -3.493395
v -3.187920 8.897427 -3.054409
v -4.227664 8.896907 -2.438632
v -3.811061 8.965147 -2.921724
v -5.199787 8.896901 -1.721442
v -4.835060 8.965150 -2.243259
v -5.550756 8.965057 -1.667071
v -6.090858 8.896544 -0.912576
v -6.224529 8.965656 -1.044477
v -6.895336 8.896891 -0.018564
v -7.041261 8.965133 -0.137260
v -7.614883 8.896872 0.953849
v -7.770659 8.965130 0.848415
v -8.252297 8.897293 1.996651
v -8.416968 8.964807 1.905210
v -8.799456 8.896880 3.090526
v -8.971622 8.965150 3.014780
v -9.237503 8.896910 4.212613
v -9.416235 8.965178 4.153991
v -9.552793 8.896516 5.349973
v -9.736185 8.965675 5.309599
v -9.747977 8.896750 6.476907
v -9.934318 8.965127 6.451692
v -9.955698 8.897267 8.687578
v -10.143517 8.964752 8.673520
v 14.389717 9.503727 5.733628
v 14.144078 9.503727 5.899101
v 13.110931 9.503727 3.848983
v 12.869461 9.503727 4.020540
v 12.089849 9.503727 2.473997
v 11.856330 9.503727 2.656173
v 11.333999 9.503727 1.552900
v 11.108849 9.503727 1.745341
v 10.541868 9.503727 0.680650
v 10.327204 9.503727 0.884767
v 9.326002 9.503727 -0.525229
v 9.123050 9.503727 -0.309454
v 7.799619 9.503727 -1.897256
v 7.606804 9.503727 -1.672433
v 6.878588 9.503727 -2.648445
v 6.700280 9.503727 -2.411861
v 5.923185 9.503727 -3.298771
v 5.772667 9.503727 -3.043476
v 4.896548 9.503727 -3.806902
v 4.787989 9.503727 -3.531018
v 4.068887 9.503727 -4.066647
v 3.996641 9.503727 -3.779443
v 3.226152 9.503727 -4.228892
v 3.188852 9.503727 -3.934836
v 2.050507 9.503727 -4.287163
v 2.055264 9.503727 -3.990876
v 0.853479 9.503727 -4.194762
v 0.891344 9.503727 -3.900894
v -0.331727 9.503727 -3.974678
v -0.263223 9.503727 -3.686435
v -1.480549 9.503727 -3.639810
v -1.383744 9.503727 -3.359784
v -2.586863 9.503727 -3.192954
v -2.460924 9.503727 -2.924770
v -3.642876 9.503727 -2.636932
v -3.491389 9.503727 -2.382333
v -4.639092 9.503727 -1.976825
v -4.462808 9.503727 -1.738728
v -5.141312 9.503727 -1.192448
v -5.334774 9.503727 -1.416705
v -5.990340 9.503727 -0.811214
v -5.780053 9.503727 -0.602493
v -6.784971 9.503727 0.071798
v -6.555644 9.503727 0.259320
v -7.496209 9.503727 1.032957
v -7.250694 9.503727 1.198745
v -8.127520 9.503727 2.065387
v -7.868612 9.503727 2.209381
v -8.669297 9.503727 3.148858
v -8.398679 9.503727 3.269396
v -9.102370 9.503727 4.258227
v -8.821290 9.503727 4.351892
v -9.413596 9.503727 5.381658
v -9.124427 9.503727 5.446150
v -9.606646 9.503727 6.496212
v -9.313101 9.503727 6.535934
v -9.813628 9.503727 8.698149
v -9.518245 9.503727 8.720277
v 14.090032 24.579916 17.924820
v 17.986904 24.567091 10.226837
v 14.407431 24.746611 18.030495
v 16.530148 20.462753 19.008722
v 19.763908 20.175114 11.092929
v 16.213848 20.299738 18.891550
v 20.063204 20.323694 11.239234
v 16.094273 26.071341 11.427803
v 16.416203 26.227999 11.540650
v -3.954684 0.595742 -5.780994
v -3.961791 2.218909 -5.805155
v -0.802144 2.218909 -6.443293
v -1.581878 0.595742 -6.375175
v 1.831189 2.218909 -6.289770
v 4.041971 2.218909 -5.717220
v 1.968790 0.595741 -6.296127
v 4.823119 0.595742 -5.381765
v 6.727333 2.218910 -4.339540
v 9.451231 2.218910 -2.129975
v 7.591175 0.595742 -3.758097
v 9.421462 0.595742 -2.099009
v 9.339188 1.959369 -2.018220
v 9.339188 0.859664 -2.018220
v 7.613753 1.959368 -3.589435
v 7.944792 0.859664 -3.320785
v 4.518138 1.959368 -5.411987
v 5.162391 0.859664 -5.111702
v 1.892590 1.959368 -6.165975
v 2.760585 0.859663 -5.981324
v -0.794850 1.959368 -6.327877
v 0.423168 0.859664 -6.330559
v -1.856885 0.859663 -6.184752
v -3.924374 1.959368 -5.695809
v -3.921735 0.859664 -5.686834
v 4.030825 2.218913 24.035709
v 5.187618 0.595745 23.029064
v 5.187618 2.218913 23.029064
v 4.007910 0.595745 24.028549
v 2.860686 0.595746 24.386402
v 1.947295 2.218913 24.403202
v 1.950667 0.595746 24.333313
v -6.997121 1.426543 23.930973
v -6.972740 1.640064 23.955891
v -6.966847 1.387992 23.964489
v -6.860829 1.642905 24.076298
v -6.997098 0.035215 23.941290
v -7.053404 0.295267 23.878414
v -7.090723 0.298888 23.838400
v -7.129106 0.044597 23.799007
v -7.115585 0.129643 23.812914
v 19.722219 18.652185 15.799147
v 20.090719 18.718592 14.882910
v 20.449324 19.182970 13.443706
v 19.497463 18.004896 14.524807
v 19.036831 17.976068 15.509811
v 19.400248 17.367334 15.707617
v 19.829464 18.327890 13.393930
v 19.990702 17.499437 14.206745
v 19.991018 19.187494 11.932673
v 20.353737 18.148336 12.523378
v 19.856089 18.782042 12.562182
v 19.809509 20.321678 10.819942
v 20.313686 19.613855 10.650311
v 19.444458 21.290775 10.242707
v 19.650221 21.603785 9.472690
v 18.945353 22.282299 9.950163
v 18.498283 23.219418 9.784757
v 17.748703 24.360088 9.947180
v 18.391224 23.962744 9.136185
v 16.834949 25.462502 10.530471
v 16.976814 25.766233 9.892214
v 15.909334 26.323299 11.529731
v 15.900311 26.762403 10.971836
v 15.900093 26.186352 11.516891
v 14.975518 27.310308 12.311527
v 15.235813 26.671522 12.503449
v 14.450192 27.418707 13.344911
v 14.726501 26.824497 13.449917
v 13.719407 27.097630 15.411787
v 14.726226 26.762739 13.452594
v 15.256335 26.554216 12.536601
v 16.469042 26.649307 12.380109
v 16.473331 25.710594 10.936197
v 17.360210 24.759317 10.220750
v 17.574583 25.723372 11.142637
v 18.449451 24.684410 10.573250
v 18.314867 23.421703 9.871068
v 19.324932 23.333920 10.418509
v 20.037624 21.827467 10.838750
v 19.453569 21.109272 10.414569
v 19.822714 19.972929 11.092751
v 19.829136 19.713415 11.446147
v 20.466669 20.430319 11.760775
v 19.514755 18.127527 14.270915
v 19.265308 18.748205 16.694563
v 19.886824 18.677383 15.873569
v 20.389122 17.902496 16.116886
v 19.830584 18.024464 17.206007
v 19.436924 17.289829 15.731333
v 18.552807 19.167696 17.729836
v 18.700954 18.727346 18.797550
v 19.218548 18.864349 17.452698
v 18.120140 17.897301 17.868256
v 17.463264 20.201773 18.788549
v 17.371723 20.128582 19.901398
v 17.093090 18.786610 18.980053
v 17.873482 20.020672 18.920330
v 16.192074 21.985577 19.248207
v 16.320213 21.606884 20.279179
v 15.832655 20.308260 19.768425
v 16.815212 21.392054 19.456863
v 15.341379 23.420774 20.044464
v 14.509130 22.526932 19.764482
v 15.271732 23.933527 18.721275
v 15.834180 23.080975 19.393822
v 14.711040 25.115709 19.187706
v 13.728682 24.520988 18.843651
v 14.920129 25.169994 17.820648
v 15.180288 24.792856 18.567760
v 14.460347 26.843159 17.435934
v 13.510787 25.491173 18.033382
v 14.962253 26.275173 17.070465
v 14.872191 25.977081 16.862930
v 13.480898 26.472538 16.785198
v 15.030231 26.598055 15.678547
v 14.912254 27.816206 15.119358
v 15.321865 27.085369 15.179485
v 15.528851 26.914774 14.148759
v 14.457335 27.418196 13.329095
v 15.465100 27.930161 13.727081
v 15.818800 27.212124 13.895710
v 15.425971 28.008081 13.703568
v 16.990711 27.237906 11.233492
v 16.674072 26.950802 12.326956
v 17.946373 25.836088 10.967878
v 18.315931 25.906084 10.045606
v 19.464954 24.337645 9.569835
v 19.147356 24.303343 10.327024
v 20.630497 22.143225 9.895509
v 20.226891 22.281128 10.615476
v 21.196686 20.440998 10.905904
v 20.685242 20.975147 11.337176
v 21.353239 19.299978 12.083160
v 20.873266 19.806631 12.480594
v 21.231476 18.439430 13.508785
v 20.721149 18.989042 13.916875
v 20.836702 17.979202 15.010509
v 20.074608 18.545744 15.958817
v 20.389122 17.902496 16.116886
v 14.004428 27.882063 14.213255
v 14.213196 27.903835 13.719953
v 13.861732 27.742355 13.578974
v 14.015594 28.590036 13.268009
v 14.160570 28.158234 13.545761
v 14.161395 28.163170 13.537297
v 14.184110 28.287077 13.322209
v 14.395025 28.187460 12.979485
v 14.438037 28.148687 12.936358
v 14.430720 28.350290 12.666956
v 14.443910 28.143284 12.930427
v 14.628487 27.862843 12.852448
v 14.848481 27.816195 12.410738
v 14.253804 27.684633 12.713030
v 14.248471 27.713438 12.681476
v 14.058080 27.957972 12.784163
v 13.910162 28.091822 12.934024
v 14.052187 27.963400 12.790106
v 14.077950 28.156300 12.497325
v 14.494223 27.646938 12.275552
v 13.711028 28.409094 12.986798
v 13.781471 28.016460 13.326756
v 13.775395 27.978060 13.391134
v 13.774581 27.973114 13.399594
v 13.578354 28.198626 13.557377
v 13.666708 27.713520 14.082857
v 20.115501 17.085524 14.957471
v 19.930864 17.071354 15.421800
v 20.187012 16.731228 15.320877
v 19.970276 16.984949 15.464401
v 19.591347 16.829687 15.288855
v 19.562277 16.884436 15.278645
v 20.001316 16.826679 15.626389
v 20.006332 16.797741 15.654562
v 20.089775 16.396503 15.981771
v 19.907600 16.697159 15.981844
v 19.689152 16.648777 16.541872
v 19.622425 16.621065 15.493113
v 19.619839 16.636015 15.477526
v 19.772495 16.912449 14.823645
v 19.827007 16.447479 15.282341
v 19.655584 16.217133 15.987776
v 19.435448 16.527798 16.024311
v 18.940937 16.967682 16.618729
v 19.210155 16.596428 16.465677
v 19.221251 16.781811 16.176031
v 19.145491 16.871988 16.212406
v 19.693729 16.865450 16.263447
v 19.601442 16.974047 16.325659
v 19.527449 17.066353 16.369122
v 19.532469 17.101381 16.315273
v 19.146065 16.897953 16.156422
v 14.004797 23.295666 20.378162
v 14.077358 23.481752 19.963659
v 14.091804 22.730307 20.942562
v 14.219550 22.871853 20.495193
v 14.241830 22.780790 20.566216
v 14.280212 22.649385 20.667046
v 14.282042 23.049732 20.102448
v 13.835516 22.680450 20.350521
v 13.921942 22.851246 19.994511
v 13.701233 23.327509 19.842411
v 13.857525 22.593597 20.419041
v 13.650006 22.848322 20.569859
v 13.827980 22.342793 20.838394
v 13.888921 22.459061 20.516870
v 13.992105 22.321329 20.481949
v 14.143933 22.108936 20.418371
v 14.531501 22.301069 20.568233
v 14.303150 21.995291 20.221962
v 14.557783 21.581646 20.232494
v 14.258779 22.027016 20.278168
v 14.348873 22.004631 20.162712
v 14.686872 22.184191 20.367756
v 14.906788 21.756277 20.385632
v 14.528278 22.100412 20.813919
v 14.640745 22.217085 20.426743
v 14.375746 22.509336 20.629520
v 19.221443 23.196932 8.794637
v 19.452234 22.766874 8.864043
v 19.631437 22.861149 8.351659
v 19.486584 22.782202 8.802839
v 19.112902 22.567053 8.712729
v 19.527716 22.754349 8.748727
v 19.598125 22.706047 8.657386
v 19.660736 22.630608 8.616186
v 19.702568 22.580122 8.589414
v 20.047911 22.245777 8.252616
v 19.895685 22.277105 8.563344
v 19.341434 22.365480 8.428888
v 19.533958 22.063360 8.400254
v 19.914259 22.205833 8.616648
v 19.937855 22.113689 8.688308
v 20.133919 21.718969 8.746936
v 19.869585 21.912376 9.066083
v 20.064325 21.479879 9.203845
v 19.534197 21.710991 8.916800
v 19.575560 21.898876 8.526236
v 19.692709 22.054701 8.083906
v 19.553162 21.990141 8.455611
v 19.788916 21.476921 8.644003
v 19.727722 21.280037 9.054104
v 19.299515 22.415070 8.455226
v 19.235809 22.489952 8.496014
v 19.166582 22.538692 8.587713
v 19.122971 22.568436 8.645477
v 19.301605 22.621672 8.188726
v 18.887508 22.998554 8.645679
v 18.958706 17.584425 16.839432
v 19.249825 17.132765 15.657813
v 19.388609 16.852531 15.739141
v 19.188850 16.942711 16.158600
v 19.746735 17.039331 15.880075
v 19.495356 17.094110 16.277363
v 19.518345 17.458941 15.753412
v 19.531443 17.072924 16.350197
v 19.274050 17.134275 16.757725
v 18.652477 17.431337 17.825602
v 18.948759 16.976635 16.633923
v 18.313919 17.226957 17.622694
v 18.662327 17.275057 16.792227
v 18.032877 17.944811 17.987469
v 18.181911 18.040752 18.065456
v 17.917162 17.691183 17.900919
v 16.900000 18.992199 19.144974
v 16.846100 18.629456 19.047829
v 17.136230 18.976875 19.144802
v 16.250782 20.014591 19.647518
v 15.589500 20.154907 19.820131
v 15.676589 20.829218 19.857555
v 14.862634 22.191355 19.854425
v 14.299747 23.398245 19.506599
v 14.202594 22.479803 19.817955
v 13.920666 24.398376 18.994686
v 13.508996 25.475437 18.049728
v 13.616250 26.371174 17.036346
v 13.678957 27.080149 15.534925
v 13.432944 27.149433 15.289990
v 14.292356 27.447332 14.124005
v 14.607036 27.463072 13.387684
v 14.763375 27.308867 12.092906
v 14.155884 27.485683 13.208642
v 13.653927 27.714243 14.081097
v 14.035560 27.754116 13.150269
v 14.203864 27.906050 13.705859
v 13.279720 27.469818 15.201887
v 13.646895 27.636209 15.379744
v 13.818706 27.139868 15.647676
v 14.608139 27.483395 13.386312
v 14.399750 27.926004 13.286818
v 13.364422 27.031834 16.816961
v 13.682518 25.421803 18.251116
v 13.356668 25.840473 18.412350
v 13.667101 24.583698 19.421619
v 14.044361 23.480970 19.947319
v 13.305681 24.365276 19.303284
v 13.018269 25.539148 18.398407
v 13.404236 24.544220 18.845203
v 14.339787 22.037769 20.165592
v 14.664346 22.208300 20.315243
v 14.265956 23.025108 20.150465
v 15.568361 20.701084 20.350563
v 14.559256 21.581181 20.220024
v 15.249616 20.449631 20.206085
v 16.290155 19.045347 19.734730
v 17.443937 17.864307 18.740269
v 17.635281 18.203323 19.068129
v 16.456470 19.475437 19.999519
v -9.991562 0.044952 26.101889
v -9.225499 0.131561 25.601894
v -7.900232 0.132635 24.558044
v -7.113555 0.048135 23.815420
v -9.938291 0.307731 26.171783
v -9.976148 0.126331 26.123165
v -9.176577 0.295267 25.658651
v -7.863583 0.296897 24.629868
v -7.073776 0.126241 23.858072
v -7.053655 0.300369 23.878105
v 18.301399 20.367617 15.129060
v 17.409458 20.891655 16.415344
v 17.516750 20.386751 15.818082
v 17.983068 20.231426 14.983818
v 17.833241 20.544777 14.910725
v 17.530041 20.625721 15.475164
v 18.102322 20.761030 15.029974
v 17.561249 21.009483 15.915222
v 16.922169 21.122662 16.173449
v 16.910299 21.724922 16.415834
v 16.367222 22.644310 16.409603
v 16.272270 22.043493 16.394670
v 15.830679 23.009684 16.089945
v 16.082336 23.499485 15.890394
v 16.107775 24.068035 15.076978
v 15.739890 23.810322 15.220398
v 16.414257 24.254538 14.139795
v 15.947991 24.110790 14.351351
v 17.072266 23.889614 13.158569
v 16.511772 23.965990 13.276089
v 17.267040 23.181328 12.637495
v 17.852085 22.885754 12.744496
v 17.728115 22.439405 12.594898
v 18.294315 21.947086 13.014786
v 18.091248 21.588966 12.922029
v 18.425941 21.352829 13.513241
v 18.360424 20.861349 14.320084
v 18.160641 20.768227 13.871199
v 17.838806 20.523108 14.912945
v 17.987846 20.232059 14.985834
v 18.254150 20.316946 14.259005
v 17.777784 22.625668 12.240234
v 15.601522 23.292271 16.221966
v 16.035349 22.192707 16.714981
v 16.740349 21.134247 16.560865
v 16.514828 22.038303 16.880272
v 16.021528 23.099056 16.581188
v 15.810440 23.926468 15.934445
v 15.525068 23.947252 15.517693
v 15.667932 24.352015 14.653612
v 15.948767 24.513813 14.839654
v 16.222168 24.597713 14.115924
v 15.919644 24.430140 13.980788
v 16.194220 24.653761 14.097845
v 16.465967 24.204308 13.061959
v 17.012863 24.176390 12.903458
v 17.133606 23.561853 12.427432
v 17.718082 23.367565 12.418703
v 18.253246 22.447390 12.434566
v 18.181379 21.731705 12.517488
v 18.651031 21.361862 12.997787
v 18.392466 20.904280 13.164237
v 18.590744 20.517820 14.268632
v 18.274689 20.406603 15.113791
v 19.032091 17.976505 15.507420
v 17.895748 18.495575 17.408848
v 18.491264 18.099916 16.533289
v 18.534639 18.077238 16.687201
v 17.768869 18.544489 17.669897
v 16.984659 19.295135 18.531361
v 15.944397 20.581169 19.140354
v 13.556576 25.247990 18.255760
v 14.111579 24.216610 18.324516
v 13.485010 25.766235 17.722084
v 13.885420 25.252586 17.414043
v 13.471351 26.219353 17.145802
v 13.507903 26.543596 16.629543
v 13.581998 26.837683 16.069494
v 14.115169 26.549643 15.179193
v 14.736597 26.704752 13.458261
v 14.038466 26.287697 15.627790
v 13.883060 25.984095 16.409702
v 13.925549 25.422295 17.039490
v 14.104896 24.312920 18.117798
v 14.561024 22.987379 18.838860
v 14.989807 22.108881 19.152821
v 15.545240 21.173687 19.090225
v 15.839522 20.669416 19.066898
v 16.691933 19.554050 18.668682
v 17.009190 19.277870 18.348469
v 19.747311 17.033258 15.880680
v 19.896122 17.056147 15.440205
v 19.389088 16.855486 15.739246
v 19.584843 16.901852 15.316687
v 19.248436 17.137760 15.656860
v 19.792721 16.921585 14.819245
v 19.521900 17.451872 15.755187
v 19.685999 17.195417 14.608574
v 20.289778 17.909397 12.997437
v 20.406023 18.855452 11.499498
v 20.093132 17.538877 13.226491
v 20.292788 18.470001 11.535128
v 20.138624 17.113537 13.685465
v 20.469801 17.791393 12.056602
v 20.524424 17.317928 13.777669
v 20.814478 18.028244 12.159641
v 20.415398 17.925869 13.198305
v 20.106075 17.078949 14.942204
v 19.988180 17.528337 14.593703
v 20.550684 18.799364 11.723403
v 20.770309 19.237297 10.648829
v 20.381493 19.993876 10.501674
v 20.453817 20.493513 9.689698
v 19.931444 21.255072 9.735549
v 20.051041 21.457937 9.199023
v 19.837461 21.923964 9.049407
v 19.470062 22.303562 9.381497
v 18.884274 23.391729 9.222852
v 19.454029 22.738186 8.858355
v 19.198433 23.197647 8.784624
v 19.534939 21.738796 8.910375
v 19.148352 22.553118 8.726246
v 19.754442 21.280596 9.066479
v 19.658775 21.116343 9.417369
v 20.111225 20.242865 9.554402
v 20.410227 19.080755 10.456454
v 20.077482 19.870361 10.140230
v 20.175480 20.123850 10.279696
v 18.387562 24.255909 9.277632
v 18.875984 22.788221 8.930216
v 17.556274 25.366697 9.641924
v 18.083004 24.394783 9.252512
v 17.830696 24.437910 9.061355
v 17.165859 25.554022 9.756128
v 16.678200 26.245319 10.351425
v 15.951161 26.925505 11.153648
v 16.725506 25.792273 9.723783
v 15.714544 26.903172 11.209064
v 15.131497 27.340433 12.355137
v 15.605637 26.811762 10.856011
v 14.516743 27.654949 12.270988
v 14.250766 27.713713 12.679258
v 14.032034 27.728558 13.149853
v 14.289679 27.690313 12.751970
v 14.590856 27.851282 12.868630
v 14.837213 27.806389 12.393633
v 15.483930 27.545784 11.390205
v 16.398724 26.864298 10.238549
v 17.576580 25.634054 9.242490
v 18.590837 24.261482 8.802695
v 18.899170 23.019392 8.651310
v 18.263636 24.012045 8.651351
v 17.321426 25.316414 9.030876
v 16.146179 26.577824 9.978261
v 15.139923 27.347521 11.192376
v -7.570482 1.642904 24.737762
v -6.861207 1.691445 24.075336
v -8.022262 1.639577 24.913895
v -8.306262 1.643050 25.331614
v -6.962245 1.382173 23.968651
v -9.737689 1.642904 26.362816
v -9.856046 1.632175 26.240032
v -7.679282 1.388164 24.637760
v -8.524994 1.386075 25.318407
v -9.846376 1.382143 26.263424
v -3.156989 10.608526 23.081573
v -3.127771 10.539334 23.027010
v -2.854920 10.934310 22.672009
v -2.792630 11.220996 22.664097
v -2.488422 11.681830 22.220165
v -2.624243 11.593908 22.480299
v -2.387745 11.956879 22.200508
v -2.279196 12.246264 22.272736
v -2.460009 12.109874 22.423248
v -2.411626 12.338803 22.570818
v -2.273054 12.590630 22.494045
v -2.483220 12.896211 22.898626
v -2.465223 12.507830 22.739822
v -2.613036 12.667295 22.981073
v -2.973181 12.808097 23.415699
v -3.050189 13.020103 23.512260
v -3.622883 13.042653 23.943180
v -3.727428 12.906994 24.007423
v -3.731678 12.746130 23.993954
v -3.666778 12.639070 23.932167
v -3.484632 12.635838 23.792778
v -3.435542 12.770777 23.776571
v -3.475722 12.860529 23.816853
v 17.704967 24.369602 10.089211
v 17.412178 24.729908 10.242359
v 14.054392 24.935017 17.579681
v 14.330637 25.084866 17.694462
v 19.852057 18.798889 12.776378
v 16.361351 25.825779 11.099141
v 19.805330 18.534956 13.191553
v 20.134413 18.955011 12.889627
v 20.102259 18.731293 13.315866
v -9.933974 10.543084 9.835892
v -9.855582 10.475266 9.865777
v -9.426539 11.014515 10.080737
v -9.552972 11.113842 10.033010
v -9.095777 11.673285 10.262696
v -9.365468 11.497783 10.139548
v -9.272597 11.940333 10.228239
v -9.041193 12.207117 10.357416
v -9.123190 12.454542 10.396477
v -9.426023 12.407496 10.318873
v -9.273296 12.674628 10.444983
v -9.558120 12.841989 10.454976
v -9.761456 12.663416 10.359459
v -9.926352 12.949553 10.438741
v -10.295436 13.001215 10.444483
v -10.877440 12.978952 10.451147
v -10.972374 12.873114 10.419826
v -10.973531 12.730072 10.360645
v -10.895922 12.601860 10.319994
v -10.686487 12.590323 10.304316
v -10.689148 12.795277 10.392388
v -10.650122 12.728564 10.344711
v 16.077671 26.061335 11.410146
v 16.411331 26.208063 11.526425
v 16.793577 20.095325 18.845039
v 16.524689 19.950287 18.722618
v 19.827118 19.815701 11.409383
v 17.691853 24.370567 10.082404
v 13.184057 26.521473 16.690390
v 13.186872 25.638960 17.862686
v 12.980517 26.829073 16.747311
v -9.060158 11.681268 10.005063
v -9.021509 12.307431 10.123480
v -9.333344 12.761867 10.213615
v -10.094830 12.991636 10.202010
v -10.953971 12.943526 10.208783
v -10.977647 12.681395 10.098454
v -10.699903 12.596962 10.044533
v -10.715299 12.807261 10.140246
v -2.629799 11.805058 21.998806
v -2.445213 12.480229 22.241459
v -2.680519 12.915369 22.761740
v -3.790867 13.023277 23.752623
v -3.880733 12.802659 23.802197
v 20.048306 20.318176 11.247475
v 19.756924 20.162331 11.088897
v 14.045923 26.178421 15.808392
v 14.072985 26.189104 15.811867
v 13.989531 25.967852 16.227345
v 17.522142 18.884487 17.889252
v 17.799927 19.034370 18.022800
v -2.155069 12.823890 21.835758
v -2.291517 12.483616 21.930233
v -2.421937 12.718070 22.172672
v -2.297438 12.922294 22.049671
v -8.601330 12.379909 10.497999
v -8.698639 12.706626 10.602575
v -8.963847 12.653666 10.538042
v -10.448446 17.081272 16.956673
v -5.405128 17.056299 12.964594
v -4.375004 17.046120 12.871759
v -3.745519 17.196589 12.667468
v -10.317303 17.073370 19.514275
v -5.824881 17.060938 22.385557
v -9.087526 16.997923 21.541044
v -2.496819 17.039486 22.087395
v -5.493200 16.927629 23.188816
v -2.833394 16.835295 22.675739
v -0.036795 17.011017 19.954809
v -0.999063 16.763596 21.430561
v 0.839586 17.079098 18.750656
v 0.729895 16.728767 19.464447
v 1.207294 16.749672 19.188290
v -9.413662 17.010433 14.747160
v -14.695459 14.866206 13.511185
v -8.687185 16.702114 13.349310
v -11.743051 15.937417 13.442593
v -13.173804 14.459526 11.964722
v -11.672909 14.232162 11.224915
v -10.195537 15.691148 12.272279
v -8.209749 15.488733 11.435704
v -6.341001 16.704580 12.184216
v -9.115502 13.714128 10.642234
v -7.849223 12.975814 10.492611
v -7.401449 15.395321 11.146181
v -6.378052 15.233880 10.883783
v -5.074582 16.738132 11.897791
v -17.850893 13.479517 21.356419
v -15.030008 14.918438 22.071207
v -16.730909 13.172473 23.135773
v -12.867764 14.437122 24.307095
v -15.333670 12.804888 24.460999
v -13.730967 12.357492 25.483912
v -11.189060 15.848255 23.214512
v -10.061472 13.958632 25.473068
v -8.058047 16.668873 23.067513
v -8.674525 15.515402 24.606066
v -9.301763 13.578820 25.682705
v -6.916222 15.203263 24.957960
v -8.294620 13.353053 25.659454
v -5.507864 16.546541 23.836349
v -5.592263 15.027719 24.743477
v -7.171227 12.700061 25.452791
v -4.327096 14.847490 24.238869
v -5.627675 12.720505 24.829628
v -3.408058 16.432667 23.457596
v -3.473363 13.947243 23.622581
v -1.765346 16.334694 22.505390
v -2.404253 14.324294 22.824146
v -3.178237 12.016169 23.217075
v -0.797850 14.400645 21.046684
v -0.360260 16.246872 21.187733
v -0.438692 14.010644 20.726593
v 0.630095 16.163416 19.843651
v 1.090139 16.101416 19.627728
v -18.696634 13.703999 18.295834
v -16.110449 15.152178 19.344114
v -13.752848 16.167521 18.480762
v -18.365664 13.635464 19.931885
v -12.908926 16.087011 21.114811
v -13.256608 16.135489 15.736862
v -16.164040 15.103168 16.348515
v -18.778675 13.691282 17.076946
v -18.725899 13.640409 16.039139
v -18.265646 13.496824 14.455456
v -27.176271 1.833258 13.870140
v -27.188787 -0.000017 13.903422
v -27.407339 -0.000017 13.933330
v 7.314160 9.042606 -2.489907
v 7.392148 9.342223 -2.390679
v -5.965541 6.651040 -2.232697
v -6.787342 4.724837 -2.829530
v -5.813229 4.433315 -3.690920
v -7.686690 4.994198 -1.870951
v -7.603038 2.795665 -3.432460
v -8.535556 3.038488 -2.440482
v 1.426549 9.342328 23.685299
v 1.038255 8.837840 23.807991
v 0.067519 9.342328 23.379660
v -0.126698 8.986587 23.646965
v -17.801067 9.998767 10.114903
v -16.674738 -0.000012 26.364294
v -24.511194 -0.000015 23.552269
v -16.644661 1.530050 26.371412
v -24.694769 2.036097 23.482265
v -16.874975 2.677447 26.233152
v -18.554756 4.039030 25.619160
v -23.758360 3.573945 23.806618
v -20.213640 5.099691 25.040356
v -21.594448 5.214521 24.559204
v -26.123840 -0.000016 9.638296
v -16.378141 -0.000012 6.710534
v -26.154606 1.383612 9.650522
v -16.152779 2.036097 6.648864
v -25.683561 1.901364 9.509942
v -23.562248 3.899395 8.874448
v -17.284107 4.288333 6.991777
v -19.890776 5.214520 7.773776
v -21.556566 5.099685 8.273598
v -1.042841 9.339338 22.933064
v -2.365756 9.018673 23.409256
v -2.173980 9.342324 22.983170
v -2.816577 9.255334 22.484272
v -21.321423 10.851289 14.007749
v -21.652008 10.926911 15.042274
v -21.788368 10.911936 16.168221
v -21.810629 10.655749 17.915966
v 21.021040 19.455734 9.018515
v 20.452393 20.944172 8.275911
v 19.869974 22.172926 7.916536
v 19.121349 23.533176 7.769400
v 18.317009 24.803682 7.830132
v 17.701471 25.700159 8.117477
v -10.265910 8.860301 9.415347
v -8.927771 12.533935 10.312240
v -11.486025 11.872354 9.850647
v -25.660522 6.311702 18.620657
v -22.328850 8.863559 20.608616
v -20.413973 9.726391 22.305614
v -10.713687 10.026521 25.976500
v -12.202112 8.888954 26.445635
v -7.724963 10.864948 25.883371
v -8.184007 8.116827 25.813864
v -6.699672 10.374715 25.504433
v -7.264191 7.756238 25.584961
v -5.601187 10.103222 25.009041
v -4.378953 9.665854 24.227356
v -3.537748 9.331596 23.145599
v -3.268899 9.482340 22.548044
v -2.887826 9.341299 -3.028143
v -1.540024 9.349247 -3.633529
v -2.909982 8.880001 -3.228411
v -2.887135 9.340646 -3.026700
v -2.909982 8.880001 -3.228411
v -4.248297 9.483884 -2.165346
v 2.141390 9.342285 -4.295781
v 3.338373 9.350155 -4.200832
v -18.852261 10.272926 23.651495
v -20.564051 8.186146 23.478218
v -19.599625 7.977780 24.293283
v -17.595289 10.147599 24.773857
v -16.647135 9.879411 25.329773
v -15.639599 9.584981 25.793207
v -14.035664 9.308896 26.269976
v -15.973940 -0.000011 6.638622
v -16.407536 2.004443 7.023409
v -16.378141 -0.000012 6.710534
v -16.152779 2.036097 6.648864
v -16.767477 4.005518 7.514156
v -17.284107 4.288333 6.991777
v -17.678358 4.463507 7.719834
v -19.366508 5.281150 8.243700
v -19.890776 5.214520 7.773776
v -20.548273 5.119204 8.586509
v -21.556566 5.099685 8.273598
v -22.605680 4.381370 9.261632
v -23.562248 3.899395 8.874448
v -24.390898 3.259493 9.789794
v -25.399303 1.816813 9.967738
v -26.164766 1.404626 9.661485
v -25.966265 -0.000016 9.828114
v -26.123840 -0.000016 9.638296
v -27.188896 4.288333 14.688524
v -27.176271 1.833258 13.870140
v -26.859962 3.491186 14.284425
v -26.540314 4.725577 15.568215
v -27.188858 5.214521 16.976646
v -26.446423 5.194044 16.615595
v -26.504051 5.150951 17.616020
v -27.188833 5.099687 18.438889
v -26.587402 4.786785 18.565079
v -27.188869 4.039029 20.195854
v -26.778145 3.478831 20.802320
v -27.188559 2.661791 21.911057
v -26.510258 3.042914 21.636166
v -26.370575 2.301790 22.504414
v -27.188921 1.811509 22.483227
v -27.189344 -0.000017 22.443485
v -26.659206 -0.000016 22.156540
v -3.779660 6.603930 23.117495
v -6.478707 0.001385 22.783480
v -5.513381 2.626865 22.891716
v -4.680081 2.684560 23.261909
v -5.083962 -0.000152 22.932499
v -3.355793 6.357293 23.816532
v -2.697185 0.003945 23.489754
v -2.688334 6.161219 24.025677
v -4.111558 2.537557 23.663105
v -2.728500 3.380646 23.703594
v -1.472996 8.831698 23.372425
v -0.685621 6.886477 24.600708
v -0.126698 8.986587 23.646965
v 0.067519 9.342328 23.379660
v 0.386811 6.886477 24.649017
v -0.346980 8.432927 24.008881
v 1.045741 8.856800 23.852753
v 1.444574 6.433573 24.694958
v 1.426549 9.342328 23.685299
v 2.162333 5.848896 24.707851
v 3.346831 8.018871 23.865206
v 4.478958 8.035460 23.501316
v 5.488485 7.842728 22.869732
v 6.767109 9.200432 22.297096
v 6.235077 7.386403 22.111500
v 7.313397 7.608396 21.183315
v 9.694743 9.408845 20.801884
v 9.413456 6.966729 19.222679
v 4.253313 4.224077 24.025303
v 6.449708 6.219861 21.630211
v 3.759536 6.366320 24.114815
v 3.028104 4.196285 24.608683
v 2.593664 0.000002 24.370647
v 1.956535 0.000009 24.221336
v 3.900283 -0.000681 23.912907
v 5.061987 3.248137 23.259251
v 5.745271 2.138762 22.269951
v 6.203556 0.001792 22.021713
v 7.225276 4.141078 19.808109
v 7.143640 2.277269 20.023037
v 7.571495 -0.000000 20.190090
v 8.262601 0.000000 18.947517
v 9.387892 1.037245 18.167889
v 8.236282 3.771439 18.888199
v 9.562239 -0.000239 18.306767
v 11.261211 -0.000641 16.580198
v 10.207680 2.977930 17.492470
v 11.467622 2.417841 16.181149
v 12.273054 1.610692 15.205077
v 12.925256 1.410354 14.231964
v 11.968114 0.022796 15.238482
v 12.369709 2.630118 14.806221
v 12.846584 0.000002 12.620399
v 12.900169 2.645330 13.318502
v 12.755424 3.728168 14.426273
v 10.663603 4.040819 17.210716
v 8.235625 5.729665 19.330830
v 9.661592 4.297066 18.052509
v 10.967649 9.342328 19.630051
v 9.800011 8.095577 19.778095
v 11.776119 9.349325 18.613758
v 10.824191 6.857543 18.249664
v 13.705261 9.236800 14.788593
v 13.298896 8.886427 16.019600
v 11.539154 5.689749 16.798000
v 12.570039 7.231435 15.977709
v 12.371265 5.265917 15.200580
v 12.854653 6.375594 14.423075
v 12.978413 6.591194 13.693475
v 13.560013 7.386054 12.517089
v 14.533654 9.359910 11.924944
v 14.956143 9.406061 10.056486
v 14.180349 8.066246 11.491260
v 14.718808 8.517351 8.754666
v 13.959553 7.403212 8.941799
v 13.479609 6.626969 9.581533
v 14.509067 7.912342 5.763385
v 14.380656 7.405418 6.641952
v 14.060829 6.498589 7.519437
v 13.874420 5.414719 5.151718
v 13.659773 2.678479 6.384946
v 13.638441 3.717440 8.876510
v 13.619364 2.041626 9.442120
v 13.574275 -0.007841 7.832328
v 13.410645 -0.001123 5.774242
v 13.568714 0.918733 9.437363
v 13.441239 0.000002 9.433472
v 13.441239 0.000002 9.433472
v 13.195975 0.000002 11.021821
v 13.323891 0.991092 11.094138
v 13.619364 2.041626 9.442120
v 13.375080 2.202424 11.182527
v 13.195975 0.000002 11.021821
v 13.398622 2.203294 11.185131
v 13.045570 5.720819 12.485661
v -12.238377 11.750961 26.050690
v -10.850446 11.961226 25.987942
v -9.560611 10.028528 26.017782
v -2.377103 11.570213 21.651741
v -1.683269 11.588822 21.370949
v -27.188869 4.039029 20.195854
v -27.188858 5.214521 16.976646
v -27.188833 5.099687 18.438889
v -27.188896 4.288333 14.688524
v -27.176271 1.833258 13.870140
v -27.188559 2.661791 21.911057
v -27.188921 1.811509 22.483227
v -27.189344 -0.000017 22.443485
v -27.188787 -0.000017 13.903422
v -24.694769 2.036097 23.482265
v -24.511194 -0.000015 23.552269
v -24.251242 -0.000015 23.461752
v -24.390350 1.798134 23.384418
v -23.224644 4.090048 23.366104
v -23.758360 3.573945 23.806618
v -21.594448 5.214521 24.559204
v -20.579237 5.121196 23.882757
v -20.213640 5.099691 25.040356
v -19.531206 4.896053 24.401976
v -18.730980 4.300267 24.649330
v -17.109489 3.034371 25.297672
v -16.891010 2.797656 26.216263
v -16.644661 1.530050 26.371412
v -16.729767 1.167632 26.047016
v -16.694384 -0.000012 25.886599
v -16.674738 -0.000012 26.364294
v -10.617192 7.573430 8.774324
v -12.492582 4.190322 7.866955
v -14.188803 0.007995 6.759622
v -11.485590 5.662489 7.288741
v -13.998318 0.000326 6.046164
v -10.502477 7.471470 5.948673
v -13.813646 -0.000010 4.671370
v -9.769940 7.869987 4.032825
v -13.475873 0.017682 3.096177
v -12.963689 -0.000010 1.723507
v -8.672393 7.998565 1.820929
v -7.819744 7.481868 0.093926
v -11.083657 3.798610 1.819383
v -12.339438 -0.000010 0.350343
v -11.591619 -0.000009 -0.940881
v -9.708055 3.478795 -0.793882
v -10.728590 -0.000009 -2.139731
v -6.808938 6.916024 -1.353628
v -7.686690 4.994198 -1.870951
v -8.535556 3.038488 -2.440482
v -9.760204 -0.000008 -3.235985
v -8.697033 -0.000008 -4.219764
v -7.603038 2.795665 -3.432460
v -7.550696 -0.000007 -5.081293
v -6.787342 4.724837 -2.829530
v -5.823932 4.442865 -3.706760
v -6.288152 0.021543 -5.889848
v -5.965541 6.651040 -2.232697
v -5.057501 -0.000006 -6.401094
v -3.673563 3.838271 -5.077160
v -4.566857 6.161777 -3.447265
v -3.300004 5.749362 -4.220873
v -20.463932 10.610082 12.482978
v -24.852917 6.385689 13.525263
v -27.220240 0.005974 11.983967
v -27.016684 0.002465 11.009791
v -25.399303 1.816813 9.967738
v -25.966265 -0.000016 9.828114
v -24.585810 3.060994 9.842129
v -23.954784 3.558107 9.670360
v -23.731441 5.848625 11.295149
v -22.751965 4.311841 9.301473
v -19.355108 10.316525 11.218071
v -21.599972 4.770062 8.934187
v -20.539223 5.106276 8.605945
v -19.435822 5.295716 8.265142
v -16.265192 9.527929 9.357817
v -18.568752 4.970184 8.019433
v -17.667068 4.462396 7.699445
v -16.767435 4.008216 7.502489
v -14.581963 9.188414 8.969787
v -16.407536 2.004443 7.023409
v -13.868099 6.472088 8.199211
v -15.973940 -0.000011 6.638622
v -14.479256 0.000052 6.917215
v -12.499075 4.969335 8.237871
v -17.546583 13.257092 13.118977
v -16.521908 13.003522 11.980503
v -15.015234 12.605311 10.826163
v -13.137213 12.548435 10.321661
v -5.057501 -0.000006 -6.401094
v -3.697738 0.014237 -6.889431
v -2.354694 0.010131 -7.162169
v -3.677897 3.840412 -5.085453
v -0.992134 0.006592 -7.280802
v 0.384930 0.004123 -7.244341
v -3.303505 5.765312 -4.228852
v -0.659080 4.812968 -5.377514
v -0.412798 9.347636 -3.970421
v 0.839966 9.352142 -4.221999
v 1.926406 7.068277 -5.013182
v 2.243548 -0.000936 -6.952955
v 2.392719 3.814345 -5.649957
v 4.483163 3.136615 -5.257178
v 4.433369 0.001657 -6.203537
v 6.282298 0.000590 -5.230821
v 6.680944 3.597614 -3.996234
v 8.000574 0.000458 -3.939619
v 8.319698 1.804075 -3.224051
v 7.892282 4.388235 -2.934056
v 7.378184 6.617999 -2.914604
v 5.944936 6.134505 -4.084252
v 5.025877 7.175865 -4.431157
v 6.214268 9.342328 -3.213205
v 4.828010 9.340858 -3.862384
v 3.950117 7.841594 -4.638826
v -27.407339 -0.000017 13.933330
v -27.503984 -0.000017 13.013678
v -27.168583 1.794336 13.869617
v -26.859962 3.491186 14.284425
v -25.541140 6.362008 15.388625
v -26.540314 4.725577 15.568215
v -26.446423 5.194044 16.615595
v -25.821327 6.395538 17.264746
v -26.504051 5.150951 17.616020
v 9.555622 -0.000710 -2.403337
v 7.999535 0.000181 -3.938697
v 8.319698 1.804075 -3.224051
v 10.816909 0.000001 -0.554574
v 11.629150 -0.001562 1.112344
v 11.196086 0.737036 -0.123146
v 7.378184 6.617999 -2.914604
v 12.783796 0.000002 3.067411
v 12.977514 0.250240 3.111600
v 13.202073 0.061286 4.458993
v 13.245017 2.266200 3.787603
v 13.656208 3.872478 4.326768
v 14.182012 8.328871 5.053648
v 12.728996 4.813962 2.638762
v 12.218691 6.019284 1.992923
v 10.643211 4.961230 -0.264716
v 13.555231 9.075306 4.203244
v 11.837633 8.784198 1.886243
v 10.438742 7.139657 0.114023
v 7.924943 4.419966 -2.976226
v 10.605633 8.846186 0.487771
v 7.328105 9.042481 -2.505784
v -25.140791 6.270600 19.838923
v -26.607742 4.756417 18.683237
v -26.763336 3.464439 20.799131
v -26.510258 3.042914 21.636166
v -24.897137 4.710455 21.809374
v -24.096727 4.694434 22.669613
v -25.402061 2.156023 23.049366
v -26.370575 2.301790 22.504414
v -26.559435 -0.002471 23.036037
v -26.659206 -0.000016 22.156540
v -24.974562 -0.000016 23.233173
v -24.251242 -0.000015 23.461752
v -24.372953 1.758162 23.337831
v -23.224644 4.090048 23.366104
v -23.435337 4.784054 23.141010
v -21.777828 5.848260 23.665417
v -21.523010 4.881320 23.661201
v -20.658827 5.758789 24.101185
v -20.411148 5.055753 23.965824
v -18.269951 5.419132 25.037298
v -19.538042 4.901142 24.384857
v -18.569921 7.802065 24.941940
v -18.361904 3.965496 24.796091
v -16.984539 7.401207 25.485985
v -17.109489 3.034371 25.297672
v -16.254776 3.181004 25.647469
v -16.729767 1.167632 26.047016
v -16.692228 4.906509 25.862535
v -14.991135 5.433851 26.370697
v -14.111277 7.081210 26.255320
v -15.580528 3.695212 26.124542
v -12.603979 6.496548 26.492308
v -14.991135 3.735522 26.228870
v -11.696109 6.307848 26.587921
v -9.961225 8.622988 26.199020
v -10.929674 5.976442 26.650558
v -10.157796 5.541157 26.616766
v -10.135854 2.837151 26.372602
v -8.788201 3.506353 25.948895
v -10.135851 -0.000009 26.323885
v -7.758970 3.306415 25.184937
v -6.328283 7.585954 25.249622
v -7.315603 -0.001623 24.154045
v -6.364356 3.036383 23.949394
v -5.295726 7.491247 24.664631
v -4.459845 6.861419 23.672379
v -5.669084 3.046288 22.999622
v -7.039067 -0.001504 23.576923
v -4.196774 6.794097 23.203751
v -16.694384 -0.000012 25.886599
v -16.017218 -0.002431 25.828875
v -15.490339 0.000111 26.425755
v -14.991135 -0.000011 26.793516
v 7.393895 9.342716 -2.394503
v 6.218616 9.339818 -3.196931
v 5.139154 10.459037 -3.376475
v 5.066173 9.343340 -3.774621
v 1.431239 11.720283 22.743706
v 1.665364 10.176686 23.599659
v 1.228834 9.990211 23.595724
v 0.621959 10.598357 23.321293
v 29.291334 25.200113 15.882584
v 29.389500 25.347158 15.930447
v 29.318092 25.319929 15.834839
v 20.845112 20.066595 12.195793
v 20.811890 20.330215 11.917205
v 28.578512 25.676104 14.905606
v 20.819265 20.323721 11.909364
v 28.159069 26.319113 14.356474
v 20.491152 21.625589 10.901368
v 28.084091 27.162220 14.160503
v -6.348024 12.123814 1.845138
v -9.069132 10.741320 7.998654
v -9.046547 10.861362 9.771152
v -1.497742 11.048761 -2.915758
v -1.035577 9.340748 -3.789991
v 0.924418 9.342150 -4.206642
v 0.561911 10.123497 -3.885862
v 2.144874 9.341647 -4.294319
v 15.231921 9.599238 7.174036
v -0.536298 17.161251 17.665913
v -0.083832 13.804042 20.772940
v -1.015791 11.296968 21.897049
v 0.974815 13.106367 21.770180
v -0.717973 10.098125 22.993896
v 0.343188 9.992314 23.429729
v 0.643771 10.630866 23.280773
v 1.431239 11.720283 22.743706
v 4.666406 16.096706 20.625435
v 2.236560 12.800589 22.245523
v 1.665385 10.177425 23.604675
v 1.228834 9.990211 23.595724
v 3.325602 9.916380 23.633226
v 3.338050 12.221377 22.585911
v 4.984992 13.632257 22.714497
v 5.081455 14.855754 22.034237
v 5.651552 12.980668 22.850536
v 4.530769 10.255724 23.290783
v 5.370108 9.760050 23.029613
v 6.691896 10.246057 22.351833
v 8.227153 9.990217 21.574673
v 7.394433 10.440577 22.194912
v 9.597034 9.990217 20.872864
v 10.112946 11.427005 21.162857
v 10.907001 10.798458 20.953806
v 11.607211 9.964448 18.888609
v 10.582034 10.058152 20.049767
v 12.565295 11.263569 19.884388
v 12.632619 10.590474 18.266151
v 12.794434 9.825052 17.094624
v 13.343719 9.868681 15.947653
v 15.690423 12.010457 17.389566
v 13.980799 9.809940 13.501447
v 15.838923 11.976104 16.681715
v 15.904394 11.959492 15.851470
v 16.033325 11.970307 14.911066
v 17.860954 14.424569 16.532736
v 17.403412 14.934246 17.960461
v 16.985071 15.299893 18.889061
v 16.592892 15.846506 19.785114
v 15.278725 11.945916 18.099422
v 14.612532 12.278781 19.118271
v 14.204401 12.478342 19.791239
v 12.332043 11.793290 20.461887
v 13.879664 13.066837 20.457478
v 11.861066 12.491435 20.649347
v 15.737719 16.016497 20.583374
v 15.136591 16.504400 21.130466
v 14.482458 17.217131 21.514381
v 13.344441 13.729375 20.848560
v 13.827187 19.083208 21.577721
v 11.527547 17.316383 20.614147
v 10.694878 14.727737 20.543633
v 14.044060 22.250429 21.778740
v 12.342836 22.284565 20.931721
v 10.029743 15.578467 20.534271
v 10.671459 18.578857 20.199131
v 9.321867 16.799950 20.177443
v 6.279112 14.278254 22.436876
v 8.583611 17.996929 19.543047
v 6.760448 12.711763 22.446375
v 8.874324 12.420831 21.385719
v 9.993988 20.106611 19.347801
v 7.864199 19.368752 18.472626
v 11.486756 23.733032 19.661186
v 9.520140 21.322561 18.331963
v 12.578784 26.328859 19.616678
v 3.055600 17.229559 19.361376
v 9.148731 22.758251 16.507307
v 7.336624 20.591135 17.122179
v 9.163099 23.579716 15.092504
v 10.979490 26.116768 14.592743
v 6.957001 21.548046 15.685615
v 1.275038 19.216017 15.599115
v -1.429785 17.282545 16.221104
v 18.756718 14.025080 14.211930
v 14.748058 9.829594 11.137713
v 16.961308 11.802280 12.394693
v 19.087132 14.130908 12.721195
v 17.136642 11.866951 10.153021
v 18.987907 14.327765 11.382700
v 15.112556 10.009597 8.170731
v 15.034607 10.033868 6.482163
v 18.717085 14.830246 9.900418
v 16.793594 12.028555 8.686029
v 18.524193 15.676507 8.802178
v 16.514595 13.255679 6.830756
v 14.462116 10.624115 5.086789
v 16.353533 13.924679 6.236276
v 13.341352 12.503335 3.501478
v 12.485903 10.090745 2.794000
v 7.991376 10.977098 -1.768808
v 10.196194 12.449250 0.505404
v 6.071078 12.086197 -2.763145
v 7.207725 12.133184 -2.195414
v 9.017504 13.437928 -0.283453
v 11.936377 14.652657 2.282022
v 12.662026 13.551036 2.814023
v 16.000530 14.891541 5.449760
v 21.319067 18.374401 9.803554
v 18.119690 16.856718 7.498904
v 15.725001 16.129763 4.666471
v 17.894371 17.865732 6.442680
v 15.223795 17.136471 4.148542
v 17.421486 18.735210 5.622756
v 16.714550 19.255013 5.221719
v 11.222281 15.840921 2.026252
v 16.544323 20.327541 5.469909
v 15.873837 21.796440 5.731514
v 10.060518 17.710676 2.185104
v 12.127217 21.928810 5.047751
v 9.008186 19.407257 2.836040
v 14.447047 24.362385 7.003083
v 13.562567 25.263945 7.960563
v 11.428030 23.363445 6.297490
v 7.743778 21.882153 5.021991
v 12.914640 25.991728 9.179781
v 10.346028 24.380253 8.249191
v 12.122061 26.439356 10.727977
v 7.224908 22.890701 6.921576
v 9.709206 24.658045 10.100111
v 6.896289 23.320274 9.021660
v 6.584999 23.210863 11.023125
v 9.340364 24.553864 11.692115
v 11.804997 26.798443 12.405364
v 12.975003 28.522583 15.550492
v 9.139860 24.182402 13.412601
v 6.744895 22.555149 13.701162
v -4.774365 16.912317 11.482866
v -6.244970 15.169379 10.549354
v -6.461339 15.485957 9.243307
v -7.627020 13.314933 7.676099
v -7.151662 13.365434 5.572969
v -5.114869 13.064300 0.570025
v -3.805400 13.958117 -0.207698
v -3.926335 17.556860 2.677959
v -2.745450 13.708690 -0.938237
v -1.239614 16.447838 -0.493170
v -1.537927 13.595447 -1.384822
v -2.819264 17.214157 0.703601
v 1.278374 12.352313 -2.660281
v -1.091176 18.354139 1.308744
v 1.411440 19.771544 5.140897
v 2.489409 19.256357 2.984021
v 0.375358 17.463799 -0.035739
v -2.126118 18.727222 3.159686
v -3.543923 19.122231 8.255613
v -5.159514 17.865078 6.799040
v -5.362442 17.852585 8.632322
v -3.886300 18.775536 9.807153
v 0.479686 20.056925 10.441979
v -5.363718 17.607487 10.517148
v 0.561678 19.783043 12.822849
v 3.577568 18.347149 1.509505
v 4.888101 17.271002 0.492277
v 4.166724 14.609824 -2.134877
v 6.224724 16.091551 -0.149690
v 3.052553 13.862037 -2.471268
v 3.016339 11.425565 -3.271607
v 3.817572 9.343076 -4.118808
v 4.789598 12.853074 -2.856524
v 6.359108 13.194045 -2.291691
v 7.745122 14.896096 -0.370426
v 20.847410 20.064230 12.193800
v 20.832636 19.322258 13.220761
v 29.011091 24.506519 16.432543
v 28.818277 24.028780 17.049152
v 20.428413 18.649212 15.028515
v 29.009920 23.858961 18.247105
v 29.547256 24.227983 19.729675
v 19.643385 18.690552 16.733679
v 29.894949 24.943445 21.536953
v 30.241077 25.951639 23.002392
v 18.893917 19.091373 17.877346
v 17.897018 20.007051 18.886280
v 30.275143 27.228256 24.222979
v 30.123133 27.848873 24.649515
v 16.998674 21.121370 19.408150
v 30.067972 28.535421 25.021868
v 29.837439 29.427025 25.304798
v 16.087898 22.602026 19.467237
v 29.606182 30.860174 25.477009
v 15.347046 24.246328 18.926056
v 29.648161 32.135555 25.400425
v 14.983411 25.773787 17.695553
v 29.954527 33.648239 25.106956
v 30.518845 34.948868 24.613317
v 30.891106 35.802952 23.987293
v 15.130918 26.874310 15.890742
v 31.164494 36.303555 23.399353
v 31.670315 36.766891 22.786163
v 15.981170 27.245918 13.486412
v 32.016144 36.959473 21.557133
v 32.352982 36.681309 20.163401
v 32.383110 36.570568 19.914860
v 32.186272 36.039555 19.129204
v 17.198414 26.554344 11.683220
v 31.896772 35.128635 18.082212
v 31.475183 33.847950 17.003990
v 18.226288 25.520479 10.763119
v 30.433418 32.882011 16.294502
v 29.562445 31.358070 15.364120
v 19.010420 24.479280 10.399401
v 28.977051 30.310217 14.827685
v 28.526541 29.375406 14.449463
v 19.798471 23.186668 10.363661
v 27.650156 28.578638 14.013466
v 27.731171 27.542370 14.166759
v 28.025169 27.252729 14.341156
v 27.758303 27.500799 13.971853
v 28.040617 27.253000 14.323549
v 28.058205 26.674921 14.424621
v 28.287121 26.050642 14.776619
v 28.746599 25.659790 15.335094
v 29.323345 25.448282 16.040972
v 29.326183 25.444006 16.037851
v 28.988861 24.742739 16.480593
v 28.840658 24.408327 16.843216
v 28.764038 24.171091 17.233385
v 28.910021 24.063490 18.065357
v 29.138437 24.150661 18.799969
v 29.431669 24.362513 19.468437
v 29.618050 24.578043 20.208652
v 29.856665 25.060381 21.337656
v 30.100628 25.659010 22.267937
v 30.285980 26.353868 23.131641
v 30.297901 26.928377 23.719603
v 30.227716 27.810541 24.413979
v 30.152142 28.632284 24.854084
v 30.150198 28.628714 24.859627
v 30.025723 29.084352 25.030691
v 29.923025 29.596336 25.167789
v 29.776487 30.373281 25.280800
v 29.742519 31.205347 25.320492
v 29.799295 32.060074 25.272015
v 29.990810 33.148018 25.094528
v 30.312456 34.063404 24.850697
v 30.675446 34.861927 24.538486
v 30.994816 35.590645 24.022655
v 31.396362 36.200829 23.407837
v 31.830139 36.652199 22.748468
v 32.055443 36.795269 21.946426
v 32.244789 36.778168 21.225227
v 32.417282 36.614738 20.481930
v 32.489609 36.424057 20.002995
v 32.497601 36.426884 19.997208
v 32.268715 35.820671 19.131256
v 32.009460 35.102875 18.323013
v 31.766438 34.416023 17.692196
v 31.528555 33.709309 17.139622
v 30.375607 32.621708 16.362131
v 29.718679 31.497080 15.665213
v 28.957087 30.251503 15.021658
v 28.967505 30.246941 15.015511
v 28.587555 29.375570 14.677114
v 27.629164 28.428448 14.183096
v 20.960669 20.209389 11.142359
v 21.059189 19.677341 11.622005
v 20.799166 20.810177 10.725726
v 20.479715 21.735367 10.309474
v 20.015837 22.778446 9.997932
v 19.500034 23.713022 9.836895
v 18.973598 24.544874 9.843698
v 18.359621 25.379417 10.030720
v 17.714735 26.116779 10.406541
v 16.832504 26.753185 8.616735
v 17.242966 26.563311 10.808656
v 15.801244 27.822371 9.644930
v 16.925129 26.815781 11.141782
v 16.466608 27.114388 11.717906
v 15.007966 28.438051 10.788162
v 16.048489 27.300756 12.371308
v 15.676773 27.386446 13.047894
v 14.283822 28.747604 12.129823
v 15.313539 27.379057 13.840185
v 14.876469 27.256243 15.122179
v 13.542790 28.783596 14.052561
v 14.541966 26.978613 16.230707
v 14.421253 26.687727 16.909943
v 12.665134 27.881207 17.574150
v 14.386118 26.415491 17.369749
v 14.406014 25.957607 17.964682
v 12.547182 27.110273 18.832108
v 14.564269 25.144566 18.751373
v 14.817073 24.301680 19.364132
v 13.005765 25.091846 20.595901
v 15.083732 23.640486 19.694504
v 13.484729 23.582491 21.391022
v 15.412745 22.941879 19.936783
v 15.796411 22.245840 20.061451
v 16.172543 21.647207 20.096146
v 15.043365 20.545740 21.803436
v 16.653217 20.852934 19.972191
v 17.146130 20.208649 19.769650
v 15.986913 19.124084 21.448351
v 16.748177 18.095171 20.955399
v 17.794746 19.480997 19.341187
v 17.383118 17.431822 20.415295
v 18.427671 18.910229 18.734978
v 18.027206 16.793980 19.705753
v 19.045326 18.478315 17.933134
v 18.815424 16.203318 18.619141
v 19.640736 18.183924 16.993561
v 19.738094 15.722383 17.072554
v 20.006001 18.100044 16.315617
v 20.321701 18.113739 15.596016
v 20.422823 15.695090 15.576820
v 20.659903 18.276567 14.602065
v 20.977571 15.975393 13.939165
v 20.951313 18.593651 13.397761
v 21.291161 16.371443 12.653837
v 21.048553 18.880459 12.723011
v 21.442867 16.898006 11.597200
v 21.080486 19.149397 12.268758
v 21.438049 17.476048 10.679432
v -2.325078 17.057022 16.191053
v 17.951660 25.435896 10.683085
v 17.489712 25.936436 11.048455
v 18.407417 24.869694 10.419536
v 16.522697 26.742401 12.137268
v 17.032085 26.359976 11.507559
v 18.845587 24.251991 10.264402
v 19.295193 23.531038 10.221801
v 16.013788 27.007370 12.923798
v 19.733410 22.707094 10.342825
v 15.567298 27.103991 13.795467
v 20.115906 21.855696 10.625503
v 15.270903 27.065979 14.511009
v 20.398859 21.043859 11.078403
v 14.987679 26.884420 15.389299
v 20.564203 20.355228 11.630007
v 14.821886 26.587639 16.158569
v 14.761505 26.334805 16.632618
v 20.632648 19.823460 12.188801
v 14.731132 26.051161 17.080658
v 20.628651 19.365360 12.811336
v 14.752532 25.573175 17.672897
v 20.552423 18.991104 13.483563
v 14.846086 25.024734 18.197704
v 20.405865 18.710072 14.188631
v 15.024515 24.363760 18.682919
v 20.168501 18.515167 14.981934
v 15.335155 23.537182 19.093491
v 19.815933 18.455513 15.852430
v 15.644954 22.858400 19.307987
v 19.376646 18.545292 16.717180
v 16.006245 22.176338 19.411415
v 18.868746 18.807777 17.504726
v 16.496635 21.369078 19.392956
v 18.358189 19.190834 18.136314
v 16.981934 20.682316 19.224703
v 17.439045 20.114447 18.960346
v 17.900791 19.613995 18.595032
v -26.872965 5.682335 17.911041
v -26.848728 5.392204 18.577057
v -26.698086 5.545754 18.637131
v -27.039139 1.502806 22.894344
v -26.740334 1.789489 22.828938
v -27.027786 1.779937 22.708603
v -27.014229 2.825286 21.986002
v -23.887787 3.262109 23.902637
v -24.075756 2.770471 23.864267
v -21.891531 4.739021 24.509571
v -16.959160 1.617590 26.118563
v -16.819592 1.065086 26.058123
v -23.335876 4.208041 8.986530
v -23.413265 4.425031 9.221684
v -23.055336 4.694026 8.922666
v -26.248680 1.103037 9.753963
v -26.156040 1.103732 9.662577
v -26.273138 0.918096 9.681063
v -23.554558 3.680927 23.841372
v -23.879660 3.243194 23.942303
v -17.079313 2.024139 26.215937
v -16.148180 1.778884 26.231853
v -16.352631 2.352157 26.188446
v -26.350895 2.704552 14.472412
v -27.254766 2.992071 13.679743
v -26.373178 2.952605 13.644212
v -27.232475 2.744013 14.507944
v -27.212078 3.627165 13.928473
v -26.319813 3.171579 14.652537
v -26.331301 3.575939 13.888145
v -27.200581 3.222858 14.692907
v -27.254766 2.992071 13.679743
v -27.200581 3.222858 14.692907
v -27.212078 3.627165 13.928473
v -27.232475 2.744013 14.507944
v -26.319813 3.171579 14.652537
v -26.373178 2.952605 13.644212
v -26.331301 3.575939 13.888145
v -26.350895 2.704552 14.472412
v -27.200581 3.222858 14.692907
v -26.350895 2.704552 14.472412
v -26.319813 3.171579 14.652537
v -27.232475 2.744013 14.507944
v -26.373178 2.952605 13.644212
v -27.212078 3.627165 13.928473
v -26.331301 3.575939 13.888145
v -27.254766 2.992071 13.679743
v -25.998163 5.572808 16.498388
v -27.047333 4.647925 16.722973
v -26.982655 5.647794 16.574467
v -26.062841 4.572942 16.646851
v -26.982655 5.647794 16.574467
v -26.997116 4.716360 17.296864
v -26.918961 5.726207 17.305172
v -27.047333 4.647925 16.722973
v -26.918961 5.726207 17.305172
v -26.013252 4.640908 17.213394
v -25.935097 5.650754 17.221794
v -26.997116 4.716360 17.296864
v -25.998163 5.572808 16.498388
v -26.013252 4.640908 17.213394
v -26.062841 4.572942 16.646851
v -25.935097 5.650754 17.221794
v -26.918961 5.726207 17.305172
v -25.998163 5.572808 16.498388
v -26.982655 5.647794 16.574467
v -25.935097 5.650754 17.221794
v -26.997116 4.716360 17.296864
v -26.062841 4.572942 16.646851
v -26.013252 4.640908 17.213394
v -27.047333 4.647925 16.722973
v -27.064734 4.485531 16.159817
v -26.157570 4.191008 15.645956
v -26.115564 4.417060 16.101988
v -27.107313 4.256486 15.697496
v -27.016346 5.434789 15.829865
v -27.064734 4.485531 16.159817
v -26.067171 5.366336 15.772123
v -26.115564 4.417060 16.101988
v -27.064734 4.485531 16.159817
v -27.078190 5.104540 15.156898
v -27.107313 4.256486 15.697496
v -27.016346 5.434789 15.829865
v -26.128450 5.039059 15.105359
v -27.016346 5.434789 15.829865
v -26.067171 5.366336 15.772123
v -27.078190 5.104540 15.156898
v -26.128450 5.039059 15.105359
v -26.115564 4.417060 16.101988
v -26.157570 4.191008 15.645956
v -26.067171 5.366336 15.772123
v -27.078190 5.104540 15.156898
v -26.128450 5.039059 15.105359
v -27.107313 4.256486 15.697496
v -26.157570 4.191008 15.645956
v -27.233862 3.615229 14.986403
v -27.227268 4.308580 14.219681
v -26.244917 3.548978 14.934996
v -26.238321 4.242323 14.168274
v -26.244917 3.548978 14.934996
v -26.238321 4.242323 14.168274
v -26.187979 4.683698 14.567841
v -26.194578 3.990329 15.334562
v -27.176926 4.749938 14.619247
v -26.194578 3.990329 15.334562
v -26.187979 4.683698 14.567841
v -27.183517 4.056618 15.386014
v -27.183517 4.056618 15.386014
v -26.244917 3.548978 14.934996
v -26.194578 3.990329 15.334562
v -27.233862 3.615229 14.986403
v -27.176926 4.749938 14.619247
v -26.187979 4.683698 14.567841
v -26.238321 4.242323 14.168274
v -27.227268 4.308580 14.219681
v -27.176926 4.749938 14.619247
v -27.233862 3.615229 14.986403
v -27.183517 4.056618 15.386014
v -27.227268 4.308580 14.219681
v -25.892809 4.145134 20.702675
v -25.986656 3.374500 20.199104
v -25.955603 3.786492 19.618885
v -25.864281 4.527674 20.165287
v -25.986656 3.374500 20.199104
v -26.909597 3.482988 20.205086
v -26.879665 3.881875 19.643906
v -25.955603 3.786492 19.618885
v -26.587719 4.602345 20.184910
v -26.813622 4.500602 20.104025
v -26.839708 4.056869 20.580036
v -26.426640 4.249096 20.738277
v -26.396938 1.486111 14.290878
v -27.360090 1.605318 13.408851
v -26.434942 1.527882 13.367249
v -27.322084 1.563539 14.332436
v -26.434942 1.527882 13.367249
v -27.310732 2.332013 13.487743
v -26.383440 2.284441 13.449002
v -27.360090 1.605318 13.408851
v -27.310732 2.332013 13.487743
v -26.352276 2.147247 14.363571
v -26.383440 2.284441 13.449002
v -27.279554 2.194885 14.402357
v -26.383440 2.284441 13.449002
v -26.352276 2.147247 14.363571
v -26.396938 1.486111 14.290878
v -26.434942 1.527882 13.367249
v -26.352276 2.147247 14.363571
v -27.279554 2.194885 14.402357
v -27.322084 1.563539 14.332436
v -26.396938 1.486111 14.290878
v -27.310732 2.332013 13.487743
v -27.322084 1.563539 14.332436
v -27.279554 2.194885 14.402357
v -27.360090 1.605318 13.408851
v -27.409906 0.493818 14.316606
v -26.575172 0.359378 13.387172
v -26.528553 0.433861 14.275398
v -27.456497 0.419345 13.428420
v -26.526094 0.879309 13.364479
v -26.482803 0.912171 14.255390
v -26.528553 0.433861 14.275398
v -26.575172 0.359378 13.387172
v -27.362074 0.998109 14.294924
v -26.526094 0.879309 13.364479
v -27.405348 0.965180 13.404058
v -26.482803 0.912171 14.255390
v -27.405348 0.965180 13.404058
v -27.409906 0.493818 14.316606
v -27.362074 0.998109 14.294924
v -27.456497 0.419345 13.428420
v -27.362074 0.998109 14.294924
v -26.528553 0.433861 14.275398
v -26.482803 0.912171 14.255390
v -27.409906 0.493818 14.316606
v -27.405348 0.965180 13.404058
v -26.526094 0.879309 13.364479
v -26.575172 0.359378 13.387172
v -27.456497 0.419345 13.428420
v -25.904552 5.615969 17.781433
v -26.951639 4.708479 17.855621
v -26.875639 5.690441 17.863756
v -25.980547 4.634007 17.773296
v -25.904552 5.615969 17.781433
v -25.953478 4.581038 18.215126
v -25.980547 4.634007 17.773296
v -25.858881 5.478090 18.586811
v -25.953478 4.581038 18.215126
v -26.926001 4.659426 18.273481
v -26.951639 4.708479 17.855621
v -25.980547 4.634007 17.773296
v -25.975994 4.179182 19.136818
v -25.888699 5.190671 19.186644
v -25.887983 4.892509 19.665985
v -25.977108 4.432167 18.724632
v -25.975994 4.179182 19.136818
v -26.855965 4.255867 19.179783
v -26.857103 4.505673 18.772346
v -25.977108 4.432167 18.724632
v -26.700235 5.258457 19.230646
v -25.887983 4.892509 19.665985
v -25.888699 5.190671 19.186644
v -26.751177 4.967772 19.708088
v -26.855965 4.255867 19.179783
v -26.770185 4.950891 19.695301
v -26.777819 5.185686 19.186550
v -26.857103 4.505673 18.772346
v -26.760599 4.958945 19.702755
v -26.700235 5.258457 19.230646
v -26.777819 5.185686 19.186550
v -26.081415 2.762551 21.124537
v -25.965366 3.748612 21.237026
v -26.007549 3.339077 21.764959
v -26.049795 3.059038 20.721935
v -26.081415 2.762551 21.124537
v -26.959709 2.853250 21.144194
v -26.926992 3.161499 20.728577
v -26.049795 3.059038 20.721935
v -26.869307 3.632598 21.080444
v -26.959709 2.853250 21.144194
v -26.912434 3.222251 21.554031
v -26.926992 3.161499 20.728577
v -25.958673 3.815996 21.285271
v -26.008230 3.345212 21.778053
v -26.912434 3.222251 21.554031
v -26.869307 3.632598 21.080444
v -27.175760 0.436378 21.970657
v -26.147514 0.325308 22.938637
v -26.186441 0.418785 21.930794
v -27.136829 0.342894 22.978477
v -27.136829 0.342894 22.978477
v -27.189640 -0.209683 21.911270
v -27.150702 -0.303127 22.919090
v -27.175760 0.436378 21.970657
v -26.161383 -0.320737 22.879246
v -27.150702 -0.303127 22.919090
v -27.189640 -0.209683 21.911270
v -26.200315 -0.227227 21.871403
v -27.136829 0.342894 22.978477
v -26.161383 -0.320737 22.879246
v -26.147514 0.325308 22.938637
v -27.150702 -0.303127 22.919090
v -27.175760 0.436378 21.970657
v -26.186441 0.418785 21.930794
v -26.200315 -0.227227 21.871403
v -27.189640 -0.209683 21.911270
v -26.147514 0.325308 22.938637
v -26.200315 -0.227227 21.871403
v -26.186441 0.418785 21.930794
v -26.161383 -0.320737 22.879246
v -26.157433 1.006554 21.922813
v -27.108118 1.066258 21.962654
v -26.125662 1.524197 21.820808
v -27.075893 1.591235 21.859749
v -27.064734 1.086230 22.967659
v -26.157433 1.006554 21.922813
v -26.114054 1.026464 22.927797
v -27.108118 1.066258 21.962654
v -26.070084 1.742208 22.801453
v -26.157433 1.006554 21.922813
v -26.125662 1.524197 21.820808
v -26.114054 1.026464 22.927797
v -26.083933 2.278248 21.471550
v -26.037981 2.339589 22.610531
v -26.110170 1.873325 21.690727
v -25.995636 2.967403 22.237000
v -26.083933 2.278248 21.471550
v -27.098661 1.954535 21.727142
v -27.070929 2.380211 21.493584
v -26.110170 1.873325 21.690727
v -25.995874 2.976226 22.240896
v -26.034664 2.369199 22.667137
v -16.117828 2.992604 6.440495
v -16.499060 2.671980 7.704410
v -16.889868 2.694872 6.749250
v -15.727018 2.969718 7.395654
v -17.072491 3.140461 6.834476
v -16.377760 3.612498 6.561429
v -16.117828 2.992604 6.440495
v -16.889868 2.694872 6.749250
v -17.072491 3.140461 6.834476
v -16.682055 3.118403 7.789812
v -16.377760 3.612498 6.561429
v -15.987289 3.590388 7.516764
v -16.377760 3.612498 6.561429
v -15.987289 3.590388 7.516764
v -15.727018 2.969718 7.395654
v -16.117828 2.992604 6.440495
v -16.682055 3.118403 7.789812
v -15.727018 2.969718 7.395654
v -15.987289 3.590388 7.516764
v -16.499060 2.671980 7.704410
v -17.072491 3.140461 6.834476
v -16.499060 2.671980 7.704410
v -16.682055 3.118403 7.789812
v -16.889868 2.694872 6.749250
v -18.818848 5.480793 7.456605
v -18.400501 5.477178 8.560361
v -19.075975 4.529150 7.550978
v -18.657623 4.525531 8.654690
v -18.657623 4.525531 8.654690
v -19.602982 4.614191 7.752301
v -19.075975 4.529150 7.550978
v -19.181789 4.609955 8.854957
v -19.070515 5.593196 8.816257
v -19.602982 4.614191 7.752301
v -19.181789 4.609955 8.854957
v -19.491766 5.597439 7.713601
v -19.491766 5.597439 7.713601
v -19.070515 5.593196 8.816257
v -18.400501 5.477178 8.560361
v -18.818848 5.480793 7.456605
v -19.491766 5.597439 7.713601
v -19.075975 4.529150 7.550978
v -19.602982 4.614191 7.752301
v -18.818848 5.480793 7.456605
v -19.070515 5.593196 8.816257
v -18.657623 4.525531 8.654690
v -18.400501 5.477178 8.560361
v -19.181789 4.609955 8.854957
v -17.803503 5.287411 8.333179
v -18.051088 4.371223 8.423991
v -17.191158 4.965877 8.094435
v -17.610104 4.123971 8.251340
v -17.803503 5.287411 8.333179
v -18.467012 4.374810 7.326612
v -18.051088 4.371223 8.423991
v -18.219477 5.291015 7.235758
v -17.610104 4.123971 8.251340
v -18.467012 4.374810 7.326612
v -18.034737 4.131327 7.157304
v -18.051088 4.371223 8.423991
v -17.615786 4.973232 7.000354
v -18.467012 4.374810 7.326612
v -18.219477 5.291015 7.235758
v -18.034737 4.131327 7.157304
v -17.615786 4.973232 7.000354
v -17.191158 4.965877 8.094435
v -18.034737 4.131327 7.157304
v -17.610104 4.123971 8.251340
v -18.219477 5.291015 7.235758
v -17.803503 5.287411 8.333179
v -17.191158 4.965877 8.094435
v -17.615786 4.973232 7.000354
v -16.754320 4.222001 6.617411
v -16.934515 3.474783 7.972840
v -17.383169 3.493050 6.858706
v -16.305674 4.203740 7.731544
v -17.159140 4.627395 6.787070
v -16.710470 4.609111 7.901203
v -16.305674 4.203740 7.731544
v -16.754320 4.222001 6.617411
v -17.339348 3.880184 8.142500
v -17.159140 4.627395 6.787070
v -17.787971 3.898424 7.028366
v -16.710470 4.609111 7.901203
v -16.305674 4.203740 7.731544
v -17.339348 3.880184 8.142500
v -16.934515 3.474783 7.972840
v -16.710470 4.609111 7.901203
v -16.754320 4.222001 6.617411
v -17.383169 3.493050 6.858706
v -17.787971 3.898424 7.028366
v -17.159140 4.627395 6.787070
v -16.934515 3.474783 7.972840
v -17.787971 3.898424 7.028366
v -17.383169 3.493050 6.858706
v -17.339348 3.880184 8.142500
v -22.330042 5.101686 8.760319
v -22.004353 5.083453 9.803300
v -21.603819 4.256568 9.663808
v -21.929516 4.274797 8.620827
v -22.918079 4.746435 8.932178
v -21.929516 4.274797 8.620827
v -22.453037 3.957611 8.773643
v -22.330042 5.101686 8.760319
v -22.918079 4.746435 8.932178
v -22.138342 3.932890 9.819878
v -22.603325 4.721749 9.978369
v -22.453037 3.957611 8.773643
v -22.603325 4.721749 9.978369
v -22.330042 5.101686 8.760319
v -22.918079 4.746435 8.932178
v -22.004353 5.083453 9.803300
v -22.603325 4.721749 9.978369
v -22.138342 3.932890 9.819878
v -21.603819 4.256568 9.663808
v -22.004353 5.083453 9.803300
v -22.138342 3.932890 9.819878
v -21.929516 4.274797 8.620827
v -21.603819 4.256568 9.663808
v -22.453037 3.957611 8.773643
v -25.106958 0.438785 10.487126
v -26.339434 0.537118 9.618423
v -26.052689 0.467178 10.732338
v -25.393707 0.508719 9.373169
v -25.393707 0.508719 9.373169
v -26.281696 -0.142702 9.583111
v -26.339434 0.537118 9.618423
v -25.339636 -0.037445 9.344806
v -25.996052 -0.172539 10.699135
v -25.339636 -0.037445 9.344806
v -25.053988 -0.067347 10.460830
v -26.281696 -0.142702 9.583111
v -26.339434 0.537118 9.618423
v -25.996052 -0.172539 10.699135
v -26.052689 0.467178 10.732338
v -26.281696 -0.142702 9.583111
v -26.052689 0.467178 10.732338
v -25.996052 -0.172539 10.699135
v -25.106958 0.438785 10.487126
v -25.053988 -0.067347 10.460830
v -25.053988 -0.067347 10.460830
v -25.393707 0.508719 9.373169
v -25.106958 0.438785 10.487126
v -25.339636 -0.037445 9.344806
v -16.300774 1.480087 7.593458
v -15.865770 1.620890 6.233763
v -15.443800 1.533953 7.238044
v -16.722748 1.567032 6.589133
v -15.940563 2.340333 6.307247
v -15.865770 1.620890 6.233763
v -16.787825 2.175064 6.651403
v -16.722748 1.567032 6.589133
v -16.787825 2.175064 6.651403
v -16.369699 2.132121 7.660126
v -15.940563 2.340333 6.307247
v -15.522413 2.297325 7.315969
v -15.940563 2.340333 6.307247
v -15.522413 2.297325 7.315969
v -15.443800 1.533953 7.238044
v -15.865770 1.620890 6.233763
v -16.369699 2.132121 7.660126
v -15.443800 1.533953 7.238044
v -15.522413 2.297325 7.315969
v -16.300774 1.480087 7.593458
v -16.787825 2.175064 6.651403
v -16.300774 1.480087 7.593458
v -16.369699 2.132121 7.660126
v -16.722748 1.567032 6.589133
v -15.530062 0.354754 7.128016
v -16.749863 0.518025 6.502633
v -15.941418 0.433819 6.154255
v -16.338554 0.438958 7.476350
v -15.489769 0.878178 7.167419
v -15.941418 0.433819 6.154255
v -15.898512 0.984242 6.195152
v -15.530062 0.354754 7.128016
v -16.711781 1.018301 6.540760
v -15.489769 0.878178 7.167419
v -15.898512 0.984242 6.195152
v -16.303068 0.912301 7.513026
v -16.303068 0.912301 7.513026
v -16.711781 1.018301 6.540760
v -16.749863 0.518025 6.502633
v -16.338554 0.438958 7.476350
v -16.303068 0.912301 7.513026
v -15.530062 0.354754 7.128016
v -15.489769 0.878178 7.167419
v -16.338554 0.438958 7.476350
v -16.711781 1.018301 6.540760
v -15.898512 0.984242 6.195152
v -15.941418 0.433819 6.154255
v -16.749863 0.518025 6.502633
v -20.063175 5.627446 7.960878
v -19.645340 4.646172 9.031344
v -20.053043 4.650109 7.953490
v -19.655476 5.623508 9.038733
v -20.626669 5.619991 8.173987
v -20.053043 4.650109 7.953490
v -20.616512 4.642654 8.166598
v -20.063175 5.627446 7.960878
v -20.626669 5.619991 8.173987
v -20.212149 4.638749 9.235744
v -20.222242 5.616086 9.243132
v -20.616512 4.642654 8.166598
v -20.222242 5.616086 9.243132
v -19.645340 4.646172 9.031344
v -19.655476 5.623508 9.038733
v -20.212149 4.638749 9.235744
v -20.053043 4.650109 7.953490
v -19.645340 4.646172 9.031344
v -20.212149 4.638749 9.235744
v -20.616512 4.642654 8.166598
v -20.626669 5.619991 8.173987
v -20.222242 5.616086 9.243132
v -20.063175 5.627446 7.960878
v -19.655476 5.623508 9.038733
v -21.205647 5.501326 8.405081
v -20.735767 4.620555 9.358570
v -21.087858 4.626110 8.358773
v -20.853554 5.495798 9.404876
v -21.411121 5.326984 9.590235
v -21.205647 5.501326 8.405081
v -21.741692 5.338079 8.583183
v -20.853554 5.495798 9.404876
v -21.411121 5.326984 9.590235
v -21.741692 5.338079 8.583183
v -21.135870 4.492481 9.490673
v -21.466383 4.503624 8.483622
v -21.135870 4.492481 9.490673
v -21.087858 4.626110 8.358773
v -20.735767 4.620555 9.358570
v -21.466383 4.503624 8.483622
v -20.735767 4.620555 9.358570
v -21.411121 5.326984 9.590235
v -21.135870 4.492481 9.490673
v -20.853554 5.495798 9.404876
v -21.741692 5.338079 8.583183
v -21.087858 4.626110 8.358773
v -21.466383 4.503624 8.483622
v -21.205647 5.501326 8.405081
v -23.612461 4.073040 10.209813
v -23.214085 3.297302 10.070013
v -22.690832 3.605035 9.941823
v -23.129313 4.356918 10.091517
v -23.214085 3.297302 10.070013
v -22.968195 3.641134 8.948140
v -22.690832 3.605035 9.941823
v -23.476011 3.342581 9.072549
v -23.680017 3.739763 9.144132
v -22.968195 3.641134 8.948140
v -23.476011 3.342581 9.072549
v -23.359480 4.312096 9.081723
v -23.794041 4.104403 9.518448
v -23.612461 4.073040 10.209813
v -23.129313 4.356918 10.091517
v -23.387444 4.390519 9.166710
v -23.680017 3.739763 9.144132
v -23.794041 4.104403 9.518448
v -23.359480 4.312096 9.081723
v -23.387444 4.390519 9.166710
v -24.956270 1.520832 10.511797
v -25.377565 1.069875 9.375587
v -25.251772 1.581007 9.370620
v -25.083860 0.998203 10.516590
v -25.878407 1.778903 10.764175
v -25.083860 0.998203 10.516590
v -24.956270 1.520832 10.511797
v -26.042032 1.027020 10.765011
v -25.582233 1.673493 9.461063
v -25.803833 1.472746 9.507533
v -26.080063 1.828440 10.000818
v -26.049452 1.090036 9.549815
v -26.293001 1.088207 9.790070
v -24.446793 2.392252 10.417820
v -25.528557 2.504342 10.706611
v -24.746811 2.008180 10.479299
v -25.064602 3.092146 10.611272
v -24.446793 2.392252 10.417820
v -25.044909 2.057990 9.345332
v -24.743219 2.444129 9.283502
v -24.746811 2.008180 10.479299
v -25.044909 2.057990 9.345332
v -24.750099 2.452903 9.285684
v -25.113333 2.101414 9.365225
v -25.064602 3.092146 10.611272
v -25.172947 3.111109 10.196672
v -25.659033 2.526119 10.210302
v -25.528557 2.504342 10.706611
v -25.659033 2.526119 10.210302
v -24.757677 2.460506 9.288029
v -25.113333 2.101414 9.365225
v -25.172947 3.111109 10.196672
v -24.060230 2.695756 10.330705
v -23.944111 3.009822 9.073298
v -23.642981 2.954960 10.234836
v -24.363598 2.748883 9.169649
v -24.060230 2.695756 10.330705
v -24.139256 3.797799 10.403308
v -24.703339 3.424387 10.532071
v -23.642981 2.954960 10.234836
v -24.410471 2.801979 9.184322
v -23.944111 3.009822 9.073298
v -24.363598 2.748883 9.169649
v -24.054117 3.196649 9.110630
v -24.703339 3.424387 10.532071
v -24.139256 3.797799 10.403308
v -24.820875 3.444949 10.082313
v -24.287935 3.824890 9.829762
v -24.410471 2.801979 9.184322
v -24.820875 3.444949 10.082313
v -24.054117 3.196649 9.110630
v -24.287935 3.824890 9.829762
v -23.582716 3.204966 22.913372
v -24.462683 2.945169 22.652420
v -24.221699 3.562222 22.696020
v -23.767492 2.725949 22.880081
v -23.582716 3.204966 22.913372
v -23.884605 3.261984 23.894608
v -24.075756 2.770471 23.864267
v -23.767492 2.725949 22.880081
v -24.221699 3.562222 22.696020
v -24.462683 2.945169 22.652420
v -24.342072 3.584980 23.087301
v -24.680685 2.976650 23.348408
v -24.342072 3.584980 23.087301
v -24.413239 2.876943 23.752895
v -24.680685 2.976650 23.348408
v -21.569094 4.651388 23.334400
v -21.316008 4.803638 24.621159
v -21.884453 4.734415 24.468849
v -21.008133 4.720119 23.484711
v -21.671297 5.511284 23.243061
v -21.008133 4.720119 23.484711
v -21.569094 4.651388 23.334400
v -20.979656 5.588596 23.428598
v -20.979656 5.588596 23.428598
v -21.919102 5.576524 24.134466
v -21.279020 5.669819 24.533836
v -21.671297 5.511284 23.243061
v -22.988667 4.966053 22.901279
v -22.115046 4.497165 23.193741
v -22.574585 4.262894 23.072851
v -22.359573 5.284216 23.066895
v -22.562159 5.332122 23.754591
v -22.359573 5.284216 23.066895
v -23.125647 4.996621 23.357126
v -22.988667 4.966053 22.901279
v -22.877249 4.330438 24.080105
v -22.574585 4.262894 23.072851
v -22.115046 4.497165 23.193741
v -22.443132 4.574713 24.307251
v -23.125647 4.996621 23.357126
v -22.558531 5.331350 23.753681
v -22.885626 4.338197 24.092958
v -22.443132 4.574713 24.307251
v -23.891024 4.194928 22.651802
v -22.890421 4.050480 22.963284
v -23.283123 3.609107 22.873924
v -23.498344 4.636287 22.741138
v -23.498344 4.636287 22.741138
v -23.983891 4.215254 22.959551
v -23.597794 4.658063 23.070724
v -23.891024 4.194928 22.651802
v -23.185736 4.115093 23.941839
v -22.890421 4.050480 22.963284
v -23.597794 4.658063 23.070724
v -23.498344 4.636287 22.741138
v -23.185736 4.115093 23.941839
v -23.983891 4.215254 22.959551
v -23.577717 3.673588 23.850172
v -23.597794 4.658063 23.070724
v -22.890421 4.050480 22.963284
v -23.185736 4.115093 23.941839
v -23.577717 3.673588 23.850172
v -23.283123 3.609107 22.873924
v -23.983891 4.215254 22.959551
v -23.283123 3.609107 22.873924
v -23.577717 3.673588 23.850172
v -23.891024 4.194928 22.651802
v -18.235022 4.488078 24.377289
v -19.057760 3.946378 25.315189
v -18.582481 4.595458 25.407825
v -18.710304 3.839002 24.284676
v -18.710304 3.839002 24.284676
v -17.739058 4.104972 24.588223
v -18.179747 3.430037 24.510559
v -18.235022 4.488078 24.377289
v -17.739058 4.104972 24.588223
v -18.547640 3.552691 25.532255
v -18.179747 3.430037 24.510559
v -18.106903 4.227591 25.609917
v -19.057760 3.946378 25.315189
v -18.710304 3.839002 24.284676
v -18.179747 3.430037 24.510559
v -18.547640 3.552691 25.532255
v -18.106903 4.227591 25.609917
v -19.057760 3.946378 25.315189
v -18.547640 3.552691 25.532255
v -18.582481 4.595458 25.407825
v -17.739058 4.104972 24.588223
v -18.582481 4.595458 25.407825
v -18.106903 4.227591 25.609917
v -18.235022 4.488078 24.377289
v -25.041296 1.624153 23.655621
v -24.720821 1.533374 22.614819
v -23.948597 1.496442 22.855808
v -24.269070 1.587230 23.896610
v -23.948597 1.496442 22.855808
v -24.627485 2.280292 22.594723
v -23.864710 2.160052 22.838612
v -24.720821 1.533374 22.614819
v -24.952003 2.335427 23.636780
v -23.864710 2.160052 22.838612
v -24.627485 2.280292 22.594723
v -24.189238 2.215122 23.880669
v -23.864710 2.160052 22.838612
v -24.189238 2.215122 23.880669
v -24.269070 1.587230 23.896610
v -23.948597 1.496442 22.855808
v -24.952003 2.335427 23.636780
v -24.269070 1.587230 23.896610
v -24.189238 2.215122 23.880669
v -25.041296 1.624153 23.655621
v -24.627485 2.280292 22.594723
v -25.041296 1.624153 23.655621
v -24.952003 2.335427 23.636780
v -24.720821 1.533374 22.614819
v -25.046623 0.442211 23.739395
v -24.737223 0.369850 22.728123
v -24.316517 0.505755 23.958199
v -24.007145 0.433384 22.946926
v -24.320835 1.019706 23.904900
v -24.007145 0.433384 22.946926
v -24.010447 0.916552 22.896618
v -24.316517 0.505755 23.958199
v -24.741707 0.888756 22.674339
v -24.320835 1.019706 23.904900
v -24.010447 0.916552 22.896618
v -25.052126 0.991972 23.682623
v -25.052126 0.991972 23.682623
v -24.741707 0.888756 22.674339
v -24.737223 0.369850 22.728123
v -25.046623 0.442211 23.739395
v -25.052126 0.991972 23.682623
v -24.316517 0.505755 23.958199
v -24.320835 1.019706 23.904900
v -25.046623 0.442211 23.739395
v -24.741707 0.888756 22.674339
v -24.010447 0.916552 22.896618
v -24.007145 0.433384 22.946926
v -24.737223 0.369850 22.728123
v -20.445847 5.583608 23.602345
v -20.774477 4.809494 24.767162
v -20.746412 5.665147 24.711884
v -20.473921 4.727954 23.657623
v -20.445847 5.583608 23.602345
v -20.023811 4.659949 23.791882
v -20.473921 4.727954 23.657623
v -19.689590 5.449146 23.829964
v -19.689590 5.449146 23.829964
v -20.351192 4.745920 24.883698
v -20.023811 4.659949 23.791882
v -20.016918 5.535092 24.921780
v -20.774477 4.809494 24.767162
v -20.473921 4.727954 23.657623
v -20.023811 4.659949 23.791882
v -20.351192 4.745920 24.883698
v -20.351192 4.745920 24.883698
v -20.016918 5.535092 24.921780
v -20.746412 5.665147 24.711884
v -20.774477 4.809494 24.767162
v -19.689590 5.449146 23.829964
v -20.746412 5.665147 24.711884
v -20.016918 5.535092 24.921780
v -20.445847 5.583608 23.602345
v -19.460766 5.222999 25.051817
v -19.150763 5.139786 24.041555
v -19.857515 4.572690 24.983610
v -19.547503 4.489506 23.973349
v -19.857515 4.572690 24.983610
v -19.547503 4.489506 23.973349
v -19.155828 4.233667 24.114754
v -19.471622 4.321009 25.122860
v -18.705200 4.845286 24.202929
v -19.471622 4.321009 25.122860
v -19.155828 4.233667 24.114754
v -19.020933 4.932610 25.211056
v -18.705200 4.845286 24.202929
v -19.460766 5.222999 25.051817
v -19.020933 4.932610 25.211056
v -19.150763 5.139786 24.041555
v -19.471622 4.321009 25.122860
v -19.020933 4.932610 25.211056
v -19.460766 5.222999 25.051817
v -19.857515 4.572690 24.983610
v -19.155828 4.233667 24.114754
v -19.150763 5.139786 24.041555
v -18.705200 4.845286 24.202929
v -19.547503 4.489506 23.973349
v -17.255287 3.727034 24.846733
v -18.053499 3.232914 25.722805
v -17.602015 3.842296 25.812206
v -17.706776 3.117655 24.757355
v -17.330153 2.812126 24.928970
v -17.255287 3.727034 24.846733
v -16.777826 3.321663 25.064987
v -17.706776 3.117655 24.757355
v -17.330153 2.812126 24.928970
v -17.111435 3.423924 26.036531
v -17.663792 2.914435 25.900488
v -16.777826 3.321663 25.064987
v -18.053499 3.232914 25.722805
v -17.706776 3.117655 24.757355
v -17.330153 2.812126 24.928970
v -17.663792 2.914435 25.900488
v -17.602015 3.842296 25.812206
v -17.663792 2.914435 25.900488
v -17.111435 3.423924 26.036531
v -18.053499 3.232914 25.722805
v -16.777826 3.321663 25.064987
v -17.602015 3.842296 25.812206
v -17.111435 3.423924 26.036531
v -17.255287 3.727034 24.846733
v -15.745876 0.332963 25.557211
v -16.630566 -0.232805 25.280558
v -16.570007 0.413242 25.287838
v -15.806431 -0.313057 25.549957
v -16.570007 0.413242 25.287838
v -16.016724 0.348970 26.390581
v -15.745876 0.332963 25.557211
v -16.844828 0.429477 26.133411
v -16.912357 -0.216130 26.147610
v -16.630566 -0.232805 25.280558
v -16.084312 -0.296666 26.404943
v -15.806431 -0.313057 25.549957
v -16.570007 0.413242 25.287838
v -16.912357 -0.216130 26.147610
v -16.844828 0.429477 26.133411
v -16.630566 -0.232805 25.280558
v -16.016724 0.348970 26.390581
v -16.844828 0.429477 26.133411
v -16.084312 -0.296666 26.404943
v -16.912357 -0.216130 26.147610
v -16.016724 0.348970 26.390581
v -16.084312 -0.296666 26.404943
v -15.745876 0.332963 25.557211
v -15.806431 -0.313057 25.549957
v -15.870571 1.727518 25.432583
v -16.562157 1.012667 25.259933
v -16.648676 1.546517 25.193573
v -15.768547 1.029492 25.515347
v -16.131098 1.786065 26.236422
v -15.768547 1.029492 25.515347
v -15.870571 1.727518 25.432583
v -16.030378 1.082822 26.325394
v -16.562157 1.012667 25.259933
v -16.030378 1.082822 26.325394
v -16.828907 1.067044 26.085180
v -15.768547 1.029492 25.515347
v -16.965000 2.339437 24.994911
v -16.721834 3.040915 26.280926
v -16.333611 2.921885 25.150414
v -17.353224 2.458461 26.125425
v -16.755898 1.915176 25.100431
v -16.965000 2.339437 24.994911
v -16.006634 2.309352 25.313301
v -16.333611 2.921885 25.150414
v -16.755898 1.915176 25.100431
v -16.295002 2.382982 26.191921
v -17.124374 2.009314 26.223040
v -16.006634 2.309352 25.313301
v -26.282574 3.127711 14.703550
v -27.270407 3.644908 13.877636
v -26.295660 3.588195 13.832956
v -27.257320 3.184417 14.748186
v -27.213112 4.289142 14.268056
v -26.245375 3.573780 14.936316
v -26.239191 4.223907 14.217440
v -27.219297 3.639062 14.986975
v -27.219297 3.639062 14.986975
v -27.270407 3.644908 13.877636
v -27.257320 3.184417 14.748186
v -27.213112 4.289142 14.268056
v -26.295660 3.588195 13.832956
v -26.245375 3.573780 14.936316
v -26.282574 3.127711 14.703550
v -26.239191 4.223907 14.217440
v -27.219297 3.639062 14.986975
v -26.282574 3.127711 14.703550
v -26.245375 3.573780 14.936316
v -27.257320 3.184417 14.748186
v -26.295660 3.588195 13.832956
v -27.213112 4.289142 14.268056
v -26.239191 4.223907 14.217440
v -27.270407 3.644908 13.877636
v -27.011623 5.393571 15.829690
v -26.086418 5.326841 15.773401
v -27.056128 4.520520 16.133123
v -26.130920 4.453794 16.076834
v -26.086418 5.326841 15.773401
v -27.011623 5.393571 15.829690
v -26.945751 5.602192 16.591267
v -26.021856 5.531825 16.519892
v -26.021856 5.531825 16.519892
v -26.945751 5.602192 16.591267
v -27.004837 4.688759 16.726974
v -26.080946 4.618385 16.655514
v -26.086418 5.326841 15.773401
v -26.080946 4.618385 16.655514
v -26.130920 4.453794 16.076834
v -26.021856 5.531825 16.519892
v -27.004837 4.688759 16.726974
v -26.130920 4.453794 16.076834
v -26.080946 4.618385 16.655514
v -27.056128 4.520520 16.133123
v -27.011623 5.393571 15.829690
v -27.056128 4.520520 16.133123
v -27.004837 4.688759 16.726974
v -26.945751 5.602192 16.591267
v -26.238781 4.031908 15.279416
v -27.119967 4.090940 15.325195
v -27.114246 4.689579 14.663223
v -26.233086 4.630542 14.617401
v -26.238781 4.031908 15.279416
v -26.233086 4.630542 14.617401
v -26.179050 5.009368 15.139924
v -26.204887 4.257044 15.619483
v -27.059984 5.070094 15.187726
v -27.085846 4.317807 15.667329
v -26.179050 5.009368 15.139924
v -26.204887 4.257044 15.619483
v -27.119967 4.090940 15.325195
v -27.059984 5.070094 15.187726
v -27.114246 4.689579 14.663223
v -27.085846 4.317807 15.667329
v -27.085846 4.317807 15.667329
v -26.238781 4.031908 15.279416
v -26.204887 4.257044 15.619483
v -27.119967 4.090940 15.325195
v -27.059984 5.070094 15.187726
v -26.233086 4.630542 14.617401
v -27.114246 4.689579 14.663223
v -26.179050 5.009368 15.139924
v -26.904314 5.657066 17.288067
v -25.965899 5.585100 17.208469
v -26.035749 4.682495 17.200993
v -26.974173 4.754462 17.280590
v -26.904314 5.657066 17.288067
v -25.916887 5.576457 17.794186
v -25.965899 5.585100 17.208469
v -26.855303 5.648425 17.873739
v -26.855303 5.648425 17.873739
v -25.986744 4.673852 17.786667
v -25.916887 5.576457 17.794186
v -26.925159 4.745820 17.866306
v -25.986744 4.673852 17.786667
v -26.925159 4.745820 17.866306
v -26.974173 4.754462 17.280590
v -26.035749 4.682495 17.200993
v -26.904314 5.657066 17.288067
v -26.974173 4.754462 17.280590
v -26.855303 5.648425 17.873739
v -26.925159 4.745820 17.866306
v -25.916887 5.576457 17.794186
v -26.035749 4.682495 17.200993
v -25.965899 5.585100 17.208469
v -25.986744 4.673852 17.786667
v -26.006054 2.991331 20.693924
v -25.866518 4.177873 20.730555
v -25.907171 3.798949 21.297186
v -25.969252 3.334302 20.179403
v -26.006054 2.991331 20.693924
v -26.989620 3.106186 20.701399
v -26.952732 3.449936 20.185736
v -25.969252 3.334302 20.179403
v -26.928680 3.603899 21.073130
v -26.952732 3.449936 20.185736
v -26.989620 3.106186 20.701399
v -26.880875 4.039973 20.571272
v -25.866518 4.177873 20.730555
v -26.325901 4.231883 20.733532
v -26.216944 3.835134 21.299526
v -25.907171 3.798949 21.297186
v -26.325901 4.231883 20.733532
v -26.880875 4.039973 20.571272
v -26.928680 3.603899 21.073130
v -26.216944 3.835134 21.299526
v -25.943960 3.743311 19.604065
v -26.881340 4.207165 19.134092
v -25.932673 4.124461 19.087786
v -26.891972 3.841136 19.629833
v -25.943960 3.743311 19.604065
v -25.833454 4.928591 19.684320
v -25.844675 4.549182 20.198225
v -25.932673 4.124461 19.087786
v -26.813265 4.479957 20.100739
v -26.531271 4.620057 20.216824
v -26.732895 5.018034 19.734806
v -26.750893 4.905970 19.664700
v -27.317606 2.178142 14.444091
v -27.351732 2.328297 13.442932
v -26.329496 2.127431 14.402843
v -26.363619 2.277578 13.401640
v -27.311544 3.032191 13.607975
v -27.317606 2.178142 14.444091
v -27.285440 2.741703 14.577955
v -27.351732 2.328297 13.442932
v -27.311544 3.032191 13.607975
v -26.296961 2.697396 14.538157
v -26.323055 2.987963 13.568133
v -27.285440 2.741703 14.577955
v -26.323055 2.987963 13.568133
v -26.296961 2.697396 14.538157
v -26.329496 2.127431 14.402843
v -26.363619 2.277578 13.401640
v -27.311544 3.032191 13.607975
v -26.323055 2.987963 13.568133
v -26.363619 2.277578 13.401640
v -27.351732 2.328297 13.442932
v -27.285440 2.741703 14.577955
v -26.329496 2.127431 14.402843
v -26.296961 2.697396 14.538157
v -27.317606 2.178142 14.444091
v -26.377758 1.495866 14.332788
v -27.378099 0.995683 14.364451
v -26.430174 0.903086 14.321794
v -27.326872 1.575348 14.375445
v -27.368196 1.620736 13.371163
v -26.377758 1.495866 14.332788
v -26.419077 1.541314 13.328550
v -27.326872 1.575348 14.375445
v -27.368196 1.620736 13.371163
v -27.378099 0.995683 14.364451
v -27.326872 1.575348 14.375445
v -27.426907 0.958613 13.360169
v -26.478975 0.866008 13.317556
v -27.426907 0.958613 13.360169
v -26.419077 1.541314 13.328550
v -27.368196 1.620736 13.371163
v -27.378099 0.995683 14.364451
v -26.478975 0.866008 13.317556
v -26.430174 0.903086 14.321794
v -27.426907 0.958613 13.360169
v -26.430174 0.903086 14.321794
v -26.419077 1.541314 13.328550
v -26.377758 1.495866 14.332788
v -26.478975 0.866008 13.317556
v -27.507597 -0.079411 14.438639
v -26.572466 -0.232966 13.363645
v -26.518473 -0.146705 14.392375
v -27.561592 -0.165663 13.409907
v -26.480480 0.447301 14.340572
v -26.572466 -0.232966 13.363645
v -26.534468 0.361073 13.311840
v -26.518473 -0.146705 14.392375
v -27.469601 0.514644 14.386834
v -26.534468 0.361073 13.311840
v -27.523598 0.428351 13.358104
v -26.480480 0.447301 14.340572
v -26.480480 0.447301 14.340572
v -27.469601 0.514644 14.386834
v -27.507597 -0.079411 14.438639
v -26.518473 -0.146705 14.392375
v -26.534468 0.361073 13.311840
v -27.561592 -0.165663 13.409907
v -27.523598 0.428351 13.358104
v -26.572466 -0.232966 13.363645
v -27.561592 -0.165663 13.409907
v -27.469601 0.514644 14.386834
v -27.523598 0.428351 13.358104
v -27.507597 -0.079411 14.438639
v -25.940115 4.364739 18.695871
v -25.852070 5.524283 18.601719
v -25.837719 5.243230 19.231060
v -25.952309 4.573763 18.207912
v -25.940115 4.364739 18.695871
v -26.927721 4.447208 18.749477
v -26.939827 4.653379 18.267105
v -25.952309 4.573763 18.207912
v -26.657103 5.589184 18.650009
v -25.837719 5.243230 19.231060
v -25.852070 5.524283 18.601719
v -26.640057 5.310255 19.274538
v -26.927721 4.447208 18.749477
v -26.850092 5.113249 19.155159
v -26.863304 5.379011 18.567772
v -26.939827 4.653379 18.267105
v -26.657103 5.589184 18.650009
v -26.850092 5.113249 19.155159
v -26.640057 5.310255 19.274538
v -26.863304 5.379011 18.567772
v -26.049166 2.723659 21.066534
v -27.057764 2.382963 21.489624
v -27.021172 2.824073 21.088257
v -26.085758 2.282586 21.467857
v -26.049166 2.723659 21.066534
v -25.965044 3.380271 21.795830
v -26.085758 2.282586 21.467857
v -26.001635 2.939174 22.197178
v -26.971174 3.214288 21.521671
v -27.057764 2.382963 21.489624
v -27.001236 2.824229 21.979691
v -27.021172 2.824073 21.088257
v -26.171160 1.021476 21.965313
v -27.057940 1.098053 22.928478
v -26.131262 1.039815 22.889626
v -27.097836 1.079720 22.004169
v -27.057940 1.098053 22.928478
v -26.171246 0.334016 22.895012
v -26.131262 1.039815 22.889626
v -27.099653 0.350543 22.932415
v -26.171246 0.334016 22.895012
v -27.099653 0.350543 22.932415
v -27.135225 0.435906 22.011690
v -26.206810 0.419445 21.974308
v -26.131262 1.039815 22.889626
v -26.206810 0.419445 21.974308
v -26.171160 1.021476 21.965313
v -26.171246 0.334016 22.895012
v -26.206810 0.419445 21.974308
v -27.097836 1.079720 22.004169
v -26.171160 1.021476 21.965313
v -27.135225 0.435906 22.011690
v -27.135225 0.435906 22.011690
v -27.057940 1.098053 22.928478
v -27.097836 1.079720 22.004169
v -27.099653 0.350543 22.932415
v -26.087076 2.306763 22.549339
v -26.172138 1.539486 21.890335
v -26.149406 1.904163 21.755196
v -26.122829 1.732856 22.760269
v -26.149406 1.904163 21.755196
v -27.053560 1.601624 21.926483
v -27.030186 1.976567 21.787607
v -26.172138 1.539486 21.890335
v -27.053560 1.601624 21.926483
v -26.982796 2.282536 22.391171
v -27.030186 1.976567 21.787607
v -27.008638 1.777739 22.718517
v -26.122829 1.732856 22.760269
v -26.084249 2.324743 22.602627
v -27.004435 1.769821 22.711946
v -26.982796 2.282536 22.391171
v -16.362808 3.623251 6.497224
v -15.926933 3.598597 7.563731
v -16.695803 3.076204 7.865890
v -17.131685 3.100865 6.799383
v -16.362808 3.623251 6.497224
v -17.131685 3.100865 6.799383
v -17.369762 3.514783 6.906289
v -16.750473 4.232685 6.668686
v -17.369762 3.514783 6.906289
v -16.945211 3.497524 7.960614
v -16.750473 4.232685 6.668686
v -16.325884 4.215382 7.723012
v -16.750473 4.232685 6.668686
v -16.325884 4.215382 7.723012
v -15.926933 3.598597 7.563731
v -16.362808 3.623251 6.497224
v -15.926933 3.598597 7.563731
v -16.945211 3.497524 7.960614
v -16.695803 3.076204 7.865890
v -16.325884 4.215382 7.723012
v -17.369762 3.514783 6.906289
v -16.695803 3.076204 7.865890
v -16.945211 3.497524 7.960614
v -17.131685 3.100865 6.799383
v -17.810953 5.268158 8.290831
v -18.439571 4.378443 7.357483
v -18.198271 5.271504 7.268959
v -18.052246 4.375095 8.379354
v -19.061882 4.570037 7.594031
v -18.198271 5.271504 7.268959
v -18.439571 4.378443 7.357483
v -18.820606 5.463106 7.505507
v -18.433258 5.459749 8.527334
v -19.061882 4.570037 7.594031
v -18.674599 4.566700 8.615902
v -18.820606 5.463106 7.505507
v -17.810953 5.268158 8.290831
v -18.674599 4.566700 8.615902
v -18.052246 4.375095 8.379354
v -18.433258 5.459749 8.527334
v -18.052246 4.375095 8.379354
v -19.061882 4.570037 7.594031
v -18.439571 4.378443 7.357483
v -18.674599 4.566700 8.615902
v -18.820606 5.463106 7.505507
v -17.810953 5.268158 8.290831
v -18.198271 5.271504 7.268959
v -18.433258 5.459749 8.527334
v -17.153120 4.587262 6.862401
v -16.757214 4.571144 7.845529
v -17.317541 3.921614 8.060528
v -17.713434 3.937754 7.077355
v -17.629026 4.932858 7.053565
v -17.245474 4.926201 8.041750
v -16.757214 4.571144 7.845529
v -17.153120 4.587262 6.862401
v -18.017607 4.151929 7.199169
v -17.245474 4.926201 8.041750
v -17.629026 4.932858 7.053565
v -17.634117 4.145280 8.187312
v -17.317541 3.921614 8.060528
v -18.017607 4.151929 7.199169
v -17.713434 3.937754 7.077355
v -17.634117 4.145280 8.187312
v -16.757214 4.571144 7.845529
v -17.634117 4.145280 8.187312
v -17.317541 3.921614 8.060528
v -17.245474 4.926201 8.041750
v -18.017607 4.151929 7.199169
v -17.153120 4.587262 6.862401
v -17.713434 3.937754 7.077355
v -17.629026 4.932858 7.053565
v -19.456486 5.571124 7.772750
v -19.073645 5.567271 8.774919
v -19.562584 4.633299 7.809689
v -19.179741 4.629445 8.811860
v -19.456486 5.571124 7.772750
v -20.050497 4.672384 7.995619
v -20.060310 5.616840 8.002788
v -19.562584 4.633299 7.809689
v -20.060310 5.616840 8.002788
v -19.670990 4.668718 8.999021
v -19.680746 5.613175 9.006189
v -20.050497 4.672384 7.995619
v -20.060310 5.616840 8.002788
v -19.680746 5.613175 9.006189
v -19.073645 5.567271 8.774919
v -19.456486 5.571124 7.772750
v -19.073645 5.567271 8.774919
v -19.670990 4.668718 8.999021
v -19.179741 4.629445 8.811860
v -19.680746 5.613175 9.006189
v -19.179741 4.629445 8.811860
v -20.050497 4.672384 7.995619
v -19.562584 4.633299 7.809689
v -19.670990 4.668718 8.999021
v -22.605598 4.737336 10.023750
v -22.110071 3.896763 9.854838
v -22.945541 4.764019 8.893698
v -22.450014 3.923441 8.724787
v -22.450014 3.923441 8.724787
v -22.657677 3.547604 9.999432
v -22.974798 3.588903 8.863224
v -22.110071 3.896763 9.854838
v -23.149288 4.390688 10.167290
v -22.657677 3.547604 9.999432
v -22.110071 3.896763 9.854838
v -22.605598 4.737336 10.023750
v -22.010000 5.091376 9.849385
v -21.101973 4.476480 9.551492
v -21.398764 5.376117 9.658837
v -21.599136 4.243050 9.706287
v -22.010000 5.091376 9.849385
v -22.359783 5.110943 8.729316
v -21.599136 4.243050 9.706287
v -21.948874 4.262644 8.586175
v -21.599136 4.243050 9.706287
v -21.467936 4.488774 8.436524
v -21.101973 4.476480 9.551492
v -21.948874 4.262644 8.586175
v -21.764725 5.388412 8.543826
v -21.467936 4.488774 8.436524
v -22.359783 5.110943 8.729316
v -21.948874 4.262644 8.586175
v -21.764725 5.388412 8.543826
v -21.101973 4.476480 9.551492
v -21.467936 4.488774 8.436524
v -21.398764 5.376117 9.658837
v -22.010000 5.091376 9.849385
v -21.764725 5.388412 8.543826
v -22.359783 5.110943 8.729316
v -21.398764 5.376117 9.658837
v -15.935791 2.333673 6.256103
v -16.386982 2.111162 7.712414
v -16.838642 2.157590 6.622819
v -15.484135 2.287253 7.345698
v -16.973907 2.691913 6.695248
v -16.386982 2.111162 7.712414
v -16.527046 2.665776 7.787437
v -16.838642 2.157590 6.622819
v -16.973907 2.691913 6.695248
v -16.527046 2.665776 7.787437
v -16.108252 3.025771 6.349068
v -15.661362 2.999569 7.441301
v -16.108252 3.025771 6.349068
v -15.661362 2.999569 7.441301
v -15.484135 2.287253 7.345698
v -15.935791 2.333673 6.256103
v -15.935791 2.333673 6.256103
v -16.973907 2.691913 6.695248
v -16.108252 3.025771 6.349068
v -16.838642 2.157590 6.622819
v -16.527046 2.665776 7.787437
v -15.484135 2.287253 7.345698
v -15.661362 2.999569 7.441301
v -16.386982 2.111162 7.712414
v -16.291870 1.489355 7.636380
v -15.417652 0.862659 7.210075
v -15.412685 1.544571 7.271773
v -16.294449 0.899397 7.582685
v -16.291870 1.489355 7.636380
v -15.865850 1.637965 6.193262
v -16.745035 1.582689 6.557867
v -15.412685 1.544571 7.271773
v -16.291870 1.489355 7.636380
v -16.745035 1.582689 6.557867
v -16.746988 1.016803 6.506239
v -16.294449 0.899397 7.582685
v -16.745035 1.582689 6.557867
v -15.870193 0.980057 6.133630
v -16.746988 1.016803 6.506239
v -15.865850 1.637965 6.193262
v -15.870193 0.980057 6.133630
v -15.417652 0.862659 7.210075
v -16.746988 1.016803 6.506239
v -16.294449 0.899397 7.582685
v -15.412685 1.544571 7.271773
v -15.870193 0.980057 6.133630
v -15.865850 1.637965 6.193262
v -15.417652 0.862659 7.210075
v -15.531860 -0.236930 7.155282
v -16.905331 -0.052829 6.442781
v -15.997993 -0.147335 6.051834
v -16.439198 -0.142432 7.546229
v -15.462040 0.356153 7.173927
v -15.997993 -0.147335 6.051834
v -15.928173 0.445780 6.070524
v -15.531860 -0.236930 7.155282
v -16.835506 0.540261 6.461472
v -15.462040 0.356153 7.173927
v -15.928173 0.445780 6.070524
v -16.369371 0.450700 7.564918
v -16.369371 0.450700 7.564918
v -15.531860 -0.236930 7.155282
v -15.462040 0.356153 7.173927
v -16.439198 -0.142432 7.546229
v -15.997993 -0.147335 6.051834
v -16.835506 0.540261 6.461472
v -15.928173 0.445780 6.070524
v -16.905331 -0.052829 6.442781
v -16.369371 0.450700 7.564918
v -16.905331 -0.052829 6.442781
v -16.439198 -0.142432 7.546229
v -16.835506 0.540261 6.461472
v -20.640356 5.622387 8.126977
v -20.215387 5.618283 9.250520
v -20.205091 4.625875 9.243000
v -20.630064 4.629978 8.119457
v -20.846603 5.537429 9.475283
v -20.640356 5.622387 8.126977
v -21.245626 5.543690 8.342326
v -20.215387 5.618283 9.250520
v -20.846603 5.537429 9.475283
v -21.245626 5.543690 8.342326
v -20.714453 4.555150 9.423346
v -21.113417 4.561419 8.290348
v -20.714453 4.555150 9.423346
v -20.630064 4.629978 8.119457
v -20.205091 4.625875 9.243000
v -21.113417 4.561419 8.290348
v -20.846603 5.537429 9.475283
v -20.205091 4.625875 9.243000
v -20.215387 5.618283 9.250520
v -20.714453 4.555150 9.423346
v -21.245626 5.543690 8.342326
v -20.630064 4.629978 8.119457
v -21.113417 4.561419 8.290348
v -20.640356 5.622387 8.126977
v -24.133541 3.798877 10.401856
v -23.644848 2.968816 10.235979
v -23.161131 3.250296 10.122433
v -23.602049 4.108775 10.277184
v -23.644848 2.968816 10.235979
v -23.453568 3.300820 9.008917
v -23.161131 3.250296 10.122433
v -23.933708 3.021470 9.121626
v -24.069605 3.252261 9.167750
v -23.453568 3.300820 9.008917
v -23.933708 3.021470 9.121626
v -23.653612 3.690312 9.079126
v -25.519102 2.508752 10.660657
v -25.001972 1.537125 10.480618
v -24.757080 2.025165 10.439104
v -25.867329 1.779356 10.717474
v -24.757080 2.025165 10.439104
v -25.275549 1.592876 9.424049
v -25.034670 2.071515 9.383153
v -25.001972 1.537125 10.480618
v -25.641218 2.529145 10.196143
v -25.867329 1.779356 10.717474
v -25.519102 2.508752 10.660657
v -26.050463 1.816630 10.010258
v -25.275549 1.592876 9.424049
v -25.135090 2.135245 9.412354
v -25.034670 2.071515 9.383153
v -25.630934 1.692326 9.521319
v -25.630934 1.692326 9.521319
v -25.641218 2.529145 10.196143
v -25.135090 2.135245 9.412354
v -26.050463 1.816630 10.010258
v -24.478600 2.406906 10.355946
v -24.389797 2.790016 9.253598
v -24.122047 2.743138 10.278153
v -24.746323 2.453814 9.331392
v -25.051634 3.056146 10.535368
v -24.478600 2.406906 10.355946
v -24.122047 2.743138 10.278153
v -24.695118 3.392344 10.457575
v -24.389797 2.790016 9.253598
v -24.746323 2.453814 9.331392
v -24.784935 2.497554 9.343482
v -24.453766 2.862483 9.273626
v -25.152781 3.073840 10.148342
v -25.051634 3.056146 10.535368
v -24.695118 3.392344 10.457575
v -24.804155 3.411430 10.040304
v -24.784935 2.497554 9.343482
v -25.152781 3.073840 10.148342
v -24.453766 2.862483 9.273626
v -24.804155 3.411430 10.040304
v -26.290398 0.520514 9.660553
v -25.435846 0.494875 9.438957
v -26.033531 0.457893 10.658413
v -25.178984 0.432191 10.436819
v -26.008076 1.044354 10.688668
v -25.178984 0.432191 10.436819
v -25.153519 1.018697 10.467118
v -26.033531 0.457893 10.658413
v -25.153519 1.018697 10.467118
v -25.435846 0.494875 9.438957
v -25.410385 1.081343 9.469256
v -25.178984 0.432191 10.436819
v -24.259111 3.575034 22.627197
v -23.286089 3.627826 22.922871
v -23.541277 3.173668 22.871378
v -23.883518 4.203519 22.704552
v -23.565275 3.688910 23.847980
v -23.286089 3.627826 22.922871
v -23.965448 4.221460 22.976086
v -23.883518 4.203519 22.704552
v -22.380169 5.275309 23.101767
v -21.570946 4.678276 23.378838
v -22.142717 4.510976 23.224941
v -21.666019 5.477967 23.293875
v -22.142717 4.510976 23.224941
v -21.862936 4.755138 24.429092
v -22.450867 4.583826 24.270866
v -21.570946 4.678276 23.378838
v -21.912382 5.547172 24.170774
v -22.568918 5.314142 23.760063
v -22.454845 4.585277 24.285208
v -22.948521 4.077235 23.020058
v -23.481096 4.590471 22.825443
v -22.984835 4.957902 22.950138
v -22.605024 4.312993 23.107504
v -22.984835 4.957902 22.950138
v -23.574053 4.610820 23.133465
v -23.113956 4.986737 23.379885
v -23.481096 4.590471 22.825443
v -23.574053 4.610820 23.133465
v -22.948521 4.077235 23.020058
v -23.214941 4.135552 23.902931
v -23.481096 4.590471 22.825443
v -23.214941 4.135552 23.902931
v -22.605024 4.312993 23.107504
v -22.887218 4.375949 24.046562
v -22.948521 4.077235 23.020058
v -21.012390 5.572408 23.491459
v -21.319178 4.825465 24.577513
v -21.292189 5.648315 24.524368
v -21.039381 4.749558 23.544626
v -21.012390 5.572408 23.491459
v -20.472231 4.740911 23.698895
v -21.039381 4.749558 23.544626
v -20.445259 5.563767 23.645727
v -20.445259 5.563767 23.645727
v -20.752060 4.816820 24.731781
v -20.472231 4.740911 23.698895
v -20.725025 5.639674 24.678637
v -20.725025 5.639674 24.678637
v -21.292189 5.648315 24.524368
v -20.752060 4.816820 24.731781
v -21.319178 4.825465 24.577513
v -21.012390 5.572408 23.491459
v -21.292189 5.648315 24.524368
v -20.445259 5.563767 23.645727
v -20.725025 5.639674 24.678637
v -21.319178 4.825465 24.577513
v -20.472231 4.740911 23.698895
v -20.752060 4.816820 24.731781
v -21.039381 4.749558 23.544626
v -17.699512 4.130018 24.551216
v -18.570742 3.536759 25.571283
v -18.096874 4.262490 25.654793
v -18.173391 3.404293 24.467707
v -17.184113 3.753474 24.781803
v -18.096874 4.262490 25.654793
v -17.580551 3.885249 25.885778
v -17.699512 4.130018 24.551216
v -17.184113 3.753474 24.781803
v -18.095385 3.190437 25.783842
v -17.698902 3.058627 24.679890
v -17.580551 3.885249 25.885778
v -18.570742 3.536759 25.571283
v -18.173391 3.404293 24.467707
v -17.698902 3.058627 24.679890
v -18.095385 3.190437 25.783842
v -17.184113 3.753474 24.781803
v -17.698902 3.058627 24.679890
v -18.173391 3.404293 24.467707
v -17.699512 4.130018 24.551216
v -17.580551 3.885249 25.885778
v -18.570742 3.536759 25.571283
v -18.095385 3.190437 25.783842
v -18.096874 4.262490 25.654793
v -18.581625 4.598004 25.452614
v -19.527185 4.290874 25.180119
v -19.071066 3.929660 25.357233
v -19.035851 4.957718 25.276272
v -18.208502 4.482706 24.345871
v -19.071066 3.929660 25.357233
v -18.697901 3.814327 24.250507
v -18.581625 4.598004 25.452614
v -18.208502 4.482706 24.345871
v -19.035851 4.957718 25.276272
v -18.581625 4.598004 25.452614
v -18.686228 4.861033 24.160114
v -19.177572 4.194194 24.063961
v -18.208502 4.482706 24.345871
v -18.697901 3.814327 24.250507
v -18.686228 4.861033 24.160114
v -18.686228 4.861033 24.160114
v -19.527185 4.290874 25.180119
v -19.035851 4.957718 25.276272
v -19.177572 4.194194 24.063961
v -19.527185 4.290874 25.180119
v -19.177572 4.194194 24.063961
v -18.697901 3.814327 24.250507
v -19.071066 3.929660 25.357233
v -23.691944 2.721863 22.818253
v -24.044447 2.772739 23.943621
v -24.183002 2.201594 23.927877
v -23.832472 2.142077 22.802311
v -24.484640 2.971803 22.558640
v -23.691944 2.721863 22.818253
v -23.832472 2.142077 22.802311
v -24.652660 2.271394 22.540058
v -24.369497 2.878997 23.797947
v -24.183002 2.201594 23.927877
v -24.044447 2.772739 23.943621
v -24.484640 2.971803 22.558640
v -24.652660 2.271394 22.540058
v -24.711842 3.004640 23.284042
v -25.000553 2.330455 23.657162
v -25.060097 1.641083 23.692673
v -24.292820 1.021469 23.985378
v -24.264915 1.603015 23.940849
v -25.090126 0.991182 23.743046
v -24.715929 1.543553 22.574909
v -25.060097 1.641083 23.692673
v -23.920744 1.505545 22.823067
v -24.264915 1.603015 23.940849
v -24.715929 1.543553 22.574909
v -25.090126 0.991182 23.743046
v -25.060097 1.641083 23.692673
v -24.746479 0.876949 22.626694
v -24.715929 1.543553 22.574909
v -23.949173 0.907228 22.869047
v -24.746479 0.876949 22.626694
v -23.920744 1.505545 22.823067
v -24.746479 0.876949 22.626694
v -24.292820 1.021469 23.985378
v -25.090126 0.991182 23.743046
v -23.949173 0.907228 22.869047
v -23.920744 1.505545 22.823067
v -24.264915 1.603015 23.940849
v -24.292820 1.021469 23.985378
v -23.949173 0.907228 22.869047
v -25.092842 -0.141741 23.838871
v -24.742268 -0.223742 22.692875
v -24.259499 -0.069212 24.088610
v -23.908930 -0.151222 22.942616
v -24.295185 0.524794 24.035181
v -23.908930 -0.151222 22.942616
v -23.944614 0.442817 22.889206
v -24.259499 -0.069212 24.088610
v -24.777946 0.370273 22.639467
v -24.295185 0.524794 24.035181
v -23.944614 0.442817 22.889206
v -25.128529 0.452314 23.785439
v -25.128529 0.452314 23.785439
v -24.777946 0.370273 22.639467
v -24.742268 -0.223742 22.692875
v -25.092842 -0.141741 23.838871
v -25.128529 0.452314 23.785439
v -24.259499 -0.069212 24.088610
v -24.295185 0.524794 24.035181
v -25.092842 -0.141741 23.838871
v -23.944614 0.442817 22.889206
v -23.908930 -0.151222 22.942616
v -24.777946 0.370273 22.639467
v -24.742268 -0.223742 22.692875
v -19.673948 5.458809 23.782780
v -20.358068 4.746088 24.891392
v -20.017960 5.549144 24.930138
v -20.014059 4.655755 23.744038
v -19.540462 4.440854 23.903252
v -20.358068 4.746088 24.891392
v -20.014059 4.655755 23.744038
v -19.891792 4.535138 25.048080
v -19.087629 5.183122 23.981091
v -19.891792 4.535138 25.048080
v -19.540462 4.440854 23.903252
v -19.438910 5.277370 25.125938
v -19.087629 5.183122 23.981091
v -20.017960 5.549144 24.930138
v -19.438910 5.277370 25.125938
v -19.673948 5.458809 23.782780
v -19.891792 4.535138 25.048080
v -19.438910 5.277370 25.125938
v -20.017960 5.549144 24.930138
v -20.358068 4.746088 24.891392
v -19.540462 4.440854 23.903252
v -19.673948 5.458809 23.782780
v -19.087629 5.183122 23.981091
v -20.014059 4.655755 23.744038
v -17.347208 2.790915 24.867996
v -17.099173 3.477499 26.105373
v -16.726721 3.363305 25.020813
v -17.719650 2.905104 25.952557
v -17.347208 2.790915 24.867996
v -16.362104 2.922224 25.192451
v -16.982578 2.349818 25.039658
v -16.726721 3.363305 25.020813
v -16.982578 2.349818 25.039658
v -16.734533 3.036387 26.277035
v -17.355045 2.464030 26.124218
v -16.362104 2.922224 25.192451
v -16.734533 3.036387 26.277035
v -17.719650 2.905104 25.952557
v -17.355045 2.464030 26.124218
v -17.099173 3.477499 26.105373
v -17.099173 3.477499 26.105373
v -16.362104 2.922224 25.192451
v -16.726721 3.363305 25.020813
v -16.734533 3.036387 26.277035
v -17.719650 2.905104 25.952557
v -17.347208 2.790915 24.867996
v -16.982578 2.349818 25.039658
v -17.355045 2.464030 26.124218
v -15.787695 1.044820 25.548790
v -16.562635 0.416178 25.337597
v -16.558388 1.028499 25.300743
v -15.796194 0.341544 25.588127
v -16.823332 0.431604 26.139736
v -16.562635 0.416178 25.337597
v -16.053204 0.356701 26.378906
v -15.796194 0.341544 25.588127
v -16.558388 1.028499 25.300743
v -16.037663 1.095759 26.322117
v -15.787695 1.044820 25.548790
v -16.813129 1.080407 26.088842
v -16.037663 1.095759 26.322117
v -15.796194 0.341544 25.588127
v -15.787695 1.044820 25.548790
v -16.053204 0.356701 26.378906
v -16.562635 0.416178 25.337597
v -16.813129 1.080407 26.088842
v -16.558388 1.028499 25.300743
v -16.823332 0.431604 26.139736
v -16.037663 1.095759 26.322117
v -16.823332 0.431604 26.139736
v -16.053204 0.356701 26.378906
v -16.813129 1.080407 26.088842
v -16.739088 1.937164 25.180843
v -16.082661 2.282479 25.367344
v -15.901417 1.723451 25.470381
v -16.615068 1.557420 25.251183
v -26.070084 1.742208 22.801453
v -26.740334 1.789489 22.828938
v -26.114054 1.026464 22.927797
v -27.039139 1.502806 22.894344
v -27.064734 1.086230 22.967659
v -22.968195 3.641134 8.948140
v -23.359480 4.312096 9.081723
v -22.690832 3.605035 9.941823
v -23.387444 4.390519 9.166710
v -23.129313 4.356918 10.091517
v -26.293001 1.088207 9.790070
v -26.042032 1.027020 10.765011
v -26.160809 1.552814 9.903137
v -25.878407 1.778903 10.764175
v -26.068956 1.817709 10.028314
v -25.251772 1.581007 9.370620
v -25.582233 1.673493 9.461063
v -24.956270 1.520832 10.511797
v -26.068956 1.817709 10.028314
v -25.878407 1.778903 10.764175
v -23.944111 3.009822 9.073298
v -24.054117 3.196649 9.110630
v -23.642981 2.954960 10.234836
v -24.287935 3.824890 9.829762
v -24.139256 3.797799 10.403308
v -22.443132 4.574713 24.307251
v -22.115046 4.497165 23.193741
v -22.359573 5.284216 23.066895
v -22.564707 5.330690 23.765898
v -23.680017 3.739763 9.144132
v -23.476011 3.342581 9.072549
v -23.214085 3.297302 10.070013
v -23.794041 4.104403 9.518448
v -23.612461 4.073040 10.209813
v -26.740334 1.789489 22.828938
v -26.070084 1.742208 22.801453
v -26.125662 1.524197 21.820808
v -27.027786 1.779937 22.708603
v -27.075893 1.591235 21.859749
v -27.027786 1.779937 22.708603
v -27.075893 1.591235 21.859749
v -27.108118 1.066258 21.962654
v -27.039139 1.502806 22.894344
v -27.064734 1.086230 22.967659
v -26.367586 3.795592 21.240051
v -25.965366 3.748612 21.237026
v -26.049795 3.059038 20.721935
v -26.869307 3.632598 21.080444
v -26.926992 3.161499 20.728577
v -26.587719 4.602345 20.184910
v -25.864281 4.527674 20.165287
v -25.955603 3.786492 19.618885
v -26.804150 4.494823 20.095816
v -26.879665 3.881875 19.643906
v -26.700235 5.258457 19.230646
v -25.888699 5.190671 19.186644
v -25.977108 4.432167 18.724632
v -26.777819 5.185686 19.186550
v -26.857103 4.505673 18.772346
v -26.855965 4.255867 19.179783
v -25.975994 4.179182 19.136818
v -26.761190 4.964318 19.705385
v -25.887983 4.892509 19.665985
v -26.848728 5.392204 18.577057
v -26.926001 4.659426 18.273481
v -25.953478 4.581038 18.215126
v -26.698086 5.545754 18.637131
v -25.858881 5.478090 18.586811
v -26.875246 5.693748 17.865646
v -26.951639 4.708479 17.855621
v -26.848728 5.392204 18.577057
v -26.926001 4.659426 18.273481
v -24.680685 2.976650 23.348408
v -24.462683 2.945169 22.652420
v -23.767492 2.725949 22.880081
v -24.075756 2.770471 23.864267
v -24.412338 2.876611 23.753788
v -23.125647 4.996621 23.357126
v -22.988667 4.966053 22.901279
v -22.574585 4.262894 23.072851
v -22.959637 4.526899 23.902454
v -22.877249 4.330438 24.080105
v -21.280113 5.670603 24.536060
v -21.921177 5.576353 24.133972
v -21.316008 4.803638 24.621159
v -16.030378 1.082822 26.325394
v -16.131098 1.786065 26.236422
v -26.531271 4.620057 20.216824
v -25.844675 4.549182 20.198225
v -25.833454 4.928591 19.684320
v -26.717932 5.003097 19.730978
v -26.881340 4.207165 19.134092
v -26.791515 4.935202 19.674183
v -25.932673 4.124461 19.087786
v -26.712641 5.005235 19.727236
v -25.833454 4.928591 19.684320
v -26.001635 2.939174 22.197178
v -26.350826 2.975252 22.204975
v -26.085758 2.282586 21.467857
v -27.001236 2.824229 21.979691
v -27.057764 2.382963 21.489624
v -27.021172 2.824073 21.088257
v -26.971174 3.214288 21.521671
v -26.049166 2.723659 21.066534
v -26.246166 3.409312 21.802113
v -25.965044 3.380271 21.795830
v -27.008638 1.777739 22.718517
v -27.053560 1.601624 21.926483
v -26.838808 1.783382 22.789618
v -26.172138 1.539486 21.890335
v -26.122829 1.732856 22.760269
v -23.413265 4.425031 9.221684
v -23.149288 4.390688 10.167290
v -23.055336 4.694026 8.922666
v -22.605598 4.737336 10.023750
v -22.945541 4.764019 8.893698
v -24.389797 2.790016 9.253598
v -24.453766 2.862483 9.273626
v -24.122047 2.743138 10.278153
v -24.804155 3.411430 10.040304
v -24.695118 3.392344 10.457575
v -25.410385 1.081343 9.469256
v -26.156040 1.103732 9.662577
v -25.153519 1.018697 10.467118
v -26.248680 1.103037 9.753963
v -26.008076 1.044354 10.688668
v -21.862936 4.755138 24.429092
v -16.148180 1.778884 26.231853
v -15.901417 1.723451 25.470381
v -16.279406 2.182680 26.158562
v -16.082661 2.282479 25.367344
v -16.353149 2.351584 26.191538
v -25.961807 3.411492 21.835669
v -26.378319 2.976719 22.205532
v -26.001635 2.939174 22.197178
v -27.001236 2.824229 21.979691
v -26.971174 3.214288 21.521671
v -26.325901 4.231883 20.733532
v -25.866518 4.177873 20.730555
v -25.969252 3.334302 20.179403
v -26.880875 4.039973 20.571272
v -26.952732 3.449936 20.185736
v -26.657103 5.589184 18.650009
v -25.852070 5.524283 18.601719
v -25.952309 4.573763 18.207912
v -26.863304 5.379011 18.567772
v -26.939827 4.653379 18.267105
v -26.850092 5.113249 19.155159
v -26.927721 4.447208 18.749477
v -25.940115 4.364739 18.695871
v -26.640057 5.310255 19.274538
v -25.837719 5.243230 19.231060
v -23.965448 4.221460 22.976086
v -24.389429 3.607040 23.023220
v -23.214941 4.135552 23.902931
v -22.898266 4.384931 24.061546
v -23.574053 4.610820 23.133465
v -23.113956 4.986737 23.379885
v -21.901682 5.081236 24.394459
v -21.862936 4.755138 24.429092
v -21.570946 4.678276 23.378838
v -21.906099 5.541187 24.157627
v -21.666019 5.477967 23.293875
v -15.901417 1.723451 25.470381
v -16.148180 1.778884 26.231853
v -16.561844 1.683994 26.114626
v -16.615068 1.557420 25.251183
v -16.903793 1.622320 26.141979
v -16.739088 1.937164 25.180843
v -17.066364 2.025245 26.197123
v -16.082661 2.282479 25.367344
v -16.353149 2.351584 26.191538
v -25.641218 2.529145 10.196143
v -25.519102 2.508752 10.660657
v -24.757080 2.025165 10.439104
v -25.135090 2.135245 9.412354
v -25.034670 2.071515 9.383153
v -24.757359 2.464275 9.325885
v -24.478600 2.406906 10.355946
v -25.152781 3.073840 10.148342
v -25.051634 3.056146 10.535368
v -24.069605 3.252261 9.167750
v -24.282925 3.826083 9.825685
v -23.653612 3.690312 9.079126
v -23.772419 4.133801 9.567776
v -23.602049 4.108775 10.277184
v -23.795437 4.138958 9.558048
v -24.133541 3.798877 10.401856
v -24.282925 3.826083 9.825685
v -23.794889 4.142095 9.542904
v -23.602049 4.108775 10.277184
v -23.161131 3.250296 10.122433
v -23.653612 3.690312 9.079126
v -23.453568 3.300820 9.008917
v -24.069605 3.252261 9.167750
v -23.933708 3.021470 9.121626
v -23.644848 2.968816 10.235979
v -24.282925 3.826083 9.825685
v -24.133541 3.798877 10.401856
v -23.335876 4.208041 8.986530
v -22.974798 3.588903 8.863224
v -22.657677 3.547604 9.999432
v -23.413265 4.425031 9.221684
v -23.149288 4.390688 10.167290
v -26.909597 3.482988 20.205086
v -25.986656 3.374500 20.199104
v -26.839708 4.056869 20.580036
v -26.408934 4.205823 20.705996
v -25.892809 4.145134 20.702675
v -26.587719 4.602345 20.184910
v -26.428749 4.313998 20.558773
v -25.864281 4.527674 20.165287
v -25.892809 4.145134 20.702675
v -26.408934 4.205823 20.705996
v -26.839708 4.056869 20.580036
v -26.805128 4.487454 20.093639
v -26.909597 3.482988 20.205086
v -26.879665 3.881875 19.643906
v -25.904552 5.615969 17.781433
v -26.878325 5.690484 17.864960
v -26.698086 5.545754 18.637131
v -25.858881 5.478090 18.586811
v -26.959709 2.853250 21.144194
v -26.081415 2.762551 21.124537
v -26.912434 3.222251 21.554031
v -26.347527 3.374204 21.772552
v -26.007549 3.339077 21.764959
v -26.336245 2.364111 22.621510
v -26.110170 1.873325 21.690727
v -26.037981 2.339589 22.610531
v -27.048578 2.278024 22.365192
v -27.098661 1.954535 21.727142
v -27.048578 2.278024 22.365192
v -27.015379 2.820062 21.991861
v -27.098661 1.954535 21.727142
v -27.070929 2.380211 21.493584
v -27.048578 2.278024 22.365192
v -25.803833 1.472746 9.507533
v -25.377565 1.069875 9.375587
v -26.049452 1.090036 9.549815
v -25.251772 1.581007 9.370620
v -25.582233 1.673493 9.461063
v -26.049452 1.090036 9.549815
v -26.042032 1.027020 10.765011
v -26.293001 1.088207 9.790070
v -25.083860 0.998203 10.516590
v -25.377565 1.069875 9.375587
v -25.064602 3.092146 10.611272
v -24.446793 2.392252 10.417820
v -25.172947 3.111109 10.196672
v -24.747353 2.448045 9.281440
v -25.659033 2.526119 10.210302
v -24.746811 2.008180 10.479299
v -25.528557 2.504342 10.706611
v -25.113333 2.101414 9.365225
v -25.044909 2.057990 9.345332
v -24.363598 2.748883 9.169649
v -24.060230 2.695756 10.330705
v -24.410471 2.801979 9.184322
v -24.820875 3.444949 10.082313
v -24.703339 3.424387 10.532071
v -24.342072 3.584980 23.087301
v -23.890991 3.264981 23.898245
v -24.221699 3.562222 22.696020
v -23.582716 3.204966 22.913372
v -21.671297 5.511284 23.243061
v -21.915943 5.572642 24.124760
v -21.569094 4.651388 23.334400
v -21.914577 4.987852 24.441921
v -21.884453 4.734415 24.468849
v -20.979656 5.588596 23.428598
v -21.282431 5.665252 24.546013
v -21.008133 4.720119 23.484711
v -21.316008 4.803638 24.621159
v -16.559732 1.687727 26.114958
v -16.648676 1.546517 25.193573
v -16.957623 1.615935 26.146780
v -15.870571 1.727518 25.432583
v -16.131098 1.786065 26.236422
v -16.562157 1.012667 25.259933
v -16.826891 1.073176 26.073809
v -16.648676 1.546517 25.193573
v -16.957623 1.615935 26.146780
v -16.721834 3.040915 26.280926
v -16.646671 2.901001 26.318333
v -16.333611 2.921885 25.150414
v -16.006634 2.309352 25.313301
v -16.295002 2.382982 26.191921
v -16.734108 3.041106 26.313425
v -17.353224 2.458461 26.125425
v -17.124378 2.009045 26.224760
v -16.755898 1.915176 25.100431
v -17.128740 2.013016 26.228699
v -16.965000 2.339437 24.994911
v -17.353224 2.458461 26.125425
v -16.295002 2.382982 26.191921
v -26.989620 3.106186 20.701399
v -26.006054 2.991331 20.693924
v -26.928680 3.603899 21.073130
v -26.216944 3.835134 21.299526
v -25.907171 3.798949 21.297186
v -26.891972 3.841136 19.629833
v -25.943960 3.743311 19.604065
v -26.813265 4.479957 20.100739
v -26.531271 4.620057 20.216824
v -25.844675 4.549182 20.198225
v -26.791296 4.885426 19.778502
v -26.891972 3.841136 19.629833
v -26.813265 4.479957 20.100739
v -26.881340 4.207165 19.134092
v -26.791515 4.935202 19.674183
v -26.500885 2.340776 22.564575
v -27.030186 1.976567 21.787607
v -26.982796 2.282536 22.391171
v -26.149406 1.904163 21.755196
v -26.087076 2.306763 22.549339
v -22.450014 3.923441 8.724787
v -23.055336 4.694026 8.922666
v -22.945541 4.764019 8.893698
v -23.335876 4.208041 8.986530
v -22.974798 3.588903 8.863224
v -26.050463 1.816630 10.010258
v -25.630934 1.692326 9.521319
v -25.867329 1.779356 10.717474
v -25.001972 1.537125 10.480618
v -25.275549 1.592876 9.424049
v -25.410385 1.081343 9.469256
v -25.435846 0.494875 9.438957
v -26.156040 1.103732 9.662577
v -26.273138 0.918096 9.681063
v -26.290398 0.520514 9.660553
v -26.033531 0.457893 10.658413
v -26.273138 0.918096 9.681063
v -26.290398 0.520514 9.660553
v -26.008076 1.044354 10.688668
v -26.248680 1.103037 9.753963
v -23.950579 3.288529 23.837879
v -23.541277 3.173668 22.871378
v -23.864479 3.234743 23.921926
v -24.259111 3.575034 22.627197
v -24.382429 3.598335 23.028040
v -23.286089 3.627826 22.922871
v -23.569622 3.687724 23.856987
v -23.541277 3.173668 22.871378
v -23.864479 3.234743 23.921926
v -24.382429 3.598335 23.028040
v -24.240541 3.794153 22.980827
v -24.259111 3.575034 22.627197
v -23.883518 4.203519 22.704552
v -23.965448 4.221460 22.976086
v -21.906099 5.541187 24.157627
v -21.666019 5.477967 23.293875
v -22.388504 5.387568 23.907566
v -22.380169 5.275309 23.101767
v -22.571789 5.320609 23.752171
v -22.891638 4.379502 24.054897
v -22.984835 4.957902 22.950138
v -23.113956 4.986737 23.379885
v -22.605024 4.312993 23.107504
v -24.652660 2.271394 22.540058
v -23.832472 2.142077 22.802311
v -24.999941 2.330373 23.661072
v -24.183002 2.201594 23.927877
v -25.001040 2.330696 23.657663
v -24.711842 3.004640 23.284042
v -17.069460 2.014626 26.196163
v -16.615068 1.557420 25.251183
v -16.903793 1.622320 26.141979
v -16.739088 1.937164 25.180843
v -16.904276 1.623179 26.129271
v -26.083933 2.278248 21.471550
v -26.239458 2.992589 22.242447
v -25.995636 2.967403 22.237000
v -27.011755 2.825657 21.988552
v -27.070929 2.380211 21.493584
v -22.142717 4.510976 23.224941
v -22.453783 4.588938 24.274933
v -22.574392 5.319148 23.763729
v -22.380169 5.275309 23.101767
v -23.691944 2.721863 22.818253
v -24.484640 2.971803 22.558640
v -24.711842 3.004640 23.284042
v -24.400610 2.888578 23.754831
v -24.256184 2.839521 23.874279
v -24.044447 2.772739 23.943621
v 15.187941 9.420073 5.752952
v 14.729635 9.816726 5.715285
v 15.224417 9.515338 5.790825
v 14.632076 9.466541 5.883756
v 14.729635 9.816726 5.715285
v 14.907766 9.206757 5.813026
v 15.086858 9.850864 5.722111
v 15.218600 9.692735 5.748346
v 14.620887 9.691119 5.764005
v 15.233331 9.636728 5.759837
v 15.229972 9.668007 5.752963
v 15.086858 9.850864 5.722111
v 15.191467 9.612485 5.798878
v 15.187941 9.420073 5.752952
v 15.185672 9.413754 5.752923
v 14.618217 9.458592 5.820552
v 14.699658 9.343041 5.820693
v 14.859644 9.883702 5.728810
v -4.659833 13.548376 24.797651
v -3.756334 13.329804 24.318830
v -4.507564 13.687833 24.622677
v -3.750996 13.751619 24.192327
v -4.800124 13.835696 24.693104
v -5.078928 13.843347 24.754333
v -4.863477 13.833199 24.451277
v -5.164302 13.925686 24.587662
v -4.007928 13.771021 23.928329
v -2.917062 13.531320 23.668615
v -2.291831 13.484923 22.969299
v -3.203888 13.686308 23.737480
v -3.447874 13.560597 23.138582
v -4.821167 13.638029 24.057819
v -4.640539 13.352797 23.735512
v -4.929704 13.630607 24.364525
v -5.218537 13.701512 24.492958
v -5.024972 13.470741 24.043919
v -5.313757 13.255209 24.321779
v -5.346691 13.531240 24.177252
v -3.375192 13.164121 23.082489
v -2.897229 13.728942 23.041494
v -2.200507 13.287327 22.853081
v -0.794362 13.304863 21.154015
v -1.959756 13.735909 22.395397
v -1.177823 13.662316 21.629784
v -0.833065 13.500890 21.069908
v -1.120061 13.742215 21.014515
v -1.295921 13.571608 20.745949
v -1.900818 13.770427 21.660454
v -1.364676 13.136407 20.738287
v -1.766751 13.405828 21.222628
v -1.167213 13.031958 20.903309
v -0.873882 13.081543 21.103397
v -1.964004 13.070714 21.866486
v -2.482798 13.272873 22.145256
v -2.902687 13.572357 22.669527
v -2.627471 13.014326 22.587929
v -1.823454 13.078533 22.273708
v -2.859788 13.136636 23.564978
v -2.708396 13.000842 22.925322
v -3.618402 12.935411 23.730408
v -4.334889 13.011044 23.661083
v -4.244024 12.976842 24.377432
v -4.953428 13.165339 24.947540
v -4.646204 13.190296 24.866518
v -4.464310 13.314117 24.771259
v -4.541701 13.459826 24.741013
v -5.123926 13.101863 24.680811
v -5.175042 13.014315 24.590126
v -5.932986 13.002886 25.246855
v -6.094673 12.888912 25.079426
v -6.433171 12.940598 24.819851
v -7.626756 12.967384 25.488518
v -7.062144 12.970540 25.431736
v -7.527209 13.100982 25.191071
v -8.347955 13.073117 25.702581
v -9.164650 13.062475 25.883820
v -8.278975 12.983852 25.429123
v -9.132275 13.004344 25.645370
v -7.885637 13.174666 25.234463
v -9.515473 13.144290 25.959059
v -9.678541 13.270780 25.987394
v -10.232553 13.082914 25.950092
v -9.171751 13.091747 25.399210
v -9.131516 13.451440 25.184526
v -8.930069 13.751743 25.415810
v -7.585268 13.722617 25.435499
v -7.677493 13.460328 25.177666
v -6.593270 13.640947 24.840923
v -6.264660 13.280319 24.509275
v -5.669867 13.470446 24.375504
v -5.589354 13.081301 24.420944
v -5.270000 13.011417 24.297314
v -5.755321 13.629995 24.532684
v -6.517919 13.746369 25.128635
v -5.269023 13.877092 24.797787
v -5.542519 13.640255 24.667999
v -12.784050 13.552174 25.234444
v -11.756737 13.417916 25.543825
v -12.347018 13.668189 25.135927
v -12.661705 13.260613 25.369936
v -11.209978 13.099738 25.653961
v -11.270440 13.039673 25.471386
v -10.953771 13.165244 25.180717
v -13.298577 13.327446 25.041710
v -12.627654 13.046581 25.209675
v -12.167916 13.099253 24.920776
v -13.488198 13.396343 24.992199
v -13.021056 13.183420 25.157040
v -13.254867 12.997786 24.835464
v -12.945034 13.100262 24.629353
v -12.649536 13.289838 24.643112
v -13.564581 13.403136 24.383381
v -13.319399 13.630023 24.687950
v -12.375532 13.627359 24.896429
v -13.901468 13.601429 24.309269
v -15.044992 13.548217 23.592466
v -15.100807 13.199290 23.421009
v -15.338676 13.018353 23.481750
v -15.930725 13.006141 23.436110
v -15.684250 13.211595 23.104561
v -15.663860 13.507456 23.238602
v -15.757267 13.584212 23.500889
v -16.277967 13.418775 22.579184
v -16.764919 13.533038 22.011600
v -16.711571 13.685416 22.613968
v -16.467234 13.061090 22.625544
v -17.409580 13.247022 21.081699
v -17.709293 13.482821 20.664577
v -17.617273 13.625929 21.162220
v -17.867458 13.677424 20.621613
v -17.899300 13.139208 20.630018
v -18.241783 13.063049 20.842571
v -17.636871 13.011816 21.245682
v -18.412943 13.354200 20.848362
v -16.865116 13.047720 22.561047
v -17.302790 13.291013 22.257225
v -16.394405 13.161422 23.333204
v -16.615139 13.500807 23.205288
v -17.738148 13.599462 21.402649
v -15.717640 13.429160 23.793652
v -14.638746 13.265307 24.434490
v -15.385599 13.155366 24.003448
v -14.014914 13.667964 24.602276
v -13.803175 13.593882 24.854942
v -14.200666 13.000400 24.356052
v -13.809217 13.450441 24.967916
v -13.256615 13.632295 24.860584
v -13.602921 13.152447 24.407711
v -11.077783 9.243166 26.324633
v -10.380833 9.293892 26.358660
v -10.398479 9.323552 26.177835
v -10.282203 9.312690 26.145302
v -10.168191 9.319687 26.168478
v -9.633286 9.241279 26.205750
v -10.378580 9.295475 26.357311
v -8.835349 9.190772 26.307467
v -8.739588 9.308171 26.333984
v -9.238156 9.400853 26.420134
v -8.824085 9.412930 26.368420
v -9.085356 9.541379 26.410486
v -8.774531 9.541273 26.356239
v -8.381098 9.370538 26.163218
v -7.565759 9.354272 25.915592
v -5.431302 9.289536 24.574350
v -6.592956 9.292279 25.564663
v -5.963570 9.407919 25.362457
v -5.749773 9.289812 25.129704
v -5.475157 9.759171 25.167500
v -5.809765 9.924941 25.273151
v -4.297939 9.463264 24.345783
v -5.055200 9.564645 24.938877
v -3.305107 9.565958 23.347004
v -4.254271 9.799249 24.283182
v -3.138829 9.765905 23.129745
v -2.847076 9.675031 22.743933
v -3.567606 9.914526 23.298157
v -3.053819 9.973817 22.581791
v -3.334263 9.914135 22.490522
v -3.829317 9.858541 23.120901
v -3.431330 9.635425 22.424072
v -3.122990 9.326459 22.533880
v -3.539230 9.247468 22.960361
v -3.370750 9.326818 23.174084
v -3.705113 9.407292 22.859940
v -4.669352 9.513809 23.836849
v -4.694808 9.881858 24.018078
v -5.002135 9.997473 24.527122
v -6.096246 9.728558 24.694265
v -5.973690 10.053689 25.032875
v -6.140034 9.939334 25.368885
v -7.131366 9.909624 25.301691
v -7.313397 9.911710 25.708767
v -7.062683 9.848203 25.707743
v -7.885201 9.784018 26.043440
v -8.078631 10.021667 25.697475
v -8.418468 9.683910 26.228643
v -9.191324 9.685965 26.340340
v -9.089136 9.866363 26.288239
v -9.219639 9.945327 26.231148
v -9.167467 10.108854 25.950121
v -10.247306 10.075849 26.055521
v -10.312344 9.990869 25.828176
v -9.809934 9.805335 25.600132
v -9.063090 9.905443 25.558758
v -9.675794 9.212163 25.775063
v -10.268395 9.158442 25.929043
v -10.282203 9.312690 26.145302
v -10.523295 9.163867 26.019133
v -10.299197 9.291440 25.782917
v -10.925037 9.221504 25.829191
v -9.560583 9.435324 25.609730
v -10.301662 9.592240 25.732296
v -13.102166 9.272763 26.244719
v -13.259626 9.325330 25.919416
v -13.523680 9.658302 25.686031
v -14.375114 9.299395 25.668102
v -14.390814 9.542157 25.554741
v -14.381617 9.784348 25.591238
v -13.547028 9.911998 25.809072
v -13.254146 9.929129 26.293245
v -12.423940 9.979073 25.955393
v -12.160318 10.053028 26.300358
v -12.643635 9.864202 26.458382
v -12.475662 9.548963 25.793249
v -11.485901 9.984227 25.776747
v -10.930880 10.066121 25.986324
v -11.314431 9.499862 25.681778
v -10.336020 9.784942 25.599262
v -10.310459 10.006366 25.640865
v -10.246826 10.079118 26.057457
v 4.582138 9.683998 23.530806
v 4.591504 9.349861 23.598877
v 5.401698 9.513380 23.267914
v 6.438301 9.394965 22.769962
v 5.732038 9.204063 22.774597
v 4.207322 9.169293 23.599903
v 4.749761 9.172398 23.230963
v 3.635422 9.220719 23.628021
v 3.763673 9.214816 23.340862
v 5.164475 9.344404 22.729321
v 4.174206 9.468678 23.104729
v 5.245596 9.574345 22.632437
v 6.802792 9.441904 21.959381
v 6.971115 9.259998 22.064993
v 7.485259 9.245558 22.130404
v 6.683573 9.762878 22.111828
v 6.548988 9.873971 22.502754
v 5.385790 9.857732 23.000103
v 5.394656 9.799223 22.691803
v 4.354879 9.808127 23.288147
v 4.314734 9.786467 23.511921
v 2.310902 9.135949 23.769457
v 1.139938 9.145845 23.537855
v 2.476561 9.307060 23.377960
v 2.040640 9.491735 23.345953
v 2.059361 9.642897 23.388790
v 2.599263 9.818078 23.590227
v 1.930463 9.780233 23.627892
v 1.352474 9.882253 23.642019
v 3.868331 9.736215 23.289814
v 2.960689 9.801966 23.617056
v -0.082669 9.939128 23.297701
v 1.372517 9.146671 23.815784
v 0.791807 9.154202 23.685537
v -0.076732 9.278186 23.601488
v -0.237107 9.189159 23.171036
v 0.348614 9.446072 23.170990
v -0.008928 9.694283 23.079540
v -0.654192 9.894199 23.409027
v -0.985436 9.731373 23.441978
v -1.972377 9.904038 23.505257
v -3.458753 9.698139 23.420605
v -3.458470 9.983502 23.350609
v -3.460561 10.086377 23.014603
v -3.463528 9.846763 22.949213
v -3.142321 9.791027 22.972836
v -3.461540 9.851289 22.795227
v -3.189231 9.744381 22.657814
v -1.983537 9.939564 23.054590
v -2.636207 9.825471 22.800945
v -3.162467 9.625611 22.653515
v -2.359835 9.397328 22.606224
v -1.476759 9.678859 22.659391
v -3.158020 9.429412 22.678167
v -3.463765 9.183676 22.706085
v -3.054313 9.123771 22.902081
v -2.159206 9.133964 22.828285
v -0.943270 9.830575 22.805735
v -0.950708 9.403984 22.706993
v -1.070426 9.965569 23.008266
v -1.362559 9.914451 23.281439
v -2.188719 10.003268 23.269257
v -3.065124 10.005131 23.167742
v -12.225945 9.234554 26.442032
v -12.602426 9.417619 26.514154
v -12.808916 9.662357 26.521631
v -11.667787 9.155213 26.317835
v -14.283236 9.814914 26.333172
v -15.165268 10.112036 25.786419
v -14.573549 9.350868 26.181234
v -15.531908 9.636351 25.979467
v -16.520199 9.456914 25.411232
v -17.700413 9.645380 25.026842
v -17.222124 9.991973 25.127979
v -15.535248 10.023164 25.769592
v -15.365032 9.756057 25.246250
v -14.766335 10.030256 25.732719
v -16.059711 9.357717 25.400421
v -16.109293 9.444323 25.085915
v -17.626501 9.335531 24.575073
v -17.963057 9.474028 24.776505
v -17.157356 9.523667 24.660397
v -18.021114 9.702252 24.039820
v -18.341961 10.012829 23.968605
v -17.182974 9.924677 24.650433
v -17.749664 10.026761 24.522882
v -16.100845 9.966277 25.157215
v -16.298103 9.613837 24.946333
v -18.231182 9.777246 24.709671
v -18.722633 10.068203 23.946621
v -19.084772 9.937615 23.864460
v -19.968176 9.771475 23.011236
v -20.063372 9.975108 22.665516
v -19.827831 10.092488 22.472588
v -18.824558 9.769397 23.246399
v -19.392540 9.500184 22.917786
v -19.881657 9.588126 22.101818
v -19.883652 9.874516 22.092878
v -20.396069 9.334702 21.637405
v -20.479067 9.552698 21.155243
v -20.615726 9.966820 21.703148
v -20.566204 9.866673 21.126362
v -21.309320 9.913964 20.798157
v -20.944063 9.697702 21.654768
v -21.180622 9.975800 20.557652
v -22.081495 10.033477 19.272747
v -21.601400 9.669227 19.276438
v -21.926830 9.764879 19.934967
v -21.839531 10.014688 19.373009
v -21.765579 9.849234 19.037340
v -22.306162 9.918979 19.205673
v -22.705250 9.855401 17.513338
v -22.045815 9.342710 18.994568
v -21.677107 9.453054 19.260864
v -21.304539 9.472042 20.871197
v -21.891886 9.530039 19.986523
v -21.188774 9.346900 20.529375
v -20.778715 9.357579 21.627384
v -19.176729 9.599747 23.829239
v -19.471115 9.457366 23.134941
v -18.243645 9.467771 24.125366
v 12.041409 9.833574 18.515499
v 11.518596 9.840867 18.682056
v 11.450333 9.822865 18.932384
v 12.511826 9.902975 17.784973
v 12.681710 9.790045 17.742680
v 12.255717 9.904160 17.554344
v 13.057982 9.513224 17.044954
v 12.844609 9.828807 17.072802
v 12.600578 9.851376 17.050097
v 12.953663 9.286075 16.975922
v 13.766164 9.784858 15.237541
v 13.381927 9.909643 15.276476
v 13.898894 9.641185 15.055799
v 13.768001 9.309565 15.122009
v 12.601162 9.243594 17.359777
v 12.246369 9.367860 17.631159
v 12.428666 9.469645 16.898123
v 13.221296 9.304635 15.327859
v 12.860585 9.692642 15.873217
v 12.226386 9.697912 17.334850
v 11.318494 9.605462 18.728479
v 11.866601 9.315375 18.280533
v 11.615085 9.265007 18.902203
v 11.295524 9.323797 18.927917
v 11.443095 9.825639 18.934361
v 9.982824 9.710672 20.174805
v 11.500890 9.292212 19.205311
v 10.248425 9.910767 20.065388
v 11.597823 9.519014 19.284389
v 10.168901 9.387975 20.168888
v 9.823109 9.495511 20.302849
v 9.935612 9.874786 20.481571
v 8.782379 9.707141 20.919781
v 7.636085 9.682625 21.607109
v 8.131697 9.914200 21.614073
v 8.276566 9.318892 21.348747
v 7.042929 9.636097 22.558945
v 8.190704 9.318937 21.915611
v 8.491412 9.601429 21.863203
v 8.328937 9.796517 21.875744
v 10.408972 9.890748 20.453773
v 10.127257 9.544442 20.869766
v 10.601261 9.660962 20.552582
v 11.630006 9.751872 19.062048
v 11.701082 9.587486 19.113930
v 11.683876 9.568483 19.099823
v 10.333597 9.272598 20.361073
v 10.479798 9.326414 20.517862
v -12.808374 9.661931 26.519234
v -12.610176 9.428130 26.507809
v -12.652061 9.848154 26.450535
v -12.228115 9.236850 26.440987
v -12.220360 10.025447 26.312386
v -11.683862 9.169086 26.312914
v -11.126898 9.225194 26.316137
v -11.460425 10.108460 26.125805
v -10.921478 10.058441 25.985291
v -10.535870 10.038455 26.039446
v -10.384766 9.303177 26.354322
v -10.262434 10.079685 26.055969
v -9.834379 10.065722 26.112495
v -9.539480 9.329288 26.440485
v -9.191324 9.685965 26.340340
v -9.278394 9.966492 26.218420
v -9.234326 9.398479 26.449471
v -9.085356 9.541379 26.410486
v -9.090249 9.869213 26.279581
v -4.463999 13.314432 24.771587
v -4.541090 13.460352 24.741940
v -4.628314 13.488477 24.754404
v -4.648091 13.200805 24.855991
v -4.702207 13.555214 24.750546
v -4.906319 13.193942 24.923157
v -4.499027 13.734329 24.644268
v -4.491496 13.667634 24.659864
v -4.804115 13.834617 24.693176
v -5.209103 13.853313 24.793800
v -4.984298 13.157870 24.954304
v -5.258390 13.868394 24.795101
v -6.178754 13.762466 25.039673
v -5.883183 13.022394 25.225014
v -6.750059 12.961676 25.398407
v -7.648731 13.715032 25.459354
v -7.792438 12.979564 25.522526
v -8.712667 13.691809 25.798775
v -8.474710 13.079505 25.732162
v -8.987231 13.070159 25.838299
v -9.531523 13.551208 25.960581
v -9.490599 13.133858 25.945612
v -9.678541 13.270780 25.987394
v -12.801470 13.539503 25.208641
v -13.257646 13.634876 24.863628
v -13.303306 13.332188 25.058689
v -13.488198 13.396343 24.992199
v -13.793961 13.572745 24.842127
v -13.795528 13.446404 24.926126
v -5.963570 9.407919 25.362457
v -5.475157 9.759171 25.167500
v -5.801095 9.905986 25.255648
v -6.122877 9.922647 25.364237
v -7.011320 9.862144 25.688755
v -6.455998 9.322152 25.488693
v -7.484282 9.353255 25.885424
v -7.906465 9.780329 26.051413
v -8.401267 9.691511 26.229954
v -8.283689 9.336276 26.173508
v -8.388762 9.370724 26.212017
v -8.774531 9.541273 26.356239
v -8.739588 9.308171 26.333984
v -8.824085 9.412930 26.368420
v 11.500890 9.292212 19.205311
v 11.597823 9.519014 19.284389
v 11.638593 9.295615 18.843340
v 11.762992 9.620819 19.001339
v 11.942721 9.760963 18.723186
v 11.868295 9.317727 18.280396
v 12.159418 9.815856 18.355536
v 12.237841 9.322831 17.850269
v 12.586198 9.793633 17.852390
v 12.660934 9.252913 17.291550
v 12.778428 9.736413 17.576277
v 13.062331 9.513538 17.047462
v 12.953918 9.286021 16.975960
v 15.187593 9.416759 5.752186
v 15.221532 9.503342 5.789945
v 14.913694 9.240638 5.842552
v 14.874286 9.266751 6.210551
v 14.701261 9.799729 5.719677
v 14.681312 9.374340 5.815868
v 14.963496 9.882577 5.725716
v 14.983263 9.893184 7.217907
v 15.239301 9.632648 5.762214
v 15.454920 9.407186 7.138538
v 15.396360 9.845757 7.039489
v 15.256189 9.767968 8.763718
v 15.314761 9.572362 9.063480
v 15.223642 9.288961 6.852731
v 15.019581 9.319397 7.093052
v 15.227971 9.299459 9.139554
v 14.807865 9.583800 7.601990
v 14.755662 9.711951 8.304919
v 15.017207 9.211322 8.428086
v 15.041111 9.907344 9.434099
v 15.001040 9.258129 9.544293
v 14.723686 9.905968 10.671910
v 15.130649 9.634736 10.075404
v 14.328688 9.880815 11.886499
v 15.023644 9.469460 10.958404
v 14.865972 9.754389 11.095622
v 14.314499 9.858339 12.621517
v 14.862656 9.270880 10.925344
v 14.657890 9.537861 11.997557
v 13.816785 9.809524 14.303234
v 14.370022 9.474200 12.932317
v 14.096620 9.406378 14.111174
v 13.659560 9.246239 13.937588
v 13.375500 9.677609 14.617384
v 13.519710 9.425221 13.772398
v 13.668001 9.772729 13.598966
v 13.827447 9.231281 14.445042
v 14.014605 9.818966 12.306291
v 13.834792 9.361985 12.678534
v 14.624813 9.855922 10.180046
v 14.693798 9.362067 9.016414
v 14.533370 9.344168 10.408457
v 14.352343 9.474157 10.811464
v 14.382483 9.637329 10.874383
v 14.205598 9.360345 11.537442
v 13.938584 9.620788 12.214829
v 14.528982 9.221340 11.428993
v 14.171426 9.224758 12.559006
v 4.265948 9.795917 23.516996
v 4.591762 9.349297 23.599445
v 4.587884 9.698972 23.540909
v 4.200399 9.166856 23.599720
v 3.685548 9.773822 23.566254
v 3.684829 9.221337 23.624344
v 2.323792 9.810789 23.592815
v 1.931512 9.782554 23.627064
v 2.040320 9.133388 23.787682
v 1.620951 9.853234 23.625057
v 1.346397 9.853750 23.638889
v 1.510537 9.140416 23.816380
v 0.785680 9.905469 23.506477
v 0.865738 9.161954 23.696465
v 0.084765 9.903430 23.353664
v 0.226937 9.190574 23.614355
v -0.212638 9.303906 23.554277
v -0.652887 9.894867 23.408875
v -0.981215 9.753753 23.462521
v -0.986563 9.355960 23.388901
v 0.588358 16.810541 19.618742
v 0.903265 16.866959 19.233879
v 0.890749 17.124399 19.249205
v 0.694321 17.231041 19.489697
v 0.694752 17.317438 19.489170
v -4.095685 17.181236 12.997651
v -4.135439 16.915289 12.932295
v -4.822856 17.042179 12.902750
v -5.668129 17.115133 13.151171
v -5.339570 16.877722 13.101889
v -5.068607 16.773006 13.199682
v -4.957237 16.895229 13.509252
v -5.861676 16.765547 13.558125
v -5.811215 16.911659 13.646576
v -5.212419 17.116385 13.587145
v -6.114742 16.865791 13.330441
v -6.755803 16.807381 13.476023
v -5.772817 17.158409 13.618352
v -4.759266 17.335592 13.222570
v -4.614460 17.255255 13.426772
v -4.097675 17.349398 13.210176
v -4.086023 17.377371 13.134811
v -4.125734 17.257669 12.999439
v -4.039300 17.238972 13.319266
v -4.090494 17.205311 13.466231
v -4.092324 17.080614 13.543985
v -4.098981 16.925787 13.506140
v -4.585534 16.793102 13.464416
v -4.129325 16.797222 13.409757
v -4.095746 16.758274 13.206236
v -4.149254 16.849649 13.153540
v -10.824452 9.299995 8.890485
v -12.333313 9.149631 8.911737
v -12.341994 9.523699 8.828626
v -11.202026 9.447666 8.827164
v -10.821521 9.659031 8.777807
v -10.828637 9.724400 9.017190
v -12.756597 9.846514 8.953066
v -13.139199 9.985951 9.256455
v -11.151546 9.697224 9.060474
v -11.443189 9.884546 9.037338
v -10.830592 9.947621 9.054052
v -10.837409 10.089028 9.214288
v -10.847904 9.948518 9.483194
v -11.261909 10.019410 9.217873
v -10.857513 9.958760 9.696586
v -12.102358 10.045326 9.252674
v -12.917203 9.929314 9.442874
v -13.720377 9.866646 9.010220
v -14.996786 9.180434 9.612324
v -15.911974 9.293760 9.247407
v -14.110735 9.360267 8.908893
v -13.665636 9.637655 8.842752
v -15.413071 9.768113 9.088604
v -15.924133 9.913806 9.299089
v -17.486406 9.463832 9.630640
v -16.428719 9.534677 9.258099
v -18.500334 9.600222 10.014669
v -17.158953 9.761488 9.540212
v -16.939098 9.904033 9.638140
v -19.287399 9.601054 10.569187
v -18.425297 9.835219 10.083067
v -18.493994 9.935142 10.491923
v -17.848488 9.823480 10.376649
v -18.696709 9.589993 10.905613
v -16.778551 9.844872 9.932133
v -18.187658 9.411251 10.578735
v -17.014301 9.499613 10.130315
v -15.785667 9.659682 9.866792
v -15.713419 9.996631 9.485245
v -16.936762 9.334743 10.049250
v -16.798042 9.245802 9.695461
v -16.121981 9.345061 9.887791
v -18.287420 9.255331 10.403929
v -18.659325 9.385715 10.201951
v -19.047283 9.329796 10.850968
v -20.039165 9.466496 11.174831
v -20.655027 9.316189 11.961731
v -21.123880 9.554366 12.258963
v -20.023804 9.349464 11.754087
v -21.064329 9.303980 12.564530
v -21.664869 9.240512 13.275191
v -21.339090 9.306353 13.393548
v -22.500854 9.496639 14.603945
v -21.995890 9.637971 13.416830
v -22.158638 9.321947 14.615334
v -22.807356 9.499037 15.867958
v -22.647766 9.747927 14.984158
v -22.836493 9.929170 15.798365
v -22.528500 9.353012 15.895117
v -22.630932 9.555275 17.501816
v -22.403576 9.454450 17.471958
v -22.176582 9.572401 17.440449
v -22.305710 9.490438 19.104061
v -22.177166 9.873370 17.443459
v -22.504236 10.014560 17.498127
v -22.639174 10.042851 15.670115
v -22.216526 9.514293 15.782984
v -22.302849 9.916890 15.765939
v -22.327614 9.992206 15.229551
v -22.030827 9.718020 15.027061
v -22.164019 9.940621 14.119398
v -21.656450 9.751860 14.073811
v -21.457808 9.888537 12.911429
v -21.195904 9.863429 13.175524
v -20.809649 9.513738 12.787685
v -20.292900 9.782359 12.176352
v -20.637959 9.949501 12.289218
v -20.785172 9.834329 11.948255
v -19.595100 9.948842 11.155159
v -18.952427 9.901410 10.903560
v -19.773151 9.821795 11.024463
v -19.652363 9.598763 11.675235
v -0.984606 9.356874 23.401270
v -2.137005 9.092470 23.194735
v -1.828919 9.409353 23.512444
v -1.183809 9.216242 23.112572
v -0.823529 9.321334 23.360695
v -2.655284 9.166382 23.345001
v -3.152142 9.383563 23.565918
v -3.462962 9.174415 23.027695
v -3.464143 9.256310 23.130421
v -3.457701 9.305002 23.441776
v -3.457053 9.500401 23.568710
v -4.579815 16.987013 12.808588
v -4.018017 17.096601 13.778122
v -4.171146 17.190821 13.134349
v -4.240654 16.891052 13.410997
v -4.381019 16.767189 12.793100
v -4.212816 16.765057 12.784169
v -3.700368 17.209793 14.063469
v -3.385345 17.178411 14.897840
v -3.485169 16.944029 14.900022
v -2.754431 17.148026 15.607872
v -3.227719 16.775068 14.856723
v -3.717330 16.865788 13.613803
v -2.977104 16.918530 14.955916
v -2.742255 16.698969 15.456043
v -2.920260 16.734140 15.596472
v -3.110106 16.941742 15.464684
v -2.246704 16.729275 16.328876
v -2.539557 16.850452 15.483318
v -2.341881 16.836277 16.533192
v -2.022720 17.058672 17.006046
v -2.588080 17.120092 16.083750
v -1.918821 17.198259 16.728752
v -1.746746 17.136221 16.753551
v -1.787455 16.977070 16.556774
v -1.033264 17.239227 17.592491
v -0.230141 17.254791 18.354727
v -0.525203 17.265236 18.356956
v -0.895943 17.135633 18.182661
v -0.535891 17.082920 17.923380
v 0.227608 17.268400 18.613449
v 0.011326 17.337208 18.743679
v -0.197999 17.187956 18.991837
v 0.589209 17.352655 19.207611
v 0.902749 17.311390 19.233595
v 0.822625 17.142582 19.202553
v 0.890749 17.124399 19.249205
v 0.723817 17.389128 19.455738
v 0.689137 17.215118 19.492142
v 0.612730 17.232962 19.586464
v 0.551993 17.090631 19.662367
v 0.608185 16.938229 19.595276
v 0.597540 16.885687 19.608383
v 0.686076 16.756607 19.490631
v -0.055240 16.816265 19.087408
v 0.773738 16.848503 19.392323
v 0.904678 16.878941 19.233040
v 0.722436 16.917784 18.973152
v 0.964481 17.020000 19.159229
v 0.254295 16.721573 18.907032
v -0.175571 16.867970 18.290707
v -0.319110 16.765755 18.392735
v -0.779838 16.871229 18.325405
v -0.773322 16.853022 17.763885
v -0.928355 16.749191 18.014900
v -1.089795 16.805641 17.326540
v -1.563163 16.689905 17.241249
v -1.493957 17.209808 17.471802
v -1.827821 16.947992 17.323521
v -1.981848 16.775476 16.416002
v -2.292288 16.983450 15.939190
v -2.780864 17.096451 15.293053
v -3.279651 17.189533 14.590739
v -3.691808 17.043097 13.661980
v -4.052057 17.097351 12.786135
v -3.961143 16.762966 13.233264
v -3.852965 16.760889 13.989333
v -4.001827 16.904217 14.015604
v -4.422019 16.777697 12.795433
v -4.579753 16.988958 12.809013
v -9.532200 13.550997 25.960602
v -10.847264 13.364348 25.870735
v -10.491912 13.718734 25.674030
v -11.399355 13.662247 25.487118
v -10.443248 13.544104 25.309711
v -10.477263 13.419724 25.238285
v -10.198991 13.195491 25.321449
v -10.270355 12.972043 25.583315
v -8.581513 13.719947 25.763477
v -4.674608 17.321587 12.990447
v -5.757647 17.256538 13.469446
v -6.772649 17.180763 13.541794
v -7.635313 16.980322 13.974546
v -7.817297 17.169884 14.231874
v -7.172896 17.213989 13.914888
v -8.470985 17.167839 14.951074
v -7.580204 17.104389 14.417439
v -6.783850 17.185753 13.945656
v -6.862628 16.710260 13.839371
v -6.698846 16.959040 14.027298
v -7.571373 16.836695 14.403543
v -8.300749 16.839334 15.053551
v -8.630455 16.698608 14.999550
v -8.761559 16.848738 15.497169
v -9.188038 16.964394 15.451733
v -8.661645 16.870714 14.751842
v -9.079350 16.783587 15.644938
v -9.138354 17.212641 15.556042
v -8.522955 17.029406 14.687618
v -7.764602 16.762789 14.140326
v -7.071798 16.725897 13.739402
v 0.581784 17.169531 19.289074
v 0.284185 17.298473 19.725182
v 0.056316 17.234425 20.106255
v -0.746229 17.249737 20.480026
v -0.900513 17.132252 20.416677
v -1.631970 17.252171 21.425585
v -1.948742 17.242613 21.259579
v -0.851119 17.060926 20.946087
v -1.355496 17.046619 21.400425
v -2.427212 17.218712 21.853035
v -3.881115 17.200153 22.190308
v -2.555207 17.086382 21.611887
v -2.588149 16.850666 21.653194
v -2.098028 17.001205 21.210384
v -1.624537 16.770889 21.171112
v -1.481871 16.801914 21.351877
v -0.982294 16.876221 20.971294
v -1.016398 16.763620 20.695137
v -0.462047 16.854630 20.613232
v -0.391880 17.122620 20.589680
v 0.192533 16.956648 20.014431
v -0.483010 16.749598 20.395985
v -0.746951 16.893585 20.217369
v -1.159370 16.822096 20.658674
v 0.423043 17.231102 19.192938
v 0.323537 17.230061 19.121475
v 0.219774 17.187689 19.312523
v 0.000643 17.209028 19.457808
v -0.044489 17.063532 19.310493
v -0.283325 16.780502 19.671127
v 0.017217 16.834377 19.304279
v 0.170635 17.065184 19.007849
v 0.196788 16.783978 19.016399
v 0.193968 17.208107 19.030464
v 0.412749 16.816187 19.155869
v 0.661515 16.933439 19.337185
v 0.420289 16.843367 19.627754
v -0.037443 16.695553 19.865780
v -8.183805 13.491995 10.255355
v -7.419415 13.165811 10.146526
v -7.418738 13.002072 10.603569
v -8.099810 12.963035 10.550936
v -8.244721 13.097965 10.170735
v -8.888607 13.211618 10.097951
v -9.269863 13.663651 10.163478
v -9.266130 12.864964 10.474207
v -8.278749 12.898873 10.778836
v -9.100833 12.982480 10.972741
v -10.247083 13.529634 10.187903
v -10.234596 13.150400 10.230918
v -11.163896 13.415652 10.251881
v -11.351797 13.107462 10.359862
v -11.987837 13.061949 10.316190
v -10.997998 12.967613 10.692799
v -12.043528 12.935624 10.650333
v -13.157748 12.954379 10.643415
v -13.239015 12.881885 10.982011
v -12.138439 13.003631 10.897655
v -10.141464 12.981993 10.514338
v -7.419358 13.003939 10.941044
v -8.030438 12.947682 10.948795
v -8.254964 13.435254 11.042546
v -7.418630 13.514582 11.076287
v -8.538589 13.594987 10.882699
v -7.418571 13.615732 10.749801
v -9.127481 13.334145 11.057564
v -8.205149 13.576400 10.710732
v -10.093172 13.160648 10.934610
v -9.341568 13.715328 10.614017
v -10.146372 13.334058 10.992436
v -11.061419 13.481329 10.922567
v -11.160821 13.011671 10.829342
v -11.561613 13.249588 10.982584
v -11.590360 13.682736 10.807656
v -12.540655 13.663912 10.922437
v -10.279644 13.721931 10.705520
v -7.419302 13.828960 10.636595
v -7.954210 13.843011 10.650378
v -8.252025 13.784477 10.505920
v -8.912878 13.777127 10.337351
v -7.418561 13.759016 10.310692
v -7.418509 13.459129 10.259235
v -9.963170 13.690579 10.326949
v -12.088072 13.610123 10.402425
v -13.692314 13.507168 10.865140
v -13.070637 13.613351 10.766308
v -14.893116 13.558447 11.548303
v -14.987719 13.517163 11.909076
v -13.295465 13.420084 11.278046
v -13.319290 13.265772 11.333222
v -13.740393 13.082290 11.434188
v -14.075930 13.005529 10.999992
v -13.769833 13.246802 10.734422
v -14.611025 13.324767 11.213659
v -14.169090 12.944278 11.231785
v -15.510742 13.462625 11.648790
v -15.506691 13.153752 11.545898
v -16.306326 13.533456 12.326708
v -15.412733 13.599052 11.933608
v -15.453775 12.953773 11.706532
v -14.736160 13.002825 11.783971
v -16.609039 13.637409 12.684113
v -15.259035 13.227508 12.209515
v -16.380260 13.570738 12.930309
v -16.271206 13.366568 12.972994
v -18.029453 13.602363 14.150174
v -17.353952 13.528080 13.840288
v -18.555454 13.698693 15.301575
v -17.930166 13.480435 14.602087
v -17.266621 13.181234 13.836678
v -17.838779 13.217683 14.506591
v -17.731489 13.040340 14.143326
v -18.163702 13.019773 14.260891
v -18.448040 13.618178 15.967630
v -18.362270 13.310527 16.091648
v -18.780849 13.677199 17.424412
v -18.608171 13.057403 16.123184
v -18.671928 13.307389 17.183493
v -18.677328 13.489923 17.270252
v -18.589705 13.600583 19.176647
v -18.790394 13.161587 17.368723
v -18.420946 13.616135 19.375723
v -18.356655 13.382626 19.178791
v -18.483349 13.082681 19.219864
v -18.192013 13.651555 20.879868
v -18.592348 13.597976 19.182682
v -18.905518 13.298667 19.302353
v -18.822838 13.521261 19.224514
v -18.786377 13.062390 19.276447
v -19.261131 13.107637 17.406006
v -19.088551 13.675240 17.732222
v -19.194349 13.612960 17.199213
v -19.374388 13.354992 17.484852
v -18.950138 13.309909 15.842079
v -18.670422 13.061004 15.432131
v -19.108210 13.057890 17.403242
v -18.605761 13.223498 14.553812
v -18.662878 13.554654 14.757933
v -17.785950 13.431763 13.478640
v -17.781046 13.177429 13.468501
v -16.931517 13.170912 12.780993
v -16.514927 13.294514 12.354983
v -15.890440 12.948010 12.243680
v -15.930000 13.089767 12.618176
v -16.770351 13.011241 13.187397
v -16.690948 12.983790 12.897768
v -10.841742 9.104916 9.363445
v -10.833966 9.253080 9.165852
v -10.850153 9.231851 9.558661
v -10.849097 9.543259 9.607430
v -10.854627 9.645967 9.689173
v -11.731771 9.400069 9.715058
v -11.390662 9.170281 9.549397
v -11.530593 9.096715 9.390337
v -12.830667 9.178694 9.375869
v -12.319561 9.500006 9.706315
v -12.083501 9.962037 9.604259
v -13.174830 9.272665 9.507257
v -13.245878 9.180672 9.058005
v -13.946310 9.204468 9.155430
v -14.032898 9.299976 9.451236
v -13.095508 9.516530 9.602196
v -11.265067 9.767309 9.723843
v -13.929161 9.705545 9.594465
v -14.112261 9.850063 9.486140
v -14.697845 9.415101 9.713605
v -3.377518 17.216417 22.159389
v -3.669646 16.970013 21.982361
v -2.585766 16.779037 21.988373
v -3.426643 16.833046 21.994949
v -3.548519 16.832891 22.389606
v -4.292127 16.846605 22.139324
v -4.017182 16.762171 22.279152
v -4.631974 17.134268 22.141983
v -4.507629 16.965004 22.532057
v -3.507108 17.081362 22.402096
v -4.449300 17.204880 22.439034
v -2.401162 16.998068 22.016104
v -8.965456 17.183914 15.771477
v -9.415932 17.221914 16.091516
v -8.713097 16.984842 15.518940
v -9.276712 17.132795 16.295488
v -9.546226 17.089205 17.088993
v -9.732952 17.212858 17.428871
v -9.322975 16.912766 16.694302
v -9.213736 16.855978 16.194643
v -9.516642 16.793514 16.858549
v -9.605371 17.133347 18.688408
v -9.757263 16.773994 17.009926
v -9.533985 17.009775 18.327374
v -9.555307 16.885426 17.269493
v -9.801872 16.744238 18.561512
v -9.553792 16.726814 18.842707
v -9.264140 17.164059 19.240417
v -9.233486 17.002047 19.054062
v -8.801868 17.159662 20.161716
v -9.273861 16.801676 19.247700
v -8.643260 17.162895 20.244223
v -8.657650 17.012554 20.102070
v -7.845279 17.144869 21.001804
v -8.733425 16.810392 20.154146
v -7.796284 17.027397 20.929806
v -6.994492 17.054537 21.466347
v -7.785437 16.852800 20.978848
v -7.980373 16.731113 21.091457
v -8.100137 16.767317 21.188000
v -8.896131 16.798452 20.275665
v -8.097204 16.921604 21.293018
v -8.802097 17.157894 20.165720
v -8.053270 17.137102 21.173561
v -8.976362 17.054668 20.283684
v -9.512557 17.148912 19.288477
v -9.598489 16.956141 19.447903
v -9.869210 17.127142 18.347000
v -9.945724 16.916388 18.548023
v -9.995555 17.076620 17.423212
v -9.951825 16.878284 17.222006
v -9.599531 17.054207 16.108032
v -9.472767 16.750885 19.443357
v -9.573198 16.852207 16.139505
v -21.800169 9.478486 14.321238
v -12.293557 9.232558 26.072407
v -4.694167 9.359314 23.964529
v -6.387132 9.302011 24.907734
v -4.690329 9.272642 24.282013
v -6.351296 9.570008 24.785681
v -6.992144 9.333276 25.213921
v -7.175699 9.752901 25.111904
v -8.292893 9.488144 25.431488
v -8.137431 9.249062 25.573200
v -8.322577 9.853586 25.540325
v -7.841171 9.216947 25.890091
v -7.120725 9.242153 25.571280
v -6.573379 17.097437 22.144850
v -6.343645 16.783691 22.139950
v -6.840996 16.783554 21.672598
v -6.522082 17.210609 21.892651
v -5.505374 17.205038 22.165134
v -6.176380 17.066517 21.848202
v -5.922266 16.901974 21.923529
v -5.695573 16.791914 22.076164
v -4.808458 16.761972 22.270134
v -5.399178 16.937252 22.036922
v -5.591764 16.987221 22.473763
vn 0.0040 -1.0000 0.0039
vn 0.0040 -1.0000 0.0038
vn 0.0041 -1.0000 0.0038
vn 0.0039 -1.0000 0.0040
vn 0.0042 -1.0000 0.0037
vn 0.0039 -1.0000 0.0039
vn 0.0040 -1.0000 0.0040
vn 0.0041 -1.0000 0.0039
vn -0.1537 0.9216 -0.3565
vn 0.4147 0.3559 0.8375
vn 0.5610 0.3944 0.7278
vn 0.8276 0.5071 0.2408
vn -0.3899 0.9163 -0.0913
vn 0.9705 0.0346 0.2385
vn 0.8521 0.2991 0.4296
vn -0.3512 0.9274 -0.1286
vn 0.0875 0.9396 0.3310
vn 0.0314 0.9971 0.0687
vn 0.2553 0.7624 0.5946
vn 0.0275 0.9983 0.0516
vn 0.3873 0.6669 0.6366
vn 0.0328 0.9984 0.0456
vn 0.0475 0.9980 0.0414
vn 0.6035 0.6750 0.4245
vn 0.0459 0.9981 0.0413
vn 0.3537 -0.9235 0.1483
vn 0.9019 -0.0636 0.4272
vn 0.8799 -0.3998 0.2567
vn -0.1011 -0.9937 -0.0484
vn 0.8152 -0.3365 0.4715
vn -0.0134 0.9975 0.0697
vn -0.0033 0.9990 0.0441
vn -0.2282 0.6858 0.6911
vn 0.1724 0.9180 -0.3572
vn -0.4009 0.0370 0.9154
vn -0.3922 0.6012 0.6962
vn 0.0046 0.9993 -0.0378
vn 0.0852 0.8008 0.5928
vn 0.0020 0.9911 -0.1330
vn -0.0226 0.9975 0.0667
vn 0.1171 0.5940 0.7959
vn 0.0122 0.9981 0.0596
vn 0.0244 0.9978 -0.0609
vn 0.0090 0.9987 0.0506
vn -0.0275 0.7146 0.6990
vn 0.0079 0.9976 0.0686
vn -0.0019 0.9971 0.0764
vn -0.0030 0.9990 0.0452
vn 0.0628 -0.9909 -0.1195
vn -0.4368 -0.2755 0.8564
vn -0.4115 -0.1848 0.8925
vn -0.0740 0.9964 0.0417
vn -0.6726 0.7071 0.2184
vn -0.0533 0.9985 0.0117
vn -0.9712 0.2375 0.0201
vn 0.0607 0.9981 -0.0035
vn 0.2627 0.9646 -0.0245
vn 0.0039 -1.0000 0.0041
vn -0.0348 0.9994 0.0001
vn -0.7336 0.6794 0.0116
vn -0.0457 0.9990 -0.0004
vn -0.0547 0.9985 0.0031
vn -0.0394 0.9992 0.0095
vn -0.0615 0.9963 0.0608
vn -0.4868 0.6952 0.5289
vn -0.0400 0.9985 0.0372
vn -0.0387 0.9988 0.0292
vn -0.6379 0.6417 0.4259
vn -0.0408 0.9987 0.0302
vn -0.0357 -0.9991 0.0223
vn -0.0338 -0.9992 0.0217
vn -0.8154 -0.1664 0.5544
vn 0.0975 -0.9952 0.0097
vn -0.3816 -0.9240 -0.0252
vn -0.9885 -0.1400 -0.0571
vn -0.5081 0.7191 -0.4741
vn -0.6224 0.0428 -0.7815
vn -0.5354 0.4819 -0.6936
vn 0.1394 0.9863 0.0886
vn -0.0139 0.9998 -0.0122
vn -0.8118 0.2321 -0.5359
vn -0.0510 0.9981 -0.0359
vn -0.5492 0.6842 -0.4799
vn -0.0516 0.9968 -0.0611
vn -0.1211 0.9811 -0.1509
vn 0.0464 0.9971 0.0603
vn -0.6137 0.2811 -0.7379
vn 0.0038 -1.0000 0.0041
vn -0.0620 0.9971 -0.0437
vn -0.0439 0.9987 -0.0263
vn -0.4644 0.7892 -0.4019
vn -0.0553 0.9979 -0.0346
vn -0.0492 0.9978 -0.0448
vn -0.6255 0.6510 -0.4300
vn -0.0533 0.9972 -0.0516
vn -0.4936 0.6099 -0.6200
vn -0.0411 0.9978 -0.0525
vn -0.0249 0.9991 -0.0341
vn -0.4500 0.7001 -0.5545
vn -0.0330 0.9994 -0.0034
vn -0.6948 0.7080 0.1263
vn -0.0371 0.9993 -0.0039
vn -0.6676 0.6979 -0.2591
vn -0.0501 0.9987 -0.0106
vn -0.0289 0.9994 -0.0170
vn -0.0425 0.9988 -0.0252
vn 0.6362 -0.7656 0.0958
vn 0.6514 -0.7521 0.0996
vn -0.4614 -0.8835 -0.0808
vn -0.8369 0.1668 -0.5214
vn -0.6252 -0.5221 -0.5801
vn -0.1343 -0.9863 -0.0962
vn -0.1378 -0.9771 -0.1619
vn -0.5727 -0.3793 -0.7268
vn -0.6922 -0.2420 -0.6799
vn -0.0445 -0.9971 -0.0612
vn -0.0410 0.9982 -0.0440
vn -0.2329 0.5980 -0.7669
vn -0.0324 0.9987 -0.0394
vn -0.3636 0.7110 -0.6020
vn -0.0159 0.9984 -0.0543
vn 0.0246 0.9982 -0.0539
vn -0.0905 0.6621 -0.7440
vn -0.0535 0.4274 -0.9025
vn 0.5610 0.0039 0.8278
vn 0.4584 0.5981 0.6574
vn 0.4619 0.5969 0.6560
vn 0.6655 -0.1811 0.7241
vn 0.5795 0.6337 0.5124
vn 0.5846 0.6355 0.5044
vn 0.9217 0.0284 0.3869
vn 0.7327 0.6492 0.2043
vn 0.7586 0.6180 0.2064
vn 0.6322 0.6914 0.3497
vn 0.6242 0.7004 0.3463
vn 0.7746 0.4636 0.4302
vn -0.3452 0.9216 -0.1776
vn 0.9260 0.1045 0.3628
vn 0.8159 0.0911 0.5710
vn 0.6418 0.5129 0.5701
vn 0.6880 0.3735 0.6223
vn 0.6567 0.0457 0.7528
vn 0.5234 0.4458 0.7262
vn 0.5140 0.2132 0.8308
vn 0.3889 0.1702 0.9054
vn -0.3178 -0.3127 0.8951
vn -0.5944 -0.2230 0.7727
vn -0.3025 0.7868 0.5380
vn -0.1315 0.7571 0.6400
vn -0.0458 -0.0368 0.9983
vn 0.2385 0.3387 0.9102
vn 0.2406 0.3412 0.9087
vn 0.2315 0.3413 0.9110
vn 0.0521 0.5662 0.8226
vn 0.0614 0.5684 0.8205
vn -0.6800 -0.0132 0.7331
vn -0.6240 0.3929 0.6755
vn -0.6471 0.3033 0.6995
vn -0.5626 -0.0502 0.8252
vn -0.6243 0.2818 0.7286
vn -0.3438 0.0658 0.9367
vn -0.1874 0.4471 0.8746
vn -0.0183 -0.1413 0.9898
vn -0.1602 0.5639 0.8101
vn 0.1921 0.3340 0.9228
vn 0.0919 0.1416 0.9857
vn 0.3008 0.2281 0.9260
vn 0.4849 0.0120 0.8745
vn -0.0947 0.9180 -0.3851
vn -0.6326 0.3513 0.6903
vn -0.8254 0.3261 0.4609
vn 0.0595 0.5605 0.8260
vn -0.0482 -0.1036 0.9935
vn -0.8179 0.5705 -0.0749
vn -0.2022 -0.9740 -0.1024
vn -0.8187 0.5694 -0.0744
vn -0.8491 -0.4530 0.2716
vn -0.7983 0.5941 0.0985
vn -0.8008 0.5907 0.0988
vn -0.8005 0.2211 0.5570
vn -0.2266 -0.9277 0.2966
vn -0.8025 0.2231 0.5533
vn -0.7319 0.5395 0.4163
vn -0.8446 0.5280 -0.0884
vn -0.6834 0.4439 -0.5796
vn -0.8268 -0.1011 -0.5534
vn -0.6749 0.4606 -0.5765
vn -0.7861 0.4590 -0.4141
vn -0.7786 0.4904 -0.3914
vn -0.9575 0.2089 -0.1987
vn -0.9581 0.2136 -0.1911
vn -0.9553 0.2139 -0.2042
vn -0.6614 -0.5175 -0.5429
vn -0.7876 0.3471 -0.5092
vn -0.7440 -0.4768 -0.4681
vn -0.4635 -0.8439 -0.2704
vn -0.4712 -0.8442 -0.2555
vn -0.8141 0.0705 -0.5764
vn -0.7071 -0.0179 -0.7069
vn -0.7149 0.2817 -0.6399
vn -0.5125 0.1568 -0.8443
vn -0.3232 0.3738 -0.8694
vn -0.6029 0.4193 -0.6788
vn -0.0969 0.2970 -0.9499
vn -0.0994 0.2729 -0.9569
vn 0.1115 0.2817 -0.9530
vn 0.0854 0.2527 -0.9638
vn -0.3002 0.4596 -0.8358
vn -0.5171 -0.1838 -0.8360
vn -0.2666 0.5246 -0.8085
vn -0.0294 0.9992 -0.0279
vn -0.7284 -0.2325 -0.6445
vn -0.5225 -0.5345 -0.6643
vn -0.3082 -0.8475 -0.4322
vn -0.2990 -0.8436 -0.4460
vn -0.7572 -0.0927 -0.6466
vn 0.6834 -0.6488 0.3346
vn 0.5742 -0.7991 0.1783
vn 0.9192 -0.3748 0.1208
vn 0.9323 -0.0762 -0.3537
vn 0.0893 0.5394 0.8373
vn -0.2017 0.4592 0.8651
vn -0.1642 0.1487 0.9752
vn 0.4465 0.5214 0.7272
vn 0.7544 0.5241 -0.3953
vn 0.7042 0.6065 -0.3691
vn 0.8590 0.4506 -0.2431
vn 0.7977 0.4826 0.3618
vn -0.0909 0.9659 -0.2424
vn 0.4554 0.8801 -0.1341
vn 0.6674 0.7231 -0.1783
vn -0.0414 0.9990 -0.0165
vn 0.4107 0.5640 -0.7164
vn 0.6042 0.1129 -0.7888
vn 0.8060 0.4727 0.3563
vn -0.1448 0.9871 -0.0691
vn 0.8033 0.4756 0.3584
vn 0.5547 0.0898 -0.8272
vn 0.8000 0.4767 0.3643
vn 0.9631 -0.1918 0.1889
vn 0.5941 0.6204 0.5121
vn 0.9221 -0.0120 0.3867
vn -0.1949 0.9330 -0.3026
vn -0.2624 0.9145 -0.3079
vn -0.3272 0.8975 -0.2956
vn -0.3301 0.9161 -0.2274
vn 0.3668 0.3575 0.8589
vn 0.3750 0.3594 0.8545
vn 0.3666 0.3595 0.8582
vn 0.4418 0.6341 0.6346
vn 0.6329 -0.0733 0.7707
vn 0.7977 0.5604 0.2227
vn -0.2355 0.2442 0.9407
vn -0.5570 0.0302 0.8300
vn -0.4163 0.4523 0.7887
vn 0.0789 0.9917 -0.1017
vn 0.0740 0.9423 -0.3265
vn 0.0038 -1.0000 0.0040
vn -0.0042 -1.0000 -0.0036
vn -0.3697 -0.3306 0.8684
vn -0.1309 0.5633 0.8158
vn -0.8900 0.4397 0.1209
vn -0.8957 -0.0418 0.4427
vn 0.1403 -0.9898 -0.0260
vn -0.5373 0.7323 0.4184
vn 0.0780 -0.9928 0.0912
vn -0.9615 0.2337 0.1447
vn -0.6947 0.6271 0.3524
vn 0.0356 0.9992 -0.0152
vn -0.4712 0.7687 0.4326
vn -0.9672 -0.2033 0.1520
vn -0.9555 -0.2675 0.1241
vn 0.3102 -0.9498 -0.0409
vn -0.4680 0.6195 -0.6303
vn -0.4442 -0.7840 -0.4335
vn -0.8007 -0.3398 -0.4934
vn -0.7065 0.4899 -0.5108
vn -0.5573 0.5064 -0.6580
vn -0.7845 0.0607 -0.6171
vn 0.6126 0.7791 0.1329
vn -0.9363 0.2967 -0.1878
vn -0.9360 0.2577 -0.2399
vn 0.1724 0.9728 0.1544
vn -0.6656 0.5954 -0.4500
vn -0.5881 0.7005 -0.4044
vn -0.7508 -0.4101 -0.5178
vn -0.9615 -0.0618 -0.2679
vn 0.1085 -0.9904 0.0853
vn -0.5904 0.3960 -0.7033
vn -0.7952 0.4171 -0.4401
vn -0.1083 -0.1836 -0.9770
vn -0.3427 -0.2262 -0.9118
vn -0.0634 -0.9607 -0.2704
vn -0.2121 -0.9668 0.1424
vn -0.0847 0.0665 -0.9942
vn 0.2515 -0.1016 -0.9625
vn 0.0670 0.9968 0.0425
vn 0.7098 -0.3449 0.6141
vn 0.7139 -0.2737 0.6446
vn -0.4129 0.0563 -0.9090
vn -0.4433 -0.0044 -0.8963
vn -0.5116 -0.0274 -0.8588
vn -0.6278 0.0182 -0.7781
vn -0.7472 0.0010 -0.6646
vn -0.8133 0.0091 -0.5818
vn -0.9013 0.0135 -0.4330
vn -0.9277 0.0079 -0.3732
vn -0.9597 0.0020 -0.2811
vn -0.9603 -0.0100 -0.2789
vn 0.4280 -0.2362 0.8724
vn 0.4802 0.6957 0.5342
vn -0.0242 -0.9994 -0.0234
vn 0.6698 0.7297 0.1374
vn 0.0469 0.9988 0.0160
vn 0.0724 0.9972 0.0185
vn 0.9956 0.0015 0.0938
vn 0.8209 -0.5307 0.2111
vn 0.8197 -0.5318 0.2127
vn 0.8220 -0.5318 0.2039
vn 0.6725 0.6883 0.2720
vn 0.0741 0.9968 0.0300
vn 0.0321 0.9993 0.0214
vn 0.3515 -0.5378 0.7663
vn 0.3396 -0.5368 0.7724
vn 0.3535 -0.5352 0.7672
vn 0.3782 0.0049 0.9257
vn 0.0539 0.9964 0.0648
vn 0.0321 0.9985 0.0439
vn 0.5562 -0.3328 0.7615
vn -0.0540 -0.9968 -0.0581
vn 0.9599 0.2164 0.1783
vn -0.1923 -0.2209 0.9562
vn -0.4147 0.6553 0.6314
vn -0.0263 0.9987 0.0429
vn -0.0196 0.9986 0.0494
vn -0.5826 -0.2964 0.7568
vn 0.4190 0.3414 0.8414
vn 0.1093 -0.2663 0.9577
vn 0.3621 0.4241 0.8301
vn 0.1994 -0.5160 0.8331
vn 0.1999 -0.5178 0.8318
vn 0.2094 -0.5129 0.8325
vn 0.0794 -0.2110 0.9742
vn 0.0178 -0.9566 0.2909
vn -0.1619 -0.5418 0.8248
vn 0.0306 -0.9921 -0.1216
vn -0.6603 -0.2074 0.7218
vn -0.5182 0.6315 0.5768
vn -0.0427 0.9982 0.0415
vn -0.0144 0.9991 0.0394
vn 0.9942 0.0047 0.1074
vn 0.9950 0.0061 0.0994
vn 0.9999 0.0008 -0.0104
vn 0.9999 -0.0008 -0.0103
vn 0.9488 0.0156 -0.3156
vn 0.9582 0.0208 -0.2855
vn 0.8378 0.0015 -0.5460
vn 0.8280 -0.0063 -0.5607
vn 0.7831 0.0107 -0.6218
vn 0.7778 0.0177 -0.6283
vn -0.6629 0.7404 -0.1111
vn -0.2204 0.9401 0.2600
vn -0.6461 0.0618 0.7607
vn -0.6944 -0.4523 0.5597
vn -0.5469 -0.7133 0.4383
vn -0.5334 -0.7212 0.4419
vn -0.2227 -0.9747 0.0198
vn -0.7707 -0.6350 -0.0528
vn -0.9877 0.0543 -0.1470
vn -0.0792 0.9968 -0.0096
vn -0.8846 -0.1008 0.4553
vn -0.9714 0.2303 0.0573
vn -0.8818 0.4634 -0.0878
vn -0.9520 0.1086 0.2862
vn -0.8021 0.4428 0.4008
vn -0.7816 -0.3258 0.5319
vn -0.7432 0.2512 0.6201
vn -0.7481 0.2198 0.6262
vn -0.9948 -0.0691 -0.0743
vn -0.0378 0.9986 -0.0359
vn -0.4758 -0.8749 -0.0909
vn -0.8155 0.2081 -0.5401
vn -0.7143 0.1148 -0.6903
vn -0.7447 -0.0508 -0.6654
vn -0.7135 0.5216 -0.4678
vn -0.9110 0.1919 -0.3651
vn -0.9373 0.2941 -0.1870
vn -0.6165 0.1471 -0.7735
vn -0.6723 0.0736 -0.7367
vn -0.6465 0.1127 -0.7546
vn -0.5865 0.1305 -0.7994
vn -0.5849 0.1087 -0.8038
vn -0.9128 0.3946 -0.1056
vn -0.3027 0.8351 0.4594
vn 0.0424 0.7818 -0.6221
vn -0.8888 -0.3458 0.3007
vn -0.5986 -0.6436 0.4770
vn -0.3850 -0.7085 -0.5915
vn 0.1667 -0.6581 -0.7342
vn 0.3250 0.1784 -0.9287
vn 0.4941 0.6022 -0.6271
vn -0.0415 -0.7378 0.6737
vn -0.3413 -0.8060 0.4836
vn -0.9932 -0.1051 0.0502
vn -0.6856 -0.2083 0.6975
vn -0.4485 -0.0468 0.8926
vn 0.1661 0.2502 0.9538
vn 0.2020 0.2960 0.9336
vn 0.3348 -0.3443 0.8772
vn -0.4557 0.3045 0.8364
vn 0.6474 0.4638 0.6048
vn 0.4167 0.9069 0.0621
vn 0.6086 -0.3853 0.6937
vn -0.3623 -0.6714 0.6465
vn 0.7986 -0.4556 0.3933
vn 0.4527 -0.8587 -0.2401
vn 0.9462 -0.0331 0.3218
vn 0.5604 0.1317 -0.8177
vn 0.9233 0.1989 0.3285
vn 0.8842 0.4171 0.2104
vn 0.0715 0.8351 0.5455
vn -0.4726 0.8809 -0.0258
vn 0.9240 -0.2448 0.2936
vn 0.4301 -0.7122 -0.5547
vn -0.2646 -0.9384 -0.2222
vn -0.7996 -0.3534 -0.4855
vn -0.9853 0.0238 0.1691
vn -0.8654 -0.2827 -0.4137
vn 0.0426 -0.6744 -0.7372
vn -0.4213 -0.1070 -0.9006
vn -0.0479 0.9410 -0.3349
vn -0.5944 0.5537 -0.5832
vn -0.8788 0.3349 0.3399
vn -0.9964 0.0705 -0.0463
vn 0.8258 0.4707 0.3105
vn 0.6515 0.4711 0.5947
vn 0.6609 0.4618 0.5916
vn 0.8211 0.4909 0.2913
vn 0.8731 0.4775 -0.0986
vn 0.9626 0.2544 -0.0928
vn 0.9015 0.1189 -0.4161
vn 0.9802 -0.1879 -0.0628
vn 0.8203 -0.4286 -0.3786
vn 0.8094 -0.5846 -0.0561
vn 0.5777 -0.8100 -0.1007
vn 0.5153 -0.7571 0.4016
vn 0.5327 -0.8411 0.0933
vn -0.1062 -0.9120 0.3963
vn 0.2728 -0.5822 0.7659
vn -0.0903 -0.4703 0.8779
vn 0.3741 -0.1952 0.9066
vn 0.3382 -0.0435 0.9401
vn 0.4715 0.0465 0.8806
vn 0.4104 0.3933 0.8228
vn 0.3876 0.4158 0.8228
vn 0.5867 0.8047 -0.0909
vn 0.0492 0.5295 -0.8469
vn -0.6310 0.7480 -0.2059
vn 0.3340 -0.0252 -0.9422
vn 0.9031 -0.3352 0.2686
vn 0.2728 -0.8381 -0.4724
vn -0.2355 0.2437 -0.9408
vn -0.0694 0.5558 -0.8284
vn -0.7924 -0.4964 -0.3545
vn 0.6476 0.2201 0.7295
vn -0.1599 0.8782 0.4509
vn -0.7679 0.4245 0.4796
vn 0.7907 0.4716 0.3903
vn 0.9163 -0.3669 0.1603
vn 0.3556 -0.7688 0.5316
vn -0.0923 -0.9945 0.0505
vn 0.1680 -0.9504 -0.2616
vn -0.7463 -0.6258 -0.2268
vn -0.4316 -0.5561 0.7103
vn -0.8602 0.1325 0.4924
vn -0.9077 -0.1625 -0.3869
vn -0.8895 0.4390 -0.1264
vn -0.3034 -0.1839 -0.9350
vn -0.2252 0.5768 -0.7852
vn -0.9984 -0.0558 -0.0066
vn -0.3141 0.3157 -0.8954
vn -0.6056 -0.7945 0.0451
vn -0.4873 -0.2102 -0.8475
vn -0.0886 -0.9948 0.0507
vn 0.5253 -0.8502 0.0341
vn 0.0662 0.4136 -0.9080
vn 0.7482 -0.5638 -0.3498
vn 0.7612 -0.6469 0.0465
vn -0.5473 -0.8196 0.1696
vn -0.8709 -0.4549 -0.1858
vn -0.8037 0.5530 0.2196
vn -0.6970 0.7017 -0.1475
vn -0.1245 0.9921 0.0178
vn 0.2644 0.8867 -0.3793
vn 0.1844 0.9733 0.1366
vn 0.6540 0.7286 -0.2034
vn 0.6205 0.7562 0.2076
vn 0.9625 0.1405 0.2322
vn 0.9164 0.3529 -0.1887
vn 0.8709 -0.3517 -0.3434
vn 0.8821 -0.4633 0.0852
vn 0.0497 -0.9459 -0.3208
vn -0.0654 -0.9448 0.3210
vn 0.4291 -0.4763 0.7675
vn 0.4367 -0.4289 0.7908
vn 0.4746 -0.4355 0.7649
vn 0.4685 -0.4764 0.7441
vn 0.4834 -0.4756 0.7349
vn 0.4685 -0.4763 0.7441
vn 0.5069 -0.4754 0.7191
vn 0.5130 -0.4347 0.7402
vn 0.5532 -0.4355 0.7101
vn 0.5384 -0.4755 0.6957
vn 0.5608 -0.4746 0.6785
vn 0.5608 -0.4745 0.6785
vn 0.5384 -0.4756 0.6957
vn 0.5774 -0.4753 0.6638
vn 0.5920 -0.4352 0.6783
vn 0.6175 -0.4445 0.6490
vn 0.6099 -0.4761 0.6335
vn 0.6257 -0.4762 0.6178
vn 0.6412 -0.4760 0.6019
vn 0.6498 -0.4529 0.6104
vn 0.6712 -0.4749 0.5691
vn 0.6804 -0.4602 0.5703
vn 0.6814 -0.4766 0.5554
vn 0.6956 -0.4756 0.5384
vn 0.6957 -0.4756 0.5384
vn 0.7026 -0.4749 0.5299
vn 0.7191 -0.4754 0.5069
vn 0.7164 -0.4894 0.4972
vn 0.7190 -0.4754 0.5069
vn 0.7285 -0.4765 0.4922
vn 0.7413 -0.4746 0.4746
vn 0.7347 -0.4990 0.4597
vn 0.7590 -0.4759 0.4444
vn 0.7427 -0.5148 0.4283
vn 0.7689 -0.4758 0.4271
vn 0.7772 -0.4760 0.4116
vn 0.7974 -0.4851 0.3589
vn 0.8285 -0.4741 0.2981
vn 0.8323 -0.4763 0.2836
vn 0.8409 -0.4765 0.2568
vn 0.8077 -0.5383 0.2405
vn 0.8475 -0.4931 0.1963
vn 0.8456 -0.5159 0.1373
vn 0.8686 -0.4762 0.1373
vn 0.8697 -0.4762 0.1299
vn 0.8714 -0.4771 0.1143
vn 0.8740 -0.4742 0.1058
vn 0.8741 -0.4736 0.1076
vn 0.8536 -0.5094 0.1087
vn 0.5930 -0.8033 0.0562
vn 0.1759 -0.9842 0.0216
vn 0.2711 -0.4754 0.8369
vn 0.2787 -0.4122 0.8674
vn 0.3185 -0.4129 0.8533
vn 0.3109 -0.4762 0.8225
vn 0.3341 -0.4756 0.8137
vn 0.3341 -0.4757 0.8137
vn 0.3502 -0.4761 0.8066
vn 0.3635 -0.4182 0.8325
vn 0.4029 -0.4264 0.8098
vn 0.3888 -0.4752 0.7893
vn 0.4290 -0.4763 0.7675
vn 0.4135 -0.4765 0.7758
vn 0.2236 -0.4747 0.8513
vn 0.2474 -0.4752 0.8444
vn 0.1846 -0.4753 0.8602
vn 0.2319 -0.4049 0.8844
vn 0.1851 -0.3899 0.9020
vn 0.1453 -0.4752 0.8678
vn 0.1617 -0.4772 0.8638
vn 0.0981 -0.4746 0.8747
vn 0.1375 -0.3968 0.9075
vn 0.0906 -0.4055 0.9096
vn 0.0980 -0.4746 0.8747
vn 0.0433 -0.4765 0.8781
vn 0.0747 -0.4756 0.8765
vn 0.0329 -0.4769 0.8783
vn -0.0448 -0.4877 0.8719
vn 0.0239 -0.4039 0.9145
vn -0.3838 -0.8102 0.4430
vn -0.1699 -0.9668 0.1910
vn -0.5399 -0.4746 0.6952
vn -0.1325 -0.9813 0.1393
vn -0.6163 -0.4726 0.6300
vn -0.4259 -0.8061 0.4107
vn -0.4812 -0.8077 0.3407
vn -0.4612 -0.8307 0.3119
vn -0.1339 -0.9856 0.1034
vn -0.0848 -0.9940 0.0688
vn 0.7285 -0.4764 0.4922
vn 0.7347 -0.4989 0.4597
vn 0.7452 -0.5165 0.4219
vn 0.8032 -0.4759 0.3582
vn 0.7771 -0.4760 0.4117
vn 0.8286 -0.4738 0.2982
vn 0.8077 -0.5383 0.2407
vn 0.8263 -0.5305 0.1895
vn 0.8423 -0.5214 0.1368
vn 0.8714 -0.4771 0.1144
vn 0.8547 -0.5081 0.1063
vn 0.8674 -0.4892 0.0914
vn 0.8752 -0.4778 0.0762
vn 0.8710 -0.4855 0.0754
vn 0.8769 -0.4757 0.0694
vn 0.8750 -0.4802 0.0613
vn 0.9334 -0.0393 0.3567
vn 0.9570 -0.0042 0.2901
vn 0.9613 0.0268 0.2743
vn 0.8829 0.0275 0.4687
vn 0.8077 -0.0384 0.5884
vn 0.7316 0.0192 0.6815
vn 0.6384 -0.0263 0.7693
vn 0.5090 0.0988 0.8551
vn 0.4302 -0.0021 0.9028
vn 0.4163 -0.0725 0.9063
vn 0.1508 -0.9675 0.2030
vn -0.0992 -0.9926 -0.0694
vn -0.4591 0.5194 0.7207
vn -0.5656 0.3809 0.7315
vn -0.5120 -0.6356 0.5777
vn -0.0715 -0.9846 0.1596
vn 0.0116 -0.9900 -0.1404
vn -0.8358 -0.0083 0.5490
vn -0.7770 0.0221 0.6291
vn -0.7730 0.0211 0.6340
vn -0.8144 -0.0096 0.5802
vn -0.9401 0.0359 0.3390
vn -0.9622 0.0315 0.2705
vn -0.9998 0.0092 0.0166
vn -0.9998 0.0132 0.0155
vn -0.9946 0.0015 -0.1042
vn -0.9952 -0.0100 -0.0976
vn -0.9770 0.1472 -0.1544
vn -0.9039 0.4162 -0.0985
vn -0.9714 -0.1945 -0.1361
vn 0.8338 0.0040 0.5520
vn 0.8377 0.0107 0.5460
vn 0.7446 0.0001 0.6675
vn 0.7360 0.0003 0.6770
vn 0.6773 0.0157 0.7356
vn 0.7055 0.0033 0.7087
vn 0.8273 0.0002 0.5617
vn 0.9115 -0.0112 0.4111
vn 0.9560 0.0152 0.2929
vn 0.9790 -0.0071 0.2037
vn 0.9813 0.0010 0.1926
vn -0.7487 0.0060 -0.6629
vn -0.8345 0.0113 -0.5509
vn -0.8391 0.0077 -0.5439
vn -0.7254 0.0014 -0.6884
vn -0.6798 0.0080 -0.7334
vn -0.7416 0.0276 -0.6703
vn -0.9011 -0.0152 -0.4333
vn -0.9359 -0.0171 -0.3519
vn -0.9804 0.0108 -0.1965
vn -0.9806 0.0074 -0.1960
vn -0.3287 0.0237 -0.9441
vn -0.0882 0.0147 -0.9960
vn 0.0131 -0.0573 -0.9983
vn -0.4711 0.0273 -0.8816
vn -0.7255 -0.0226 -0.6878
vn -0.7400 0.0040 -0.6725
vn -0.0340 0.2820 -0.9588
vn 0.6245 -0.1151 0.7725
vn 0.5825 -0.1118 0.8051
vn 0.6020 -0.1282 0.7881
vn 0.6343 -0.1155 0.7644
vn 0.6741 -0.0755 0.7348
vn -0.0277 -0.9992 -0.0277
vn -0.0253 -0.9991 -0.0335
vn -0.0272 -0.9993 -0.0274
vn -0.0261 -0.9991 -0.0340
vn -0.0276 -0.9990 -0.0338
vn -0.0297 -0.9988 -0.0385
vn -0.0200 -0.9992 -0.0359
vn -0.0197 -0.9992 -0.0355
vn -0.3526 0.0587 0.9339
vn -0.6997 -0.0101 0.7144
vn -0.7968 0.0367 0.6031
vn -0.7782 0.0086 0.6279
vn -0.6793 0.0046 0.7338
vn -0.6557 0.0053 0.7550
vn -0.7339 -0.0151 0.6791
vn -0.8240 0.0230 0.5661
vn -0.7286 -0.0153 0.6848
vn -0.0987 0.8607 -0.4995
vn 0.3093 0.8420 -0.4420
vn 0.0781 0.9610 -0.2654
vn 0.3236 0.8433 -0.4292
vn 0.6645 0.7211 -0.1962
vn 0.7535 0.5479 -0.3635
vn 0.9771 0.2126 0.0010
vn 0.7935 0.0962 -0.6009
vn 0.8154 -0.3002 -0.4950
vn 0.5188 -0.2633 -0.8134
vn 0.5068 -0.2557 -0.8233
vn 0.1217 -0.3442 -0.9310
vn 0.1028 -0.3657 -0.9250
vn -0.3024 -0.4764 -0.8256
vn -0.3935 -0.2430 -0.8866
vn -0.6640 -0.1820 -0.7253
vn -0.3929 0.2472 -0.8857
vn -0.7151 0.3701 -0.5930
vn -0.3902 0.5745 -0.7195
vn -0.5851 0.8062 -0.0877
vn -0.8806 0.3086 0.3596
vn -0.5896 -0.5368 -0.6036
vn 0.0962 -0.9257 0.3658
vn 0.3453 -0.6826 -0.6440
vn 0.2465 -0.2460 -0.9374
vn 0.6382 -0.5280 -0.5603
vn 0.7396 -0.1649 -0.6525
vn 0.6391 0.2347 -0.7324
vn -0.3817 0.5327 -0.7553
vn 0.4723 0.7321 -0.4909
vn -0.1066 0.9475 -0.3013
vn 0.3866 0.9144 -0.1202
vn 0.0529 0.9972 -0.0522
vn -0.4969 0.8656 0.0615
vn -0.4818 0.5555 0.6777
vn -0.8286 -0.4605 0.3183
vn 0.1570 -0.9708 0.1812
vn -0.5885 -0.5202 -0.6189
vn 0.3672 -0.9299 -0.0225
vn -0.5800 -0.0176 -0.8144
vn -0.4964 -0.8599 -0.1190
vn 0.0664 -0.9893 0.1296
vn -0.1533 -0.9510 0.2687
vn -0.2839 -0.8676 0.4083
vn -0.8444 -0.5058 0.1766
vn -0.5357 -0.5017 0.6792
vn -1.0000 -0.0045 0.0007
vn -0.6186 0.2558 0.7429
vn -0.9639 0.2646 0.0307
vn -0.5175 0.6170 0.5928
vn -0.2625 0.1963 0.9448
vn -0.4510 0.2643 0.8525
vn 0.0327 0.6195 0.7843
vn -0.5095 -0.0178 0.8603
vn -0.7468 -0.1452 0.6490
vn -0.8072 0.2899 0.5141
vn -0.9603 -0.2636 0.0912
vn -0.6575 -0.5725 0.4898
vn -0.5828 -0.8040 -0.1179
vn -0.2490 -0.7844 0.5681
vn -0.0272 -0.9445 0.3273
vn 0.0469 -0.7483 0.6617
vn 0.3617 -0.7917 0.4922
vn 0.3563 -0.6117 0.7064
vn 0.5962 -0.4990 0.6289
vn 0.4541 -0.3426 0.8225
vn 0.6098 -0.1263 0.7825
vn 0.3270 -0.0588 0.9432
vn 0.5156 0.4054 0.7548
vn 0.1442 0.2702 0.9519
vn -0.3907 0.8924 -0.2257
vn -0.4066 0.7696 -0.4923
vn -0.0005 0.8045 -0.5940
vn -0.2657 0.5311 -0.8046
vn -0.0743 0.4125 -0.9079
vn -0.3903 0.1920 -0.9004
vn -0.3329 0.0529 -0.9415
vn -0.4566 -0.0516 -0.8882
vn -0.2243 -0.4576 -0.8604
vn -0.4505 -0.4958 -0.7425
vn -0.4216 -0.7363 -0.5292
vn -0.7466 -0.4605 -0.4801
vn -0.7718 -0.5925 -0.2310
vn -0.9133 -0.3539 -0.2014
vn -0.8645 -0.4321 0.2569
vn -0.9773 -0.1278 0.1692
vn -0.9388 0.0408 0.3422
vn -0.9492 0.3132 -0.0302
vn -0.8374 0.5369 0.1019
vn -0.7426 0.6662 -0.0684
vn -0.4555 0.8888 -0.0518
vn 0.1547 0.6727 0.7235
vn -0.1552 0.9255 -0.3456
vn 0.8518 0.4275 -0.3028
vn 0.3679 -0.0716 -0.9271
vn 0.5285 -0.6521 -0.5436
vn -0.0810 -0.9333 -0.3498
vn -0.1807 -0.9763 0.1192
vn -0.5668 -0.6806 0.4642
vn -0.5114 -0.3304 0.7933
vn -0.7392 0.3426 0.5798
vn -0.3602 -0.9006 0.2432
vn -0.3508 -0.9046 0.2422
vn -0.3451 -0.9044 0.2508
vn -0.3365 -0.9074 0.2517
vn -0.3265 -0.9024 0.2812
vn -0.3347 -0.8987 0.2834
vn -0.3079 -0.9047 0.2944
vn -0.3073 -0.9041 0.2968
vn -0.2893 -0.9039 0.3152
vn -0.2950 -0.9041 0.3090
vn -0.2762 -0.9047 0.3245
vn -0.2758 -0.9045 0.3253
vn -0.2540 -0.9035 0.3452
vn -0.2517 -0.9016 0.3518
vn -0.2187 -0.9032 0.3692
vn -0.2110 -0.9037 0.3725
vn -0.1703 -0.8985 0.4046
vn -0.1565 -0.8956 0.4165
vn -0.0990 -0.9042 0.4155
vn -0.1065 -0.9038 0.4145
vn -0.0497 -0.9032 0.4264
vn -0.0498 -0.9026 0.4275
vn 0.0092 -0.9030 0.4296
vn 0.0052 -0.9030 0.4296
vn 0.0614 -0.9037 0.4237
vn 0.0544 -0.9045 0.4229
vn 0.1010 -0.9054 0.4125
vn 0.1006 -0.9058 0.4117
vn 0.1383 -0.8992 0.4151
vn 0.1424 -0.8977 0.4168
vn 0.1595 -0.9063 0.3914
vn 0.1853 -0.8962 0.4031
vn 0.1915 -0.9138 0.3581
vn 0.2304 -0.8894 0.3949
vn 0.2262 -0.9147 0.3349
vn 0.2696 -0.8899 0.3680
vn 0.2637 -0.9085 0.3243
vn 0.2950 -0.8953 0.3339
vn 0.3100 -0.9019 0.3009
vn 0.3052 -0.9019 0.3057
vn 0.3341 -0.9025 0.2718
vn 0.3350 -0.9014 0.2743
vn 0.3540 -0.9033 0.2425
vn 0.3590 -0.9011 0.2431
vn 0.3699 -0.9068 0.2023
vn 0.3732 -0.9046 0.2060
vn 0.3897 -0.9035 0.1784
vn 0.3943 -0.9013 0.1796
vn 0.4157 -0.8994 0.1354
vn 0.4122 -0.9009 0.1361
vn 0.4248 -0.9010 0.0885
vn 0.4201 -0.9024 0.0962
vn 0.4244 -0.9039 0.0528
vn 0.4277 -0.9019 0.0609
vn 0.4305 -0.9019 0.0361
vn 0.4203 -0.9065 0.0391
vn 0.1452 -0.3964 0.9065
vn 0.0902 -0.3961 0.9137
vn 0.1921 -0.3960 0.8979
vn 0.2393 -0.4042 0.8828
vn 0.2787 -0.4121 0.8674
vn 0.3255 -0.4118 0.8511
vn 0.3659 -0.4209 0.8300
vn 0.4431 -0.4274 0.7881
vn 0.4807 -0.4338 0.7621
vn 0.5849 -0.4436 0.6791
vn 0.6223 -0.4423 0.6458
vn 0.6779 -0.4664 0.5682
vn 0.7640 0.3966 -0.5090
vn 0.7530 0.3915 -0.5289
vn 0.7696 0.3876 -0.5074
vn 0.7531 0.3895 -0.5303
vn 0.7093 0.3945 -0.5842
vn 0.7076 0.3943 -0.5864
vn 0.6515 0.3868 -0.6527
vn 0.6514 0.3867 -0.6528
vn 0.5757 0.3892 -0.7191
vn 0.5824 0.3853 -0.7158
vn 0.4783 0.3814 -0.7910
vn 0.4844 0.3880 -0.7841
vn 0.3436 0.3942 -0.8524
vn 0.3475 0.4067 -0.8449
vn 0.2333 0.4130 -0.8803
vn 0.1634 0.4124 -0.8962
vn 0.1004 0.4188 -0.9025
vn 0.0001 0.4080 -0.9130
vn 0.0024 0.4064 -0.9137
vn -0.1127 0.3987 -0.9101
vn -0.1130 0.3918 -0.9131
vn -0.2085 0.3980 -0.8934
vn -0.2100 0.3952 -0.8943
vn -0.3006 0.4133 -0.8596
vn -0.3004 0.4112 -0.8606
vn -0.3798 0.4219 -0.8232
vn -0.3805 0.4203 -0.8238
vn -0.4597 0.4302 -0.7769
vn -0.4598 0.4309 -0.7765
vn -0.5534 0.4279 -0.7146
vn -0.5310 0.4343 -0.7277
vn -0.6207 0.4410 -0.6483
vn -0.6390 0.4494 -0.6243
vn -0.6891 0.4625 -0.5579
vn -0.6872 0.4755 -0.5493
vn -0.7203 0.4952 -0.4857
vn -0.7157 0.5274 -0.4578
vn -0.7528 0.5338 -0.3853
vn -0.7715 0.5363 -0.3424
vn -0.7708 0.5389 -0.3396
vn -0.8021 0.5406 -0.2540
vn -0.8005 0.5426 -0.2546
vn -0.8383 0.5274 -0.1381
vn -0.8387 0.5175 -0.1696
vn -0.8624 0.5014 -0.0691
vn -0.8550 0.5060 -0.1134
vn -0.7208 -0.4655 0.5136
vn -0.7218 -0.4703 0.5077
vn -0.7113 -0.4297 0.5563
vn -0.7525 -0.4063 0.5182
vn -0.7221 -0.4843 0.4941
vn -0.7281 -0.4763 0.4930
vn -0.7140 -0.4118 0.5662
vn -0.7433 -0.3922 0.5420
vn -0.7054 -0.4842 0.5178
vn -0.6680 -0.4829 0.5663
vn -0.6589 -0.4819 0.5776
vn -0.6411 -0.4224 0.6407
vn -0.6254 -0.4703 0.6226
vn -0.6014 -0.4763 0.6415
vn -0.5962 -0.4855 0.6394
vn -0.6378 -0.4218 0.6444
vn -0.5415 -0.3967 0.7412
vn -0.4707 -0.3952 0.7888
vn -0.4362 -0.4864 0.7571
vn -0.3373 -0.4077 0.8485
vn -0.3113 -0.4861 0.8166
vn -0.1913 -0.4162 0.8889
vn -0.1721 -0.4842 0.8579
vn -0.0592 -0.4112 0.9096
vn 0.0338 -0.4039 0.9142
vn 0.2881 -0.9376 -0.1948
vn 0.2955 -0.9343 -0.1993
vn 0.2878 -0.9352 -0.2062
vn 0.2768 -0.9345 -0.2237
vn 0.2770 -0.9344 -0.2240
vn 0.2644 -0.9352 -0.2358
vn 0.2609 -0.9359 -0.2365
vn 0.2472 -0.9361 -0.2501
vn 0.2359 -0.9388 -0.2509
vn 0.2321 -0.9371 -0.2609
vn 0.2361 -0.9357 -0.2620
vn 0.2189 -0.9373 -0.2713
vn 0.2147 -0.9346 -0.2836
vn 0.1880 -0.9345 -0.3021
vn 0.1814 -0.9373 -0.2976
vn 0.1431 -0.9359 -0.3220
vn 0.1406 -0.9344 -0.3273
vn 0.0833 -0.9378 -0.3369
vn 0.0912 -0.9399 -0.3291
vn 0.0420 -0.9357 -0.3502
vn 0.0468 -0.9360 -0.3488
vn -0.0022 -0.9367 -0.3501
vn 0.0012 -0.9386 -0.3450
vn -0.0430 -0.9353 -0.3513
vn -0.0424 -0.9377 -0.3447
vn -0.0739 -0.9388 -0.3365
vn -0.0738 -0.9390 -0.3360
vn -0.1138 -0.9387 -0.3253
vn -0.1127 -0.9382 -0.3271
vn -0.1363 -0.9346 -0.3285
vn -0.1443 -0.9398 -0.3096
vn -0.1693 -0.9317 -0.3213
vn -0.1701 -0.9424 -0.2881
vn -0.1962 -0.9329 -0.3021
vn -0.1928 -0.9445 -0.2659
vn -0.2234 -0.9363 -0.2711
vn -0.2258 -0.9414 -0.2504
vn -0.2524 -0.9366 -0.2430
vn -0.2500 -0.9373 -0.2429
vn -0.2697 -0.9379 -0.2183
vn -0.2688 -0.9384 -0.2173
vn -0.2879 -0.9389 -0.1885
vn -0.2924 -0.9370 -0.1909
vn -0.2984 -0.9394 -0.1686
vn -0.2984 -0.9408 -0.1608
vn -0.3168 -0.9384 -0.1383
vn -0.3175 -0.9382 -0.1378
vn -0.3321 -0.9372 -0.1063
vn -0.3330 -0.9369 -0.1067
vn -0.3440 -0.9364 -0.0688
vn -0.3450 -0.9357 -0.0739
vn -0.3453 -0.9377 -0.0399
vn -0.3445 -0.9379 -0.0411
vn -0.3353 -0.9418 -0.0256
vn -0.3407 -0.9395 -0.0343
vn 0.0039 1.0000 0.0039
vn 0.0039 1.0000 0.0040
vn 0.0038 1.0000 0.0041
vn 0.0038 1.0000 0.0040
vn 0.0040 1.0000 0.0039
vn 0.0052 1.0000 -0.0019
vn -0.0019 1.0000 0.0052
vn -0.0767 -0.5527 0.8299
vn 0.0859 -0.9609 -0.2632
vn -0.5594 -0.6610 0.5002
vn 0.2975 -0.9431 0.1483
vn -0.9717 -0.2340 0.0313
vn -0.9365 0.1098 0.3330
vn -0.7391 0.6713 -0.0567
vn -0.5091 0.8227 -0.2527
vn -0.4268 -0.5270 0.7349
vn -0.8685 0.1094 0.4836
vn -0.7402 -0.5117 0.4362
vn -0.5124 -0.0396 0.8579
vn -0.1229 0.0075 -0.9924
vn -0.3513 -0.0115 -0.9362
vn -0.2264 0.0149 -0.9739
vn -0.0434 -0.0000 -0.9991
vn 0.1700 -0.0036 -0.9854
vn 0.1518 0.0207 -0.9882
vn 0.3497 -0.0002 -0.9369
vn 0.4218 -0.0054 -0.9067
vn 0.5423 0.0107 -0.8401
vn 0.6054 0.0151 -0.7958
vn 0.6611 -0.0005 -0.7503
vn 0.6671 -0.0225 -0.7446
vn -0.6701 0.0039 0.7422
vn -0.6670 -0.0034 0.7450
vn -0.6212 0.0102 0.7836
vn -0.5860 0.0096 0.8103
vn -0.4566 -0.0081 0.8896
vn -0.3778 0.0040 0.9259
vn -0.2432 -0.0030 0.9700
vn -0.1597 -0.0010 0.9872
vn -0.0466 -0.0080 0.9989
vn 0.0704 0.0066 0.9975
vn 0.1703 -0.0148 0.9853
vn 0.2250 -0.0084 0.9743
vn 0.2392 0.0107 0.9709
vn 0.7393 0.0039 0.6734
vn 0.4546 0.0261 0.8903
vn 0.7349 -0.0025 0.6782
vn 0.4826 -0.0065 0.8758
vn 0.1373 0.0190 0.9903
vn 0.0843 0.0688 0.9941
vn -0.1060 -0.0391 0.9936
vn 0.7368 -0.0076 -0.6760
vn 0.7413 -0.0049 -0.6711
vn 0.7382 -0.0049 -0.6745
vn 0.7366 -0.0049 -0.6763
vn 0.7379 -0.0038 -0.6749
vn 0.7385 -0.0036 -0.6743
vn 0.7377 -0.0014 -0.6751
vn 0.7338 -0.0065 -0.6793
vn 0.7383 -0.0038 -0.6745
vn -0.7900 0.3341 -0.5140
vn -0.3847 0.9055 -0.1790
vn -0.5660 0.8241 0.0199
vn -0.8368 0.0850 -0.5408
vn -0.3259 0.9054 0.2721
vn -0.7405 -0.3963 -0.5427
vn -0.6826 -0.6088 -0.4041
vn -0.6658 -0.6696 -0.3292
vn -0.6217 -0.5403 -0.5670
vn -0.6910 -0.5572 -0.4605
vn -0.7185 -0.4413 -0.5376
vn -0.7074 -0.4849 -0.5142
vn -0.6357 -0.6680 -0.3869
vn -0.7911 -0.3022 -0.5318
vn -0.5196 -0.4458 -0.7289
vn -0.7750 -0.4748 0.4171
vn -0.8635 -0.2239 -0.4520
vn -0.6829 -0.3067 -0.6630
vn -0.8953 -0.2192 -0.3877
vn -0.9092 -0.2296 -0.3474
vn -0.8276 -0.3428 -0.4444
vn -0.8497 -0.3619 -0.3836
vn -0.9076 -0.2385 -0.3456
vn -0.1454 0.4940 -0.8572
vn -0.5524 -0.7931 -0.2565
vn -0.7879 -0.5172 -0.3343
vn -0.5667 0.3408 -0.7501
vn -0.9050 -0.0666 -0.4202
vn -0.6412 0.4814 -0.5976
vn -0.7614 -0.6018 -0.2410
vn -0.9084 -0.0241 -0.4175
vn -0.8548 -0.3958 -0.3357
vn -0.7648 -0.5495 -0.3364
vn -0.3767 -0.8385 -0.3936
vn 0.5676 -0.6923 0.4456
vn 0.4280 -0.8535 0.2974
vn -0.3844 -0.9003 0.2042
vn 0.0375 -0.6473 0.7613
vn -0.5525 -0.8171 0.1646
vn -0.1775 -0.4332 0.8837
vn -0.7315 -0.6680 -0.1365
vn -0.4385 -0.1483 0.8864
vn -0.4988 0.1929 0.8450
vn -0.9559 -0.2157 -0.1993
vn -0.6063 0.4828 0.6319
vn 0.0033 -0.8057 -0.5923
vn -0.9696 -0.1143 0.2165
vn -0.8188 -0.5602 -0.1257
vn -0.1176 0.8955 -0.4293
vn 0.8475 0.4520 0.2782
vn 0.2979 0.9222 0.2465
vn 0.9179 0.0726 0.3902
vn 0.6039 0.1834 0.7756
vn 0.3806 -0.9111 0.1582
vn -0.2145 0.7535 -0.6214
vn -0.7137 -0.6886 -0.1285
vn 0.7254 0.3258 0.6063
vn 0.8304 0.4627 0.3105
vn 0.0399 0.5981 -0.8004
vn -0.6749 -0.7237 0.1439
vn 0.5404 0.3829 0.7492
vn -0.8264 -0.5552 0.0939
vn 0.8157 0.4487 0.3651
vn 0.2352 0.1421 -0.9615
vn 0.6618 0.4685 0.5853
vn -0.8969 -0.4152 -0.1521
vn 0.8091 0.4358 0.3943
vn 0.6224 0.5410 0.5657
vn 0.4060 -0.2197 -0.8871
vn -0.9650 0.0830 0.2487
vn 0.6523 0.6009 0.4619
vn 0.8136 0.4360 0.3846
vn 0.4845 -0.5187 -0.7044
vn -0.8088 -0.4758 -0.3457
vn 0.5359 0.8340 0.1317
vn 0.8036 0.2675 0.5316
vn -0.7746 -0.5104 -0.3734
vn 0.6008 -0.6756 -0.4272
vn 0.6118 -0.7216 -0.3240
vn 0.5121 0.7849 0.3488
vn 0.7891 0.3953 0.4702
vn -0.8767 -0.2856 -0.3870
vn 0.5415 0.7969 0.2677
vn 0.8084 0.4306 0.4013
vn 0.7732 0.4739 0.4213
vn 0.5902 0.7883 -0.1740
vn -0.8203 -0.4457 -0.3583
vn 0.3971 0.6958 -0.5985
vn 0.7589 0.5178 0.3950
vn 0.6045 0.7413 0.2915
vn 0.7693 0.5441 0.3349
vn 0.9861 0.1372 0.0940
vn 0.9742 0.0230 0.2243
vn 0.7885 0.5122 0.3405
vn 0.7935 0.5063 0.3377
vn 0.7183 0.6737 -0.1736
vn 0.7664 0.6167 0.1798
vn 0.8389 -0.0617 0.5408
vn 0.8641 0.0186 0.5030
vn 0.7429 0.5165 0.4258
vn 0.7524 -0.4591 0.4724
vn 0.7058 0.7083 -0.0130
vn 0.9136 -0.0004 0.4065
vn 0.5369 0.6038 0.5892
vn 0.8421 0.5270 -0.1148
vn -0.0986 0.9829 -0.1558
vn 0.2784 0.6807 0.6776
vn 0.7864 0.4961 0.3681
vn 0.9232 0.2666 0.2768
vn 0.6997 0.5006 -0.5097
vn 0.3725 0.0561 0.9263
vn 0.7973 0.4949 0.3455
vn 0.7768 0.6215 0.1021
vn 0.4270 0.4696 0.7727
vn 0.2136 0.8522 -0.4777
vn -0.9551 -0.0449 0.2930
vn -0.2114 0.6915 0.6907
vn -0.7756 -0.6312 0.0019
vn -0.7593 -0.2320 -0.6080
vn -0.8047 -0.4637 -0.3708
vn -0.2854 -0.0893 -0.9542
vn -0.0092 0.5356 -0.8444
vn -0.9674 0.2428 -0.0718
vn -0.9547 -0.2037 0.2169
vn -0.5370 -0.5432 -0.6454
vn -0.8162 -0.4627 -0.3460
vn -0.9319 -0.3078 -0.1918
vn -0.5393 -0.2511 -0.8039
vn -0.7882 0.5915 0.1700
vn -0.4746 0.7479 0.4640
vn 0.7105 -0.6021 -0.3642
vn 0.0385 0.7346 0.6774
vn 0.8514 -0.5103 0.1211
vn 0.5597 0.7213 0.4079
vn -0.9438 0.2224 0.2445
vn -0.9813 -0.0546 0.1846
vn 0.8064 0.4858 0.3372
vn 0.8931 0.4410 0.0892
vn 0.5445 -0.6510 0.5289
vn 0.4678 0.7366 0.4884
vn 0.1854 -0.1821 0.9656
vn 0.8004 0.5978 -0.0439
vn -0.9542 0.0779 0.2890
vn -0.6580 -0.2984 -0.6914
vn -0.7929 -0.4923 -0.3589
vn 0.1077 -0.5837 -0.8048
vn 0.3385 -0.8248 -0.4529
vn -0.1799 -0.8859 0.4276
vn -0.8312 -0.3973 0.3889
vn -0.1497 -0.7997 0.5815
vn 0.3079 -0.5674 0.7637
vn -0.8000 -0.4906 -0.3455
vn -0.7042 -0.3869 -0.5953
vn 0.3256 -0.3674 -0.8712
vn 0.5747 0.0134 -0.8182
vn 0.8039 0.4616 0.3751
vn 0.7208 0.2956 0.6269
vn 0.7577 -0.5993 -0.2584
vn 0.2559 -0.8287 -0.4977
vn -0.1118 0.6999 0.7054
vn -0.1105 0.6264 0.7716
vn 0.8730 0.0702 0.4827
vn 0.9348 0.3079 -0.1773
vn -0.0946 0.0767 0.9926
vn 0.7790 0.4964 0.3830
vn 0.7033 0.3055 0.6419
vn -0.0834 -0.5646 -0.8212
vn -0.4818 -0.8762 0.0092
vn -0.9727 -0.0704 -0.2213
vn -0.9290 -0.3316 0.1645
vn -0.8190 -0.4589 -0.3445
vn -0.9489 -0.2939 -0.1145
vn -0.3881 -0.7372 0.5531
vn 0.4338 -0.6008 0.6714
vn 0.0995 -0.0111 -0.9950
vn 0.5749 0.0522 -0.8166
vn -0.8070 -0.4800 -0.3441
vn -0.6867 -0.7195 -0.1035
vn 0.0584 0.7927 -0.6068
vn 0.0228 0.4037 -0.9146
vn -0.2385 -0.6323 0.7371
vn -0.7975 -0.4896 -0.3526
vn -0.4476 0.1624 -0.8793
vn 0.8170 -0.0695 0.5724
vn -0.9397 0.2608 -0.2214
vn 0.1408 0.5422 0.8284
vn 0.8070 0.5570 0.1961
vn 0.8111 0.4515 0.3719
vn 0.7510 0.2276 0.6198
vn 0.8087 0.4663 0.3586
vn 0.5096 -0.0700 0.8576
vn 0.2758 0.6234 -0.7317
vn 0.5918 -0.4011 0.6992
vn 0.6271 0.3893 -0.6747
vn 0.0837 -0.9443 -0.3183
vn 0.7950 0.5009 0.3423
vn 0.7190 0.6905 0.0783
vn 0.8084 0.4838 0.3354
vn 0.8234 0.0459 0.5656
vn 0.6627 0.3593 0.6571
vn 0.3225 0.7213 0.6129
vn 0.9722 -0.1468 -0.1826
vn -0.8872 -0.4475 -0.1122
vn -0.3891 -0.8965 0.2120
vn 0.8100 0.4718 0.3483
vn 0.6228 0.4585 0.6340
vn 0.0553 0.9548 0.2922
vn 0.8745 -0.4828 0.0454
vn 0.8631 -0.2934 -0.4110
vn -0.9302 -0.2832 -0.2335
vn -0.9322 -0.3561 0.0648
vn -0.7908 -0.4827 -0.3764
vn 0.0811 0.0207 -0.9965
vn 0.2543 -0.6619 -0.7051
vn 0.3820 -0.6886 -0.6164
vn -0.2324 -0.2959 -0.9265
vn -0.8020 -0.4686 -0.3705
vn -0.7831 -0.2140 -0.5839
vn -0.6803 -0.6716 0.2935
vn -0.6195 -0.7464 -0.2430
vn -0.8114 -0.4564 -0.3650
vn -0.1917 0.3473 -0.9180
vn -0.3158 0.6164 -0.7213
vn 0.4683 0.8678 0.1665
vn 0.1568 0.9208 -0.3572
vn -0.9266 -0.1009 -0.3623
vn 0.1283 0.9549 0.2679
vn -0.9662 -0.0540 -0.2522
vn -0.7071 -0.6961 -0.1241
vn -0.0573 -0.9813 -0.1839
vn -0.8078 -0.0963 -0.5815
vn -0.6772 -0.7300 0.0922
vn 0.9682 0.2163 0.1258
vn 0.9592 -0.2433 0.1439
vn 0.6855 0.7268 0.0430
vn 0.7819 0.3533 0.5137
vn 0.4723 -0.4911 0.7320
vn -0.6463 -0.7629 0.0199
vn -0.8880 0.0746 -0.4537
vn 0.4007 0.9158 -0.0272
vn -0.2176 0.4291 -0.8767
vn -0.6549 -0.3228 -0.6833
vn 0.4279 0.8233 -0.3729
vn -0.7335 -0.3145 -0.6026
vn 0.4574 0.5340 -0.7111
vn 0.5528 0.3811 -0.7411
vn -0.6244 -0.2484 -0.7405
vn 0.7074 0.1874 -0.6815
vn 0.8036 0.1473 -0.5767
vn 0.8743 0.0384 -0.4839
vn 0.2486 -0.6320 -0.7340
vn 0.8566 -0.3374 -0.3904
vn 0.9819 -0.0351 -0.1860
vn 0.2159 -0.9486 -0.2315
vn 0.9809 -0.1109 0.1601
vn -0.4698 -0.8362 -0.2828
vn -0.6603 -0.7070 -0.2532
vn -0.3597 -0.8490 -0.3870
vn 0.4622 -0.8864 0.0236
vn -0.4641 -0.8326 -0.3022
vn 0.8539 -0.2205 0.4715
vn -0.9616 0.1331 0.2401
vn -0.8585 0.1134 -0.5001
vn -0.4295 0.8927 -0.1362
vn 0.1315 0.7450 0.6540
vn -0.9728 -0.1389 0.1855
vn 0.6270 0.7196 0.2984
vn -0.0553 0.9939 0.0958
vn 0.1382 0.6122 0.7785
vn -0.1214 0.5444 0.8300
vn -0.1524 0.6475 0.7467
vn 0.4608 0.2981 0.8359
vn 0.8722 0.4333 0.2270
vn -0.9501 0.2792 0.1390
vn -0.9465 0.3139 -0.0745
vn -0.3137 -0.5338 -0.7853
vn -0.9882 -0.0540 0.1430
vn -0.9659 -0.2463 0.0800
vn 0.2638 -0.0637 0.9625
vn 0.1578 0.4461 0.8809
vn -0.8366 -0.5371 0.1074
vn -0.3144 -0.9248 0.2143
vn -0.1967 -0.9797 0.0396
vn 0.4441 0.1455 0.8841
vn 0.5313 0.3568 0.7684
vn -0.4259 0.7050 -0.5671
vn -0.1782 0.6693 -0.7213
vn -0.4208 0.7319 -0.5359
vn -0.6326 0.7117 -0.3054
vn -0.5719 0.3375 -0.7477
vn -0.3756 0.2565 -0.8906
vn -0.6108 0.1685 -0.7737
vn 0.1253 0.9791 0.1599
vn 0.0486 0.9974 0.0535
vn -0.6658 -0.0613 -0.7436
vn 0.2796 0.9504 0.1363
vn 0.4850 -0.3085 0.8183
vn -0.0531 0.9639 0.2608
vn -0.4061 -0.7401 0.5361
vn -0.3597 -0.8501 -0.3847
vn 0.6080 0.1415 0.7812
vn -0.9488 -0.0489 -0.3120
vn -0.9731 0.1572 -0.1686
vn -0.8229 0.0553 -0.5654
vn 0.5377 0.8351 -0.1162
vn -0.5703 -0.0099 -0.8214
vn 0.6896 0.6372 -0.3442
vn -0.1424 -0.4521 -0.8805
vn 0.8829 0.3053 -0.3568
vn -0.3835 -0.8971 -0.2193
vn 0.9865 0.1628 0.0150
vn -0.5848 -0.7086 -0.3949
vn 0.9630 0.1052 0.2482
vn -0.2777 -0.9587 -0.0612
vn 0.8502 0.1238 0.5118
vn -0.6045 -0.6683 0.4336
vn 0.6903 0.0634 0.7207
vn -0.7779 -0.3321 0.5334
vn 0.3499 0.1528 0.9242
vn -0.8855 -0.4575 0.0813
vn 0.3353 0.4562 0.8243
vn -0.9635 0.2607 0.0610
vn 0.4414 0.6952 0.5673
vn -0.8217 -0.0224 -0.5695
vn 0.5301 0.8467 -0.0462
vn -0.2881 -0.7492 -0.5964
vn -0.1713 -0.9645 0.2011
vn -0.2419 -0.5880 -0.7719
vn -0.4290 -0.2641 -0.8638
vn -0.5834 -0.0331 -0.8115
vn -0.7373 -0.0056 -0.6755
vn -0.8465 0.0115 -0.5323
vn -0.5868 0.3777 -0.7162
vn -0.9676 -0.0807 -0.2393
vn -0.9867 -0.1604 -0.0249
vn -0.8585 -0.3790 0.3455
vn -0.6005 -0.6518 0.4632
vn -0.2603 -0.8529 0.4526
vn 0.0995 -0.2372 0.9664
vn 0.4700 0.3010 0.8298
vn 0.3120 0.8738 0.3729
vn 0.2957 0.9548 -0.0290
vn 0.3505 0.9353 0.0485
vn 0.4426 0.7729 -0.4547
vn 0.7173 0.5816 -0.3836
vn 0.8523 0.2394 -0.4651
vn 0.9858 0.0681 -0.1537
vn 0.9904 -0.0969 0.0990
vn 0.8919 -0.1223 0.4353
vn 0.7073 -0.2651 0.6554
vn -0.9385 -0.1471 -0.3123
vn -0.9379 -0.1531 -0.3114
vn -0.7752 0.3475 -0.5275
vn -0.7693 -0.6375 -0.0420
vn -0.8570 -0.5063 -0.0957
vn -0.8721 -0.4779 -0.1055
vn -0.5731 -0.5796 0.5793
vn -0.9014 -0.4330 0.0037
vn -0.9160 -0.3142 -0.2495
vn -0.4635 -0.1933 -0.8647
vn -0.8575 -0.2955 -0.4211
vn -0.8536 -0.4374 -0.2830
vn -0.7561 -0.4082 -0.5116
vn -0.8541 -0.4247 -0.3002
vn -0.8645 -0.4012 -0.3027
vn -0.6937 -0.4689 -0.5467
vn -0.8672 -0.3889 -0.3109
vn -0.3345 -0.9113 -0.2400
vn -0.4216 -0.8594 -0.2893
vn -0.4778 -0.7590 -0.4424
vn -0.3117 -0.4690 -0.8264
vn -0.8981 -0.2421 -0.3671
vn -0.4329 -0.1641 -0.8864
vn 0.1247 0.9917 0.0320
vn 0.4143 0.9094 -0.0350
vn 0.9874 0.1021 0.1211
vn 0.6717 -0.4486 0.5896
vn 0.9833 0.1710 0.0632
vn -0.5508 -0.8341 -0.0282
vn -0.3910 -0.9136 0.1111
vn -0.8053 0.0177 -0.5925
vn -0.8766 0.2161 -0.4300
vn -0.4955 -0.7078 -0.5035
vn 0.2639 0.7197 0.6421
vn -0.7268 0.6671 0.1637
vn -0.8951 -0.0906 -0.4365
vn -0.3087 -0.7290 -0.6110
vn 0.0537 0.9167 0.3960
vn -0.7420 0.4676 0.4803
vn -0.9971 0.0621 -0.0435
vn -0.2750 -0.6214 -0.7336
vn 0.9943 -0.0209 -0.1044
vn 0.9677 0.1854 -0.1706
vn 0.8708 0.1784 -0.4581
vn 0.2253 0.8458 0.4835
vn 0.7610 0.2483 -0.5993
vn 0.2842 0.4958 0.8206
vn 0.8994 0.3828 0.2112
vn 0.7889 0.6143 -0.0170
vn -0.0107 0.5264 0.8501
vn -0.4865 -0.6897 -0.5364
vn 0.9299 0.3143 0.1910
vn 0.1574 0.3111 0.9373
vn 0.6442 0.7585 -0.0984
vn -0.6702 -0.4939 -0.5540
vn -0.3905 -0.6216 -0.6791
vn -0.9302 -0.3022 0.2083
vn -0.6508 -0.4492 -0.6122
vn -0.8505 -0.5131 0.1159
vn -0.0818 -0.8049 -0.5878
vn -0.9120 -0.4033 -0.0747
vn -0.1560 -0.9030 -0.4003
vn -0.7623 0.1298 0.6340
vn -0.4667 -0.4359 0.7695
vn 0.5386 0.4621 0.7046
vn -0.8693 -0.4436 0.2179
vn 0.3951 -0.0886 0.9143
vn -0.3204 -0.6320 0.7056
vn 0.3325 -0.3579 0.8726
vn -0.6718 -0.6886 0.2730
vn 0.6528 0.1727 0.7376
vn -0.0742 -0.8941 0.4416
vn -0.6903 -0.7138 0.1182
vn -0.6525 -0.1118 -0.7495
vn -0.6531 -0.7562 -0.0412
vn -0.9840 -0.0515 -0.1703
vn -0.7205 -0.5487 -0.4240
vn 0.5463 0.7498 0.3732
vn 0.6481 0.6773 0.3482
vn 0.6574 0.7311 -0.1825
vn 0.7648 0.6287 -0.1408
vn 0.8135 0.5735 -0.0966
vn 0.9266 0.2745 -0.2570
vn -0.5631 -0.3838 -0.7319
vn -0.6153 0.3313 -0.7153
vn -0.6026 0.5074 -0.6160
vn -0.5716 0.5987 -0.5612
vn -0.2411 0.8848 -0.3987
vn 0.0325 0.9941 0.1039
vn -0.6750 0.3604 -0.6439
vn -0.0070 0.9999 -0.0112
vn -0.4869 0.5851 -0.6485
vn -0.0321 0.9986 -0.0421
vn -0.3055 0.4553 -0.8363
vn -0.6286 0.1288 -0.7670
vn 0.0122 -0.9982 -0.0583
vn -0.6035 0.0310 -0.7967
vn 0.7993 0.0375 0.5997
vn 0.7739 -0.1616 0.6123
vn 0.9140 -0.1848 0.3611
vn 0.8297 -0.4368 0.3475
vn 0.7684 -0.3664 0.5246
vn 0.7909 -0.5418 0.2844
vn 0.6946 -0.4556 0.5568
vn 0.8934 -0.4108 0.1819
vn 0.6038 -0.5686 0.5587
vn 0.9676 -0.1094 0.2273
vn 0.9202 -0.1876 0.3437
vn 0.6741 -0.5553 0.4871
vn 0.7363 -0.4488 0.5064
vn 0.8726 -0.0647 0.4841
vn 0.7997 0.0758 0.5957
vn 0.7043 -0.3032 0.6419
vn 0.7554 -0.2287 0.6141
vn 0.5467 0.0764 0.8338
vn 0.8106 0.0107 0.5856
vn 0.7095 0.1824 0.6807
vn 0.5407 0.1981 0.8176
vn 0.5960 0.2462 0.7643
vn 0.5064 -0.1681 0.8458
vn -0.8216 -0.4346 -0.3689
vn -0.8995 -0.4370 0.0021
vn -0.6927 0.3020 0.6550
vn -0.7953 -0.4759 -0.3756
vn -0.6564 -0.5795 -0.4831
vn 0.3420 -0.8445 -0.4121
vn -0.2410 -0.0906 0.9663
vn -0.4840 0.1487 0.8624
vn -0.6041 -0.0851 0.7923
vn -0.3240 -0.2443 0.9140
vn -0.5689 -0.2018 0.7972
vn 0.7523 -0.0987 -0.6514
vn -0.1568 -0.2939 0.9429
vn -0.4204 -0.4191 0.8047
vn 0.0196 -0.2585 0.9658
vn 0.7475 0.2798 0.6025
vn -0.1686 -0.6006 0.7816
vn 0.0281 -0.6022 0.7979
vn 0.1059 -0.2909 0.9509
vn 0.1951 0.9093 0.3676
vn 0.2242 -0.4723 0.8525
vn -0.0546 -0.0998 0.9935
vn 0.3228 -0.4376 0.8393
vn 0.2740 -0.2362 0.9323
vn 0.1355 -0.1373 0.9812
vn -0.6757 -0.4111 0.6120
vn 0.9245 -0.0622 0.3762
vn 0.0458 -0.0342 0.9984
vn 0.2101 0.5055 -0.8368
vn -0.9110 -0.3418 0.2306
vn -0.3905 -0.4552 0.8002
vn -0.7808 -0.5186 -0.3484
vn 0.0470 0.7989 -0.5996
vn -0.4541 -0.7933 -0.4055
vn 0.8789 -0.3051 -0.3666
vn -0.3145 0.6375 0.7034
vn -0.8111 -0.4743 -0.3424
vn -0.6412 -0.7285 -0.2413
vn -0.0902 -0.8460 0.5256
vn 0.1575 -0.9852 0.0669
vn 0.1362 -0.9744 0.1789
vn 0.0697 -0.9881 0.1372
vn -0.0551 -0.9945 -0.0887
vn 0.1601 -0.9656 -0.2050
vn 0.1608 -0.9828 -0.0910
vn 0.0063 -0.9267 -0.3758
vn -0.3166 -0.9429 -0.1036
vn -0.2680 -0.7983 -0.5394
vn -0.4946 -0.6894 -0.5293
vn -0.2642 -0.9630 0.0526
vn -0.5339 -0.5871 -0.6085
vn 0.1527 -0.8851 -0.4397
vn -0.0157 -0.6660 -0.7458
vn 0.4442 -0.7672 0.4627
vn 0.3646 -0.8342 0.4138
vn 0.5086 -0.7968 0.3263
vn 0.3353 -0.9247 0.1802
vn 0.2896 -0.8630 0.4140
vn 0.3706 -0.7048 0.6049
vn 0.2871 -0.7375 0.6113
vn 0.2865 -0.6054 0.7425
vn 0.1428 -0.9068 0.3966
vn 0.2277 -0.7736 0.5914
vn 0.2039 -0.6372 0.7433
vn 0.2163 -0.6433 0.7345
vn 0.1461 -0.5131 0.8458
vn 0.1306 -0.8890 0.4389
vn -0.0020 -0.3740 0.9274
vn 0.0974 -0.4346 0.8954
vn -0.0579 -0.2475 0.9671
vn 0.4361 -0.4586 0.7742
vn 0.4803 -0.6154 0.6249
vn 0.2811 -0.9177 0.2808
vn 0.1422 -0.9875 0.0683
vn 0.4151 -0.8969 -0.1523
vn 0.5717 -0.7319 -0.3709
vn 0.4300 -0.8096 -0.3997
vn 0.5499 -0.6441 -0.5317
vn 0.3044 -0.9228 -0.2362
vn 0.2665 -0.8430 -0.4672
vn 0.3258 -0.6778 -0.6592
vn 0.4315 -0.5473 -0.7171
vn 0.1344 -0.8790 -0.4576
vn 0.3088 -0.4184 -0.8542
vn 0.1453 -0.6773 -0.7212
vn 0.1404 -0.4690 -0.8720
vn -0.0570 -0.6835 -0.7277
vn -0.0033 -0.3385 -0.9410
vn -0.0633 -0.4508 -0.8904
vn -0.1197 -0.1512 -0.9812
vn -0.2778 -0.2539 -0.9265
vn -0.2597 -0.0974 -0.9608
vn -0.3391 -0.4196 -0.8420
vn -0.4509 -0.0558 -0.8908
vn -0.4259 -0.0146 -0.9046
vn -0.5954 -0.1395 -0.7912
vn -0.5646 0.0632 -0.8229
vn -0.6431 0.0808 -0.7615
vn -0.7725 -0.0305 -0.6342
vn -0.8274 0.1510 -0.5409
vn -0.6123 -0.0760 -0.7870
vn -0.6212 0.1634 -0.7664
vn -0.3505 -0.1395 -0.9261
vn 0.0122 -0.4794 -0.8775
vn 0.5922 -0.8013 -0.0856
vn 0.4652 -0.8744 -0.1375
vn 0.6210 -0.7510 -0.2245
vn 0.3144 -0.9485 -0.0394
vn 0.4118 -0.9001 0.1425
vn 0.5894 -0.8078 0.0059
vn 0.5561 -0.8191 0.1411
vn -0.1303 -0.0118 -0.9914
vn 0.5155 -0.4762 0.7124
vn 0.5142 -0.4436 0.7340
vn 0.5543 -0.4443 0.7038
vn 0.5544 -0.4443 0.7038
vn 0.5911 -0.4501 0.6693
vn 0.5911 -0.4502 0.6693
vn 0.1361 -0.3996 -0.9065
vn 0.2428 -0.2224 -0.9443
vn 0.1777 -0.4226 -0.8887
vn 0.0357 -0.6141 -0.7884
vn 0.3420 -0.0040 -0.9397
vn 0.3446 0.0040 -0.9387
vn 0.3351 -0.0040 -0.9422
vn 0.3350 -0.0276 -0.9418
vn 0.3421 -0.0039 -0.9397
vn 0.3351 0.0039 -0.9422
vn 0.3281 0.0039 -0.9446
vn 0.3092 0.0039 0.9510
vn 0.2856 0.0039 0.9584
vn 0.2949 0.0039 0.9555
vn 0.2855 0.0039 0.9584
vn 0.3159 -0.5839 -0.7479
vn 0.1058 -0.4157 -0.9033
vn 0.4280 -0.4186 -0.8010
vn 0.1358 -0.5431 -0.8286
vn 0.5650 -0.6306 0.5320
vn 0.6442 -0.6735 0.3626
vn 0.7007 -0.6883 0.1879
vn 0.7227 -0.6910 0.0165
vn 0.7134 -0.6876 -0.1349
vn -0.0759 -0.1276 -0.9889
vn -0.0294 -0.1389 -0.9899
vn 0.0743 -0.2205 -0.9726
vn 0.0142 -0.1544 -0.9879
vn -0.1642 -0.0865 -0.9826
vn -0.1477 -0.1325 -0.9801
vn -0.3614 0.0093 -0.9324
vn -0.2100 -0.0259 -0.9774
vn -0.2749 0.0803 -0.9581
vn -0.4658 -0.0009 -0.8849
vn -0.6650 0.0956 -0.7407
vn -0.5965 0.1314 -0.7918
vn 0.3026 -0.3181 0.8985
vn 0.3720 -0.3781 0.8477
vn 0.4027 -0.3351 0.8518
vn 0.4230 -0.3431 0.8386
vn 0.4338 -0.3696 0.8217
vn 0.5167 -0.3703 0.7719
vn 0.5942 -0.5018 -0.6286
vn 0.4967 -0.4021 -0.7692
vn 0.5456 -0.2713 -0.7929
vn 0.3872 -0.2602 -0.8845
vn 0.3419 -0.1562 -0.9267
vn 0.3080 -0.1078 -0.9453
vn -0.8958 -0.0750 0.4381
vn 0.1684 -0.1449 0.9750
vn -0.9870 -0.0436 -0.1546
vn -0.9687 -0.2412 -0.0593
vn -0.8574 -0.5018 0.1146
vn -0.5160 -0.7991 0.3085
vn -0.4325 -0.9015 -0.0156
vn -0.1281 -0.9781 0.1643
vn -0.0956 -0.9806 0.1713
vn 0.1036 -0.9781 -0.1806
vn 0.2685 -0.9314 -0.2459
vn 0.4252 -0.8833 -0.1976
vn 0.5946 -0.8036 -0.0270
vn 0.6742 -0.7381 -0.0263
vn 0.6552 -0.1575 -0.7388
vn 0.4448 -0.2154 -0.8694
vn 0.5127 -0.0262 -0.8582
vn 0.7776 0.0378 -0.6276
vn -0.1139 -0.4831 0.8681
vn 0.0039 -0.7380 0.6748
vn 0.5156 -0.4762 0.7124
vn -0.0515 -0.8673 0.4950
vn 0.0593 -0.9760 0.2094
vn 0.0830 -0.9760 0.2015
vn -0.1335 -0.9798 -0.1489
vn -0.2362 -0.9017 -0.3622
vn -0.3317 -0.8388 -0.4317
vn -0.2795 -0.7985 -0.5331
vn -0.0772 -0.8209 -0.5659
vn 0.1546 -0.7334 -0.6620
vn 0.2173 -0.7785 -0.5888
vn -0.0357 -0.1945 -0.9802
vn 0.1542 -0.1938 -0.9689
vn -0.2251 0.1145 -0.9676
vn -0.4778 0.1935 -0.8569
vn -0.5121 0.1638 -0.8431
vn -0.0113 0.1283 -0.9917
vn 0.1949 0.0292 -0.9804
vn 0.4033 -0.2829 -0.8703
vn 0.5889 -0.0655 -0.8055
vn 0.6714 -0.2231 -0.7067
vn 0.2727 -0.2105 -0.9388
vn 0.2622 0.0780 -0.9619
vn 0.1394 0.1918 -0.9715
vn -0.0240 0.0897 -0.9957
vn 0.1626 -0.4263 -0.8898
vn 0.2601 -0.4383 -0.8604
vn 0.2590 -0.3485 -0.9008
vn 0.1636 -0.5987 -0.7841
vn 0.3595 -0.2874 -0.8878
vn 0.0048 -0.3740 -0.9274
vn -0.0393 -0.3604 -0.9320
vn -0.1691 -0.3301 -0.9287
vn 0.0776 -0.2731 -0.9589
vn -0.1064 -0.2245 -0.9687
vn -0.2274 -0.1923 -0.9546
vn -0.0277 -0.0270 -0.9993
vn -0.4103 -0.0461 -0.9108
vn -0.3746 -0.0794 -0.9238
vn -0.4002 -0.1429 -0.9052
vn -0.5684 0.0614 -0.8204
vn -0.4946 0.1725 -0.8519
vn -0.6805 0.1547 -0.7162
vn -0.5193 0.3274 -0.7894
vn -0.5918 0.3415 -0.7301
vn -0.4799 0.4388 -0.7597
vn -0.5430 -0.0102 -0.8396
vn -0.7969 0.1418 -0.5872
vn -0.2934 0.0356 -0.9553
vn -0.1108 0.1110 -0.9876
vn 0.3109 0.1377 -0.9404
vn -0.4357 0.0935 -0.8952
vn -0.7106 0.0403 -0.7025
vn -0.8019 -0.0954 -0.5897
vn -0.8582 -0.0641 -0.5093
vn -0.7565 0.1121 -0.6443
vn -0.7894 -0.0643 -0.6105
vn -0.8007 -0.2978 -0.5198
vn -0.6843 -0.0976 -0.7226
vn -0.6062 0.0536 -0.7935
vn -0.4581 -0.0979 -0.8835
vn -0.5519 -0.1189 -0.8254
vn -0.6491 0.0368 -0.7598
vn -0.7687 0.0233 -0.6392
vn -0.7921 -0.0162 -0.6102
vn -0.8905 0.1169 -0.4398
vn -0.8099 0.0377 -0.5854
vn -0.9442 0.0793 -0.3198
vn -0.8889 -0.0010 -0.4580
vn -0.9705 0.1860 -0.1534
vn -0.9722 -0.0360 -0.2312
vn -0.9195 0.1026 -0.3795
vn -0.8553 0.1463 -0.4971
vn -0.7142 0.1607 -0.6812
vn -0.5432 0.2322 -0.8069
vn -0.5779 0.3117 -0.7542
vn -0.6565 0.3569 -0.6646
vn -0.5413 0.4878 -0.6848
vn -0.6985 0.3166 -0.6418
vn -0.7691 0.2801 -0.5745
vn -0.8680 0.3144 -0.3844
vn -0.8485 0.3173 -0.4235
vn -0.7916 0.2768 -0.5447
vn -0.9593 0.1433 -0.2432
vn -0.9551 0.1917 -0.2260
vn -0.9599 0.2321 -0.1575
vn -0.9125 0.3602 -0.1940
vn -0.7757 0.6302 -0.0325
vn -0.9255 0.2090 -0.3160
vn -0.8674 0.4587 -0.1928
vn -0.9702 0.1865 -0.1548
vn -0.8908 0.4446 -0.0941
vn -0.8682 0.4662 -0.1698
vn -0.9632 0.1458 -0.2259
vn -0.9728 0.1559 -0.1712
vn -0.9441 0.3255 -0.0520
vn -0.9864 -0.0255 0.1625
vn -0.8651 0.2269 0.4474
vn -0.9422 0.1421 0.3035
vn -0.9914 0.1200 0.0514
vn -0.9964 0.0793 0.0284
vn -0.9948 0.0049 -0.1013
vn -0.9970 0.0769 -0.0084
vn -0.9965 0.0618 -0.0559
vn -0.9883 0.0700 0.1356
vn -0.9928 0.0790 -0.0897
vn -0.9850 0.0294 -0.1701
vn -0.9862 0.1177 -0.1161
vn -0.9794 0.1388 -0.1467
vn -0.9910 0.0987 -0.0908
vn -0.9827 0.1144 -0.1460
vn -0.9889 0.0516 -0.1390
vn -0.9793 0.1153 -0.1665
vn -0.9811 0.1064 -0.1616
vn -0.9921 0.1132 -0.0549
vn 0.6814 -0.6012 -0.4175
vn 0.6668 -0.5353 -0.5186
vn 0.7679 -0.5894 -0.2508
vn 0.2131 -0.1160 -0.9701
vn -0.0290 -0.1237 -0.9919
vn -0.8517 0.1200 -0.5102
vn -0.6398 0.0440 -0.7672
vn -0.7220 0.0655 -0.6888
vn 0.0125 -0.3462 -0.9381
vn 1.0000 0.0039 0.0039
vn 1.0000 -0.0039 0.0039
vn 0.3413 0.0667 0.9376
vn 0.5149 -0.2162 0.8295
vn 0.3319 0.0664 0.9410
vn 0.2709 -0.0432 0.9617
vn 0.5635 -0.7383 0.3707
vn 0.7106 -0.7027 0.0353
vn 0.3288 -0.9235 0.1973
vn -0.0141 -0.9827 0.1844
vn -0.3268 -0.9403 -0.0948
vn -0.3308 -0.9428 -0.0415
vn -0.5191 -0.8337 -0.1884
vn -0.8847 -0.4660 0.0093
vn -0.8200 -0.5628 0.1037
vn -0.9725 -0.0814 0.2183
vn -0.9430 -0.0592 0.3275
vn -0.9904 -0.0039 0.1381
vn -0.9989 0.0197 0.0434
vn 0.1866 -0.3389 0.9221
vn 0.6664 -0.4425 0.6001
vn 0.7739 -0.5394 0.3318
vn 0.8618 -0.4831 0.1543
vn 0.8873 -0.4552 0.0747
vn 0.7058 -0.4067 0.5800
vn 0.8963 -0.4109 0.1666
vn 0.8792 -0.4521 0.1503
vn 0.8938 -0.4182 0.1619
vn 0.8682 -0.4187 0.2664
vn 0.8419 -0.4558 0.2890
vn 0.8194 -0.4363 0.3718
vn 0.7792 -0.4509 0.4354
vn 0.8091 -0.4407 0.3888
vn 0.8333 -0.4188 0.3608
vn 0.7924 -0.4219 0.4405
vn 0.7177 -0.4407 0.5391
vn 0.7271 -0.4410 0.5261
vn 0.7511 -0.4227 0.5071
vn 0.6936 -0.4164 0.5879
vn 0.6361 -0.4273 0.6425
vn 0.6481 -0.4536 0.6117
vn 0.6519 -0.4291 0.6253
vn 0.6492 -0.4210 0.6335
vn 0.5916 -0.4114 0.6934
vn 0.5471 -0.4180 0.7253
vn 0.5285 -0.4187 0.7385
vn 0.5523 -0.4497 0.7019
vn 0.4634 -0.4475 0.7648
vn 0.5634 -0.4479 0.6942
vn 0.4242 -0.4177 0.8035
vn 0.5721 -0.3941 0.7193
vn 0.3319 -0.4184 0.8455
vn 0.3164 -0.4052 0.8577
vn 0.4644 -0.3940 0.7932
vn 0.3988 -0.3668 0.8405
vn 0.7746 -0.5249 0.3528
vn 0.6453 -0.5283 0.5518
vn 0.8845 -0.3803 0.2701
vn 0.8423 -0.4054 0.3553
vn 0.7204 -0.2696 0.6390
vn 0.7811 -0.4083 0.4724
vn 0.7433 -0.4718 0.4743
vn 0.5586 -0.5063 0.6570
vn 0.5091 -0.5111 0.6925
vn 0.4785 -0.5825 0.6570
vn 0.4311 -0.4696 0.7705
vn 0.3538 -0.5062 0.7865
vn 0.3577 -0.4552 0.8154
vn 0.2058 -0.4319 0.8781
vn 0.2705 -0.4129 0.8697
vn 0.1139 -0.3110 0.9436
vn 0.1101 -0.3167 0.9421
vn 0.0689 -0.3446 0.9362
vn 0.0168 -0.2487 0.9684
vn -0.1033 -0.2301 0.9677
vn -0.0579 -0.2087 0.9763
vn -0.0143 -0.3384 0.9409
vn -0.1334 -0.1914 0.9724
vn 0.0773 -0.2631 0.9617
vn 0.0492 -0.3080 0.9501
vn 0.8132 -0.5510 0.1872
vn 0.2473 -0.3994 0.8828
vn 0.1929 -0.4219 0.8859
vn 0.3751 -0.4104 0.8312
vn 0.2984 -0.3594 0.8842
vn 0.1530 -0.3544 0.9225
vn 0.1354 -0.3842 0.9133
vn 0.2287 -0.3002 0.9261
vn 0.1390 -0.2979 0.9444
vn 0.0136 -0.2384 0.9711
vn -0.0056 -0.3296 0.9441
vn -0.1169 -0.3352 0.9349
vn 0.0236 -0.3688 0.9292
vn -0.0552 -0.3449 0.9370
vn -0.1289 -0.2476 0.9602
vn -0.2218 -0.2904 0.9308
vn -0.1883 -0.2519 0.9493
vn -0.3828 -0.2478 0.8900
vn -0.3791 -0.2205 0.8987
vn -0.3944 -0.1974 0.8975
vn -0.5263 -0.1656 0.8340
vn -0.5343 -0.1596 0.8301
vn -0.5180 -0.2198 0.8267
vn -0.6194 -0.1565 0.7693
vn -0.6263 -0.1757 0.7595
vn -0.6079 -0.1725 0.7751
vn -0.6143 -0.1517 0.7744
vn -0.6071 -0.1307 0.7838
vn -0.5487 -0.1355 0.8250
vn -0.4979 -0.2024 0.8433
vn -0.3388 -0.3061 0.8897
vn 0.9471 -0.2571 0.1920
vn 0.8704 -0.3897 0.3010
vn 0.9868 -0.1289 -0.0983
vn 0.7681 -0.3850 0.5117
vn 0.8100 -0.5525 0.1965
vn 0.8416 -0.4895 0.2283
vn 0.8649 -0.4866 0.1229
vn 0.7872 -0.6148 -0.0478
vn 0.8650 -0.4977 -0.0636
vn -0.6681 -0.1774 0.7226
vn -0.6668 -0.1285 0.7341
vn -0.7406 -0.0999 0.6644
vn -0.8243 0.0035 0.5662
vn -0.8286 0.1025 0.5504
vn -0.8166 0.3191 0.4809
vn -0.7393 -0.1382 0.6590
vn -0.6777 -0.1654 0.7164
vn -0.9306 0.1076 0.3498
vn -0.7692 0.5139 0.3798
vn -0.7978 -0.0760 0.5980
vn -0.9848 0.1168 0.1290
vn -0.8506 -0.0090 0.5257
vn -0.9581 0.0653 0.2788
vn -0.9487 0.1044 0.2985
vn -0.8741 0.0474 0.4834
vn -0.7807 0.0372 0.6238
vn -0.7725 -0.0567 0.6324
vn -0.7160 -0.1287 0.6862
vn -0.7106 -0.0942 0.6972
vn -0.6428 -0.1264 0.7556
vn -0.4785 -0.1390 0.8670
vn -0.6366 -0.1005 0.7646
vn -0.2900 -0.2683 0.9186
vn -0.7434 0.0172 0.6686
vn -0.7983 0.1806 0.5745
vn 0.8131 -0.5247 -0.2523
vn 0.7174 -0.5778 -0.3893
vn 0.7178 -0.5373 -0.4428
vn 0.6346 -0.5316 -0.5610
vn 0.6349 -0.5539 -0.5386
vn 0.5633 -0.3800 -0.7337
vn 0.3764 -0.2620 -0.8886
vn 0.5917 -0.3565 -0.7231
vn 0.7146 -0.1670 -0.6793
vn 0.9876 -0.1070 -0.1152
vn 0.2104 -0.0620 -0.9756
vn 0.3112 -0.0404 -0.9495
vn 0.2338 -0.1009 -0.9670
vn 0.5385 -0.3166 -0.7809
vn 0.3816 -0.1383 -0.9139
vn 0.4096 -0.2133 -0.8870
vn 0.2403 0.1088 -0.9646
vn 0.5797 -0.4022 -0.7086
vn 0.3982 -0.0911 -0.9128
vn 0.3388 0.2855 -0.8965
vn 0.4119 0.2315 -0.8813
vn 0.4050 -0.1101 -0.9077
vn 0.4520 0.0309 -0.8915
vn 0.4627 0.1412 -0.8752
vn 0.4142 0.0681 -0.9076
vn 0.4266 0.0566 -0.9027
vn 0.1988 -0.0586 -0.9783
vn 0.3577 0.0376 -0.9331
vn -0.0840 -0.1442 -0.9860
vn 0.2392 -0.1064 -0.9651
vn 0.3492 0.0036 -0.9370
vn 0.1033 -0.0503 -0.9934
vn 0.3748 -0.0928 -0.9225
vn -0.0222 -0.0808 -0.9965
vn -0.0609 -0.1407 -0.9882
vn -0.2453 -0.0835 -0.9658
vn -0.4765 0.0755 -0.8759
vn -0.3403 0.0261 -0.9400
vn -0.5477 0.0913 -0.8317
vn -0.7565 0.1310 -0.6408
vn -0.5565 0.1955 -0.8075
vn -0.4533 0.1301 -0.8818
vn -0.7040 0.2683 -0.6576
vn -0.7228 0.2819 -0.6309
vn -0.8379 0.1969 -0.5091
vn -0.5527 0.2487 -0.7954
vn -0.5603 0.2102 -0.8012
vn -0.0945 0.1414 -0.9854
vn 0.3250 0.0287 -0.9453
vn 0.6555 -0.0744 -0.7515
vn 0.6368 -0.1460 -0.7571
vn -0.3302 -0.2740 0.9033
vn -0.4665 -0.1704 0.8679
vn -0.2693 -0.2551 0.9287
vn -0.1416 -0.3888 0.9104
vn 0.1409 -0.3201 -0.9368
vn 0.0455 -0.4823 -0.8748
vn 0.0943 -0.3899 -0.9160
vn 0.3130 -0.1167 -0.9425
vn -0.7756 -0.0685 0.6275
vn -0.7227 0.5080 0.4687
vn -0.9587 -0.2185 0.1819
vn -0.5869 0.5514 0.5928
vn -0.5871 0.5523 0.5919
vn -0.8024 -0.0157 0.5966
vn -0.5602 0.4288 0.7088
vn -0.5153 0.2708 0.8131
vn -0.8296 0.0049 0.5583
vn -0.8973 -0.1893 0.3988
vn -0.3755 -0.0419 0.9259
vn -0.7264 -0.2155 0.6526
vn -0.6684 -0.7265 -0.1592
vn 0.1275 -0.4350 0.8914
vn 0.2886 -0.4263 0.8573
vn 0.2802 -0.3512 0.8934
vn 0.1091 -0.3169 0.9421
vn -0.0082 -0.3973 0.9176
vn 0.1271 -0.9897 -0.0652
vn 0.4017 -0.8760 -0.2670
vn 0.2025 -0.9530 -0.2254
vn 0.1928 -0.4127 -0.8902
vn 0.4010 -0.5427 -0.7381
vn 0.3194 -0.5242 -0.7894
vn 0.3032 -0.4080 -0.8612
vn 0.3416 -0.1854 -0.9214
vn 0.3685 -0.5685 -0.7355
vn 0.1918 -0.5074 -0.8401
vn 0.2048 -0.6341 -0.7456
vn 0.1659 -0.4124 -0.8958
vn 0.1029 -0.3230 -0.9408
vn 0.0337 -0.2965 -0.9544
vn 0.0744 -0.1077 -0.9914
vn -0.2145 -0.1814 -0.9597
vn 0.1215 -0.5460 -0.8289
vn 0.2492 -0.3375 -0.9077
vn -0.1725 -0.4128 -0.8943
vn -0.1314 -0.1172 -0.9844
vn -0.4024 -0.0170 -0.9153
vn -0.4127 0.0126 -0.9108
vn -0.4092 0.0981 -0.9072
vn -0.2115 0.1247 -0.9694
vn -0.3401 -0.0036 -0.9404
vn -0.4822 0.3047 -0.8214
vn -0.2398 0.0552 -0.9693
vn -0.5920 0.4387 -0.6760
vn -0.4092 0.4003 -0.8199
vn -0.7137 0.4376 -0.5469
vn -0.5090 0.6747 -0.5345
vn -0.6508 0.5045 -0.5674
vn -0.5460 0.6838 -0.4840
vn -0.7531 0.6384 -0.1592
vn -0.7363 0.6635 -0.1325
vn -0.7475 0.6117 -0.2590
vn -0.7290 0.6730 -0.1251
vn -0.7036 0.6281 -0.3322
vn -0.6441 0.7474 -0.1627
vn -0.6492 0.7269 -0.2237
vn -0.5361 0.7610 -0.3653
vn -0.6170 0.5115 -0.5981
vn -0.5962 0.5585 -0.5767
vn -0.6204 0.6623 -0.4201
vn -0.5921 0.4447 -0.6721
vn -0.6671 0.5547 -0.4973
vn -0.5370 0.5302 -0.6562
vn -0.5026 0.3324 -0.7981
vn -0.6565 0.6282 -0.4176
vn -0.4975 0.2295 -0.8365
vn -0.5375 0.3726 -0.7565
vn -0.5862 0.5923 -0.5528
vn -0.5514 0.5722 -0.6071
vn -0.3690 0.4571 -0.8093
vn -0.5174 0.4285 -0.7407
vn -0.1370 0.0504 -0.9893
vn -0.4448 0.0830 -0.8918
vn -0.4159 0.2949 -0.8603
vn -0.0640 0.1697 -0.9834
vn -0.2066 -0.0456 -0.9774
vn -0.1146 0.1655 -0.9795
vn 0.2594 0.0706 -0.9632
vn -0.0230 -0.2256 -0.9740
vn 0.3185 -0.0288 -0.9475
vn -0.1138 -0.1269 -0.9854
vn 0.5563 -0.1214 -0.8221
vn 0.1466 -0.3182 -0.9366
vn -0.2029 -0.1669 -0.9649
vn 0.4465 -0.1522 -0.8817
vn 0.2629 -0.4617 -0.8472
vn -0.0376 -0.4167 -0.9083
vn 0.7131 -0.2741 -0.6453
vn 0.4394 -0.5722 -0.6925
vn 0.5353 -0.3241 -0.7800
vn 0.2398 -0.5518 -0.7988
vn 0.2479 -0.5788 -0.7769
vn 0.6759 -0.4273 -0.6005
vn 0.1953 -0.6752 -0.7113
vn 0.2897 -0.7251 -0.6248
vn 0.6844 -0.5983 -0.4166
vn 0.3247 -0.6924 -0.6444
vn 0.4108 -0.8336 -0.3692
vn 0.6741 -0.6763 -0.2971
vn 0.5416 -0.8094 -0.2272
vn 0.7570 -0.6520 -0.0437
vn 0.4063 -0.7776 -0.4799
vn 0.4065 -0.8262 -0.3901
vn -0.6194 0.7503 -0.2311
vn -0.7419 0.5594 -0.3697
vn -0.7307 0.6826 0.0152
vn -0.8075 0.5862 0.0650
vn -0.7507 0.6546 0.0890
vn -0.8165 0.5393 -0.2061
vn -0.7815 0.5863 0.2133
vn -0.8427 0.5351 -0.0591
vn -0.8324 0.4825 0.2726
vn -0.7638 0.5100 0.3956
vn -0.8707 0.4907 0.0335
vn -0.8761 0.4175 0.2412
vn -0.8411 0.3095 0.4436
vn -0.7766 0.3852 0.4985
vn -0.7662 0.2711 0.5826
vn -0.6974 0.1119 0.7079
vn -0.6660 -0.0681 0.7428
vn -0.5217 -0.2131 0.8261
vn -0.3233 -0.2048 0.9239
vn -0.5796 -0.2391 0.7791
vn -0.3810 -0.3945 0.8362
vn -0.5508 -0.0204 0.8344
vn -0.4544 -0.2597 0.8521
vn -0.6418 0.0870 0.7619
vn -0.7249 0.2447 0.6439
vn -0.7407 0.3365 0.5815
vn -0.8788 -0.0249 0.4766
vn -0.8380 0.1329 0.5292
vn -0.6438 0.1940 0.7402
vn -0.6874 0.2901 0.6658
vn -0.5393 0.0342 0.8414
vn -0.6289 0.0598 0.7752
vn -0.7824 -0.1026 0.6143
vn -0.4625 -0.1737 0.8694
vn -0.6686 -0.3400 0.6614
vn -0.3849 -0.2709 0.8823
vn -0.3116 -0.4123 0.8561
vn -0.6502 -0.5595 0.5140
vn -0.2860 -0.3670 0.8852
vn -0.5013 -0.4981 0.7075
vn -0.2362 -0.4647 0.8534
vn -0.3872 -0.5733 0.7221
vn -0.0638 -0.6173 0.7842
vn 0.0508 -0.6252 0.7788
vn -0.3166 -0.6236 0.7148
vn 0.1024 -0.7395 0.6654
vn 0.2134 -0.7038 0.6776
vn -0.2420 -0.7501 0.6154
vn 0.3615 -0.7565 0.5450
vn -0.1128 -0.8686 0.4824
vn 0.3090 -0.8431 0.4402
vn 0.3123 -0.8815 0.3541
vn 0.1548 -0.8019 0.5771
vn 0.4921 -0.7923 0.3608
vn 0.0543 -0.9374 0.3439
vn 0.4873 -0.8500 0.2000
vn 0.6527 -0.7378 0.1724
vn 0.0607 -0.9805 0.1870
vn 0.4340 -0.8895 0.1432
vn 0.5703 -0.8214 -0.0071
vn 0.4589 -0.8859 -0.0680
vn 0.6261 -0.7634 -0.1589
vn 0.4447 -0.8398 -0.3114
vn 0.4648 -0.8435 -0.2691
vn 0.5143 -0.7107 -0.4800
vn 0.8124 -0.5793 -0.0660
vn 0.8915 -0.4408 -0.1049
vn 0.7722 -0.5523 -0.3140
vn 0.8833 -0.4597 0.0924
vn 0.8551 -0.4477 0.2613
vn 0.7741 -0.6326 0.0229
vn 0.7382 -0.6522 0.1726
vn 0.7195 -0.6159 0.3209
vn 0.7249 -0.3997 0.5611
vn 0.5714 -0.3655 0.7348
vn 0.5471 -0.6073 0.5761
vn 0.3198 -0.9044 0.2824
vn 0.3977 -0.3745 0.8376
vn 0.2800 -0.3834 0.8801
vn 0.2624 -0.4624 0.8470
vn 0.1735 -0.4285 0.8867
vn 0.2410 -0.8485 0.4711
vn 0.2942 -0.9251 0.2400
vn 0.1268 -0.8952 0.4272
vn 0.0426 -0.7345 0.6772
vn 0.4140 -0.9072 0.0752
vn 0.3619 -0.8779 -0.3134
vn 0.4129 -0.9085 -0.0640
vn -0.0053 -0.7503 0.6611
vn -0.1163 -0.6466 0.7539
vn -0.1378 -0.5790 0.8036
vn -0.2591 -0.5530 0.7918
vn 0.0999 -0.3843 0.9178
vn -0.4153 -0.4795 0.7730
vn -0.0814 -0.3529 0.9321
vn -0.0207 -0.3585 0.9333
vn -0.8998 0.4326 0.0560
vn -0.5951 0.6465 0.4773
vn -0.5793 0.7461 0.3282
vn -0.8785 0.4649 0.1100
vn -0.8768 0.4407 0.1923
vn -0.4950 0.8688 -0.0058
vn -0.8801 0.4692 0.0721
vn -0.3695 0.8739 -0.3159
vn -0.7913 0.5892 -0.1632
vn -0.1817 0.7731 -0.6077
vn -0.7500 0.5500 -0.3674
vn 0.0100 0.5929 -0.8052
vn -0.7145 0.3930 -0.5788
vn -0.4730 0.4070 -0.7814
vn 0.2049 0.3536 -0.9127
vn -0.4705 0.2560 -0.8444
vn -0.3206 0.1334 -0.9378
vn 0.3859 0.0604 -0.9206
vn -0.1862 0.0081 -0.9825
vn 0.5294 -0.2647 -0.8060
vn -0.0511 -0.1338 -0.9897
vn 0.0363 -0.2960 -0.9545
vn 0.6052 -0.5784 -0.5470
vn 0.0412 -0.4940 -0.8685
vn 0.0588 -0.6869 -0.7243
vn 0.5682 -0.8060 -0.1658
vn 0.2456 -0.8343 -0.4936
vn -0.0595 -0.9127 -0.4044
vn -0.1534 -0.9877 -0.0312
vn 0.4056 -0.8678 0.2872
vn -0.3035 -0.9171 0.2586
vn -0.3925 -0.7898 0.4714
vn -0.3533 -0.7134 0.6052
vn 0.1609 -0.7437 0.6489
vn -0.4801 -0.5471 0.6857
vn -0.5574 -0.2642 0.7871
vn -0.0460 -0.5352 0.8435
vn -0.4875 -0.1882 0.8526
vn -0.6585 -0.0468 0.7511
vn -0.2166 -0.3130 0.9247
vn -0.7350 0.0655 0.6749
vn -0.6967 0.1633 0.6986
vn -0.6470 0.0843 0.7578
vn -0.6878 -0.4680 -0.5549
vn -0.9002 -0.4348 -0.0247
vn -0.8663 -0.4927 -0.0819
vn -0.9337 -0.1835 -0.3075
vn -0.8042 -0.5906 -0.0662
vn -0.6714 -0.6980 0.2491
vn -0.6063 -0.6771 0.4172
vn -0.8366 0.0488 -0.5456
vn -0.8607 0.0255 -0.5085
vn -0.8139 -0.3921 -0.4286
vn -0.9483 -0.3130 -0.0527
vn -0.9381 -0.3040 0.1662
vn -0.8540 -0.3425 0.3917
vn -0.9229 -0.0588 0.3806
vn -0.9618 -0.1274 0.2422
vn -0.9765 0.0309 0.2132
vn -0.9816 0.1396 0.1301
vn -0.9887 0.1348 -0.0659
vn -0.9845 0.1326 -0.1146
vn -0.9269 0.0725 -0.3683
vn -0.9156 0.1122 -0.3860
vn -0.8588 -0.0513 -0.5098
vn -0.9063 0.0607 -0.4183
vn -0.8212 -0.0449 -0.5689
vn -0.8324 -0.0660 -0.5502
vn -0.7673 0.0079 -0.6413
vn -0.4832 0.2270 0.8456
vn -0.6137 -0.0268 -0.7891
vn -0.4955 -0.1104 -0.8616
vn -0.5218 -0.2236 -0.8232
vn -0.5077 -0.3751 -0.7756
vn -0.3535 -0.6035 -0.7147
vn -0.5847 -0.6591 -0.4730
vn -0.5936 -0.7595 -0.2661
vn -0.6162 -0.7875 0.0061
vn -0.7195 -0.6944 0.0070
vn -0.8473 -0.5180 0.1173
vn -0.8228 -0.3615 0.4386
vn -0.8279 -0.2967 0.4760
vn -0.9027 -0.1111 0.4156
vn -0.8938 -0.0729 0.4425
vn -0.8326 0.1775 0.5247
vn -0.8489 0.3076 0.4298
vn -0.8872 0.3450 0.3064
vn -0.8820 0.4661 0.0698
vn -0.9286 0.3657 0.0629
vn -0.8530 0.4743 0.2176
vn -0.9838 0.1785 0.0184
vn -0.9753 -0.2172 0.0408
vn -0.9869 -0.1600 -0.0221
vn -0.9581 -0.2670 0.1039
vn -0.9312 -0.3320 0.1507
vn -0.8898 -0.4159 0.1880
vn -0.8478 -0.4883 0.2068
vn -0.8134 -0.5483 0.1943
vn -0.7449 -0.6503 0.1490
vn -0.7013 -0.7075 0.0878
vn -0.6626 -0.7489 0.0119
vn -0.6378 -0.7686 -0.0490
vn -0.6252 -0.7709 -0.1216
vn -0.6040 -0.7766 -0.1793
vn -0.6063 -0.7604 -0.2328
vn -0.6232 -0.7296 -0.2815
vn -0.5932 -0.7397 -0.3179
vn -0.6097 -0.7019 -0.3684
vn -0.6177 -0.6609 -0.4262
vn -0.6129 -0.6385 -0.4654
vn -0.6010 -0.6182 -0.5066
vn -0.5959 -0.6152 -0.5162
vn -0.6200 -0.5341 -0.5748
vn -0.6299 -0.4993 -0.5949
vn -0.6330 -0.4532 -0.6277
vn -0.6322 -0.4136 -0.6552
vn -0.6567 -0.3479 -0.6691
vn -0.6861 -0.3044 -0.6608
vn -0.6988 -0.2944 -0.6519
vn -0.7439 -0.1913 -0.6403
vn -0.8020 -0.1171 -0.5857
vn -0.8299 -0.0773 -0.5526
vn -0.8762 -0.0477 -0.4795
vn -0.9063 -0.0382 -0.4210
vn -0.9351 -0.0227 -0.3537
vn -0.9576 -0.0423 -0.2850
vn -0.9725 -0.0734 -0.2211
vn -0.9842 -0.0949 -0.1496
vn -0.9874 -0.1320 -0.0878
vn -0.8037 -0.4796 -0.3521
vn -0.8037 -0.4793 -0.3527
vn -0.8036 -0.4800 -0.3518
vn -0.8037 -0.4795 -0.3524
vn -0.8037 -0.4795 -0.3523
vn -0.8037 -0.4794 -0.3525
vn -0.8037 -0.4794 -0.3524
vn -0.8039 -0.4791 -0.3525
vn -0.8039 -0.4792 -0.3525
vn -0.8040 -0.4788 -0.3525
vn -0.8038 -0.4792 -0.3524
vn -0.8038 -0.4793 -0.3524
vn -0.8038 -0.4792 -0.3525
vn -0.8039 -0.4790 -0.3525
vn -0.8040 -0.4790 -0.3525
vn -0.8041 -0.4786 -0.3525
vn -0.8040 -0.4790 -0.3524
vn -0.8037 -0.4793 -0.3525
vn -0.8038 -0.4794 -0.3524
vn -0.8038 -0.4791 -0.3526
vn -0.8038 -0.4794 -0.3523
vn -0.8039 -0.4786 -0.3532
vn -0.7356 0.6098 0.2950
vn -0.3339 0.5382 0.7739
vn -0.2939 0.0442 0.9548
vn -0.5203 0.4328 0.7362
vn -0.5324 0.4478 0.7183
vn -0.7409 0.3605 -0.5666
vn -0.6582 0.3508 -0.6661
vn 0.0163 -0.0847 0.9963
vn -0.1376 0.0283 0.9901
vn -0.0576 -0.0364 0.9977
vn -0.0513 -0.9586 -0.2801
vn 0.0745 0.8815 0.4662
vn 0.0744 0.8815 0.4662
vn 0.0745 0.8815 0.4663
vn -0.9977 0.0513 0.0434
vn -0.9977 0.0512 0.0433
vn 0.9985 -0.0431 -0.0352
vn 0.9984 -0.0431 -0.0352
vn 0.9984 -0.0431 -0.0353
vn 0.0275 -0.3583 0.9332
vn 0.0276 -0.3583 0.9332
vn -0.0198 0.3679 -0.9297
vn -0.0832 -0.1387 -0.9868
vn -0.9931 0.0831 0.0831
vn 0.0898 -0.0117 0.9959
vn 0.9944 -0.0747 -0.0746
vn 0.9944 -0.0747 -0.0747
vn 0.0667 0.9921 -0.1059
vn -0.0591 -0.9897 0.1301
vn -0.0592 -0.9897 0.1301
vn -0.0353 -0.8915 0.4517
vn -0.0353 -0.8915 0.4516
vn 0.0820 0.3245 0.9423
vn 0.0821 0.3245 0.9423
vn -0.9954 0.0753 0.0595
vn 0.0432 0.8990 -0.4358
vn 0.9964 -0.0670 -0.0512
vn -0.0752 -0.5338 -0.8423
vn -0.0830 -0.7393 -0.6682
vn -0.0831 -0.7393 -0.6682
vn 0.9970 -0.0586 -0.0508
vn 0.9970 -0.0587 -0.0508
vn 0.0899 0.7385 0.6682
vn 0.0898 0.7385 0.6682
vn -0.0040 -0.6666 0.7454
vn -0.0039 -0.6666 0.7454
vn 0.0118 0.6748 -0.7379
vn -0.9960 0.0669 0.0591
vn -0.9960 0.0669 0.0590
vn 0.9950 -0.0983 -0.0197
vn -0.0990 -0.8087 -0.5799
vn -0.0990 -0.8087 -0.5798
vn -0.0985 -0.8088 -0.5798
vn -0.0987 -0.8087 -0.5799
vn -0.5108 0.6395 0.5746
vn -0.4928 0.6605 0.5664
vn -0.5035 0.6486 0.5708
vn -0.5081 0.6446 0.5712
vn -0.0833 -0.9959 -0.0357
vn -0.0356 0.1147 -0.9928
vn 0.0590 0.9864 0.1533
vn 0.0589 0.9864 0.1532
vn 0.0589 0.9864 0.1533
vn 0.9974 -0.0587 -0.0430
vn 0.9973 -0.0587 -0.0430
vn 0.0432 -0.1060 0.9934
vn -0.9964 0.0669 0.0512
vn -0.9964 0.0670 0.0512
vn -0.0594 -0.9941 0.0911
vn 0.9950 -0.0905 -0.0433
vn 0.9950 -0.0904 -0.0433
vn 0.0983 0.9945 -0.0354
vn -0.9938 0.0990 0.0515
vn 0.0509 0.0430 0.9978
vn 0.0509 0.0431 0.9978
vn -0.0434 -0.0355 -0.9984
vn -0.0827 0.0197 -0.9964
vn 0.9950 -0.0747 -0.0669
vn -0.0829 -0.9908 -0.1066
vn 0.9953 -0.0826 -0.0512
vn 0.9953 -0.0826 -0.0511
vn -0.0988 -0.8498 -0.5178
vn 0.1058 0.8421 0.5288
vn 0.1057 0.8422 0.5288
vn -0.9941 0.0911 0.0594
vn -0.7355 0.6118 0.2912
vn -0.7357 0.6097 0.2950
vn 0.9935 -0.1139 -0.0039
vn 0.9935 -0.1139 -0.0040
vn -0.0911 -0.7962 -0.5981
vn -0.9924 0.1226 0.0119
vn -0.9924 0.1225 0.0119
vn -0.2587 0.7159 0.6485
vn -0.2671 0.7208 0.6397
vn -0.2665 0.7295 0.6299
vn -0.2774 0.7393 0.6136
vn 0.0275 0.9948 0.0983
vn -0.9989 0.0198 0.0435
vn -0.0199 -0.9956 -0.0912
vn -0.0198 -0.9956 -0.0912
vn 0.0433 -0.0905 0.9950
vn 0.0433 -0.0904 0.9950
vn -0.0357 0.0991 -0.9944
vn -0.0357 0.0990 -0.9944
vn 0.9993 -0.0118 -0.0353
vn -0.0512 -0.1852 -0.9814
vn -0.0592 -0.9979 0.0276
vn 0.9972 -0.0665 -0.0352
vn 0.9959 -0.0828 -0.0354
vn 0.9959 -0.0827 -0.0354
vn -0.0676 -0.4730 -0.8785
vn -0.0676 -0.4731 -0.8784
vn 0.3105 -0.9394 -0.1454
vn -0.3746 0.0276 -0.9268
vn -0.3747 0.0276 -0.9268
vn -0.4839 0.8459 0.2242
vn -0.4839 0.8459 0.2243
vn 0.8440 0.4200 -0.3337
vn 0.8440 0.4200 -0.3336
vn 0.3787 -0.0195 0.9253
vn 0.3787 -0.0196 0.9253
vn -0.8472 -0.4059 0.3428
vn 0.9022 -0.2718 -0.3349
vn 0.9022 -0.2719 -0.3349
vn -0.1379 -0.9891 0.0512
vn -0.1380 -0.9891 0.0512
vn -0.9255 0.1221 0.3584
vn -0.9256 0.1221 0.3584
vn 0.1533 0.9869 -0.0511
vn -0.3516 0.0039 -0.9361
vn -0.3516 0.0039 -0.9362
vn 0.3558 0.0039 0.9345
vn 0.3653 -0.0039 0.9309
vn -0.8963 0.2804 0.3435
vn -0.8963 0.2803 0.3435
vn -0.4297 -0.8869 0.1695
vn -0.3611 0.0119 -0.9325
vn -0.3611 0.0118 -0.9325
vn 0.8235 -0.4689 -0.3192
vn 0.8236 -0.4689 -0.3192
vn 0.4119 0.8983 -0.1529
vn 0.4119 0.8983 -0.1530
vn 0.4119 0.8982 -0.1532
vn 0.6827 -0.6748 -0.2802
vn 0.6334 0.7357 -0.2400
vn 0.6334 0.7357 -0.2399
vn -0.6733 0.6812 0.2874
vn 0.3720 -0.0117 0.9281
vn 0.3720 -0.0118 0.9281
vn -0.3679 0.0198 -0.9297
vn -0.6311 -0.7343 0.2500
vn 0.8511 0.4589 -0.2549
vn 0.8511 0.4589 -0.2550
vn -0.2898 0.0278 -0.9567
vn -0.8166 -0.5247 0.2406
vn -0.4673 0.8678 0.1689
vn -0.4673 0.8678 0.1688
vn 0.2949 -0.0197 0.9553
vn 0.4772 -0.8638 -0.1617
vn 0.0508 0.9970 0.0586
vn -0.2489 0.0356 -0.9679
vn -0.2489 0.0355 -0.9679
vn 0.0988 -0.9938 -0.0515
vn 0.0990 -0.9938 -0.0515
vn 0.0989 -0.9938 -0.0515
vn -0.9645 -0.0905 0.2480
vn 0.2544 -0.0196 0.9669
vn 0.9640 0.1141 -0.2400
vn 0.0277 -0.9954 -0.0912
vn 0.0278 -0.9954 -0.0912
vn -0.3837 0.0593 -0.9216
vn -0.1450 0.9838 0.1058
vn 0.9184 0.1368 -0.3713
vn 0.9184 0.1367 -0.3713
vn 0.3877 -0.0509 0.9204
vn -0.9154 -0.1297 0.3811
vn -0.9154 -0.1296 0.3811
vn -0.1147 -0.9930 -0.0277
vn 0.9210 -0.0353 -0.3880
vn 0.9210 -0.0352 -0.3880
vn 0.0746 0.9938 0.0825
vn -0.9166 0.0433 0.3973
vn -0.9166 0.0433 0.3974
vn -0.9167 0.0433 0.3973
vn 0.3864 -0.0976 0.9172
vn -0.3822 0.1063 -0.9180
vn -0.3821 0.1064 -0.9180
vn -0.3822 0.1064 -0.9180
vn 0.9370 0.0196 -0.3489
vn 0.9369 0.0196 -0.3489
vn -0.3515 0.0040 -0.9362
vn -0.9335 -0.0118 0.3584
vn 0.3420 0.0039 0.9397
vn 0.3421 0.0039 0.9397
vn 0.0118 -0.9999 -0.0040
vn -0.0039 0.9999 0.0118
vn 0.9347 0.1447 -0.3246
vn -0.2552 0.9619 0.0981
vn -0.2552 0.9619 0.0982
vn -0.8970 -0.3280 0.2964
vn 0.2812 -0.9545 -0.0990
vn 0.3186 -0.0039 0.9479
vn -0.3138 0.0119 -0.9494
vn 0.2616 -0.0351 0.9645
vn 0.2616 -0.0352 0.9645
vn -0.2562 0.0433 -0.9657
vn -0.2562 0.0434 -0.9657
vn -0.2562 0.0433 -0.9656
vn -0.7409 0.3606 -0.5666
vn 0.9405 -0.2322 -0.2479
vn 0.2541 -0.0508 0.9658
vn 0.2542 -0.0508 0.9658
vn -0.6244 0.4290 -0.6528
vn -0.6365 0.4012 -0.6587
vn -0.5730 0.4847 -0.6609
vn -0.6616 0.3714 -0.6515
vn -0.6513 0.3764 -0.6589
vn 0.2543 -0.0430 0.9662
vn 0.2542 -0.0431 0.9662
vn 0.7528 -0.6187 -0.2246
vn 0.7528 -0.6188 -0.2247
vn 0.7527 -0.6188 -0.2246
vn -0.2489 0.0434 -0.9676
vn -0.2515 0.0389 -0.9671
vn -0.2489 0.0435 -0.9676
vn -0.7456 0.6273 0.2249
vn -0.6056 0.4869 -0.6294
vn -0.6057 0.4869 -0.6294
vn 0.5019 -0.8496 -0.1620
vn 0.2542 -0.0430 0.9662
vn -0.2487 0.0513 -0.9672
vn -0.5122 0.8406 0.1759
vn -0.5122 0.8406 0.1760
vn -0.6280 0.4701 -0.6202
vn -0.6281 0.4701 -0.6202
vn -0.6281 0.4700 -0.6201
vn -0.6281 0.4701 -0.6201
vn 0.3041 -0.0434 -0.9517
vn 0.3040 -0.0435 -0.9517
vn 0.3040 -0.0434 -0.9517
vn 0.8857 -0.3582 0.2952
vn 0.8857 -0.3583 0.2952
vn -0.8835 0.3685 -0.2892
vn -0.8835 0.3684 -0.2892
vn -0.5951 0.5829 0.5533
vn -0.6082 0.5768 0.5454
vn 0.0985 -0.9894 0.1064
vn 0.0986 -0.9894 0.1064
vn 0.2725 -0.0672 -0.9598
vn 0.2725 -0.0671 -0.9598
vn -0.0824 0.9925 -0.0902
vn 0.2894 -0.0595 -0.9554
vn -0.3972 0.9005 -0.1770
vn 0.4126 -0.8920 0.1847
vn -0.6379 0.4320 0.6376
vn -0.6679 0.4292 0.6080
vn -0.6095 0.4352 0.6627
vn -0.5625 0.4315 0.7052
vn 0.2966 -0.0593 -0.9532
vn 0.2966 -0.0593 -0.9531
vn -0.6926 0.6768 -0.2494
vn 0.6544 0.7406 0.1528
vn -0.6626 0.4587 0.5920
vn 0.6990 -0.6674 0.2567
vn -0.6545 -0.7417 -0.1468
vn -0.7427 0.5933 -0.3104
vn 0.3265 -0.0983 -0.9401
vn 0.7718 -0.5368 0.3409
vn 0.7718 -0.5367 0.3409
vn -0.5742 -0.8117 -0.1069
vn -0.3168 0.1056 0.9426
vn 0.5753 0.8100 0.1135
vn 0.5752 0.8101 0.1135
vn 0.5753 0.8101 0.1135
vn -0.0674 -0.9954 0.0674
vn 0.1612 0.9869 0.0039
vn 0.9472 -0.1061 0.3026
vn -0.2871 0.0668 0.9556
vn -0.2871 0.0669 0.9556
vn -0.9478 0.1150 -0.2974
vn 0.0673 -0.9936 0.0910
vn 0.9546 0.0432 0.2946
vn -0.0039 0.9951 -0.0984
vn -0.9564 -0.0357 -0.2897
vn -0.9565 -0.0357 -0.2897
vn -0.2863 0.0980 0.9531
vn -0.2863 0.0981 0.9531
vn 0.2959 -0.0908 -0.9509
vn 0.2959 -0.0907 -0.9509
vn -0.9664 0.0197 -0.2564
vn 0.2798 -0.0670 -0.9577
vn 0.8763 -0.3812 0.2947
vn 0.8763 -0.3811 0.2947
vn -0.1546 -0.9873 0.0357
vn -0.1547 -0.9873 0.0357
vn -0.2557 0.0747 0.9639
vn -0.2557 0.0748 0.9639
vn 0.1840 0.9827 -0.0196
vn -0.8010 0.5248 -0.2881
vn -0.8010 0.5248 -0.2880
vn -0.5185 -0.8510 -0.0831
vn 0.7514 -0.5940 0.2872
vn 0.7514 -0.5941 0.2872
vn 0.5292 0.8428 0.0980
vn -0.2867 0.0825 0.9545
vn 0.2963 -0.0751 -0.9521
vn -0.7318 0.5973 -0.3283
vn 0.3357 -0.1066 -0.9359
vn 0.3357 -0.1067 -0.9359
vn 0.6161 -0.7338 0.2864
vn 0.6160 -0.7338 0.2865
vn -0.5916 -0.7980 -0.1151
vn -0.5916 -0.7980 -0.1152
vn -0.3259 0.1139 0.9385
vn -0.3260 0.1139 0.9385
vn 0.6093 0.7823 0.1297
vn 0.3115 -0.0118 -0.9502
vn 0.0983 0.9951 0.0118
vn -0.0913 -0.9958 -0.0040
vn -0.9471 0.0991 -0.3051
vn -0.2872 0.0590 0.9560
vn -0.2872 0.0590 0.9561
vn 0.9464 -0.0903 0.3102
vn 0.9464 -0.0904 0.3102
vn 0.3108 -0.0669 -0.9481
vn 0.9391 0.1768 0.2947
vn 0.0039 -0.9977 0.0670
vn 0.0040 -0.9977 0.0670
vn -0.6090 0.7425 -0.2789
vn 0.3199 -0.0829 -0.9438
vn 0.4136 -0.8862 0.2088
vn 0.4135 -0.8862 0.2088
vn -0.0674 -0.8835 -0.4636
vn -0.0673 -0.8835 -0.4635
vn -0.0674 -0.8835 -0.4635
vn 0.9973 -0.0587 -0.0431
vn 0.0197 -0.4613 0.8870
vn -0.0039 0.5226 -0.8526
vn -0.0040 0.5225 -0.8526
vn -0.0751 -0.3201 -0.9444
vn 0.0590 0.9629 -0.2633
vn 0.0589 0.9629 -0.2633
vn 0.0903 0.1452 0.9853
vn 0.0903 0.1453 0.9853
vn 0.9960 -0.0669 -0.0591
vn 0.9960 -0.0669 -0.0590
vn 0.9960 -0.0670 -0.0591
vn -0.0513 -0.9586 0.2801
vn -0.9949 0.0753 0.0674
vn -0.9949 0.0753 0.0673
vn -0.0830 -0.7394 -0.6682
vn 0.9965 -0.0664 -0.0508
vn 0.9965 -0.0665 -0.0508
vn 0.0821 0.5355 0.8405
vn 0.0821 0.5356 0.8405
vn -0.9955 0.0747 0.0590
vn -0.9955 0.0748 0.0590
vn -0.0197 -0.8313 0.5555
vn 0.0274 0.8113 -0.5840
vn 0.0821 0.9966 0.0117
vn -0.0749 -0.9972 -0.0039
vn -0.9924 0.0830 0.0909
vn 0.9938 -0.0746 -0.0825
vn -0.0987 -0.8249 -0.5565
vn -0.0986 -0.8250 -0.5565
vn -0.9924 0.1225 0.0118
vn 0.1053 0.8232 0.5579
vn -0.4041 0.7101 0.5767
vn -0.0988 -0.8022 -0.5888
vn 0.9956 -0.0826 -0.0433
vn -0.6237 0.5633 0.5420
vn -0.8919 0.1347 0.4317
vn -0.5366 0.6417 0.5479
vn -0.9372 -0.0566 0.3442
vn -0.0516 -0.9878 -0.1468
vn 0.0586 0.9567 0.2851
vn -0.0276 0.2322 -0.9723
vn -0.0275 0.2323 -0.9723
vn 0.0354 -0.2322 0.9720
vn 0.0431 -0.0196 0.9989
vn 0.0904 0.9950 0.0433
vn 0.0905 0.9950 0.0433
vn 0.0904 0.9950 0.0432
vn -0.9945 0.0911 0.0515
vn -0.0355 0.0276 -0.9990
vn -0.0356 0.0276 -0.9990
vn -0.0912 -0.9949 0.0436
vn 0.9956 -0.0827 -0.0433
vn 0.9969 -0.0665 -0.0430
vn 0.0668 0.9943 -0.0826
vn 0.0668 0.9943 -0.0825
vn 0.0589 0.0904 0.9942
vn -0.0516 -0.0833 -0.9952
vn -0.0518 -0.0833 -0.9952
vn -0.0517 -0.0833 -0.9952
vn -0.9959 0.0748 0.0512
vn 0.9959 -0.0748 -0.0512
vn -0.0914 -0.9182 -0.3855
vn -0.0914 -0.9181 -0.3855
vn -0.0914 -0.9181 -0.3856
vn 0.0977 0.9102 0.4024
vn 0.0977 0.9102 0.4025
vn -0.9948 0.0832 0.0594
vn -0.7356 0.6097 0.2950
vn -0.0830 -0.6682 -0.7394
vn -0.0830 -0.6682 -0.7393
vn -0.9939 0.1069 0.0277
vn 0.0665 0.9976 -0.0196
vn 0.0431 0.0117 0.9990
vn 0.9981 -0.0509 -0.0352
vn -0.0356 -0.0040 -0.9994
vn -0.9973 0.0591 0.0434
vn -0.9973 0.0592 0.0434
vn 0.9966 -0.0743 -0.0352
vn 0.9966 -0.0742 -0.0352
vn -0.0593 -0.3440 -0.9371
vn -0.9956 0.0826 0.0433
vn -0.1457 0.4352 0.8885
vn -0.0378 0.2603 0.9648
vn -0.1081 0.3657 0.9244
vn -0.2160 0.5230 0.8245
vn 0.4940 -0.8418 -0.2174
vn 0.7633 0.5754 -0.2936
vn 0.7633 0.5755 -0.2936
vn 0.3653 0.0039 0.9309
vn 0.3653 0.0040 0.9309
vn -0.7862 -0.5334 0.3121
vn -0.2571 -0.9613 0.0989
vn 0.2627 0.9607 -0.0902
vn 0.5232 0.8301 -0.1928
vn -0.8158 0.4769 0.3271
vn -0.5109 -0.8356 0.2020
vn -0.5109 -0.8356 0.2019
vn 0.3720 -0.0039 0.9282
vn 0.3721 -0.0039 0.9282
vn -0.3680 0.0119 -0.9298
vn -0.3679 0.0119 -0.9298
vn 0.9301 -0.1138 -0.3493
vn 0.0743 0.9970 -0.0196
vn 0.0743 0.9970 -0.0195
vn -0.0670 -0.9974 0.0276
vn 0.8173 0.5279 -0.2307
vn 0.8173 0.5279 -0.2308
vn 0.5012 -0.8485 -0.1697
vn 0.2782 -0.0274 0.9601
vn 0.2782 -0.0275 0.9601
vn 0.3092 -0.0117 0.9509
vn 0.3091 -0.0117 0.9509
vn -0.8503 -0.4548 0.2650
vn 0.3906 -0.9113 -0.1302
vn -0.3043 0.0197 -0.9524
vn -0.3043 0.0198 -0.9524
vn 0.8982 0.3334 -0.2863
vn 0.8982 0.3334 -0.2864
vn -0.3807 0.9144 0.1374
vn -0.3807 0.9144 0.1373
vn 0.1540 -0.9831 -0.0987
vn -0.8892 -0.2727 0.3675
vn -0.8891 -0.2727 0.3675
vn -0.3008 0.9414 0.1523
vn -0.3008 0.9414 0.1524
vn 0.8933 0.2715 -0.3582
vn 0.8933 0.2715 -0.3581
vn 0.8933 0.2714 -0.3582
vn -0.3773 0.0358 -0.9254
vn -0.3773 0.0357 -0.9254
vn 0.3814 -0.0275 0.9240
vn 0.3814 -0.0276 0.9240
vn 0.3869 -0.0821 0.9185
vn -0.0197 0.9950 0.0983
vn -0.9200 -0.0276 0.3909
vn -0.3828 0.0907 -0.9194
vn -0.3827 0.0908 -0.9194
vn -0.0674 -0.9949 -0.0753
vn 0.9238 0.0354 -0.3813
vn 0.9166 -0.0905 -0.3894
vn 0.9166 -0.0905 -0.3895
vn 0.1216 0.9920 0.0353
vn 0.1215 0.9920 0.0353
vn 0.3874 -0.0665 0.9195
vn -0.3833 0.0751 -0.9206
vn -0.9118 0.0987 0.3986
vn -0.1060 0.9931 0.0510
vn -0.9323 -0.1377 0.3344
vn 0.1224 -0.9915 -0.0435
vn 0.1225 -0.9915 -0.0434
vn 0.1225 -0.9915 -0.0435
vn 0.3396 -0.0039 0.9406
vn 0.3395 -0.0039 0.9406
vn -0.3351 0.0118 -0.9421
vn 0.4711 -0.8670 -0.1623
vn 0.8626 -0.4451 -0.2403
vn -0.8640 0.4379 0.2485
vn -0.5884 0.5094 -0.6279
vn 0.6519 -0.7310 -0.2015
vn -0.6426 0.7372 0.2089
vn -0.6351 0.4615 -0.6193
vn -0.6351 0.4615 -0.6194
vn -0.6351 0.4616 -0.6193
vn -0.0434 -0.9977 -0.0512
vn -0.0355 -0.9981 -0.0513
vn -0.0433 -0.9977 -0.0515
vn -0.0434 -0.9977 -0.0515
vn 0.2540 -0.0586 0.9654
vn 0.9686 -0.0275 -0.2471
vn 0.2968 -0.0514 -0.9536
vn 0.2967 -0.0515 -0.9536
vn 0.2967 -0.0514 -0.9536
vn 0.2483 -0.9577 0.1458
vn -0.4418 0.3526 0.8249
vn -0.4840 0.3689 0.7935
vn -0.5779 0.4160 0.7021
vn -0.5388 0.8142 -0.2163
vn -0.5389 0.8142 -0.2163
vn 0.5241 -0.8236 0.2167
vn 0.2652 -0.0673 -0.9618
vn 0.9651 -0.0117 0.2618
vn 0.0352 0.9977 -0.0587
vn -0.0276 -0.9974 0.0670
vn -0.7674 0.5470 -0.3345
vn 0.5579 0.8232 0.1053
vn 0.7369 -0.5872 0.3350
vn -0.5565 -0.8249 -0.0987
vn 0.3427 -0.1063 -0.9334
vn 0.3426 -0.1063 -0.9334
vn -0.3329 0.1136 0.9361
vn -0.2937 0.0901 0.9516
vn 0.7478 -0.5833 0.3171
vn 0.7478 -0.5834 0.3171
vn 0.5887 0.7993 0.1209
vn 0.5887 0.7993 0.1208
vn 0.3033 -0.0827 -0.9493
vn -0.7461 0.6040 -0.2803
vn -0.5878 -0.8009 -0.1144
vn -0.5878 -0.8008 -0.1144
vn 0.9244 -0.2321 0.3028
vn 0.9243 -0.2321 0.3029
vn -0.3859 0.0742 0.9195
vn -0.4649 0.2749 0.8416
vn -0.3251 0.0950 0.9409
vn -0.4683 0.3469 0.8126
vn -0.9265 0.2326 -0.2957
vn -0.2865 0.0903 0.9538
vn 0.0748 0.9955 -0.0590
vn -0.9545 0.0277 -0.2970
vn 0.2961 -0.0829 -0.9515
vn 0.0119 -0.9942 0.1070
vn 0.0119 -0.9942 0.1069
vn 0.9531 -0.0196 0.3020
vn 0.9538 0.0902 0.2865
vn 0.9538 0.0903 0.2865
vn -0.0590 0.9948 -0.0826
vn -0.9559 -0.0833 -0.2816
vn -0.2869 0.0747 0.9550
vn 0.2965 -0.0672 -0.9527
vn -0.8738 0.3914 -0.2886
vn -0.4002 -0.9154 -0.0436
vn 0.8052 -0.5146 0.2946
vn 0.4104 0.9105 0.0507
vn 0.4103 0.9105 0.0508
vn 0.4103 0.9105 0.0511
vn 0.4104 0.9105 0.0509
vn -0.2795 0.0827 0.9566
vn 0.2891 -0.0752 -0.9544
vn 0.2890 -0.0752 -0.9544
vn 0.3264 -0.0983 -0.9401
vn 0.7219 0.6673 0.1834
vn -0.7230 -0.6675 -0.1779
vn -0.7230 -0.6676 -0.1778
vn -0.7229 -0.6677 -0.1778
vn 0.3111 -0.0512 -0.9490
vn 0.0039 0.9983 -0.0587
vn 0.9509 0.0118 0.3092
vn 0.9509 0.0117 0.3092
vn -0.9526 -0.0040 -0.3043
vn -0.9526 -0.0040 -0.3044
vn -0.9525 -0.0040 -0.3044
vn 0.3131 -0.0674 -0.9473
vn 0.0587 0.1762 0.9826
vn 0.0587 0.1761 0.9826
vn 0.8275 0.5216 -0.2078
vn 0.8275 0.5216 -0.2079
vn -0.9436 0.2093 0.2566
vn -0.9417 0.2088 0.2640
vn -0.9436 0.2092 0.2566
vn 0.2710 0.9625 -0.0118
vn 0.2711 0.9625 -0.0118
vn 0.8279 0.5297 -0.1844
vn 0.9132 0.3250 0.2457
vn 0.9129 0.3252 0.2468
vn -0.8574 -0.4702 0.2094
vn 0.0665 0.9743 -0.2152
vn -0.9963 0.0748 0.0433
vn 0.0670 0.5955 -0.8006
vn 0.0434 0.5963 -0.8016
vn 0.0434 0.5962 -0.8016
vn 0.0040 0.5261 -0.8504
vn 0.0039 0.5261 -0.8504
vn -0.0118 -0.5930 0.8051
vn -0.0112 -0.5934 0.8048
vn 0.0275 -0.3814 0.9240
vn -0.9937 0.0831 0.0752
vn -0.9937 0.0832 0.0752
vn -0.9939 0.0853 0.0700
vn -0.2802 -0.9590 -0.0434
vn -0.2795 -0.9590 -0.0458
vn -0.8190 -0.5342 -0.2096
vn -0.8190 -0.5341 -0.2098
vn -0.8190 -0.5341 -0.2097
vn -0.3613 0.2155 0.9072
vn -0.4215 0.2621 0.8681
vn -0.5331 0.3322 0.7781
vn -0.1975 0.1078 0.9744
vn -0.2183 -0.0020 0.9759
vn -0.2391 -0.0491 0.9698
vn -0.3086 -0.1759 0.9348
vn -0.1584 0.1043 0.9818
vn 0.1051 0.7969 0.5949
vn 0.1055 0.8007 0.5898
vn 0.1054 0.8007 0.5898
vn 0.1054 0.8007 0.5897
vn 0.0197 0.6018 -0.7984
vn -0.0591 -0.7367 0.6736
vn -0.0591 -0.7367 0.6737
vn 0.0669 0.7438 -0.6651
vn -0.0591 -0.9727 0.2245
vn -0.0591 -0.9727 0.2244
vn -0.4913 0.8529 0.1769
vn 0.7181 0.6789 -0.1531
vn 0.0430 0.9974 0.0587
vn -0.2941 0.2843 0.9125
vn 0.8998 0.3418 0.2711
vn 0.0821 0.6035 0.7931
vn -0.1911 0.7319 0.6541
vn -0.2187 0.7276 0.6502
vn -0.3478 0.7456 0.5685
vn -0.3780 0.7176 0.5850
vn 0.0589 0.5455 -0.8360
vn 0.0589 0.5456 -0.8360
vn -0.0198 0.3910 -0.9202
vn -0.0197 0.3910 -0.9202
vn 0.0039 -0.5168 0.8561
vn -0.6204 0.5146 0.5918
vn -0.6057 0.5478 0.5771
vn -0.6286 0.4854 0.6076
vn -0.5976 0.5776 0.5561
vn -0.6656 0.4437 0.6001
vn -0.6545 0.4619 0.5985
vn -0.6600 0.4515 0.6005
vn -0.6696 0.4361 0.6012
vn 0.9558 0.1455 0.2557
vn 0.1927 -0.9715 0.1377
vn -0.4092 0.8904 -0.1993
vn -0.4048 0.8922 -0.2004
vn -0.4049 0.8921 -0.2004
vn 0.5147 0.8526 -0.0904
vn 0.5148 0.8526 -0.0904
vn -0.7172 -0.6776 0.1624
vn -0.7173 -0.6776 0.1624
vn -0.7195 -0.6753 0.1621
vn -0.7172 -0.6776 0.1625
vn -0.6175 0.4906 -0.6147
vn -0.6216 0.4869 -0.6136
vn -0.6182 0.4933 -0.6120
vn -0.6150 0.5031 -0.6072
vn -0.4611 0.8710 0.1695
vn -0.4611 0.8710 0.1694
vn -0.4706 0.8654 0.1720
vn -0.4610 0.8711 0.1694
vn 0.8576 0.4739 -0.1997
vn -0.8276 -0.5267 0.1940
vn -0.8270 -0.5184 0.2176
vn -0.0509 -0.5367 0.8422
vn 0.1053 0.8071 0.5810
vn 0.1052 0.8071 0.5810
vn -0.9939 0.1068 0.0277
vn -0.9939 0.1068 0.0278
vn -0.9936 0.1094 0.0267
vn -0.9939 0.1067 0.0276
vn 0.0897 0.9817 0.1682
vn 0.0899 0.9817 0.1681
vn 0.0900 0.9816 0.1682
vn -0.0512 -0.8861 0.4607
vn -0.0512 -0.8861 0.4608
vn -0.9950 0.0898 0.0431
vn -0.9953 0.0891 0.0367
vn -0.9949 0.0933 0.0378
vn -0.9950 0.0903 0.0421
vn -0.2803 0.5572 0.7816
vn -0.2809 0.5637 0.7767
vn -0.2768 0.5601 0.7808
vn -0.2761 0.5607 0.7806
vn -0.2486 0.0592 -0.9668
vn 0.7181 0.6789 -0.1530
vn 0.7175 0.6795 -0.1535
vn -0.5120 -0.8533 0.0992
vn -0.5120 -0.8532 0.0992
vn 0.4653 0.8797 0.0977
vn 0.4654 0.8797 0.0977
vn 0.4678 0.8797 0.0860
vn 0.4653 0.8798 0.0978
vn -0.9581 -0.1392 -0.2504
vn -0.9581 -0.1392 -0.2505
vn -0.9580 -0.1366 -0.2522
vn -0.9581 -0.1391 -0.2504
vn 0.9650 -0.0117 0.2618
vn 0.9656 -0.0144 0.2595
vn 0.9651 -0.0117 0.2617
vn -0.1839 0.9744 -0.1291
vn -0.1839 0.9744 -0.1292
vn -0.9388 -0.1864 -0.2897
vn -0.9390 -0.1867 -0.2889
vn -0.9389 -0.1860 -0.2895
vn -0.9391 -0.1856 -0.2893
vn 0.8323 0.5041 0.2306
vn 0.8299 0.5074 0.2321
vn 0.8299 0.5074 0.2320
vn -0.1289 -0.0276 0.9913
vn -0.0470 -0.0686 0.9965
vn -0.3194 0.0496 0.9463
vn -0.8453 -0.4801 -0.2345
vn -0.8448 -0.4807 -0.2352
vn -0.8458 -0.4792 -0.2344
vn 0.0942 -0.1128 0.9891
vn -0.0591 -0.5869 0.8075
vn -0.0355 -0.5876 0.8084
vn 0.0588 0.8905 -0.4512
vn 0.0589 0.8905 -0.4511
vn 0.0588 0.8905 -0.4511
vn -0.2730 0.0356 -0.9614
vn -0.2657 -0.9638 0.0198
vn -0.2658 -0.9638 0.0198
vn -0.2485 0.0670 -0.9663
vn -0.2485 0.0671 -0.9663
vn -0.2486 0.0671 -0.9663
vn -0.9660 0.0355 0.2563
vn -0.4623 -0.8821 -0.0909
vn -0.4626 -0.8819 -0.0909
vn -0.4627 -0.8818 -0.0910
vn -0.4628 -0.8818 -0.0910
vn 0.8221 -0.4915 0.2873
vn 0.8251 -0.4886 0.2837
vn 0.8221 -0.4916 0.2873
vn 0.8226 -0.4908 0.2871
vn -0.8073 0.5238 -0.2717
vn -0.8074 0.5238 -0.2718
vn -0.2319 0.9640 -0.1302
vn -0.2321 0.9640 -0.1298
vn -0.2321 0.9640 -0.1299
vn -0.2322 0.9640 -0.1299
vn -0.2323 0.9639 -0.1300
vn 0.8168 0.5353 0.2150
vn 0.8202 0.5304 0.2144
vn 0.8168 0.5354 0.2149
vn -0.1547 -0.9880 0.0037
vn -0.1547 -0.9880 0.0040
vn -0.6092 0.5724 0.5489
vn -0.9002 -0.3450 -0.2657
vn -0.9005 -0.3446 -0.2652
vn 0.1174 -0.1635 0.9795
vn 0.0669 0.7438 -0.6650
vn 0.0661 0.7441 -0.6648
vn -0.9157 -0.3211 -0.2418
vn -0.9145 -0.3249 -0.2411
vn -0.9158 -0.3202 -0.2424
vn 0.2852 0.9571 0.0508
vn -0.0357 -0.1546 -0.9873
vn -0.1199 -0.0652 -0.9906
vn -0.2722 -0.2544 -0.9280
vn -0.0683 -0.2387 -0.9687
vn 0.2621 -0.3742 -0.8895
vn -0.5047 -0.3591 -0.7851
vn -0.5785 -0.3214 -0.7497
vn -0.4028 -0.3793 -0.8330
vn 0.0090 -0.1041 -0.9945
vn -0.0357 -0.1547 -0.9873
vn 0.5470 0.3492 0.7608
vn 0.5957 -0.1820 0.7823
vn 0.4717 0.4216 0.7744
vn 0.4360 0.7337 0.5211
vn 0.2061 0.9757 0.0750
vn -0.1573 0.8013 -0.5772
vn -0.0271 0.9767 -0.2128
vn 0.1823 0.9339 0.3076
vn -0.3647 0.8302 -0.4216
vn -0.4263 0.8814 -0.2033
vn -0.2534 0.7104 -0.6566
vn -0.0675 0.8958 -0.4393
vn 0.3445 0.8920 0.2926
vn 0.7138 0.3703 0.5945
vn 0.7084 0.3122 0.6330
vn -0.0822 0.9849 -0.1524
vn -0.4678 0.4867 -0.7378
vn -0.3015 0.8460 -0.4397
vn -0.5045 0.0843 -0.8593
vn -0.4194 0.2385 -0.8759
vn -0.4632 0.1484 -0.8737
vn -0.4252 -0.2073 -0.8810
vn -0.3045 -0.7622 -0.5712
vn -0.4490 -0.5140 -0.7309
vn -0.2995 -0.7430 -0.5985
vn -0.5969 0.5356 -0.5974
vn 0.4091 0.8599 0.3053
vn -0.2419 0.9014 -0.3591
vn 0.6923 -0.4514 0.5630
vn 0.6883 0.6426 0.3366
vn 0.8048 -0.0564 0.5909
vn 0.7418 0.5885 0.3214
vn -0.3529 0.9352 -0.0302
vn -0.6428 0.5037 -0.5771
vn -0.8040 -0.0744 -0.5899
vn -0.7396 -0.5457 -0.3939
vn -0.2795 -0.9602 -0.0027
vn -0.3061 -0.9169 -0.2563
vn -0.6961 -0.3894 -0.6032
vn 0.4347 -0.7683 0.4699
vn 0.4667 -0.7841 0.4091
vn -0.2350 -0.9376 -0.2565
vn 0.0979 -0.9935 0.0574
vn 0.5294 -0.5586 0.6385
vn 0.1384 -0.9699 0.2001
vn 0.2128 -0.8982 0.3847
vn 0.0389 -0.9836 0.1760
vn 0.7330 -0.6802 0.0002
vn 0.1439 -0.9329 0.3300
vn 0.2477 -0.7177 0.6509
vn 0.5231 0.1728 0.8346
vn 0.4622 0.2073 0.8622
vn 0.2175 -0.9195 0.3275
vn 0.0398 -0.9920 0.1194
vn -0.3314 -0.5280 -0.7819
vn -0.1888 -0.8797 -0.4364
vn -0.1106 -0.9636 -0.2434
vn -0.2491 -0.6677 -0.7015
vn -0.0055 -0.9371 -0.3489
vn 0.0038 -0.9434 0.3317
vn -0.0998 -0.9547 -0.2803
vn -0.1812 -0.3867 -0.9042
vn -0.1112 -0.9626 0.2469
vn -0.0253 -0.9995 0.0191
vn -0.0540 -0.7585 -0.6494
vn 0.0464 -0.8124 0.5812
vn -0.0576 0.0277 0.9980
vn -0.1386 -0.5266 0.8388
vn -0.0082 -0.9935 -0.1132
vn -0.0103 -0.5973 -0.8020
vn -0.0086 0.0577 -0.9983
vn -0.1481 0.3335 -0.9311
vn -0.0507 0.9138 -0.4030
vn 0.1333 0.1328 -0.9821
vn 0.0560 0.7667 -0.6396
vn -0.1792 0.7262 -0.6637
vn -0.0308 0.9945 0.1004
vn -0.2048 0.7817 -0.5890
vn -0.1024 0.9271 -0.3605
vn -0.3019 -0.0426 -0.9524
vn -0.3651 0.1732 -0.9147
vn -0.2127 0.8678 -0.4490
vn -0.2356 0.9006 -0.3653
vn -0.1729 0.6121 0.7717
vn -0.0356 0.9605 0.2759
vn -0.0115 0.9966 0.0817
vn -0.2278 0.3606 0.9045
vn -0.0822 0.8799 0.4680
vn -0.3951 -0.1707 0.9026
vn -0.1541 -0.6808 0.7160
vn -0.0613 -0.9981 0.0075
vn -0.2359 0.0446 0.9707
vn 0.1565 -0.6198 -0.7690
vn 0.1310 -0.9158 -0.3798
vn -0.2207 -0.8937 0.3907
vn -0.5065 -0.3610 0.7831
vn -0.0217 0.6040 0.7967
vn 0.0869 0.6978 0.7110
vn 0.2903 0.0420 -0.9560
vn -0.1900 -0.9673 0.1679
vn 0.1415 -0.7114 -0.6883
vn 0.0729 0.8174 -0.5714
vn 0.4551 0.2554 -0.8530
vn 0.3961 -0.5886 -0.7048
vn 0.1473 0.9050 -0.3992
vn -0.4720 -0.2977 0.8299
vn -0.2364 0.9459 0.2224
vn 0.3085 0.8423 -0.4420
vn 0.2667 0.7517 -0.6031
vn -0.0812 0.9755 0.2044
vn 0.4267 -0.2462 -0.8703
vn 0.3850 0.7427 -0.5479
vn 0.5800 -0.0461 -0.8133
vn 0.2346 -0.8699 -0.4338
vn 0.3111 -0.8905 -0.3322
vn -0.2317 -0.9389 0.2545
vn 0.6974 0.1344 -0.7040
vn -0.1353 0.9904 -0.0284
vn 0.6101 0.6428 -0.4633
vn 0.1756 0.9821 -0.0678
vn 0.7182 -0.4446 -0.5353
vn 0.8735 0.1328 -0.4684
vn 0.2457 0.9686 -0.0382
vn 0.4757 -0.7914 -0.3839
vn 0.4429 0.8742 -0.1991
vn 0.2682 -0.9398 -0.2119
vn -0.4819 -0.8330 0.2718
vn -0.2825 -0.8929 0.3506
vn -0.7538 0.0291 0.6565
vn -0.9139 0.1518 0.3766
vn -0.5497 -0.4454 0.7068
vn -0.6338 0.4943 0.5949
vn -0.3721 0.8788 0.2989
vn -0.4316 0.4523 0.7805
vn -0.4308 -0.4876 0.7594
vn -0.4310 -0.1566 0.8887
vn -0.2707 0.8301 0.4876
vn -0.0623 -0.9962 0.0602
vn 0.2026 -0.8900 0.4084
vn 0.0242 -0.9983 -0.0525
vn 0.0848 -0.9950 -0.0528
vn 0.0963 -0.9923 0.0782
vn 0.0250 -0.5798 0.8144
vn -0.1501 -0.8614 0.4852
vn -0.0667 -0.9629 0.2617
vn -0.0229 -0.9996 -0.0132
vn 0.1466 -0.8290 0.5396
vn 0.0682 -0.3276 0.9423
vn 0.2726 -0.3692 0.8884
vn 0.1477 -0.0573 0.9874
vn 0.1420 0.2065 0.9681
vn 0.1601 0.3286 0.9308
vn 0.1009 -0.9360 0.3373
vn 0.2639 -0.7356 0.6239
vn 0.3550 -0.3287 0.8752
vn 0.0687 -0.9953 0.0681
vn 0.1496 -0.9430 0.2973
vn 0.2332 -0.9147 0.3301
vn -0.0161 -0.9842 -0.1763
vn 0.4092 -0.4755 0.7788
vn 0.5745 -0.0660 0.8159
vn 0.5495 0.5584 0.6215
vn 0.1522 -0.9870 0.0517
vn 0.6482 -0.4745 0.5955
vn 0.3785 0.8674 0.3231
vn 0.5651 0.4675 0.6797
vn 0.7060 -0.2836 0.6489
vn 0.7345 0.4310 0.5241
vn 0.2152 0.9593 0.1829
vn 0.8387 -0.0948 0.5363
vn 0.2812 0.9333 0.2233
vn -0.6180 0.6498 -0.4426
vn -0.5133 0.8162 -0.2651
vn -0.7635 -0.1808 -0.6200
vn -0.0378 -0.9963 -0.0766
vn 0.1876 -0.9454 -0.2665
vn -0.7728 -0.4098 -0.4846
vn 0.5182 -0.8103 0.2737
vn -0.3735 -0.8045 -0.4618
vn -0.6698 -0.0872 -0.7374
vn -0.4633 0.6940 -0.5511
vn 0.1338 0.9856 0.1036
vn -0.0976 0.9880 -0.1198
vn -0.4192 0.4526 -0.7871
vn 0.0263 0.9423 0.3338
vn 0.1975 0.8046 0.5600
vn 0.1363 0.9360 0.3246
vn -0.1353 0.9085 -0.3953
vn -0.4228 -0.1543 -0.8930
vn 0.1252 0.8525 0.5075
vn 0.0177 0.9994 0.0290
vn -0.2742 0.2650 -0.9244
vn -0.1214 0.5019 -0.8564
vn 0.1416 0.3412 0.9293
vn 0.2039 0.4827 0.8517
vn 0.1917 0.5451 0.8161
vn 0.1542 0.8261 0.5421
vn 0.0391 0.9991 0.0169
vn -0.0281 0.9503 -0.3100
vn 0.0581 0.9801 -0.1898
vn -0.0078 0.3594 -0.9331
vn 0.0938 0.7653 -0.6367
vn -0.0729 0.5055 -0.8598
vn -0.0996 -0.3807 -0.9193
vn -0.0961 -0.2402 -0.9659
vn -0.0961 -0.7501 -0.6543
vn 0.0102 -0.9738 -0.2273
vn -0.0334 -0.8737 -0.4853
vn 0.0124 -0.9782 0.2073
vn -0.0794 -0.9264 0.3681
vn -0.0585 -0.7807 -0.6221
vn -0.0834 -0.4561 -0.8860
vn -0.0764 -0.4126 -0.9077
vn -0.1144 0.0584 -0.9917
vn -0.1037 -0.2265 -0.9685
vn -0.0413 -0.9959 -0.0809
vn -0.0839 -0.9389 -0.3338
vn -0.0951 -0.9497 0.2985
vn 0.0077 -0.8077 -0.5896
vn 0.0796 -0.9017 -0.4250
vn 0.1108 -0.0364 -0.9932
vn 0.0217 0.0184 -0.9996
vn 0.2289 -0.1454 -0.9625
vn 0.1487 0.4371 -0.8871
vn 0.0924 0.8392 -0.5360
vn -0.0287 0.8719 -0.4889
vn -0.0726 0.8787 0.4718
vn -0.1190 0.9146 0.3865
vn -0.0976 0.9840 -0.1489
vn -0.0642 0.6716 -0.7382
vn 0.0130 0.8738 -0.4862
vn 0.0655 0.9413 -0.3312
vn 0.3328 0.5841 0.7403
vn 0.1012 0.9796 0.1738
vn 0.0448 0.9955 0.0829
vn 0.4121 0.0060 0.9111
vn 0.3877 -0.5422 0.7455
vn 0.1683 0.9520 0.2558
vn 0.4320 0.1728 0.8852
vn 0.2761 -0.5974 0.7530
vn -0.0007 -0.9917 0.1283
vn 0.1903 -0.9097 0.3690
vn 0.1210 -0.9818 0.1462
vn -0.3467 -0.6109 -0.7118
vn 0.0223 -0.9996 0.0154
vn -0.1638 -0.8895 -0.4266
vn -0.0013 -0.9994 0.0352
vn -0.3302 0.1592 -0.9304
vn -0.4025 0.1874 -0.8961
vn -0.3256 -0.2436 -0.9136
vn -0.1392 -0.8627 -0.4862
vn -0.3318 0.6917 -0.6414
vn -0.2833 0.7968 -0.5338
vn -0.4062 0.4286 -0.8070
vn -0.0597 0.9865 -0.1528
vn -0.2454 0.9274 -0.2824
vn -0.0821 0.8016 -0.5922
vn -0.1235 -0.5400 -0.8326
vn 0.0263 0.5944 -0.8037
vn 0.0489 -0.9315 -0.3605
vn -0.0076 -0.9343 -0.3563
vn 0.1013 0.1835 -0.9778
vn 0.1479 -0.3084 -0.9397
vn 0.1135 0.8802 -0.4609
vn -0.0222 0.8639 -0.5031
vn 0.1240 0.8962 -0.4261
vn 0.0460 0.9968 -0.0651
vn 0.2164 0.7432 -0.6331
vn 0.2269 0.4468 -0.8654
vn -0.0340 -0.9994 0.0008
vn -0.0423 -0.9991 0.0045
vn 0.0823 -0.9384 -0.3356
vn -0.1501 -0.9618 0.2290
vn 0.1577 0.5581 -0.8147
vn 0.0155 0.9796 -0.2004
vn 0.0014 0.9701 0.2427
vn 0.0764 0.9406 0.3307
vn -0.0271 0.3817 0.9239
vn 0.1041 0.5879 0.8022
vn 0.0353 0.7305 0.6820
vn 0.0202 0.3664 0.9302
vn 0.0186 0.9820 -0.1879
vn 0.5185 0.7371 -0.4334
vn 0.2430 0.8506 -0.4664
vn -0.0166 0.8716 -0.4900
vn 0.1109 0.8497 -0.5155
vn 0.1498 0.9830 -0.1065
vn 0.5187 0.0871 0.8505
vn 0.1057 0.4145 -0.9039
vn 0.0695 0.9440 -0.3227
vn 0.0489 0.3966 -0.9167
vn -0.0114 -0.3221 -0.9466
vn 0.2744 -0.3675 -0.8886
vn 0.0442 -0.4283 -0.9026
vn 0.0098 -0.9615 -0.2746
vn 0.1583 -0.8947 -0.4177
vn 0.0314 -0.9574 0.2870
vn 0.0343 -0.8917 -0.4513
vn 0.0103 0.9982 0.0591
vn -0.2272 -0.9425 0.2449
vn -0.1961 -0.6024 0.7737
vn -0.2343 0.1446 0.9613
vn -0.2119 0.3355 0.9179
vn -0.0955 0.9816 0.1651
vn -0.1700 -0.6737 0.7192
vn -0.1684 -0.9851 0.0343
vn -0.2654 -0.8455 0.4633
vn -0.3075 0.0183 0.9514
vn -0.4996 -0.2203 0.8378
vn -0.1778 0.7984 0.5752
vn -0.5963 0.2996 0.7448
vn -0.2451 0.8040 0.5418
vn 0.1534 0.7872 -0.5973
vn 0.1055 0.8179 -0.5655
vn 0.2753 0.2851 -0.9181
vn 0.2075 -0.7986 -0.5650
vn 0.3347 0.0060 -0.9423
vn 0.3353 -0.2094 -0.9186
vn -0.4966 -0.7086 0.5013
vn 0.0285 -0.9934 -0.1110
vn 0.5446 -0.1635 -0.8226
vn 0.3170 0.4647 -0.8268
vn 0.1883 -0.9396 -0.2860
vn 0.3784 0.8274 -0.4150
vn 0.0861 0.9900 -0.1118
vn -0.2086 0.9545 0.2132
vn -0.6624 -0.4984 0.5593
vn -0.5921 0.6348 0.4964
vn -0.7887 0.0897 0.6082
vn -0.5071 0.7883 0.3485
vn -0.8570 0.1914 0.4784
vn 0.1097 0.9652 -0.2372
vn 0.7618 -0.0063 -0.6478
vn 0.7018 0.3469 -0.6221
vn 0.3431 -0.9006 -0.2669
vn 0.7541 -0.3095 -0.5792
vn 0.7683 -0.3166 -0.5562
vn 0.3662 -0.8945 -0.2565
vn 0.5908 0.6507 -0.4770
vn -0.3827 0.9193 0.0918
vn 0.1319 0.9844 -0.1165
vn -0.4171 0.8478 0.3275
vn -0.8468 0.2420 0.4738
vn -0.1225 0.9875 0.0988
vn 0.8950 0.1907 -0.4033
vn 0.4009 0.8782 -0.2607
vn -0.8882 0.2694 0.3721
vn 0.6957 0.6846 -0.2178
vn -0.9431 0.3167 0.1013
vn 0.0189 -0.9996 0.0223
vn -0.0929 -0.9900 0.1063
vn 0.6608 -0.6557 -0.3653
vn -0.8088 -0.5536 0.1983
vn -0.7832 -0.4646 0.4131
vn -0.6623 -0.6551 0.3636
vn -0.5174 -0.7819 0.3476
vn -0.0341 -0.9931 0.1124
vn 0.3535 0.8630 0.3610
vn 0.7246 0.3466 0.5956
vn 0.1161 0.9802 0.1605
vn -0.2979 0.9515 -0.0774
vn 0.1067 0.9854 -0.1327
vn -0.2388 0.9531 -0.1861
vn 0.2621 0.9625 0.0704
vn 0.5996 0.7787 0.1848
vn -0.1624 0.9803 -0.1121
vn 0.5618 0.8092 0.1719
vn 0.9300 0.2007 0.3080
vn -0.0880 0.9873 -0.1323
vn 0.7140 0.6747 0.1869
vn 0.9642 0.1648 0.2076
vn 0.1200 0.9898 0.0771
vn 0.5651 -0.7509 0.3417
vn 0.2588 -0.9603 0.1045
vn -0.6047 -0.7790 -0.1658
vn -0.5086 -0.8331 -0.2175
vn -0.8286 -0.4359 -0.3512
vn -0.7511 -0.5977 -0.2803
vn -0.8978 0.2914 -0.3301
vn -0.8575 0.1662 -0.4870
vn -0.7660 -0.0433 -0.6414
vn -0.7567 -0.5102 -0.4087
vn -0.5085 -0.7421 -0.4367
vn -0.3120 0.9499 0.0185
vn -0.3328 -0.8223 -0.4616
vn -0.6596 0.2681 -0.7021
vn -0.2077 0.9561 -0.2067
vn 0.3290 -0.9112 0.2478
vn 0.3918 -0.6986 0.5987
vn 0.7792 -0.0689 0.6230
vn 0.5896 0.2014 0.7822
vn -0.1200 -0.9907 -0.0637
vn -0.5421 -0.7373 -0.4031
vn -0.4798 -0.4877 -0.7293
vn -0.1555 0.9641 -0.2151
vn -0.5476 0.3458 -0.7619
vn -0.3119 -0.8260 -0.4696
vn 0.3512 -0.8095 0.4704
vn 0.5345 -0.0171 0.8450
vn 0.3695 0.6452 0.6687
vn 0.3256 0.8496 0.4151
vn 0.4902 0.0613 0.8695
vn 0.6466 0.4844 0.5893
vn 0.2468 0.1537 0.9568
vn 0.2362 0.1539 0.9594
vn 0.2411 0.1546 0.9581
vn 0.2512 0.1475 0.9566
vn 0.2335 0.1497 0.9608
vn 0.2022 0.1895 0.9608
vn 0.1514 0.1814 0.9717
vn 0.0164 0.3525 0.9357
vn 0.0455 0.3696 0.9281
vn -0.0967 0.3829 0.9187
vn -0.0854 0.3684 0.9257
vn -0.1030 0.3640 0.9257
vn -0.1039 0.3746 0.9213
vn -0.1039 0.3734 0.9218
vn -0.1161 0.3708 0.9214
vn -0.1060 0.3727 0.9219
vn -0.1059 0.3727 0.9219
vn -0.1136 0.3616 0.9254
vn 0.2309 0.3171 0.9199
vn 0.2379 0.3182 0.9177
vn 0.2316 0.3097 0.9222
vn 0.2487 0.2845 0.9259
vn 0.2399 0.2986 0.9238
vn 0.2468 0.2781 0.9283
vn 0.2478 0.2811 0.9271
vn 0.1602 0.2798 0.9466
vn 0.2332 0.3015 0.9245
vn 0.1878 0.2966 0.9363
vn 0.2107 0.2992 0.9306
vn 0.1961 0.3044 0.9322
vn 0.2593 0.2065 0.9435
vn 0.1896 0.1031 0.9764
vn 0.2356 0.0413 0.9710
vn 0.2855 0.0118 0.9583
vn 0.2267 -0.0185 0.9738
vn 0.2108 -0.0132 0.9774
vn 0.2119 -0.0098 0.9772
vn 0.2132 -0.0070 0.9770
vn 0.2082 -0.0040 0.9781
vn -0.2573 0.5579 0.7890
vn -0.2608 0.5666 0.7816
vn -0.4353 0.5367 0.7228
vn -0.0938 0.5483 0.8310
vn -0.0820 0.5441 0.8350
vn -0.0823 0.5446 0.8346
vn 0.3052 0.1013 0.9469
vn 0.2852 0.0863 0.9546
vn 0.3026 0.1061 0.9472
vn 0.2950 0.0583 0.9537
vn 0.3312 0.0339 0.9430
vn 0.3517 0.0230 0.9358
vn 0.3667 0.0070 0.9303
vn 0.3539 -0.0107 0.9352
vn 0.3465 -0.0303 0.9376
vn 0.3431 -0.0362 0.9386
vn 0.3382 -0.0352 0.9404
vn 0.3393 -0.0351 0.9400
vn 0.3324 -0.0352 0.9425
vn 0.3418 -0.0354 0.9391
vn 0.8287 -0.4598 0.3190
vn 0.8290 -0.4623 0.3148
vn 0.8309 -0.4612 0.3112
vn 0.8247 -0.4645 0.3228
vn 0.8108 -0.4285 0.3987
vn 0.7360 -0.4603 0.4964
vn 0.7373 -0.4993 0.4551
vn 0.6679 -0.4817 0.5674
vn 0.6588 -0.4871 0.5733
vn 0.6613 -0.4899 0.5680
vn 0.6618 -0.4895 0.5678
vn 0.4170 -0.5312 0.7375
vn 0.8393 -0.5202 0.1578
vn 0.2492 -0.9455 0.2097
vn -0.1334 -0.9864 0.0964
vn 0.3288 -0.9433 -0.0453
vn -0.8449 -0.5210 0.1209
vn -0.7174 0.6765 0.1663
vn -0.4517 0.8876 0.0904
vn 0.1223 0.9924 -0.0167
vn 0.7400 0.6722 0.0243
vn 0.9354 0.3512 -0.0410
vn 0.9282 -0.3710 0.0283
vn 0.7980 0.6007 0.0480
vn 0.9562 0.1988 0.2149
vn 0.4002 0.9088 0.1180
vn -0.8666 0.4987 0.0164
vn -0.9913 -0.0671 -0.1129
vn -0.3729 -0.9279 0.0075
vn 0.6806 -0.7053 0.1983
vn -0.0846 -0.9940 -0.0697
vn 0.8981 0.3915 0.2004
vn 0.0382 -0.9971 0.0663
vn 0.2550 0.9657 0.0496
vn 0.9521 -0.1033 0.2878
vn 0.7152 0.6420 0.2763
vn -0.0394 0.9974 -0.0597
vn 0.9427 -0.1039 0.3172
vn 0.4565 0.8627 0.2175
vn 0.9223 -0.2643 0.2819
vn 0.8395 -0.5040 0.2028
vn 0.3019 -0.9460 0.1179
vn -0.4422 -0.8810 -0.1683
vn -0.8196 0.5242 -0.2313
vn -0.6469 0.7406 -0.1815
vn -0.9169 -0.2633 -0.2999
vn -0.9382 0.1922 -0.2878
vn -0.7643 -0.5748 -0.2924
vn -0.5351 0.8368 -0.1160
vn -0.7035 -0.6730 -0.2286
vn -0.8712 0.4103 -0.2695
vn -0.5581 0.8127 -0.1673
vn -0.7719 -0.6341 -0.0457
vn -0.5890 -0.8012 -0.1051
vn 0.3473 -0.9292 0.1263
vn -0.9458 -0.0872 -0.3129
vn 0.0909 -0.9958 0.0090
vn 0.1428 -0.9827 0.1183
vn -0.0184 0.1693 0.9854
vn -0.0125 0.1426 0.9897
vn 0.0088 0.1295 0.9915
vn 0.0295 0.1242 0.9918
vn 0.0871 0.1144 0.9896
vn 0.0645 0.1308 0.9893
vn 0.0453 0.2675 0.9625
vn 0.0138 0.2548 0.9669
vn 0.0601 0.2533 0.9655
vn -0.0388 0.2329 0.9717
vn 0.0517 0.2545 0.9657
vn -0.0792 0.2327 0.9693
vn -0.1420 0.2397 0.9604
vn -0.1720 0.2406 0.9553
vn -0.1559 0.3064 0.9391
vn -0.1528 0.2398 0.9587
vn -0.1102 0.3930 0.9129
vn 0.1132 0.2189 0.9692
vn 0.1196 -0.1078 0.9870
vn 0.2371 -0.1789 0.9549
vn -0.9167 0.3934 -0.0701
vn 0.3290 -0.8977 0.2929
vn 0.8988 -0.4337 0.0639
vn 0.9642 0.2160 0.1540
vn 0.7773 -0.0048 0.6292
vn 0.9442 -0.3292 0.0139
vn 0.8254 -0.0303 0.5638
vn 0.7670 0.0035 0.6416
vn -0.0141 0.1057 0.9943
vn 0.4515 0.7129 0.5367
vn 0.0273 0.3817 0.9239
vn 0.7238 0.0116 0.6899
vn 0.7674 0.5544 -0.3221
vn 0.0421 0.1485 -0.9880
vn 0.0484 -0.4540 -0.8897
vn -0.1376 -0.1981 -0.9705
vn -0.1790 -0.6329 -0.7533
vn -0.3370 0.2047 -0.9190
vn -0.1955 -0.6640 -0.7217
vn 0.0296 -0.9635 -0.2662
vn 0.0502 -0.6138 0.7879
vn 0.0414 -0.7723 0.6340
vn 0.1132 -0.9509 0.2880
vn 0.2007 -0.2596 0.9447
vn 0.1672 0.3916 0.9048
vn -0.3362 -0.4729 -0.8145
vn 0.1706 -0.9566 0.2362
vn -0.3181 -0.8560 -0.4074
vn 0.1776 0.5590 0.8099
vn 0.0100 0.9768 0.2141
vn -0.0383 0.9781 0.2047
vn -0.0303 0.7633 -0.6453
vn 0.0219 0.8086 0.5879
vn -0.0342 0.9808 -0.1920
vn -0.0410 0.8166 0.5758
vn 0.0106 0.9050 0.4253
vn 0.0710 0.3569 -0.9315
vn 0.0303 0.7993 0.6001
vn -0.0754 0.1389 0.9874
vn 0.0686 -0.3731 0.9253
vn 0.0450 -0.8367 0.5459
vn -0.0479 -0.9582 -0.2820
vn -0.0071 -0.7964 -0.6047
vn -0.0422 -0.7958 -0.6041
vn 0.0463 -0.7460 -0.6644
vn 0.0186 -0.9383 -0.3453
vn -0.0327 -0.9876 -0.1539
vn -0.1393 -0.4801 -0.8661
vn 0.0093 0.0516 -0.9986
vn -0.0317 0.0753 -0.9967
vn -0.5752 0.4871 -0.6572
vn -0.2400 0.5121 -0.8247
vn -0.1123 0.2171 -0.9697
vn -0.0548 0.6509 -0.7572
vn -0.1444 0.5103 -0.8478
vn 0.0694 0.5185 -0.8522
vn -0.1122 0.4940 -0.8622
vn -0.1799 0.9759 -0.1235
vn -0.0951 0.9844 -0.1480
vn -0.1913 0.9359 0.2958
vn -0.0923 0.9818 -0.1662
vn -0.1648 0.9862 0.0167
vn -0.1369 0.7555 0.6407
vn -0.1022 0.7164 0.6902
vn -0.1238 0.8400 -0.5282
vn -0.1018 -0.9895 -0.1026
vn -0.2172 0.3668 -0.9046
vn -0.2284 -0.6420 -0.7319
vn 0.0907 -0.8767 0.4724
vn -0.0765 -0.9927 -0.0929
vn -0.2164 0.5461 -0.8093
vn -0.0153 0.9893 0.1453
vn -0.3387 -0.0061 -0.9409
vn -0.4142 -0.4120 -0.8116
vn -0.3465 0.4507 -0.8227
vn -0.4529 -0.1215 -0.8833
vn -0.3625 0.6953 -0.6206
vn -0.0503 0.9554 -0.2909
vn -0.5190 0.6274 -0.5805
vn -0.5563 -0.0349 -0.8302
vn -0.6487 -0.4837 -0.5875
vn 0.0235 0.9980 0.0583
vn -0.0910 0.9856 -0.1426
vn 0.3768 0.7476 0.5469
vn 0.3716 0.5769 0.7274
vn 0.5171 -0.1580 0.8412
vn 0.1422 0.8080 0.5717
vn 0.2503 -0.0161 0.9680
vn 0.1358 0.3323 0.9333
vn 0.1471 -0.7237 0.6742
vn 0.0774 -0.6055 0.7921
vn 0.4243 -0.3593 0.8312
vn -0.4529 -0.7170 -0.5298
vn -0.0527 -0.9936 0.0999
vn 0.0826 -0.9847 0.1535
vn 0.2804 -0.8671 0.4117
vn -0.3789 -0.8778 -0.2932
vn -0.8056 -0.2041 -0.5562
vn -0.0891 -0.9958 -0.0208
vn -0.4415 -0.8833 -0.1575
vn -0.8904 0.0845 -0.4472
vn 0.4382 -0.8003 0.4092
vn -0.8310 -0.5006 -0.2428
vn -0.9419 0.2050 -0.2663
vn 0.0436 -0.9959 0.0792
vn -0.8555 -0.5061 -0.1091
vn -0.9592 0.2632 -0.1033
vn -0.8317 -0.5040 0.2331
vn -0.1246 -0.9888 -0.0825
vn 0.0752 -0.9956 -0.0551
vn 0.7674 -0.6148 -0.1820
vn 0.8056 0.5759 -0.1391
vn -0.0601 0.9971 -0.0477
vn -0.2141 0.9671 -0.1376
vn 0.9103 -0.4057 0.0817
vn 0.7092 0.7033 0.0498
vn 0.4505 0.8922 0.0327
vn 0.9089 0.3080 0.2812
vn -0.2729 0.9305 -0.2444
vn 0.7383 0.6199 0.2657
vn -0.4441 0.8356 -0.3232
vn 0.5072 0.7899 0.3448
vn -0.5721 0.5767 -0.5832
vn 0.1909 0.9652 0.1786
vn 0.7031 -0.4375 0.5605
vn 0.7643 -0.5131 0.3905
vn 0.5805 0.5626 0.5887
vn 0.6153 -0.3357 0.7132
vn 0.0343 -0.4160 0.9087
vn -0.0082 -0.6900 0.7237
vn 0.0249 -0.9340 0.3565
vn 0.0628 -0.9974 -0.0355
vn -0.2666 -0.7128 0.6488
vn -0.0286 -0.8488 0.5280
vn -0.1272 -0.8630 0.4889
vn -0.0891 -0.3444 0.9346
vn 0.1841 -0.8737 0.4504
vn 0.1547 0.1688 0.9734
vn -0.9274 -0.2817 0.2459
vn -0.1437 0.9884 0.0485
vn 0.6762 0.2897 -0.6774
vn -0.8650 -0.1230 0.4865
vn -0.6918 0.6115 0.3841
vn -0.8288 -0.3805 0.4102
vn -0.6351 -0.4706 -0.6125
vn -0.2269 -0.9682 0.1052
vn 0.0234 0.9995 -0.0209
vn -0.2628 -0.9377 0.2272
vn 0.2309 -0.8811 -0.4127
vn -0.8374 -0.1968 0.5100
vn 0.3597 0.9199 -0.1560
vn -0.4421 0.8204 0.3626
vn -0.8046 -0.3478 0.4813
vn -0.0025 0.9981 0.0611
vn -0.8358 0.1184 0.5362
vn -0.4929 0.7788 0.3879
vn 0.7445 -0.5446 -0.3861
vn 0.0604 -0.9972 0.0449
vn 0.3213 -0.8955 -0.3079
vn -0.4397 -0.8309 0.3409
vn -0.6958 -0.4851 0.5297
vn -0.0100 -0.9992 -0.0380
vn 0.8052 -0.1722 -0.5674
vn -0.6346 0.5550 0.5379
vn 0.0794 0.9522 0.2949
vn 0.4103 0.8906 -0.1961
vn 0.6549 -0.5859 -0.4774
vn 0.6831 0.2228 -0.6955
vn 0.6625 0.2630 -0.7014
vn 0.2580 0.9323 -0.2536
vn 0.1880 0.9202 -0.3433
vn -0.1824 0.9607 0.2093
vn -0.4135 0.8783 0.2400
vn -0.6578 0.4029 0.6364
vn 0.4972 0.6467 -0.5784
vn -0.1254 0.9920 0.0139
vn -0.5581 0.5090 0.6553
vn -0.2207 0.9556 0.1954
vn 0.6796 0.3682 -0.6345
vn 0.8215 -0.0053 0.5701
vn -0.3069 0.9254 0.2225
vn -0.7337 -0.5205 0.4368
vn -0.5495 -0.6566 0.5166
vn 0.0842 -0.9774 -0.1938
vn 0.4734 -0.7958 -0.3775
vn 0.5676 -0.4158 -0.7106
vn 0.4981 -0.5501 -0.6703
vn 0.0751 -0.9950 -0.0659
vn -0.5761 -0.5210 0.6298
vn 0.5353 -0.6969 -0.4773
vn -0.1769 -0.9518 0.2505
vn -0.1484 -0.9825 0.1124
vn 0.5639 -0.6646 -0.4902
vn -0.7527 -0.0772 0.6538
vn 0.7314 0.4205 -0.5369
vn 0.6502 0.6113 -0.4511
vn 0.7499 -0.3403 -0.5674
vn 0.7848 0.4657 -0.4090
vn 0.5655 -0.7903 -0.2357
vn -0.6004 -0.5253 -0.6029
vn -0.0464 0.6724 0.7387
vn -0.0587 0.9792 0.1942
vn -0.3724 0.6911 -0.6194
vn -0.5532 0.1816 -0.8130
vn -0.3153 0.9113 -0.2650
vn -0.1227 0.9907 0.0588
vn 0.3647 0.6258 0.6895
vn 0.1126 0.9790 0.1698
vn 0.2132 0.9028 0.3734
vn 0.3306 -0.1527 0.9313
vn 0.3398 -0.6398 0.6893
vn -0.4179 -0.8203 -0.3904
vn 0.5843 -0.3497 0.7324
vn 0.8017 0.1144 0.5867
vn -0.4725 0.8270 -0.3047
vn 0.4689 0.8085 0.3555
vn 0.5323 -0.7128 0.4567
vn -0.2692 -0.9578 -0.1013
vn -0.2290 -0.9603 -0.1593
vn -0.8205 -0.1302 -0.5566
vn -0.6172 -0.1500 -0.7724
vn -0.5446 0.5852 -0.6008
vn 0.5216 0.6768 0.5196
vn 0.5929 0.7308 0.3384
vn 0.4844 0.8451 0.2263
vn 0.0398 0.9989 0.0231
vn 0.5902 0.1726 0.7886
vn 0.4680 0.5039 0.7260
vn -0.6402 0.4522 -0.6210
vn -0.2121 0.9656 -0.1503
vn -0.3928 0.8532 -0.3431
vn 0.2067 0.8406 0.5007
vn -0.4535 0.8126 -0.3661
vn 0.5578 0.1036 0.8235
vn 0.4466 0.1445 0.8830
vn -0.0317 0.9387 0.3433
vn -0.0491 0.9515 -0.3037
vn 0.0324 0.9347 0.3540
vn -0.4201 0.4913 -0.7629
vn -0.5380 -0.0867 -0.8385
vn -0.3016 -0.7002 -0.6472
vn -0.1415 -0.9700 -0.1979
vn -0.4007 -0.6396 -0.6560
vn 0.3320 -0.8168 0.4718
vn 0.4230 -0.6681 0.6121
vn -0.0809 -0.9953 -0.0528
vn 0.5396 -0.5920 0.5987
vn 0.7687 -0.2828 0.5737
vn 0.0024 -0.9969 0.0787
vn -0.6199 -0.5395 -0.5698
vn -0.5393 -0.6838 -0.4915
vn -0.7647 0.2265 -0.6033
vn -0.0397 0.9904 -0.1325
vn -0.2502 0.9674 0.0395
vn -0.5997 0.7610 -0.2475
vn -0.6957 -0.5390 -0.4749
vn 0.2402 -0.9672 0.0827
vn -0.8435 -0.0111 -0.5370
vn -0.5452 -0.7545 -0.3653
vn 0.1730 -0.9849 -0.0066
vn 0.7901 -0.4105 0.4552
vn 0.6200 -0.6947 0.3647
vn 0.0845 0.1668 -0.9824
vn 0.0063 0.2351 -0.9720
vn -0.0233 -0.2649 -0.9640
vn 0.1081 -0.5514 -0.8272
vn 0.0827 -0.7455 -0.6614
vn -0.0431 0.5398 -0.8407
vn 0.2170 -0.9599 -0.1777
vn 0.2299 -0.9617 -0.1495
vn -0.1782 0.3766 -0.9091
vn -0.1147 -0.9559 -0.2703
vn 0.1355 -0.9891 0.0569
vn -0.1389 -0.5594 -0.8172
vn -0.0747 0.1869 -0.9795
vn 0.0017 -0.6992 -0.7150
vn -0.0705 -0.9851 -0.1566
vn -0.1366 -0.4924 -0.8596
vn 0.0506 -0.9975 0.0492
vn 0.0456 -0.9979 -0.0457
vn -0.2175 -0.6782 -0.7020
vn -0.4387 -0.0095 -0.8986
vn 0.0695 -0.9782 0.1956
vn 0.1246 -0.7743 0.6204
vn 0.0775 -0.7915 0.6062
vn 0.1387 -0.2628 0.9548
vn -0.0380 -0.7154 0.6977
vn -0.0549 -0.6216 0.7814
vn 0.1354 -0.7934 0.5934
vn 0.1580 -0.7452 0.6479
vn -0.0356 0.2804 0.9592
vn 0.1223 0.4745 0.8717
vn -0.0420 0.8724 0.4869
vn -0.1376 0.7422 0.6559
vn -0.0289 0.2724 0.9617
vn 0.0369 0.1978 0.9795
vn -0.0455 0.9418 0.3331
vn -0.0152 0.9869 0.1606
vn -0.0779 0.9025 0.4236
vn 0.0319 0.4937 0.8690
vn 0.1501 0.2485 0.9569
vn 0.0833 0.9275 0.3645
vn 0.1286 0.6359 0.7610
vn 0.0228 0.9698 0.2429
vn -0.0648 0.7348 -0.6752
vn -0.0921 0.9491 -0.3012
vn -0.0457 0.9321 -0.3593
vn -0.0052 0.9740 -0.2264
vn -0.1251 0.8496 0.5124
vn -0.1631 0.9336 0.3192
vn -0.0027 0.8339 0.5518
vn 0.0412 0.6709 -0.7404
vn -0.2858 0.6895 -0.6655
vn -0.1631 0.9186 -0.3600
vn 0.1881 0.7641 0.6170
vn 0.1965 -0.5967 0.7780
vn -0.3816 -0.6289 -0.6773
vn -0.4055 0.3470 -0.8456
vn -0.0984 -0.9951 -0.0035
vn -0.4684 -0.0876 -0.8792
vn -0.4316 0.6826 -0.5898
vn 0.0485 0.9831 0.1765
vn -0.5171 0.5925 -0.6177
vn -0.2293 -0.9348 -0.2714
vn 0.1301 -0.9113 0.3906
vn 0.5315 0.2067 0.8215
vn -0.3261 0.8978 -0.2959
vn 0.3574 0.7987 0.4840
vn 0.4854 0.6556 0.5784
vn 0.6208 0.1609 0.7673
vn -0.1534 0.9831 -0.0998
vn 0.6224 -0.2651 0.7365
vn 0.7099 0.5760 0.4054
vn 0.8731 -0.0190 0.4871
vn -0.1958 0.9803 0.0270
vn 0.2512 -0.9353 0.2494
vn 0.4092 -0.8921 0.1915
vn -0.3402 -0.9222 -0.1841
vn -0.3804 -0.9190 -0.1031
vn 0.9490 -0.1586 0.2724
vn 0.6008 0.7843 0.1549
vn 0.9888 0.0922 0.1175
vn 0.3510 0.9343 0.0617
vn 0.8964 -0.3210 0.3056
vn 0.6252 -0.7768 0.0758
vn 0.4462 0.8801 -0.1621
vn 0.9519 0.0912 -0.2924
vn 0.5520 -0.8319 -0.0574
vn -0.1055 -0.9931 -0.0514
vn -0.4480 -0.8700 0.2061
vn -0.3895 0.8654 0.3152
vn -0.5126 0.8409 0.1737
vn -0.9519 -0.0996 0.2898
vn 0.0269 0.9832 0.1807
vn -0.9989 -0.0383 0.0255
vn -0.6503 -0.7597 -0.0071
vn -0.4401 0.8846 0.1544
vn -0.5841 0.7905 -0.1841
vn -0.9528 0.0168 -0.3031
vn -0.6737 0.6933 -0.2558
vn -0.8458 -0.3066 -0.4365
vn -0.6053 0.4700 -0.6424
vn -0.6218 -0.4936 -0.6081
vn -0.5202 -0.4922 -0.6980
vn -0.6241 -0.0391 -0.7804
vn -0.1151 -0.9888 -0.0946
vn 0.4309 -0.6190 0.6566
vn 0.1793 -0.9348 0.3065
vn -0.1375 -0.9728 -0.1866
vn -0.0034 -0.9896 -0.1439
vn 0.0194 -0.9984 0.0522
vn 0.0430 -0.6860 0.7263
vn -0.1023 -0.5054 0.8568
vn 0.1205 -0.4574 0.8811
vn -0.0660 -0.3543 0.9328
vn -0.0759 -0.3055 0.9492
vn -0.0795 -0.9185 0.3874
vn -0.0532 -0.1321 0.9898
vn -0.0096 -0.5967 0.8024
vn 0.1418 -0.6730 0.7259
vn -0.0326 0.0458 0.9984
vn 0.0778 0.2904 0.9537
vn 0.0716 0.3103 0.9479
vn -0.4158 0.7314 0.5405
vn 0.0669 0.9073 0.4150
vn 0.2263 -0.3379 0.9136
vn -0.0165 0.8186 0.5741
vn 0.0128 0.6186 -0.7856
vn -0.2827 0.0019 -0.9592
vn -0.2073 -0.9121 -0.3537
vn 0.2196 -0.8664 0.4484
vn 0.1000 -0.6704 0.7352
vn -0.0822 -0.6362 -0.7671
vn -0.0449 -0.9874 0.1516
vn -0.0601 -0.2255 0.9724
vn 0.1472 0.5156 0.8441
vn -0.2592 0.9654 0.0287
vn 0.6769 0.6637 0.3183
vn 0.7176 -0.5512 0.4257
vn 0.9008 -0.1802 0.3952
vn 0.8378 0.4945 0.2314
vn 0.0119 0.9999 0.0039
vn 0.3967 -0.9050 0.1539
vn -0.3182 -0.9469 -0.0458
vn 0.9926 -0.0907 0.0813
vn 0.9968 -0.0296 -0.0746
vn -0.3045 -0.9519 0.0349
vn 0.2339 0.9690 -0.0798
vn 0.8845 0.0109 -0.4664
vn 0.4091 -0.8898 -0.2022
vn 0.2405 0.9679 -0.0734
vn 0.5800 -0.7503 -0.3174
vn 0.2938 0.9014 -0.3179
vn 0.7675 0.1014 -0.6330
vn 0.1652 0.9695 -0.1812
vn 0.4178 -0.8787 -0.2308
vn 0.6420 0.2124 -0.7367
vn 0.0901 0.9515 -0.2942
vn 0.5556 -0.5355 -0.6360
vn 0.5517 0.2100 -0.8071
vn 0.0504 0.9982 -0.0318
vn 0.1127 -0.9839 -0.1389
vn -0.4279 -0.8318 0.3535
vn -0.4233 -0.7798 0.4613
vn -0.7439 0.4902 0.4541
vn -0.5838 -0.1158 0.8036
vn 0.0053 0.9649 0.2627
vn -0.3064 0.8342 0.4585
vn -0.8858 -0.0116 0.4638
vn -0.4570 0.8795 0.1325
vn -0.3213 -0.9219 0.2163
vn -0.9735 -0.1486 0.1737
vn -0.5856 0.8044 0.0997
vn -0.8996 0.4200 -0.1200
vn -0.8596 0.3144 -0.4028
vn -0.8418 -0.5103 -0.1763
vn -0.6692 -0.6684 -0.3247
vn -0.3299 -0.7688 -0.5478
vn -0.2909 -0.7608 -0.5802
vn -0.3543 0.3956 0.8473
vn -0.2080 -0.7582 0.6179
vn 0.2386 -0.7942 -0.5588
vn 0.0216 0.9850 -0.1710
vn -0.0950 -0.0413 0.9946
vn 0.0443 -0.9007 -0.4323
vn 0.2696 -0.1757 -0.9468
vn 0.2889 0.3714 -0.8824
vn 0.1987 -0.1021 -0.9747
vn 0.0574 -0.9967 0.0574
vt 0.889129 0.015990
vt 0.892301 0.012482
vt 0.886723 0.020000
vt 0.884555 0.026014
vt 0.897533 0.008710
vt 0.903764 0.005990
vt 0.883667 0.032886
vt 0.940531 0.030813
vt 0.910849 0.004604
vt 0.918546 0.004636
vt 0.926516 0.006221
vt 0.934393 0.009320
vt 0.940191 0.012554
vt 0.942995 0.014777
vt 0.884211 0.040249
vt 0.940226 0.041580
vt 0.886196 0.047865
vt 0.889669 0.055401
vt 0.893093 0.060760
vt 0.899230 0.066854
vt 0.902673 0.069084
vt 0.940481 0.051258
vt 0.908475 0.071692
vt 0.915595 0.073365
vt 0.921967 0.074049
vt 0.928695 0.073630
vt 0.941284 0.060943
vt 0.935234 0.072742
vt 0.942995 0.071002
vt 0.825121 0.187793
vt 0.825122 0.196570
vt 0.825121 0.177571
vt 0.825122 0.310433
vt 0.825121 0.320682
vt 0.825120 0.329444
vt 0.825128 0.291370
vt 0.825121 0.301698
vt 0.441649 0.060843
vt 0.444296 0.060843
vt 0.441649 0.070335
vt 0.444296 0.070335
vt 0.444296 0.079827
vt 0.441649 0.079827
vt 0.441649 0.089319
vt 0.444296 0.089319
vt 0.444296 0.213081
vt 0.441649 0.213081
vt 0.444296 0.199132
vt 0.441649 0.199128
vt 0.576531 0.789877
vt 0.586753 0.789877
vt 0.576527 0.791845
vt 0.595515 0.789877
vt 0.599173 0.791841
vt 0.605737 0.789877
vt 0.652467 0.789877
vt 0.661167 0.791864
vt 0.638184 0.789877
vt 0.700657 0.794896
vt 0.691595 0.794804
vt 0.709360 0.794892
vt 0.681673 0.794896
vt 0.671549 0.794884
vt 0.444296 0.309847
vt 0.441649 0.309847
vt 0.444296 0.300355
vt 0.441649 0.300355
vt 0.800941 0.595041
vt 0.800941 0.605263
vt 0.798964 0.590816
vt 0.828143 0.400757
vt 0.828146 0.411024
vt 0.828151 0.392111
vt 0.828143 0.457709
vt 0.828138 0.467787
vt 0.828143 0.448947
vt 0.441649 0.290863
vt 0.444296 0.290863
vt 0.444296 0.376291
vt 0.441649 0.376291
vt 0.441649 0.366799
vt 0.444296 0.366799
vt 0.444296 0.357307
vt 0.441649 0.357307
vt 0.441649 0.347815
vt 0.444296 0.347815
vt 0.444296 0.338323
vt 0.441649 0.338323
vt 0.441649 0.328831
vt 0.444296 0.328831
vt 0.444296 0.319339
vt 0.441649 0.319339
vt 0.800941 0.586279
vt 0.798985 0.655713
vt 0.800941 0.651993
vt 0.800941 0.662215
vt 0.800941 0.643231
vt 0.798984 0.627218
vt 0.800941 0.633009
vt 0.800941 0.624247
vt 0.800941 0.614025
vt 0.795922 0.576057
vt 0.795943 0.562125
vt 0.795935 0.586167
vt 0.505120 0.536088
vt 0.507767 0.536110
vt 0.507767 0.547107
vt 0.505120 0.547107
vt 0.813031 0.352891
vt 0.811094 0.349239
vt 0.813031 0.341253
vt 0.828140 0.548082
vt 0.828143 0.558228
vt 0.828143 0.576821
vt 0.507767 0.474558
vt 0.507767 0.489790
vt 0.505120 0.474568
vt 0.505120 0.489790
vt 0.507767 0.499282
vt 0.505120 0.499282
vt 0.507767 0.508774
vt 0.505120 0.508774
vt 0.505120 0.604059
vt 0.505120 0.589050
vt 0.507767 0.604059
vt 0.507767 0.589045
vt 0.505120 0.575583
vt 0.505120 0.559964
vt 0.507767 0.575583
vt 0.507767 0.560001
vt 0.813031 0.295939
vt 0.811045 0.306792
vt 0.813031 0.280428
vt 0.813031 0.304701
vt 0.813031 0.314923
vt 0.813031 0.409843
vt 0.811014 0.418610
vt 0.813031 0.394529
vt 0.813031 0.380637
vt 0.811043 0.388635
vt 0.813031 0.365276
vt 0.808011 0.380637
vt 0.808010 0.365302
vt 0.808092 0.389030
vt 0.808011 0.295939
vt 0.808010 0.280412
vt 0.808044 0.304374
vt 0.839868 0.549642
vt 0.840234 0.563715
vt 0.840190 0.592687
vt 0.837210 0.187793
vt 0.837210 0.206563
vt 0.837210 0.177574
vt 0.837210 0.215539
vt 0.836841 0.219494
vt 0.837210 0.225762
vt 0.837210 0.234523
vt 0.837210 0.253232
vt 0.837188 0.263355
vt 0.319260 0.661910
vt 0.319260 0.659263
vt 0.328752 0.661910
vt 0.328752 0.659263
vt 0.347542 0.661910
vt 0.347533 0.659263
vt 0.357228 0.661910
vt 0.357228 0.659263
vt 0.366720 0.659263
vt 0.366720 0.661910
vt 0.376212 0.659263
vt 0.376212 0.661910
vt 0.395267 0.659263
vt 0.395257 0.661910
vt 0.443021 0.661910
vt 0.444028 0.659263
vt 0.452514 0.661910
vt 0.433529 0.661910
vt 0.433529 0.659263
vt 0.424037 0.661910
vt 0.424037 0.659263
vt 0.414545 0.659263
vt 0.414545 0.661910
vt 0.405053 0.659263
vt 0.405053 0.661910
vt 0.816054 0.464701
vt 0.816054 0.474923
vt 0.814102 0.464685
vt 0.816054 0.493699
vt 0.816054 0.502669
vt 0.814070 0.500679
vt 0.816054 0.512891
vt 0.814066 0.516224
vt 0.816054 0.521653
vt 0.816054 0.540356
vt 0.814126 0.545302
vt 0.816054 0.616574
vt 0.814173 0.616573
vt 0.816054 0.597593
vt 0.814179 0.585949
vt 0.816054 0.588828
vt 0.816054 0.578606
vt 0.816054 0.569844
vt 0.811745 0.616574
vt 0.811034 0.616574
vt 0.811034 0.597607
vt 0.811034 0.493693
vt 0.811579 0.506337
vt 0.811034 0.502669
vt 0.811034 0.512891
vt 0.811034 0.521653
vt 0.811058 0.550413
vt 0.811034 0.540362
vt 0.852323 0.599950
vt 0.849676 0.599950
vt 0.849676 0.590458
vt 0.852323 0.590458
vt 0.852323 0.580966
vt 0.849676 0.580966
vt 0.849676 0.571474
vt 0.852323 0.571474
vt 0.849676 0.561982
vt 0.852323 0.561982
vt 0.720847 0.843255
vt 0.718852 0.843255
vt 0.720847 0.834493
vt 0.718898 0.827067
vt 0.720847 0.824271
vt 0.720847 0.815509
vt 0.718892 0.815509
vt 0.720839 0.805287
vt 0.006296 0.622642
vt 0.007927 0.600958
vt 0.474520 0.649820
vt 0.004534 0.220733
vt 0.004534 0.220049
vt 0.004534 0.241794
vt 0.519856 0.004233
vt 0.480537 0.031590
vt 0.519856 0.500211
vt 0.004252 0.649820
vt 0.018100 0.072965
vt 0.018134 0.082858
vt 0.017769 0.104313
vt 0.018134 0.115295
vt 0.017793 0.139076
vt 0.017769 0.172604
vt 0.018128 0.186541
vt 0.017776 0.205524
vt 0.018134 0.153580
vt 0.825127 0.272401
vt 0.825121 0.282714
vt 0.822885 0.296523
vt 0.822885 0.262945
vt 0.825125 0.253447
vt 0.825130 0.234393
vt 0.822885 0.228232
vt 0.825070 0.215556
vt 0.822885 0.200366
vt 0.822885 0.177572
vt 0.480200 0.200670
vt 0.480200 0.156939
vt 0.480559 0.175264
vt 0.480565 0.218393
vt 0.480200 0.236933
vt 0.480565 0.275346
vt 0.480211 0.284107
vt 0.480524 0.264793
vt 0.480565 0.256361
vt 0.828144 0.343804
vt 0.828144 0.354015
vt 0.825907 0.343804
vt 0.825907 0.369672
vt 0.828147 0.362676
vt 0.825907 0.412239
vt 0.828133 0.419868
vt 0.825907 0.448503
vt 0.828140 0.438769
vt 0.828125 0.476719
vt 0.825907 0.473726
vt 0.825907 0.495677
vt 0.828143 0.495677
vt 0.828143 0.486915
vt 0.480562 0.147260
vt 0.480244 0.132235
vt 0.480564 0.246139
vt 0.480565 0.237377
vt 0.840115 0.382478
vt 0.839868 0.343802
vt 0.840232 0.373011
vt 0.839868 0.426061
vt 0.840233 0.391994
vt 0.840230 0.463278
vt 0.839868 0.495678
vt 0.839868 0.463062
vt 0.840233 0.442360
vt 0.840232 0.357507
vt 0.840233 0.601935
vt 0.839868 0.614731
vt 0.840231 0.620919
vt 0.840074 0.631582
vt 0.840233 0.639949
vt 0.839899 0.658888
vt 0.839868 0.507015
vt 0.840219 0.517219
vt 0.811764 0.474923
vt 0.811047 0.474919
vt 0.811490 0.464701
vt 0.811764 0.464701
vt 0.415579 0.855345
vt 0.413347 0.855345
vt 0.413347 0.840444
vt 0.415578 0.836361
vt 0.415579 0.846583
vt 0.413347 0.827599
vt 0.415579 0.827599
vt 0.413347 0.817377
vt 0.415581 0.817377
vt 0.275039 0.023330
vt 0.274675 0.027408
vt 0.274706 0.014568
vt 0.816054 0.550860
vt 0.811073 0.559709
vt 0.716558 0.834493
vt 0.715815 0.843255
vt 0.715830 0.834493
vt 0.716558 0.843255
vt 0.794897 0.320494
vt 0.794897 0.367224
vt 0.792957 0.320494
vt 0.792957 0.367224
vt 0.792957 0.377920
vt 0.794897 0.424650
vt 0.794897 0.377920
vt 0.792957 0.424650
vt 0.399130 0.398959
vt 0.401982 0.352229
vt 0.401982 0.398959
vt 0.399130 0.352229
vt 0.803964 0.225170
vt 0.802024 0.178440
vt 0.802024 0.225170
vt 0.803964 0.178440
vt 0.167744 0.810009
vt 0.165805 0.810009
vt 0.165805 0.763279
vt 0.167744 0.763279
vt 0.445807 0.619596
vt 0.442955 0.572866
vt 0.442955 0.619596
vt 0.445807 0.572866
vt 0.518515 0.581933
vt 0.518515 0.628663
vt 0.521367 0.581933
vt 0.521367 0.628663
vt 0.455045 0.672606
vt 0.457897 0.672606
vt 0.457897 0.719336
vt 0.455045 0.719336
vt 0.441649 0.137144
vt 0.444296 0.137144
vt 0.441649 0.146636
vt 0.444296 0.146636
vt 0.018134 0.129588
vt 0.018134 0.172673
vt 0.825121 0.206777
vt 0.825121 0.225762
vt 0.825121 0.244746
vt 0.825121 0.263730
vt 0.444296 0.098811
vt 0.441649 0.098811
vt 0.441649 0.108303
vt 0.444296 0.108303
vt 0.444296 0.122324
vt 0.441649 0.122329
vt 0.444296 0.179869
vt 0.441649 0.179868
vt 0.444296 0.160784
vt 0.441649 0.160783
vt 0.018135 0.063874
vt 0.018107 0.053652
vt 0.018134 0.091620
vt 0.018134 0.101842
vt 0.018134 0.196763
vt 0.480561 0.208171
vt 0.480560 0.161441
vt 0.480564 0.189187
vt 0.828143 0.377031
vt 0.828143 0.429963
vt 0.444296 0.248160
vt 0.441649 0.248158
vt 0.441649 0.228830
vt 0.444296 0.228831
vt 0.444296 0.266751
vt 0.441649 0.266750
vt 0.444296 0.281006
vt 0.441649 0.281006
vt 0.480565 0.199409
vt 0.480564 0.227155
vt 0.840233 0.418342
vt 0.840232 0.429963
vt 0.840234 0.343804
vt 0.840228 0.482651
vt 0.840234 0.495677
vt 0.828192 0.586169
vt 0.828148 0.608851
vt 0.828143 0.629306
vt 0.828148 0.648791
vt 0.507767 0.461314
vt 0.505120 0.461314
vt 0.507767 0.613551
vt 0.505120 0.613551
vt 0.807952 0.342775
vt 0.807995 0.314923
vt 0.808011 0.333516
vt 0.840236 0.582958
vt 0.840233 0.507015
vt 0.840225 0.536022
vt 0.840232 0.544983
vt 0.840231 0.555205
vt 0.840229 0.612158
vt 0.837210 0.310477
vt 0.837213 0.329444
vt 0.837235 0.301627
vt 0.837210 0.272492
vt 0.837202 0.282592
vt 0.471110 0.661910
vt 0.471108 0.659263
vt 0.814078 0.564218
vt 0.811039 0.578606
vt 0.810680 0.588351
vt 0.811034 0.569844
vt 0.275040 0.033552
vt 0.274722 0.042314
vt 0.715825 0.815509
vt 0.715811 0.824271
vt 0.765627 0.179951
vt 0.767695 0.179951
vt 0.767695 0.226682
vt 0.765633 0.226682
vt 0.662689 0.789877
vt 0.652531 0.794892
vt 0.635417 0.794754
vt 0.413759 0.119780
vt 0.429184 0.119774
vt 0.413759 0.143850
vt 0.429184 0.163423
vt 0.413759 0.188076
vt 0.429184 0.200909
vt 0.413759 0.230521
vt 0.429184 0.237409
vt 0.413759 0.272020
vt 0.429184 0.272017
vt 0.595242 0.794868
vt 0.628720 0.791988
vt 0.643705 0.794896
vt 0.728405 0.791844
vt 0.714838 0.789877
vt 0.728403 0.789877
vt 0.728403 0.794166
vt 0.719641 0.794895
vt 0.728403 0.794386
vt 0.694023 0.791881
vt 0.695556 0.789877
vt 0.676464 0.789877
vt 0.586753 0.794894
vt 0.576531 0.794911
vt 0.576531 0.794166
vt 0.624721 0.789877
vt 0.614499 0.789877
vt 0.614585 0.794892
vt 0.624721 0.794896
vt 0.822885 0.329443
vt 0.795939 0.595180
vt 0.799036 0.556502
vt 0.800941 0.548311
vt 0.800941 0.562165
vt 0.795915 0.548284
vt 0.800936 0.670977
vt 0.795938 0.652118
vt 0.796652 0.670977
vt 0.795924 0.662215
vt 0.796368 0.670977
vt 0.795926 0.633050
vt 0.795922 0.643231
vt 0.795937 0.614148
vt 0.795922 0.605263
vt 0.795922 0.534064
vt 0.798958 0.534066
vt 0.800941 0.534147
vt 0.800941 0.576057
vt 0.413759 0.282989
vt 0.429184 0.282990
vt 0.413759 0.321710
vt 0.429184 0.321641
vt 0.429184 0.365038
vt 0.413759 0.362915
vt 0.413759 0.399971
vt 0.429184 0.402231
vt 0.429184 0.435232
vt 0.413759 0.435228
vt 0.811066 0.266728
vt 0.813031 0.418605
vt 0.808742 0.418605
vt 0.808742 0.403331
vt 0.808013 0.405614
vt 0.808020 0.418605
vt 0.808488 0.266733
vt 0.808741 0.276955
vt 0.808741 0.266733
vt 0.813031 0.266733
vt 0.807995 0.352891
vt 0.825907 0.549117
vt 0.828120 0.539586
vt 0.825907 0.589849
vt 0.828145 0.596183
vt 0.825907 0.628115
vt 0.828137 0.661910
vt 0.825907 0.661910
vt 0.811764 0.616574
vt 0.816054 0.559622
vt 0.834974 0.177572
vt 0.834974 0.219936
vt 0.834974 0.268008
vt 0.837206 0.291476
vt 0.834974 0.299066
vt 0.834974 0.329444
vt 0.415583 0.792063
vt 0.415583 0.806986
vt 0.405041 0.806986
vt 0.405041 0.767559
vt 0.415583 0.767558
vt 0.562997 0.626851
vt 0.563681 0.627180
vt 0.562997 0.628663
vt 0.562997 0.624085
vt 0.563681 0.623264
vt 0.562997 0.620832
vt 0.563681 0.619257
vt 0.562997 0.617302
vt 0.563681 0.615609
vt 0.562997 0.614502
vt 0.563681 0.613604
vt 0.681310 0.240718
vt 0.683067 0.239989
vt 0.683067 0.241580
vt 0.681310 0.242913
vt 0.683067 0.243646
vt 0.681310 0.245329
vt 0.683067 0.245525
vt 0.681310 0.246797
vt 0.683067 0.247379
vt 0.681310 0.247656
vt 0.440452 0.016442
vt 0.441273 0.018570
vt 0.440452 0.019026
vt 0.441273 0.015741
vt 0.440452 0.013915
vt 0.441273 0.012552
vt 0.440452 0.011061
vt 0.441273 0.008842
vt 0.440452 0.008209
vt 0.441273 0.006248
vt 0.440452 0.005157
vt 0.441273 0.004493
vt 0.767284 0.724957
vt 0.767695 0.727784
vt 0.767284 0.727960
vt 0.767695 0.724448
vt 0.767284 0.721056
vt 0.767695 0.720384
vt 0.767284 0.717811
vt 0.767695 0.716950
vt 0.767284 0.714337
vt 0.767695 0.713724
vt 0.735714 0.767769
vt 0.737471 0.768193
vt 0.735714 0.769260
vt 0.737471 0.770605
vt 0.735714 0.771461
vt 0.737471 0.773379
vt 0.735714 0.773904
vt 0.737471 0.775068
vt 0.735714 0.775251
vt 0.441273 0.763852
vt 0.440863 0.762940
vt 0.441273 0.762940
vt 0.440863 0.763854
vt 0.441273 0.765221
vt 0.440863 0.765558
vt 0.441273 0.766500
vt 0.440863 0.767137
vt 0.441273 0.767778
vt 0.440863 0.768720
vt 0.441273 0.769056
vt 0.440863 0.770669
vt 0.441273 0.770333
vt 0.441273 0.771943
vt 0.440863 0.772552
vt 0.441273 0.773437
vt 0.440863 0.774074
vt 0.441273 0.775050
vt 0.440863 0.775353
vt 0.441273 0.776722
vt 0.440863 0.776722
vt 0.440863 0.777999
vt 0.441273 0.777999
vt 0.055093 0.480527
vt 0.055915 0.481457
vt 0.055093 0.482076
vt 0.055915 0.478127
vt 0.055093 0.477873
vt 0.055093 0.474728
vt 0.055915 0.474443
vt 0.055915 0.471025
vt 0.055093 0.471483
vt 0.055093 0.468329
vt 0.055915 0.467396
vt 0.342360 0.600848
vt 0.343045 0.602699
vt 0.342360 0.602973
vt 0.343045 0.600738
vt 0.343045 0.598133
vt 0.342360 0.598120
vt 0.342360 0.595625
vt 0.343045 0.595676
vt 0.343045 0.592881
vt 0.342360 0.593005
vt 0.342821 0.590512
vt 0.343045 0.588107
vt 0.342360 0.588621
vt 0.440594 0.471487
vt 0.440594 0.461811
vt 0.442693 0.471415
vt 0.442693 0.460852
vt 0.440594 0.455210
vt 0.442693 0.452553
vt 0.440594 0.449260
vt 0.442693 0.445898
vt 0.440594 0.442786
vt 0.440594 0.437324
vt 0.442693 0.437457
vt 0.442693 0.435356
vt 0.440594 0.435405
vt 0.440594 0.433453
vt 0.442693 0.432544
vt 0.440594 0.429965
vt 0.442693 0.429754
vt 0.440594 0.428334
vt 0.442693 0.421599
vt 0.440594 0.421144
vt 0.442693 0.413944
vt 0.440594 0.413848
vt 0.440594 0.407675
vt 0.442693 0.408619
vt 0.442693 0.402450
vt 0.440594 0.399348
vt 0.442722 0.388493
vt 0.440565 0.388278
vt 0.440562 0.387399
vt 0.442743 0.387446
vt 0.532579 0.755251
vt 0.533457 0.755251
vt 0.533457 0.758628
vt 0.532579 0.758628
vt 0.095206 0.989032
vt 0.095206 0.992865
vt 0.094328 0.989032
vt 0.094328 0.992865
vt 0.124552 0.989077
vt 0.125430 0.989077
vt 0.125430 0.992865
vt 0.124552 0.992865
vt 0.900681 0.981384
vt 0.900681 0.985309
vt 0.899803 0.981384
vt 0.899803 0.985309
vt 0.988964 0.664030
vt 0.989843 0.664030
vt 0.989843 0.667955
vt 0.988964 0.667955
vt 0.033879 0.988986
vt 0.034758 0.988986
vt 0.033879 0.992865
vt 0.034758 0.992865
vt 0.990475 0.106485
vt 0.991354 0.106485
vt 0.990475 0.110318
vt 0.991354 0.110318
vt 0.990475 0.516251
vt 0.991354 0.516251
vt 0.990475 0.519856
vt 0.991354 0.519856
vt 0.792507 0.989260
vt 0.793385 0.989260
vt 0.792507 0.992865
vt 0.793385 0.992842
vt 0.759260 0.738650
vt 0.760139 0.738627
vt 0.759260 0.742004
vt 0.760139 0.742004
vt 0.466085 0.767340
vt 0.466964 0.767340
vt 0.466085 0.770717
vt 0.466964 0.770717
vt 0.479686 0.004221
vt 0.480565 0.004221
vt 0.480565 0.007370
vt 0.480565 0.019646
vt 0.479686 0.019646
vt 0.480565 0.016634
vt 0.150243 0.542533
vt 0.151121 0.542533
vt 0.151121 0.545534
vt 0.151121 0.551592
vt 0.150243 0.551592
vt 0.151121 0.548568
vt 0.993498 0.060356
vt 0.994376 0.060356
vt 0.993498 0.063471
vt 0.994376 0.063465
vt 0.991987 0.158591
vt 0.992865 0.158585
vt 0.991987 0.161699
vt 0.992865 0.161699
vt 0.239404 0.845507
vt 0.240282 0.845507
vt 0.240282 0.847743
vt 0.239404 0.847789
vt 0.197969 0.993286
vt 0.197969 0.995888
vt 0.197090 0.993332
vt 0.197090 0.995888
vt 0.401103 0.411470
vt 0.401982 0.411470
vt 0.401982 0.414072
vt 0.401103 0.414072
vt 0.813664 0.202502
vt 0.813664 0.199125
vt 0.814542 0.202502
vt 0.814542 0.199125
vt 0.839354 0.687601
vt 0.839354 0.685365
vt 0.840233 0.687601
vt 0.840233 0.685365
vt 0.815175 0.453363
vt 0.815175 0.451081
vt 0.816054 0.453363
vt 0.816054 0.451081
vt 0.815175 0.874991
vt 0.815175 0.872709
vt 0.816054 0.874991
vt 0.816054 0.872709
vt 0.201624 0.823610
vt 0.201624 0.821328
vt 0.202502 0.823610
vt 0.202502 0.821328
vt 0.392036 0.797919
vt 0.392036 0.795637
vt 0.392915 0.797919
vt 0.392915 0.795637
vt 0.428305 0.110318
vt 0.429184 0.108128
vt 0.429184 0.110318
vt 0.428305 0.083759
vt 0.429184 0.083759
vt 0.429184 0.085767
vt 0.414072 0.004799
vt 0.414072 0.006989
vt 0.413193 0.004799
vt 0.611162 0.994376
vt 0.611162 0.991547
vt 0.612040 0.994376
vt 0.612040 0.991547
vt 0.729915 0.989260
vt 0.727542 0.992865
vt 0.727542 0.989306
vt 0.729915 0.992865
vt 0.556775 0.990771
vt 0.559148 0.990771
vt 0.556775 0.994376
vt 0.559148 0.994376
vt 0.813031 0.252040
vt 0.810658 0.255395
vt 0.810658 0.252040
vt 0.813031 0.255395
vt 0.135147 0.992510
vt 0.137520 0.992510
vt 0.135147 0.995888
vt 0.137520 0.995888
vt 0.302242 0.004210
vt 0.299869 0.012257
vt 0.299869 0.004210
vt 0.302242 0.012285
vt 0.299869 0.019646
vt 0.302242 0.019634
vt 0.150259 0.507775
vt 0.152632 0.507764
vt 0.150259 0.512193
vt 0.152632 0.512215
vt 0.150259 0.516834
vt 0.152632 0.516822
vt 0.532595 0.991267
vt 0.534968 0.991256
vt 0.532595 0.994376
vt 0.534968 0.994371
vt 0.881685 0.991267
vt 0.884058 0.991262
vt 0.881685 0.994376
vt 0.884058 0.994371
vt 0.091322 0.956296
vt 0.093695 0.956360
vt 0.091330 0.962635
vt 0.093680 0.962641
vt 0.139031 0.435473
vt 0.128490 0.401228
vt 0.139031 0.401231
vt 0.128490 0.448473
vt 0.139031 0.468904
vt 0.128490 0.491097
vt 0.139031 0.505886
vt 0.128490 0.528712
vt 0.139031 0.553109
vt 0.128490 0.553103
vt 0.605737 0.794896
vt 0.662689 0.794896
vt 0.800948 0.519105
vt 0.796652 0.519105
vt 0.796652 0.529327
vt 0.796382 0.519105
vt 0.795922 0.624247
vt 0.244935 0.604484
vt 0.281086 0.593942
vt 0.281085 0.604484
vt 0.249377 0.593942
vt 0.211823 0.593942
vt 0.208042 0.604484
vt 0.168371 0.593942
vt 0.168290 0.604484
vt 0.129210 0.604484
vt 0.129212 0.593942
vt 0.825907 0.510035
vt 0.828161 0.523805
vt 0.828145 0.510037
vt 0.480252 0.310193
vt 0.495677 0.310193
vt 0.480252 0.350724
vt 0.495677 0.351751
vt 0.480252 0.390832
vt 0.495677 0.395007
vt 0.480252 0.419251
vt 0.495677 0.428941
vt 0.480252 0.435296
vt 0.495677 0.462430
vt 0.480252 0.462430
vt 0.479091 0.515631
vt 0.479090 0.473769
vt 0.489632 0.473769
vt 0.489632 0.517251
vt 0.479090 0.557403
vt 0.489632 0.564213
vt 0.479091 0.591888
vt 0.489632 0.595687
vt 0.479090 0.625641
vt 0.489632 0.625641
vt 0.828143 0.693142
vt 0.817602 0.675331
vt 0.828143 0.675323
vt 0.817602 0.697646
vt 0.828143 0.713291
vt 0.817602 0.713291
vt 0.715828 0.805287
vt 0.096405 0.471595
vt 0.096405 0.447181
vt 0.111830 0.447181
vt 0.111830 0.486612
vt 0.096405 0.486610
vt 0.247610 0.770580
vt 0.247610 0.780985
vt 0.244963 0.770580
vt 0.244991 0.782026
vt 0.247806 0.791074
vt 0.244963 0.800152
vt 0.247610 0.810009
vt 0.244963 0.810009
vt 0.189916 0.446732
vt 0.190449 0.447097
vt 0.190090 0.443977
vt 0.191924 0.443811
vt 0.191924 0.462430
vt 0.190600 0.459510
vt 0.189837 0.461700
vt 0.190007 0.459510
vt 0.189733 0.462430
vt 0.624049 0.967035
vt 0.626851 0.968713
vt 0.622336 0.969475
vt 0.624859 0.971389
vt 0.478804 0.117535
vt 0.478453 0.119023
vt 0.477399 0.117345
vt 0.476988 0.118736
vt 0.779374 0.728403
vt 0.779784 0.727492
vt 0.779784 0.728403
vt 0.779374 0.727490
vt 0.779784 0.726213
vt 0.779374 0.725846
vt 0.779784 0.724844
vt 0.779374 0.723899
vt 0.779784 0.723567
vt 0.779784 0.722015
vt 0.779374 0.722014
vt 0.779784 0.720464
vt 0.779374 0.720462
vt 0.779784 0.719185
vt 0.779374 0.718852
vt 0.779784 0.717906
vt 0.779374 0.717269
vt 0.779784 0.716292
vt 0.779374 0.715690
vt 0.779784 0.714712
vt 0.779374 0.713681
vt 0.779784 0.713344
vt 0.150476 0.411508
vt 0.152587 0.412256
vt 0.150463 0.412512
vt 0.150465 0.416281
vt 0.152564 0.427824
vt 0.150465 0.426813
vt 0.150465 0.429233
vt 0.150465 0.432364
vt 0.152564 0.433967
vt 0.150465 0.435879
vt 0.152564 0.439830
vt 0.150465 0.440110
vt 0.150465 0.446800
vt 0.152564 0.454062
vt 0.150465 0.454950
vt 0.152564 0.456481
vt 0.150465 0.459112
vt 0.152564 0.459408
vt 0.150465 0.461937
vt 0.152564 0.462097
vt 0.152564 0.469761
vt 0.150465 0.467018
vt 0.150465 0.471046
vt 0.150465 0.475871
vt 0.152564 0.476424
vt 0.150465 0.478148
vt 0.152564 0.480129
vt 0.150465 0.481599
vt 0.152564 0.486132
vt 0.150465 0.491380
vt 0.152564 0.494141
vt 0.150465 0.495595
vt 0.965432 0.695097
vt 0.966488 0.692382
vt 0.969612 0.692781
vt 0.969939 0.695199
vt 0.967698 0.696472
vt 0.871938 0.810929
vt 0.873282 0.811910
vt 0.871715 0.812570
vt 0.601462 0.610581
vt 0.600914 0.611586
vt 0.600914 0.610308
vt 0.601462 0.611949
vt 0.601462 0.613531
vt 0.600914 0.613230
vt 0.600914 0.614810
vt 0.601462 0.615478
vt 0.600914 0.616424
vt 0.601462 0.617364
vt 0.600914 0.618033
vt 0.601462 0.618979
vt 0.600914 0.619525
vt 0.601462 0.620166
vt 0.600914 0.620803
vt 0.601462 0.621444
vt 0.600914 0.622081
vt 0.601462 0.622722
vt 0.600914 0.623753
vt 0.601462 0.624422
vt 0.600914 0.625368
vt 0.601462 0.625641
vt 0.587313 0.612092
vt 0.587861 0.612430
vt 0.587313 0.613462
vt 0.587861 0.614101
vt 0.587313 0.614741
vt 0.587861 0.615378
vt 0.587313 0.616323
vt 0.587861 0.616656
vt 0.587313 0.617934
vt 0.587861 0.618268
vt 0.587313 0.619212
vt 0.587861 0.619852
vt 0.587313 0.620489
vt 0.587861 0.621130
vt 0.587313 0.621766
vt 0.587861 0.622648
vt 0.587313 0.622954
vt 0.587861 0.624230
vt 0.587313 0.624597
vt 0.587861 0.625935
vt 0.587313 0.626241
vt 0.587861 0.627152
vt 0.587313 0.627152
vt 0.374369 0.765962
vt 0.374780 0.767020
vt 0.374369 0.768194
vt 0.374780 0.770492
vt 0.374369 0.771433
vt 0.374780 0.773353
vt 0.374369 0.773999
vt 0.374780 0.775871
vt 0.374369 0.776509
vt 0.374780 0.778421
vt 0.374369 0.779802
vt 0.374780 0.780852
vt 0.004676 0.043741
vt 0.006045 0.043741
vt 0.006045 0.054183
vt 0.004676 0.054179
vt 0.006045 0.065662
vt 0.004676 0.065662
vt 0.004676 0.072951
vt 0.006045 0.072946
vt 0.004676 0.078820
vt 0.006045 0.078816
vt 0.006045 0.085630
vt 0.004676 0.085626
vt 0.006045 0.089675
vt 0.004676 0.089677
vt 0.006045 0.093613
vt 0.004676 0.093616
vt 0.006045 0.097440
vt 0.004676 0.097441
vt 0.004676 0.100328
vt 0.006045 0.100328
vt 0.004676 0.103360
vt 0.006045 0.103362
vt 0.004676 0.107631
vt 0.006045 0.107631
vt 0.004676 0.112191
vt 0.006045 0.112187
vt 0.004676 0.116801
vt 0.006045 0.116799
vt 0.006045 0.121349
vt 0.004676 0.121350
vt 0.004676 0.125062
vt 0.006045 0.126345
vt 0.004676 0.129308
vt 0.006045 0.132688
vt 0.004676 0.136294
vt 0.006045 0.140110
vt 0.004676 0.143961
vt 0.006045 0.145918
vt 0.004676 0.151780
vt 0.006045 0.151784
vt 0.004676 0.159322
vt 0.006045 0.159324
vt 0.004676 0.166388
vt 0.006045 0.166390
vt 0.004676 0.173091
vt 0.006045 0.173090
vt 0.006045 0.179417
vt 0.004676 0.179418
vt 0.006045 0.185484
vt 0.004676 0.185482
vt 0.004676 0.191357
vt 0.006045 0.191362
vt 0.004676 0.197113
vt 0.006045 0.197115
vt 0.004676 0.208545
vt 0.006045 0.208545
vt 0.605225 0.491793
vt 0.607507 0.491793
vt 0.605225 0.494166
vt 0.607507 0.494166
vt 0.056655 0.594555
vt 0.058937 0.594555
vt 0.056655 0.596928
vt 0.058937 0.596928
vt 0.340022 0.674000
vt 0.337741 0.674000
vt 0.340022 0.671627
vt 0.337741 0.671627
vt 0.418605 0.675511
vt 0.416323 0.675511
vt 0.418605 0.673138
vt 0.416323 0.673138
vt 0.288641 0.661910
vt 0.286405 0.661910
vt 0.288641 0.659537
vt 0.286359 0.659537
vt 0.477497 0.673138
vt 0.477542 0.675511
vt 0.475261 0.675511
vt 0.475261 0.673138
vt 0.994376 0.411470
vt 0.994376 0.414026
vt 0.992003 0.411470
vt 0.992003 0.414072
vt 0.432856 0.993332
vt 0.435229 0.993286
vt 0.435229 0.995887
vt 0.432856 0.995887
vt 0.699690 0.990999
vt 0.699690 0.994376
vt 0.697317 0.990999
vt 0.697317 0.994376
vt 0.990492 0.968331
vt 0.992865 0.968331
vt 0.992865 0.971708
vt 0.990492 0.971708
vt 0.991354 0.883247
vt 0.991354 0.887080
vt 0.988981 0.883247
vt 0.988981 0.887080
vt 0.073188 0.990589
vt 0.075561 0.990589
vt 0.075561 0.994376
vt 0.073188 0.994376
vt 0.989843 0.240891
vt 0.989843 0.244816
vt 0.987470 0.240891
vt 0.987470 0.244816
vt 0.674000 0.986775
vt 0.671627 0.982850
vt 0.674000 0.982850
vt 0.671627 0.986820
vt 0.868946 0.269650
vt 0.866573 0.273529
vt 0.866573 0.269696
vt 0.868946 0.273529
vt 0.907376 0.133641
vt 0.909749 0.133641
vt 0.907376 0.137520
vt 0.909749 0.137474
vt 0.468475 0.005376
vt 0.458390 0.044952
vt 0.458390 0.005376
vt 0.468475 0.045018
vt 0.458390 0.088577
vt 0.468475 0.088691
vt 0.458390 0.128802
vt 0.468475 0.128837
vt 0.468475 0.174678
vt 0.458390 0.174760
vt 0.468475 0.194940
vt 0.458390 0.194988
vt 0.468475 0.209367
vt 0.458390 0.209424
vt 0.468475 0.220408
vt 0.458390 0.227881
vt 0.468475 0.231973
vt 0.468475 0.248185
vt 0.458390 0.248184
vt 0.458390 0.265369
vt 0.468475 0.265427
vt 0.458390 0.282974
vt 0.468475 0.283034
vt 0.458390 0.300262
vt 0.468475 0.300318
vt 0.458390 0.319327
vt 0.468475 0.319373
vt 0.458390 0.343410
vt 0.468475 0.343482
vt 0.458390 0.379035
vt 0.468475 0.371630
vt 0.468475 0.408525
vt 0.458390 0.416024
vt 0.468475 0.444591
vt 0.458390 0.444675
vt 0.468475 0.471424
vt 0.458390 0.484060
vt 0.468475 0.496857
vt 0.468475 0.520977
vt 0.458390 0.521047
vt 0.468475 0.543987
vt 0.458390 0.544083
vt 0.468475 0.575482
vt 0.458390 0.575619
vt 0.468475 0.631684
vt 0.458390 0.631684
vt 0.992003 0.081605
vt 0.992003 0.078776
vt 0.994376 0.081605
vt 0.994376 0.078776
vt 0.160838 0.556125
vt 0.160838 0.547820
vt 0.163211 0.556080
vt 0.163211 0.547820
vt 0.620246 0.578897
vt 0.620246 0.570793
vt 0.622619 0.570832
vt 0.622619 0.581500
vt 0.622618 0.587811
vt 0.620246 0.587861
vt 0.030224 0.168009
vt 0.030224 0.171105
vt 0.027851 0.168010
vt 0.027851 0.178323
vt 0.030224 0.178298
vt 0.287130 0.011254
vt 0.284757 0.005177
vt 0.287130 0.005176
vt 0.284757 0.012587
vt 0.284757 0.016525
vt 0.287130 0.016542
vt 0.284757 0.020350
vt 0.287130 0.020366
vt 0.284757 0.024240
vt 0.287130 0.024255
vt 0.284757 0.028354
vt 0.287130 0.028357
vt 0.287130 0.031735
vt 0.284757 0.031735
vt 0.401297 0.176728
vt 0.401982 0.176728
vt 0.401982 0.187165
vt 0.401297 0.187166
vt 0.401982 0.198649
vt 0.401297 0.198650
vt 0.401297 0.205936
vt 0.401982 0.205939
vt 0.401297 0.211806
vt 0.401982 0.211806
vt 0.401982 0.218612
vt 0.401297 0.218615
vt 0.401982 0.222662
vt 0.401297 0.222661
vt 0.401982 0.226602
vt 0.401297 0.226601
vt 0.401982 0.230428
vt 0.401297 0.230426
vt 0.401297 0.233315
vt 0.401982 0.233315
vt 0.401297 0.236346
vt 0.401982 0.236347
vt 0.401297 0.240616
vt 0.401982 0.240619
vt 0.401297 0.245175
vt 0.401982 0.245179
vt 0.401297 0.249786
vt 0.401982 0.249787
vt 0.401982 0.254336
vt 0.401297 0.254336
vt 0.401982 0.258049
vt 0.401297 0.259326
vt 0.401982 0.262295
vt 0.401297 0.265671
vt 0.401982 0.269280
vt 0.401297 0.273095
vt 0.401982 0.276947
vt 0.401297 0.278904
vt 0.401982 0.284768
vt 0.401297 0.284773
vt 0.401297 0.292313
vt 0.401982 0.292311
vt 0.401297 0.299373
vt 0.401982 0.299376
vt 0.401297 0.306077
vt 0.401982 0.306077
vt 0.401982 0.312403
vt 0.401297 0.312407
vt 0.401982 0.318468
vt 0.401297 0.318472
vt 0.401982 0.324344
vt 0.401297 0.324347
vt 0.401297 0.330101
vt 0.401982 0.330101
vt 0.401297 0.341532
vt 0.401982 0.341532
vt 0.237413 0.616574
vt 0.237413 0.615433
vt 0.246220 0.616574
vt 0.246221 0.615433
vt 0.252801 0.616574
vt 0.252798 0.615433
vt 0.257385 0.616574
vt 0.257379 0.615433
vt 0.261863 0.615433
vt 0.261865 0.616574
vt 0.268444 0.615433
vt 0.268441 0.616574
vt 0.276317 0.616574
vt 0.276315 0.615433
vt 0.280907 0.616574
vt 0.280905 0.615433
vt 0.285298 0.616574
vt 0.285296 0.615433
vt 0.289632 0.616574
vt 0.289633 0.615433
vt 0.292905 0.615433
vt 0.292905 0.616574
vt 0.296132 0.615433
vt 0.296133 0.616574
vt 0.300593 0.615433
vt 0.300592 0.616574
vt 0.305130 0.615433
vt 0.305134 0.616574
vt 0.309740 0.615433
vt 0.309740 0.616574
vt 0.314269 0.616574
vt 0.314268 0.615433
vt 0.318823 0.616574
vt 0.318829 0.615433
vt 0.323368 0.615433
vt 0.323366 0.616574
vt 0.327913 0.616574
vt 0.327914 0.615433
vt 0.331329 0.616574
vt 0.331329 0.615433
vt 0.334719 0.615433
vt 0.334717 0.616574
vt 0.339235 0.615433
vt 0.339236 0.616574
vt 0.343795 0.615433
vt 0.343796 0.616574
vt 0.348402 0.615433
vt 0.348403 0.616574
vt 0.353033 0.616574
vt 0.353032 0.615433
vt 0.357570 0.616574
vt 0.357569 0.615433
vt 0.362007 0.616574
vt 0.362008 0.615433
vt 0.366311 0.615433
vt 0.366310 0.616574
vt 0.374779 0.615433
vt 0.374779 0.616574
vt 0.456385 0.730032
vt 0.456385 0.776762
vt 0.454321 0.730032
vt 0.454329 0.776762
vt 0.779785 0.179951
vt 0.777719 0.179951
vt 0.779785 0.226682
vt 0.777725 0.226682
vt 0.789809 0.178440
vt 0.791874 0.225170
vt 0.791874 0.178440
vt 0.789814 0.225170
vt 0.255780 0.567903
vt 0.281085 0.567903
vt 0.281085 0.583327
vt 0.247705 0.583327
vt 0.219018 0.567903
vt 0.220409 0.583327
vt 0.196655 0.583327
vt 0.187787 0.567903
vt 0.165169 0.583327
vt 0.154412 0.567903
vt 0.128845 0.583327
vt 0.128847 0.567903
vt 0.558396 0.776762
vt 0.558396 0.766220
vt 0.578809 0.776762
vt 0.583051 0.766220
vt 0.613244 0.776762
vt 0.620587 0.766220
vt 0.639878 0.776762
vt 0.649104 0.766220
vt 0.664377 0.776762
vt 0.677240 0.766220
vt 0.688315 0.776762
vt 0.710268 0.766220
vt 0.710268 0.776762
vt 0.848988 0.250861
vt 0.848988 0.235001
vt 0.864412 0.250861
vt 0.864412 0.234840
vt 0.864412 0.222385
vt 0.848988 0.212900
vt 0.864412 0.212893
vt 0.077155 0.546837
vt 0.076575 0.546472
vt 0.076735 0.543734
vt 0.078583 0.543551
vt 0.078583 0.562170
vt 0.077260 0.559250
vt 0.076496 0.561440
vt 0.076666 0.559250
vt 0.076392 0.562170
vt 0.776542 0.701201
vt 0.772346 0.701201
vt 0.772346 0.696834
vt 0.776330 0.695501
vt 0.772346 0.689940
vt 0.776765 0.696738
vt 0.779785 0.695359
vt 0.779785 0.701201
vt 0.777002 0.691690
vt 0.779785 0.688683
vt 0.777029 0.684616
vt 0.779784 0.680010
vt 0.777034 0.678041
vt 0.776773 0.673029
vt 0.779785 0.671218
vt 0.776531 0.668481
vt 0.776855 0.663928
vt 0.779785 0.661327
vt 0.776814 0.658140
vt 0.776901 0.651628
vt 0.779785 0.652467
vt 0.779784 0.645769
vt 0.777029 0.644899
vt 0.779785 0.639451
vt 0.776704 0.644929
vt 0.776923 0.639711
vt 0.779785 0.635322
vt 0.777041 0.635254
vt 0.779785 0.643492
vt 0.776904 0.643054
vt 0.776773 0.635259
vt 0.779785 0.646163
vt 0.776510 0.635254
vt 0.776406 0.639773
vt 0.772346 0.642829
vt 0.772346 0.636773
vt 0.776316 0.649167
vt 0.772346 0.651437
vt 0.776348 0.655519
vt 0.772346 0.658090
vt 0.776375 0.662777
vt 0.772346 0.665304
vt 0.772346 0.672976
vt 0.776331 0.674125
vt 0.772346 0.680654
vt 0.776748 0.679839
vt 0.776432 0.681607
vt 0.776627 0.687752
vt 0.522879 0.751104
vt 0.521418 0.748214
vt 0.522147 0.755605
vt 0.518133 0.755605
vt 0.518133 0.751116
vt 0.513295 0.755619
vt 0.522879 0.745266
vt 0.513295 0.746239
vt 0.518133 0.743610
vt 0.521418 0.738479
vt 0.522879 0.737133
vt 0.513295 0.739811
vt 0.518133 0.735505
vt 0.513295 0.732086
vt 0.521418 0.730681
vt 0.522879 0.727115
vt 0.518133 0.728702
vt 0.513295 0.722685
vt 0.521418 0.722317
vt 0.518133 0.721105
vt 0.522879 0.717231
vt 0.513295 0.716068
vt 0.518133 0.713707
vt 0.521418 0.713675
vt 0.522879 0.710190
vt 0.513295 0.709393
vt 0.518133 0.704588
vt 0.521418 0.704576
vt 0.513295 0.703545
vt 0.522879 0.704606
vt 0.522879 0.698516
vt 0.513295 0.696409
vt 0.518133 0.695151
vt 0.521418 0.695575
vt 0.522879 0.691131
vt 0.513295 0.692903
vt 0.513295 0.689617
vt 0.518133 0.689617
vt 0.521418 0.689617
vt 0.521418 0.697460
vt 0.522879 0.697229
vt 0.518133 0.689599
vt 0.513295 0.693841
vt 0.518133 0.700870
vt 0.513295 0.700171
vt 0.522879 0.705840
vt 0.513295 0.706872
vt 0.521418 0.706887
vt 0.518133 0.709164
vt 0.522879 0.712462
vt 0.513295 0.715685
vt 0.521418 0.715681
vt 0.518133 0.716512
vt 0.522879 0.719662
vt 0.518133 0.725707
vt 0.513295 0.725576
vt 0.521418 0.725575
vt 0.522879 0.727334
vt 0.513295 0.734372
vt 0.521418 0.732239
vt 0.522879 0.735018
vt 0.518133 0.733238
vt 0.521418 0.739272
vt 0.518133 0.739272
vt 0.513295 0.743087
vt 0.522879 0.744356
vt 0.518133 0.745388
vt 0.521418 0.746359
vt 0.513295 0.749761
vt 0.518133 0.751242
vt 0.522879 0.751205
vt 0.521418 0.755626
vt 0.513295 0.755605
vt 0.522879 0.755605
vt 0.165567 0.823026
vt 0.166651 0.825003
vt 0.164978 0.827890
vt 0.166407 0.826339
vt 0.166414 0.826384
vt 0.166651 0.827709
vt 0.165265 0.830824
vt 0.166795 0.829814
vt 0.166647 0.830279
vt 0.166610 0.830336
vt 0.167215 0.831714
vt 0.166218 0.833780
vt 0.168649 0.831562
vt 0.168500 0.831439
vt 0.168846 0.828827
vt 0.168928 0.830093
vt 0.168919 0.830037
vt 0.170288 0.830647
vt 0.169605 0.833534
vt 0.171409 0.834187
vt 0.172127 0.830768
vt 0.172159 0.827250
vt 0.170407 0.828021
vt 0.170017 0.825560
vt 0.168567 0.826678
vt 0.168691 0.826181
vt 0.168684 0.826131
vt 0.168170 0.824866
vt 0.170762 0.821938
vt 0.168940 0.822718
vt 0.169107 0.822604
vt 0.234385 0.822692
vt 0.235233 0.824848
vt 0.233512 0.824725
vt 0.234971 0.825086
vt 0.236762 0.824910
vt 0.236502 0.824837
vt 0.234669 0.826088
vt 0.234702 0.826291
vt 0.233097 0.827720
vt 0.234660 0.828108
vt 0.233169 0.830550
vt 0.234601 0.829883
vt 0.236884 0.826322
vt 0.236784 0.829314
vt 0.236951 0.826202
vt 0.238247 0.825576
vt 0.237650 0.822783
vt 0.239506 0.822413
vt 0.240021 0.824719
vt 0.240270 0.827943
vt 0.238386 0.828605
vt 0.239785 0.831468
vt 0.237904 0.831695
vt 0.237131 0.833627
vt 0.238913 0.834188
vt 0.236586 0.831016
vt 0.236405 0.831537
vt 0.234762 0.831314
vt 0.234624 0.830788
vt 0.233959 0.833321
vt 0.236225 0.831425
vt 0.234937 0.831196
vt 0.220574 0.823781
vt 0.221483 0.825582
vt 0.219641 0.825867
vt 0.220242 0.827524
vt 0.221984 0.828721
vt 0.220318 0.828246
vt 0.220378 0.829175
vt 0.218040 0.827645
vt 0.218279 0.825952
vt 0.214792 0.825679
vt 0.215278 0.823464
vt 0.217040 0.823902
vt 0.216448 0.827618
vt 0.214601 0.829332
vt 0.217940 0.828341
vt 0.218060 0.829222
vt 0.216563 0.829936
vt 0.215315 0.832607
vt 0.220373 0.829175
vt 0.218062 0.829224
vt 0.218148 0.830189
vt 0.218399 0.831403
vt 0.218400 0.831402
vt 0.220565 0.831304
vt 0.218282 0.834802
vt 0.218657 0.832267
vt 0.218791 0.832649
vt 0.216518 0.835699
vt 0.218996 0.832664
vt 0.220425 0.832517
vt 0.220530 0.832577
vt 0.221530 0.834503
vt 0.222007 0.831673
vt 0.220577 0.832189
vt 0.220565 0.831305
vt 0.220476 0.830065
vt 0.188778 0.830954
vt 0.189634 0.832979
vt 0.188584 0.830970
vt 0.190276 0.830117
vt 0.187296 0.831189
vt 0.188844 0.830608
vt 0.188881 0.830073
vt 0.188910 0.829612
vt 0.188650 0.829138
vt 0.188701 0.827458
vt 0.190225 0.827216
vt 0.186340 0.827642
vt 0.186745 0.829394
vt 0.188619 0.826815
vt 0.188633 0.826145
vt 0.187981 0.824445
vt 0.189796 0.824376
vt 0.188806 0.822331
vt 0.186642 0.824509
vt 0.186381 0.826276
vt 0.186299 0.827003
vt 0.184806 0.827818
vt 0.184932 0.824488
vt 0.185461 0.822569
vt 0.183099 0.824561
vt 0.182954 0.827858
vt 0.183573 0.822139
vt 0.183686 0.831430
vt 0.185317 0.830548
vt 0.186640 0.829860
vt 0.186775 0.830310
vt 0.187054 0.831194
vt 0.186938 0.830828
vt 0.186541 0.833375
vt 0.184843 0.834187
vt 0.027592 0.084790
vt 0.026817 0.085500
vt 0.026941 0.076813
vt 0.028986 0.077727
vt 0.026966 0.071829
vt 0.028959 0.071829
vt 0.030095 0.073780
vt 0.030098 0.071829
vt 0.029966 0.073780
vt 0.030151 0.076096
vt 0.032109 0.073780
vt 0.032134 0.071829
vt 0.034648 0.071829
vt 0.034638 0.077666
vt 0.032248 0.073780
vt 0.032139 0.076097
vt 0.034677 0.084868
vt 0.032097 0.081725
vt 0.030073 0.081302
vt 0.028910 0.084219
vt 0.026817 0.093800
vt 0.027593 0.093964
vt 0.028911 0.092728
vt 0.027131 0.100287
vt 0.028952 0.102577
vt 0.027025 0.105020
vt 0.026964 0.112405
vt 0.028938 0.114954
vt 0.026982 0.118696
vt 0.027070 0.124401
vt 0.026817 0.130776
vt 0.027586 0.131604
vt 0.026957 0.137975
vt 0.026817 0.145652
vt 0.027590 0.146050
vt 0.026799 0.153013
vt 0.028922 0.139721
vt 0.028911 0.146920
vt 0.028951 0.157177
vt 0.026823 0.157166
vt 0.028978 0.151426
vt 0.027040 0.151752
vt 0.030122 0.147486
vt 0.030175 0.153013
vt 0.030132 0.155067
vt 0.030113 0.157166
vt 0.032020 0.155067
vt 0.032041 0.153013
vt 0.032127 0.147448
vt 0.034756 0.153013
vt 0.032248 0.155067
vt 0.034721 0.145627
vt 0.030099 0.140109
vt 0.034756 0.157166
vt 0.032119 0.157166
vt 0.032053 0.140446
vt 0.034713 0.137920
vt 0.034689 0.130792
vt 0.032046 0.131717
vt 0.032116 0.124446
vt 0.034716 0.124288
vt 0.034660 0.118696
vt 0.032054 0.118696
vt 0.032248 0.116688
vt 0.030148 0.124374
vt 0.030129 0.118696
vt 0.030175 0.130956
vt 0.028909 0.126036
vt 0.030110 0.116688
vt 0.030068 0.112446
vt 0.029994 0.110345
vt 0.032020 0.116680
vt 0.032089 0.112444
vt 0.034668 0.112411
vt 0.032162 0.110345
vt 0.034651 0.104734
vt 0.032153 0.105024
vt 0.030150 0.104656
vt 0.030120 0.096698
vt 0.030175 0.088211
vt 0.032086 0.089515
vt 0.034681 0.093272
vt 0.032066 0.098239
vt 0.034681 0.099687
vt 0.466469 0.673864
vt 0.466820 0.684085
vt 0.466496 0.713290
vt 0.466844 0.701871
vt 0.426856 0.770581
vt 0.429061 0.770580
vt 0.426856 0.810008
vt 0.429092 0.780802
vt 0.429107 0.798376
vt 0.429092 0.810006
vt 0.070226 0.104087
vt 0.072020 0.098739
vt 0.070226 0.098747
vt 0.073700 0.102619
vt 0.073707 0.098750
vt 0.072073 0.105516
vt 0.075330 0.101787
vt 0.075320 0.098750
vt 0.076975 0.098747
vt 0.077010 0.103997
vt 0.075278 0.106901
vt 0.077008 0.109402
vt 0.075300 0.112496
vt 0.076978 0.114930
vt 0.075280 0.117925
vt 0.077005 0.120174
vt 0.075298 0.123777
vt 0.076987 0.125110
vt 0.075293 0.128405
vt 0.077002 0.128699
vt 0.075296 0.125531
vt 0.077004 0.123392
vt 0.075297 0.119350
vt 0.077001 0.116618
vt 0.075318 0.115013
vt 0.077001 0.111195
vt 0.075312 0.110143
vt 0.077002 0.107192
vt 0.075298 0.104123
vt 0.077000 0.102457
vt 0.075300 0.098747
vt 0.076971 0.098750
vt 0.073693 0.101855
vt 0.073680 0.098750
vt 0.073682 0.107076
vt 0.073725 0.111573
vt 0.073666 0.115797
vt 0.073688 0.120659
vt 0.073693 0.125344
vt 0.073604 0.129957
vt 0.073692 0.126931
vt 0.073730 0.122891
vt 0.073695 0.118882
vt 0.073687 0.113459
vt 0.073693 0.108060
vt 0.072086 0.111893
vt 0.070226 0.109433
vt 0.070226 0.114659
vt 0.072021 0.116918
vt 0.070226 0.119599
vt 0.072065 0.121455
vt 0.070226 0.125061
vt 0.072054 0.126735
vt 0.070226 0.128556
vt 0.072023 0.129964
vt 0.072143 0.129973
vt 0.070226 0.123230
vt 0.072059 0.123571
vt 0.072051 0.118627
vt 0.070226 0.116695
vt 0.072084 0.114163
vt 0.070226 0.111087
vt 0.072039 0.108744
vt 0.070226 0.107192
vt 0.070226 0.102602
vt 0.072063 0.102412
vt 0.072049 0.098750
vt 0.070226 0.098750
vt 0.776530 0.701201
vt 0.772346 0.696707
vt 0.776715 0.696462
vt 0.776348 0.691552
vt 0.772346 0.690871
vt 0.777045 0.695898
vt 0.779785 0.701216
vt 0.779785 0.691851
vt 0.776804 0.690386
vt 0.777030 0.684660
vt 0.779785 0.685401
vt 0.776745 0.682965
vt 0.779785 0.677689
vt 0.777040 0.677392
vt 0.779785 0.668266
vt 0.776898 0.669906
vt 0.776676 0.665672
vt 0.779785 0.659746
vt 0.776928 0.659791
vt 0.779785 0.656250
vt 0.776893 0.654001
vt 0.779785 0.653513
vt 0.779785 0.650732
vt 0.776793 0.648766
vt 0.779785 0.648493
vt 0.776400 0.645176
vt 0.772346 0.650157
vt 0.772346 0.644158
vt 0.776338 0.652274
vt 0.772346 0.655832
vt 0.776365 0.658998
vt 0.772346 0.662808
vt 0.772346 0.672711
vt 0.776388 0.674395
vt 0.776664 0.676938
vt 0.772346 0.682731
vt 0.776347 0.685125
vt 0.034658 0.077582
vt 0.034673 0.071829
vt 0.032052 0.073780
vt 0.032102 0.071829
vt 0.032040 0.076097
vt 0.030149 0.073780
vt 0.030096 0.071829
vt 0.028935 0.071829
vt 0.028977 0.077101
vt 0.030162 0.076098
vt 0.026977 0.077125
vt 0.026946 0.071829
vt 0.026817 0.085461
vt 0.027592 0.085700
vt 0.028939 0.083902
vt 0.030082 0.081365
vt 0.026817 0.093421
vt 0.027599 0.094171
vt 0.028931 0.092907
vt 0.030160 0.089279
vt 0.032154 0.081738
vt 0.032113 0.089574
vt 0.034683 0.084964
vt 0.034670 0.093150
vt 0.032060 0.098033
vt 0.034690 0.101314
vt 0.032133 0.105070
vt 0.034646 0.108792
vt 0.032051 0.110343
vt 0.032063 0.112444
vt 0.034657 0.114543
vt 0.030161 0.110343
vt 0.032147 0.116687
vt 0.034645 0.120166
vt 0.032056 0.118697
vt 0.030067 0.112445
vt 0.030151 0.116688
vt 0.028977 0.117802
vt 0.030157 0.118697
vt 0.028970 0.109092
vt 0.030080 0.105047
vt 0.028935 0.102159
vt 0.030125 0.098351
vt 0.026817 0.100852
vt 0.027593 0.102607
vt 0.026887 0.109570
vt 0.026932 0.114543
vt 0.026922 0.119514
vt 0.027593 0.126179
vt 0.026817 0.125603
vt 0.028911 0.126792
vt 0.026817 0.132192
vt 0.027593 0.133595
vt 0.027116 0.138587
vt 0.028913 0.135415
vt 0.026817 0.145124
vt 0.027591 0.145325
vt 0.028917 0.144160
vt 0.030160 0.153009
vt 0.029966 0.155067
vt 0.030101 0.155067
vt 0.029966 0.157166
vt 0.032063 0.155067
vt 0.034748 0.157166
vt 0.034646 0.151376
vt 0.032067 0.153013
vt 0.032051 0.147617
vt 0.034680 0.144594
vt 0.032083 0.140452
vt 0.034679 0.137996
vt 0.032061 0.131786
vt 0.034681 0.131677
vt 0.032091 0.124067
vt 0.034671 0.124852
vt 0.030083 0.123779
vt 0.030156 0.131050
vt 0.030162 0.139651
vt 0.030121 0.147309
vt 0.803704 0.698042
vt 0.801784 0.693152
vt 0.801795 0.682930
vt 0.801628 0.703373
vt 0.806814 0.682930
vt 0.801784 0.722359
vt 0.803856 0.722359
vt 0.806797 0.693211
vt 0.806937 0.704865
vt 0.806817 0.722358
vt 0.188340 0.057307
vt 0.188337 0.059737
vt 0.189162 0.057310
vt 0.189171 0.060850
vt 0.188337 0.063676
vt 0.189170 0.062872
vt 0.188337 0.064973
vt 0.189181 0.065707
vt 0.188339 0.066199
vt 0.189179 0.067272
vt 0.189177 0.068425
vt 0.188338 0.067794
vt 0.188347 0.069567
vt 0.189181 0.069706
vt 0.189179 0.071204
vt 0.188337 0.071545
vt 0.188417 0.074869
vt 0.189198 0.073903
vt 0.189017 0.075400
vt 0.189763 0.075377
vt 0.190244 0.074952
vt 0.190270 0.073980
vt 0.189690 0.073741
vt 0.060312 0.136009
vt 0.057278 0.136009
vt 0.060381 0.089278
vt 0.057396 0.089127
vt 0.057296 0.087311
vt 0.060448 0.087363
vt 0.235612 0.052892
vt 0.235696 0.006161
vt 0.232582 0.052892
vt 0.232692 0.006027
vt 0.235748 0.004247
vt 0.232592 0.004193
vt 0.387544 0.784318
vt 0.388370 0.784318
vt 0.388385 0.781738
vt 0.387555 0.781747
vt 0.388382 0.779050
vt 0.387537 0.779995
vt 0.387543 0.778110
vt 0.388374 0.777132
vt 0.387544 0.775932
vt 0.388381 0.776335
vt 0.388377 0.775390
vt 0.388380 0.774467
vt 0.387542 0.774259
vt 0.388381 0.773548
vt 0.388384 0.772650
vt 0.387537 0.771384
vt 0.388274 0.770674
vt 0.387849 0.770287
vt 0.386748 0.770576
vt 0.387241 0.770263
vt 0.387167 0.771540
vt 0.386633 0.771391
vt 0.927851 0.991205
vt 0.927746 0.994326
vt 0.925879 0.994241
vt 0.925877 0.991276
vt 0.247708 0.004193
vt 0.250794 0.006162
vt 0.250861 0.004249
vt 0.247792 0.006035
vt 0.250724 0.052892
vt 0.247690 0.052892
vt 0.507626 0.995827
vt 0.505760 0.992756
vt 0.505762 0.995753
vt 0.507730 0.992716
vt 0.028962 0.132939
vt 0.722865 0.769499
vt 0.722112 0.765415
vt 0.722874 0.765361
vt 0.722102 0.770769
vt 0.722866 0.773223
vt 0.722126 0.772960
vt 0.722106 0.774761
vt 0.722859 0.776067
vt 0.722127 0.776835
vt 0.722916 0.778582
vt 0.722356 0.779351
vt 0.723355 0.779541
vt 0.723701 0.778625
vt 0.329776 0.585318
vt 0.329035 0.587536
vt 0.329300 0.580951
vt 0.329774 0.588926
vt 0.329031 0.590436
vt 0.329775 0.591470
vt 0.328993 0.592699
vt 0.329770 0.593955
vt 0.329171 0.597901
vt 0.329953 0.597108
vt 0.330053 0.598300
vt 0.330759 0.597328
vt 0.994261 0.007505
vt 0.992370 0.004424
vt 0.994335 0.004385
vt 0.992372 0.007422
vt 0.521254 0.995842
vt 0.521323 0.992716
vt 0.519363 0.995752
vt 0.519364 0.992787
vt 0.179697 0.480565
vt 0.176665 0.480565
vt 0.176787 0.433715
vt 0.179783 0.433834
vt 0.179834 0.431921
vt 0.176676 0.431862
vt 0.292548 0.968281
vt 0.291406 0.967327
vt 0.292755 0.966636
vt 0.293123 0.965195
vt 0.294670 0.966889
vt 0.295645 0.966467
vt 0.295142 0.969478
vt 0.294060 0.968750
vt 0.292481 0.969622
vt 0.157228 0.968159
vt 0.156792 0.966460
vt 0.158234 0.968185
vt 0.156317 0.970062
vt 0.155322 0.968605
vt 0.154223 0.969029
vt 0.155171 0.966680
vt 0.153942 0.966433
vt 0.156298 0.965323
vt 0.158275 0.966320
vt 0.850998 0.333338
vt 0.861998 0.340967
vt 0.856932 0.412591
vt 0.172202 0.752506
vt 0.216349 0.737994
vt 0.240694 0.741350
vt 0.158012 0.743708
vt 0.103023 0.754094
vt 0.106522 0.744465
vt 0.063629 0.744465
vt 0.036049 0.754094
vt 0.013209 0.744465
vt 0.010677 0.754094
vt 0.006653 0.744465
vt 0.942548 0.328670
vt 0.915447 0.333530
vt 0.938298 0.320248
vt 0.886502 0.320887
vt 0.891610 0.345120
vt 0.942995 0.342277
vt 0.920208 0.355524
vt 0.942995 0.358536
vt 0.869205 0.364947
vt 0.896404 0.375713
vt 0.927644 0.382927
vt 0.942995 0.373184
vt 0.903502 0.407282
vt 0.941306 0.396155
vt 0.872312 0.412719
vt 0.939196 0.424344
vt 0.905190 0.423950
vt 0.942267 0.433340
vt 0.942995 0.441835
vt 0.908491 0.442724
vt 0.874397 0.441760
vt 0.858440 0.435206
vt 0.858721 0.444963
vt 0.242674 0.661360
vt 0.234613 0.685092
vt 0.224005 0.659078
vt 0.239333 0.711632
vt 0.210432 0.708142
vt 0.202667 0.672232
vt 0.207208 0.658953
vt 0.189734 0.731870
vt 0.196677 0.658953
vt 0.176550 0.704251
vt 0.168888 0.664876
vt 0.184994 0.658953
vt 0.149514 0.732280
vt 0.158708 0.664085
vt 0.148856 0.700814
vt 0.142390 0.660152
vt 0.123624 0.698114
vt 0.117817 0.658953
vt 0.110512 0.732417
vt 0.099243 0.694975
vt 0.098653 0.658953
vt 0.076299 0.732417
vt 0.071996 0.683388
vt 0.083320 0.658953
vt 0.058650 0.688109
vt 0.046957 0.734205
vt 0.033304 0.658953
vt 0.011112 0.732417
vt 0.017243 0.684763
vt 0.007139 0.683535
vt 0.005193 0.732417
vt 0.887588 0.543010
vt 0.896290 0.518886
vt 0.902577 0.543010
vt 0.912406 0.543010
vt 0.912771 0.518886
vt 0.909324 0.493970
vt 0.888935 0.493970
vt 0.901963 0.466206
vt 0.869514 0.466694
vt 0.861183 0.493970
vt 0.853850 0.467640
vt 0.850616 0.518886
vt 0.868344 0.518886
vt 0.852525 0.543010
vt 0.876537 0.543010
vt 0.867132 0.543010
vt 0.585984 0.944506
vt 0.585984 0.939412
vt 0.586350 0.944461
vt 0.427673 0.446351
vt 0.427673 0.471498
vt 0.417120 0.451491
vt 0.116363 0.551597
vt 0.104681 0.553103
vt 0.116363 0.529190
vt 0.104681 0.530422
vt 0.849381 0.272018
vt 0.849381 0.260321
vt 0.859879 0.261261
vt 0.857293 0.271625
vt 0.583327 0.827645
vt 0.583145 0.855345
vt 0.438437 0.855345
vt 0.434466 0.821073
vt 0.578399 0.807725
vt 0.547002 0.784531
vt 0.451306 0.794080
vt 0.516153 0.766557
vt 0.490688 0.764951
vt 0.005946 0.028702
vt 0.006311 0.004652
vt 0.183192 0.004470
vt 0.187390 0.039882
vt 0.014343 0.037692
vt 0.053041 0.072409
vt 0.166946 0.079048
vt 0.119485 0.095206
vt 0.089366 0.093242
vt 0.500203 0.641606
vt 0.514886 0.641606
vt 0.500203 0.651557
vt 0.491474 0.644841
vt 0.870457 0.024417
vt 0.803037 0.004656
vt 0.870457 0.006846
vt 0.803156 0.025201
vt 0.870457 0.056055
vt 0.802758 0.044181
vt 0.803018 0.060920
vt 0.870457 0.077672
vt 0.800024 0.090101
vt 0.870457 0.099814
vt 0.546120 0.260695
vt 0.529970 0.240519
vt 0.589250 0.202706
vt 0.548151 0.283582
vt 0.566823 0.317813
vt 0.529970 0.303238
vt 0.558191 0.347503
vt 0.529970 0.334635
vt 0.529970 0.367492
vt 0.548160 0.380605
vt 0.539904 0.419618
vt 0.529970 0.398889
vt 0.423140 0.883291
vt 0.423139 0.867239
vt 0.421596 0.867227
vt 0.009623 0.769712
vt 0.009623 0.765864
vt 0.026505 0.767172
vt 0.555537 0.050059
vt 0.546050 0.091876
vt 0.529970 0.057906
vt 0.540648 0.119969
vt 0.534960 0.147907
vt 0.529970 0.122890
vt 0.232301 0.764383
vt 0.233395 0.764326
vt 0.233266 0.769932
vt 0.232167 0.769853
vt 0.234238 0.775623
vt 0.232463 0.776857
vt 0.233993 0.778495
vt 0.234221 0.783875
vt 0.232432 0.784789
vt 0.233999 0.787292
vt 0.232269 0.789575
vt 0.233949 0.793610
vt 0.232549 0.796220
vt 0.234153 0.799593
vt 0.232248 0.806390
vt 0.233994 0.804460
vt 0.233121 0.809750
vt 0.232401 0.810009
vt 0.092992 0.532394
vt 0.091406 0.534585
vt 0.092896 0.527601
vt 0.093078 0.537373
vt 0.091024 0.541381
vt 0.093265 0.540549
vt 0.092745 0.543281
vt 0.090797 0.545417
vt 0.092587 0.546098
vt 0.090844 0.551070
vt 0.092184 0.553248
vt 0.091600 0.557135
vt 0.093140 0.555759
vt 0.093695 0.558887
vt 0.091441 0.559948
vt 0.090797 0.564906
vt 0.092243 0.565193
vt 0.466917 0.756386
vt 0.475176 0.725265
vt 0.478061 0.756386
vt 0.487363 0.680271
vt 0.481218 0.726404
vt 0.494361 0.683827
vt 0.501663 0.685310
vt 0.488520 0.727864
vt 0.498743 0.754923
vt 0.500203 0.718007
vt 0.510425 0.651529
vt 0.520902 0.656697
vt 0.520647 0.675818
vt 0.523568 0.649270
vt 0.523568 0.641349
vt 0.529409 0.676297
vt 0.533825 0.652382
vt 0.535250 0.681568
vt 0.535250 0.641930
vt 0.551958 0.642092
vt 0.552592 0.662202
vt 0.541091 0.688892
vt 0.563740 0.661955
vt 0.570298 0.641606
vt 0.557250 0.682228
vt 0.574555 0.663487
vt 0.587377 0.645877
vt 0.584515 0.668138
vt 0.615972 0.641758
vt 0.599102 0.664497
vt 0.622659 0.672091
vt 0.561682 0.706602
vt 0.589715 0.682194
vt 0.548393 0.707374
vt 0.548393 0.755839
vt 0.542552 0.757116
vt 0.559451 0.756295
vt 0.570380 0.717117
vt 0.585708 0.756386
vt 0.581980 0.729644
vt 0.605486 0.705791
vt 0.604982 0.731607
vt 0.605345 0.756386
vt 0.618488 0.756386
vt 0.618787 0.709715
vt 0.630171 0.740505
vt 0.631104 0.756389
vt 0.640393 0.717393
vt 0.657262 0.725152
vt 0.652075 0.756389
vt 0.665178 0.756295
vt 0.666678 0.733386
vt 0.676757 0.735551
vt 0.671228 0.720868
vt 0.690043 0.756295
vt 0.683704 0.720567
vt 0.675622 0.708742
vt 0.667679 0.690602
vt 0.645116 0.700355
vt 0.630967 0.701633
vt 0.615551 0.686152
vt 0.638411 0.669607
vt 0.623549 0.656237
vt 0.630171 0.641606
vt 0.642887 0.642287
vt 0.667247 0.646856
vt 0.663710 0.666433
vt 0.654014 0.683100
vt 0.679573 0.642715
vt 0.677960 0.678212
vt 0.686212 0.676926
vt 0.696393 0.667423
vt 0.691504 0.641606
vt 0.705550 0.641606
vt 0.707352 0.659552
vt 0.721508 0.641605
vt 0.731222 0.661530
vt 0.728544 0.672570
vt 0.720710 0.681499
vt 0.735717 0.684594
vt 0.747737 0.674061
vt 0.747742 0.641606
vt 0.757218 0.641606
vt 0.756449 0.669053
vt 0.759619 0.699188
vt 0.747506 0.728848
vt 0.725366 0.712826
vt 0.733853 0.755540
vt 0.719250 0.732245
vt 0.748456 0.756153
vt 0.717789 0.745434
vt 0.704647 0.728311
vt 0.716329 0.756295
vt 0.728708 0.854561
vt 0.715204 0.866761
vt 0.715625 0.855810
vt 0.729914 0.867190
vt 0.715004 0.880029
vt 0.729914 0.882547
vt 0.703186 0.743608
vt 0.703186 0.756295
vt 0.694687 0.685430
vt 0.769129 0.135228
vt 0.870457 0.159269
vt 0.786974 0.167844
vt 0.870457 0.130218
vt 0.776749 0.114508
vt 0.547680 0.005405
vt 0.634708 0.009715
vt 0.632825 0.052819
vt 0.620876 0.102892
vt 0.607578 0.153508
vt 0.529970 0.185683
vt 0.634708 0.215129
vt 0.587415 0.237189
vt 0.634708 0.238985
vt 0.633956 0.267693
vt 0.626326 0.301876
vt 0.614129 0.342624
vt 0.634708 0.368222
vt 0.605542 0.388667
vt 0.633114 0.398004
vt 0.598813 0.426963
vt 0.534161 0.455158
vt 0.594491 0.469258
vt 0.634708 0.442698
vt 0.634708 0.455111
vt 0.533677 0.471391
vt 0.535412 0.479206
vt 0.593037 0.483587
vt 0.634708 0.471609
vt 0.634708 0.480316
vt 0.331522 0.766674
vt 0.362188 0.785113
vt 0.305966 0.764677
vt 0.266538 0.780778
vt 0.252300 0.823492
vt 0.392125 0.809071
vt 0.401982 0.823857
vt 0.401252 0.855345
vt 0.252665 0.855345
vt 0.262220 0.004539
vt 0.261490 0.010192
vt 0.261490 0.004562
vt 0.262220 0.009513
vt 0.262951 0.016549
vt 0.261490 0.014712
vt 0.260395 0.022425
vt 0.262951 0.024526
vt 0.260395 0.026466
vt 0.262585 0.027727
vt 0.262951 0.030560
vt 0.260746 0.038084
vt 0.262585 0.036506
vt 0.261125 0.041081
vt 0.262220 0.042096
vt 0.262585 0.045336
vt 0.261125 0.045291
vt 0.155655 0.770575
vt 0.154510 0.820494
vt 0.152853 0.780590
vt 0.146893 0.805501
vt 0.143093 0.777952
vt 0.154595 0.873480
vt 0.146915 0.873480
vt 0.132146 0.799922
vt 0.129369 0.873480
vt 0.116226 0.873490
vt 0.111828 0.784344
vt 0.099820 0.836125
vt 0.086670 0.787937
vt 0.091401 0.765864
vt 0.106004 0.873480
vt 0.095782 0.873480
vt 0.068696 0.790887
vt 0.073981 0.840419
vt 0.081179 0.873480
vt 0.068036 0.873480
vt 0.052039 0.797992
vt 0.054893 0.820406
vt 0.054893 0.843087
vt 0.054893 0.873480
vt 0.043211 0.873480
vt 0.043211 0.844319
vt 0.030068 0.873480
vt 0.043211 0.821912
vt 0.031528 0.823054
vt 0.016933 0.873331
vt 0.040290 0.799483
vt 0.008190 0.823839
vt 0.005242 0.873480
vt 0.023000 0.801491
vt 0.008163 0.802677
vt 0.960445 0.308701
vt 0.931119 0.309798
vt 0.950607 0.291988
vt 0.920282 0.291371
vt 0.848705 0.308704
vt 0.848744 0.299937
vt 0.848725 0.288624
vt 0.868075 0.284973
vt 0.880715 0.279497
vt 0.886283 0.275846
vt 0.894064 0.270366
vt 0.961079 0.270817
vt 0.899082 0.264865
vt 0.961130 0.252299
vt 0.902540 0.253941
vt 0.960134 0.234910
vt 0.904491 0.243354
vt 0.900795 0.234957
vt 0.894716 0.225833
vt 0.958933 0.218199
vt 0.889567 0.213052
vt 0.924956 0.199558
vt 0.870904 0.203560
vt 0.955117 0.205021
vt 0.848817 0.195528
vt 0.848725 0.181166
vt 0.911497 0.183582
vt 0.951358 0.187862
vt 0.951791 0.179013
vt 0.848725 0.179465
vt 0.897692 0.177275
vt 0.668442 0.186816
vt 0.753677 0.221734
vt 0.685401 0.219905
vt 0.745471 0.188323
vt 0.659548 0.149614
vt 0.732089 0.145686
vt 0.650464 0.115634
vt 0.724325 0.099898
vt 0.754094 0.108281
vt 0.646573 0.085048
vt 0.704817 0.066935
vt 0.754094 0.069850
vt 0.754094 0.043542
vt 0.736936 0.028301
vt 0.646573 0.039184
vt 0.653555 0.006749
vt 0.754094 0.013988
vt 0.698231 0.004136
vt 0.312869 0.878901
vt 0.361471 0.865741
vt 0.312748 0.865767
vt 0.385694 0.865717
vt 0.370633 0.894504
vt 0.312829 0.890584
vt 0.423090 0.895706
vt 0.422865 0.911040
vt 0.394959 0.921285
vt 0.423089 0.924179
vt 0.422448 0.937863
vt 0.312796 0.903722
vt 0.312791 0.915408
vt 0.357367 0.924697
vt 0.312790 0.931457
vt 0.403543 0.945045
vt 0.312874 0.951926
vt 0.349225 0.946324
vt 0.396349 0.956092
vt 0.385119 0.966890
vt 0.357706 0.970827
vt 0.312814 0.970706
vt 0.312730 0.989894
vt 0.338030 0.991354
vt 0.368008 0.989892
vt 0.393385 0.986973
vt 0.419129 0.985513
vt 0.423139 0.985516
vt 0.423139 0.970910
vt 0.423139 0.953780
vt 0.548204 0.972338
vt 0.532736 0.966568
vt 0.548569 0.962527
vt 0.548219 0.982287
vt 0.478639 0.974015
vt 0.515758 0.958283
vt 0.480703 0.950654
vt 0.503345 0.947422
vt 0.446319 0.975126
vt 0.446149 0.957958
vt 0.498964 0.937382
vt 0.481858 0.931302
vt 0.500014 0.927570
vt 0.434751 0.947416
vt 0.446097 0.922716
vt 0.615034 0.940278
vt 0.594673 0.949045
vt 0.594609 0.922253
vt 0.603801 0.888750
vt 0.594680 0.896469
vt 0.594680 0.873855
vt 0.653172 0.895084
vt 0.645809 0.941606
vt 0.597972 0.845410
vt 0.594680 0.846818
vt 0.666451 0.868750
vt 0.594863 0.829294
vt 0.650777 0.853070
vt 0.621605 0.836596
vt 0.594812 0.813245
vt 0.627178 0.815463
vt 0.640599 0.829436
vt 0.658478 0.820532
vt 0.693463 0.822216
vt 0.687803 0.809765
vt 0.700921 0.832747
vt 0.694651 0.863861
vt 0.677044 0.893954
vt 0.698214 0.887981
vt 0.700569 0.941727
vt 0.672054 0.944659
vt 0.704224 0.935897
vt 0.704224 0.940278
vt 0.704224 0.843897
vt 0.704224 0.817612
vt 0.704224 0.805929
vt 0.482651 0.918223
vt 0.504348 0.917228
vt 0.480559 0.904200
vt 0.445862 0.891710
vt 0.516830 0.897188
vt 0.499704 0.879670
vt 0.518998 0.887389
vt 0.446119 0.865290
vt 0.490710 0.865290
vt 0.519500 0.865290
vt 0.524657 0.875604
vt 0.548204 0.869183
vt 0.548204 0.881382
vt 0.117601 0.587861
vt 0.097978 0.586766
vt 0.117601 0.573988
vt 0.117601 0.566139
vt 0.101342 0.574994
vt 0.066983 0.585747
vt 0.065713 0.579043
vt 0.073654 0.573258
vt 0.019862 0.584940
vt 0.050974 0.569059
vt 0.063432 0.565226
vt 0.021554 0.570549
vt 0.004761 0.576178
vt 0.052820 0.558090
vt 0.061105 0.553543
vt 0.004761 0.566686
vt 0.023171 0.557559
vt 0.062025 0.543602
vt 0.025401 0.545066
vt 0.004761 0.546479
vt 0.056299 0.532971
vt 0.004761 0.536932
vt 0.072468 0.530726
vt 0.028730 0.527179
vt 0.059635 0.514185
vt 0.082690 0.519956
vt 0.004776 0.522537
vt 0.036686 0.497219
vt 0.005630 0.504803
vt 0.080728 0.511012
vt 0.105005 0.518678
vt 0.053666 0.493123
vt 0.074261 0.503195
vt 0.039633 0.482353
vt 0.073289 0.496226
vt 0.011137 0.484239
vt 0.004761 0.487647
vt 0.041117 0.471766
vt 0.014825 0.460141
vt 0.004761 0.469393
vt 0.044494 0.463734
vt 0.004761 0.460448
vt 0.049008 0.454807
vt 0.018311 0.437813
vt 0.004761 0.447220
vt 0.004761 0.432706
vt 0.022501 0.426728
vt 0.073853 0.426977
vt 0.080180 0.440734
vt 0.117874 0.435440
vt 0.117601 0.399249
vt 0.078462 0.414276
vt 0.004761 0.419045
vt 0.026810 0.417552
vt 0.029222 0.406698
vt 0.081643 0.395519
vt 0.004761 0.403382
vt 0.004761 0.390358
vt 0.034736 0.391969
vt 0.117601 0.392788
vt 0.082244 0.382804
vt 0.034647 0.385950
vt 0.004761 0.383989
vt 0.117601 0.384071
vt 0.004761 0.380770
vt 0.030666 0.382778
vt 0.077624 0.380040
vt 0.117601 0.516853
vt 0.117617 0.510099
vt 0.117673 0.502242
vt 0.117509 0.495678
vt 0.211976 0.077829
vt 0.233475 0.069495
vt 0.241961 0.075865
vt 0.127836 0.109456
vt 0.142060 0.103584
vt 0.135506 0.120872
vt 0.113587 0.117128
vt 0.081540 0.469009
vt 0.080515 0.486610
vt 0.067954 0.469563
vt 0.071713 0.465433
vt 0.065850 0.459323
vt 0.081605 0.452702
vt 0.286526 0.889331
vt 0.285853 0.889157
vt 0.286071 0.888485
vt 0.283378 0.936314
vt 0.285118 0.936344
vt 0.290831 0.892273
vt 0.285117 0.936344
vt 0.292671 0.936655
vt 0.294909 0.893444
vt 0.298455 0.892621
vt 0.298937 0.936950
vt 0.300714 0.893270
vt 0.298736 0.891851
vt 0.173175 0.091239
vt 0.175342 0.109448
vt 0.028161 0.347814
vt 0.037821 0.368095
vt 0.014559 0.365087
vt 0.015822 0.369660
vt 0.084542 0.149284
vt 0.073136 0.177502
vt 0.063660 0.155707
vt 0.082411 0.138385
vt 0.094889 0.128706
vt 0.304062 0.031960
vt 0.316563 0.019737
vt 0.294010 0.044635
vt 0.148752 0.389159
vt 0.169417 0.410498
vt 0.137514 0.390480
vt 0.145631 0.379308
vt 0.184675 0.411609
vt 0.196165 0.429663
vt 0.209744 0.447579
vt 0.215549 0.439048
vt 0.195920 0.479344
vt 0.199105 0.481890
vt 0.174313 0.505192
vt 0.216844 0.454167
vt 0.182249 0.512209
vt 0.156748 0.531773
vt 0.165156 0.536581
vt 0.213077 0.494582
vt 0.183073 0.531214
vt 0.177910 0.539599
vt 0.196372 0.537060
vt 0.191072 0.543855
vt 0.201473 0.530623
vt 0.212777 0.517781
vt 0.257001 0.467288
vt 0.224425 0.505679
vt 0.235801 0.516332
vt 0.212208 0.538951
vt 0.206701 0.539895
vt 0.207569 0.548318
vt 0.230991 0.545453
vt 0.245434 0.541676
vt 0.256329 0.549886
vt 0.261261 0.487271
vt 0.258252 0.504037
vt 0.275581 0.497246
vt 0.264411 0.512603
vt 0.278489 0.517994
vt 0.275808 0.556341
vt 0.275368 0.545029
vt 0.294061 0.550656
vt 0.311744 0.562359
vt 0.282925 0.543781
vt 0.304622 0.523445
vt 0.311864 0.554059
vt 0.318552 0.536344
vt 0.326153 0.557661
vt 0.329362 0.568775
vt 0.327093 0.544610
vt 0.342943 0.567331
vt 0.344215 0.576506
vt 0.352244 0.546511
vt 0.362490 0.578883
vt 0.369017 0.592884
vt 0.358495 0.565057
vt 0.376357 0.590094
vt 0.383629 0.604833
vt 0.398839 0.611328
vt 0.404237 0.561195
vt 0.398687 0.554172
vt 0.410048 0.568539
vt 0.412984 0.623260
vt 0.409993 0.628505
vt 0.430708 0.589044
vt 0.418160 0.576227
vt 0.436268 0.539007
vt 0.447318 0.514990
vt 0.438255 0.506174
vt 0.424911 0.524104
vt 0.427035 0.493495
vt 0.417038 0.513806
vt 0.408210 0.504851
vt 0.418606 0.482806
vt 0.390146 0.549973
vt 0.411988 0.472821
vt 0.397800 0.495977
vt 0.379064 0.540536
vt 0.372031 0.534183
vt 0.347027 0.536749
vt 0.367072 0.524172
vt 0.342312 0.526586
vt 0.404038 0.458153
vt 0.391462 0.487185
vt 0.387990 0.476684
vt 0.396218 0.439710
vt 0.362998 0.514162
vt 0.381653 0.455619
vt 0.391144 0.420136
vt 0.343940 0.469018
vt 0.330382 0.497334
vt 0.370794 0.417993
vt 0.387746 0.402665
vt 0.324322 0.485005
vt 0.337803 0.450164
vt 0.386339 0.387881
vt 0.317264 0.467107
vt 0.365991 0.396347
vt 0.386838 0.372334
vt 0.331390 0.427428
vt 0.309784 0.447955
vt 0.301825 0.424412
vt 0.326782 0.407258
vt 0.241909 0.443864
vt 0.387393 0.360572
vt 0.321804 0.378060
vt 0.294904 0.400327
vt 0.387906 0.348503
vt 0.318779 0.357792
vt 0.387819 0.329923
vt 0.355664 0.335747
vt 0.289196 0.378115
vt 0.216900 0.394462
vt 0.219054 0.445315
vt 0.403087 0.044296
vt 0.416917 0.026130
vt 0.440289 0.038727
vt 0.362974 0.031666
vt 0.430599 0.054294
vt 0.329263 0.004885
vt 0.329531 0.014100
vt 0.390214 0.057735
vt 0.305975 0.040678
vt 0.345080 0.050828
vt 0.421042 0.069654
vt 0.378611 0.068668
vt 0.413909 0.083779
vt 0.335851 0.061134
vt 0.289895 0.052910
vt 0.367183 0.083974
vt 0.409009 0.094691
vt 0.404336 0.107301
vt 0.278694 0.068115
vt 0.319536 0.086294
vt 0.359741 0.098812
vt 0.260229 0.059262
vt 0.315119 0.095806
vt 0.263057 0.097084
vt 0.214769 0.114455
vt 0.158233 0.096680
vt 0.170713 0.125566
vt 0.155811 0.132404
vt 0.205505 0.133018
vt 0.166582 0.142732
vt 0.252477 0.129904
vt 0.249376 0.147060
vt 0.257280 0.113309
vt 0.310539 0.111153
vt 0.352551 0.119105
vt 0.399624 0.122666
vt 0.395821 0.137657
vt 0.307020 0.128282
vt 0.348262 0.135613
vt 0.304368 0.142262
vt 0.343216 0.150237
vt 0.392268 0.156389
vt 0.333690 0.157553
vt 0.390549 0.170578
vt 0.338747 0.170106
vt 0.248596 0.174237
vt 0.388725 0.188681
vt 0.336887 0.189787
vt 0.388081 0.205343
vt 0.251117 0.199918
vt 0.388138 0.218299
vt 0.303260 0.213293
vt 0.343975 0.227449
vt 0.388518 0.235237
vt 0.306547 0.236168
vt 0.347034 0.246902
vt 0.389322 0.258834
vt 0.349539 0.266223
vt 0.389513 0.275510
vt 0.311199 0.267223
vt 0.268750 0.266965
vt 0.261607 0.241553
vt 0.351523 0.288098
vt 0.389048 0.292731
vt 0.313391 0.292287
vt 0.353040 0.308122
vt 0.388231 0.309444
vt 0.274283 0.292164
vt 0.314279 0.313039
vt 0.277881 0.316819
vt 0.315787 0.335677
vt 0.283333 0.350757
vt 0.204499 0.362068
vt 0.129510 0.369081
vt 0.127634 0.373466
vt 0.100423 0.368062
vt 0.097983 0.363978
vt 0.072226 0.370454
vt 0.094742 0.349037
vt 0.126289 0.356399
vt 0.065860 0.336043
vt 0.014992 0.325399
vt 0.059341 0.310919
vt 0.023565 0.303911
vt 0.121833 0.335138
vt 0.118347 0.314652
vt 0.053558 0.272853
vt 0.115858 0.271459
vt 0.024374 0.255945
vt 0.062971 0.245041
vt 0.023801 0.231859
vt 0.080401 0.231572
vt 0.028930 0.222469
vt 0.032811 0.200464
vt 0.117425 0.246624
vt 0.141431 0.269225
vt 0.086870 0.215978
vt 0.045035 0.177604
vt 0.095479 0.204782
vt 0.121053 0.225212
vt 0.109144 0.167365
vt 0.141114 0.247784
vt 0.190272 0.272804
vt 0.187650 0.244376
vt 0.144103 0.225390
vt 0.145707 0.324348
vt 0.144857 0.341740
vt 0.198569 0.334603
vt 0.186522 0.220559
vt 0.187519 0.198281
vt 0.155262 0.169888
vt 0.190829 0.176081
vt 0.137272 0.168526
vt 0.197052 0.153837
vt 0.147466 0.147341
vt 0.120080 0.145097
vt 0.281796 0.890350
vt 0.283378 0.936314
vt 0.277693 0.935830
vt 0.278304 0.890707
vt 0.273211 0.888384
vt 0.268904 0.935506
vt 0.267916 0.883442
vt 0.260480 0.935367
vt 0.260940 0.877579
vt 0.254050 0.935294
vt 0.255197 0.871737
vt 0.246412 0.935160
vt 0.248769 0.866784
vt 0.246052 0.865425
vt 0.239573 0.934929
vt 0.242500 0.863237
vt 0.238321 0.861480
vt 0.231842 0.934666
vt 0.232397 0.858785
vt 0.223521 0.934596
vt 0.227066 0.856015
vt 0.221050 0.852353
vt 0.214860 0.934918
vt 0.215091 0.848471
vt 0.210033 0.846524
vt 0.205714 0.935558
vt 0.206347 0.845576
vt 0.202298 0.844218
vt 0.196346 0.844823
vt 0.194417 0.936012
vt 0.189889 0.846368
vt 0.188614 0.847049
vt 0.185314 0.850158
vt 0.184600 0.935984
vt 0.180792 0.854790
vt 0.175467 0.860628
vt 0.177191 0.935990
vt 0.173278 0.867573
vt 0.169309 0.875891
vt 0.171178 0.936202
vt 0.166398 0.881120
vt 0.164118 0.885362
vt 0.164470 0.936796
vt 0.163163 0.890967
vt 0.159050 0.893564
vt 0.298731 0.891761
vt 0.300730 0.892298
vt 0.296169 0.892530
vt 0.292885 0.892266
vt 0.289679 0.890521
vt 0.286191 0.887827
vt 0.286169 0.887859
vt 0.282153 0.889297
vt 0.279891 0.889790
vt 0.277862 0.889681
vt 0.274418 0.888071
vt 0.271619 0.885926
vt 0.269167 0.883400
vt 0.266382 0.880997
vt 0.262058 0.877227
vt 0.258286 0.873546
vt 0.254339 0.870003
vt 0.251247 0.867675
vt 0.246732 0.864783
vt 0.242832 0.862444
vt 0.240519 0.861463
vt 0.242829 0.862432
vt 0.238117 0.860445
vt 0.234697 0.858981
vt 0.231236 0.857221
vt 0.227756 0.855255
vt 0.223260 0.852534
vt 0.219214 0.849946
vt 0.215254 0.847655
vt 0.210996 0.845874
vt 0.206555 0.844386
vt 0.202074 0.843438
vt 0.197879 0.843702
vt 0.194400 0.844319
vt 0.190823 0.845292
vt 0.188296 0.846311
vt 0.188292 0.846314
vt 0.184335 0.849744
vt 0.180655 0.853487
vt 0.177568 0.856845
vt 0.174821 0.860264
vt 0.172138 0.867972
vt 0.169121 0.874020
vt 0.165742 0.880571
vt 0.165780 0.880598
vt 0.163566 0.884639
vt 0.162173 0.890872
vt 0.158777 0.892745
vt 0.785782 0.874609
vt 0.762322 0.887884
vt 0.780461 0.868349
vt 0.774263 0.899533
vt 0.792208 0.879416
vt 0.792391 0.908887
vt 0.802502 0.884460
vt 0.809356 0.913739
vt 0.814985 0.887939
vt 0.828017 0.915096
vt 0.826696 0.889515
vt 0.845166 0.913126
vt 0.837596 0.888873
vt 0.858460 0.908159
vt 0.848985 0.886042
vt 0.874546 0.901061
vt 0.859874 0.880949
vt 0.890635 0.887827
vt 0.866750 0.875696
vt 0.871313 0.871473
vt 0.900146 0.872137
vt 0.876463 0.864000
vt 0.880964 0.855736
vt 0.907786 0.855026
vt 0.883583 0.847225
vt 0.911054 0.831037
vt 0.885808 0.837203
vt 0.886329 0.821341
vt 0.905875 0.787529
vt 0.911911 0.811767
vt 0.885366 0.807569
vt 0.883130 0.798991
vt 0.880535 0.793156
vt 0.898851 0.770870
vt 0.875452 0.785985
vt 0.874724 0.749993
vt 0.888655 0.759026
vt 0.866177 0.776210
vt 0.856179 0.768937
vt 0.857050 0.738729
vt 0.847951 0.764891
vt 0.838894 0.762126
vt 0.838034 0.733570
vt 0.829692 0.760816
vt 0.815683 0.733544
vt 0.821696 0.760677
vt 0.810992 0.761837
vt 0.795510 0.737938
vt 0.802076 0.764888
vt 0.781238 0.744177
vt 0.791580 0.770703
vt 0.769991 0.751942
vt 0.783027 0.778232
vt 0.760287 0.761303
vt 0.776192 0.788154
vt 0.750523 0.775940
vt 0.771060 0.800241
vt 0.741993 0.796231
vt 0.768636 0.808879
vt 0.739234 0.815024
vt 0.767804 0.818321
vt 0.739076 0.835883
vt 0.768070 0.830815
vt 0.741926 0.852233
vt 0.770016 0.845822
vt 0.747315 0.865291
vt 0.772259 0.854379
vt 0.774877 0.860032
vt 0.752092 0.876030
vt 0.610529 0.583316
vt 0.602072 0.600575
vt 0.609189 0.544375
vt 0.564447 0.600340
vt 0.551264 0.498449
vt 0.601655 0.504617
vt 0.532361 0.580255
vt 0.519756 0.539735
vt 0.797329 0.789590
vt 0.790491 0.799504
vt 0.793547 0.794036
vt 0.802076 0.785290
vt 0.787852 0.806457
vt 0.806720 0.782436
vt 0.812346 0.780011
vt 0.786106 0.814463
vt 0.819304 0.778699
vt 0.785717 0.822691
vt 0.826295 0.779074
vt 0.786812 0.829080
vt 0.833197 0.780974
vt 0.789107 0.836461
vt 0.792293 0.842998
vt 0.839336 0.784035
vt 0.794479 0.846422
vt 0.844425 0.787990
vt 0.797581 0.850026
vt 0.848673 0.792386
vt 0.801565 0.853685
vt 0.852091 0.797214
vt 0.806866 0.857237
vt 0.855113 0.803521
vt 0.812339 0.859644
vt 0.857159 0.809573
vt 0.819304 0.861207
vt 0.858367 0.817398
vt 0.825145 0.861390
vt 0.858177 0.825683
vt 0.830621 0.860477
vt 0.856604 0.833523
vt 0.837203 0.857837
vt 0.843071 0.854102
vt 0.853957 0.840238
vt 0.847222 0.850266
vt 0.850769 0.845705
vt 0.729915 0.891545
vt 0.729881 0.891614
vt 0.729881 0.891511
vt 0.391378 0.672480
vt 0.391403 0.672440
vt 0.391403 0.672489
vt 0.562170 0.978176
vt 0.560560 0.980775
vt 0.560560 0.977179
vt 0.701202 0.423139
vt 0.701180 0.423093
vt 0.701159 0.423139
vt 0.702701 0.548524
vt 0.702701 0.548569
vt 0.702713 0.548569
vt 0.530435 0.628606
vt 0.530435 0.628663
vt 0.530419 0.628651
vt 0.918786 0.947529
vt 0.918786 0.940729
vt 0.923349 0.947529
vt 0.923349 0.940729
vt 0.949040 0.142054
vt 0.944477 0.142054
vt 0.949040 0.135254
vt 0.944477 0.135254
vt 0.971708 0.066493
vt 0.968559 0.066493
vt 0.971708 0.061519
vt 0.968559 0.061519
vt 0.970197 0.413631
vt 0.970197 0.418605
vt 0.967048 0.413631
vt 0.967048 0.418605
vt 0.985309 0.747170
vt 0.985309 0.751071
vt 0.982160 0.747170
vt 0.982160 0.751071
vt 0.761650 0.986820
vt 0.758501 0.986820
vt 0.761650 0.982918
vt 0.758501 0.982918
vt 0.850811 0.870457
vt 0.846111 0.870457
vt 0.850811 0.863087
vt 0.846111 0.863087
vt 0.926372 0.128453
vt 0.922904 0.128453
vt 0.926372 0.121197
vt 0.922904 0.121197
vt 0.737471 0.908237
vt 0.732770 0.908237
vt 0.737471 0.900867
vt 0.732770 0.900867
vt 0.727957 0.926372
vt 0.727957 0.919116
vt 0.731426 0.926372
vt 0.731426 0.919116
vt 0.971262 0.587740
vt 0.974731 0.587740
vt 0.971262 0.592394
vt 0.974731 0.592394
vt 0.547058 0.767574
vt 0.547058 0.772228
vt 0.543590 0.767574
vt 0.543590 0.772228
vt 0.927837 0.974792
vt 0.927883 0.979264
vt 0.924506 0.974792
vt 0.924506 0.979264
vt 0.766184 0.914282
vt 0.761711 0.914282
vt 0.761711 0.907072
vt 0.766184 0.907072
vt 0.927574 0.083462
vt 0.930905 0.083462
vt 0.927574 0.090673
vt 0.930905 0.090673
vt 0.249350 0.983798
vt 0.246018 0.983798
vt 0.249350 0.979371
vt 0.246018 0.979371
vt 0.146278 0.929394
vt 0.146278 0.922138
vt 0.149610 0.929394
vt 0.149610 0.922138
vt 0.542524 0.911605
vt 0.542524 0.918816
vt 0.538052 0.918816
vt 0.538052 0.911605
vt 0.861223 0.847541
vt 0.865923 0.847541
vt 0.865923 0.855345
vt 0.861223 0.855345
vt 0.095206 0.885367
vt 0.092012 0.893125
vt 0.092012 0.885367
vt 0.095206 0.893125
vt 0.442785 0.680045
vt 0.438084 0.680045
vt 0.442785 0.672241
vt 0.438084 0.672241
vt 0.977753 0.193302
vt 0.977753 0.197969
vt 0.974559 0.193302
vt 0.974559 0.197969
vt 0.601290 0.973219
vt 0.604484 0.968551
vt 0.604484 0.973219
vt 0.601290 0.968551
vt 0.816054 0.648102
vt 0.816054 0.655865
vt 0.812859 0.648102
vt 0.812859 0.655865
vt 0.918233 0.964152
vt 0.921838 0.958220
vt 0.921838 0.964152
vt 0.918233 0.958220
vt 0.866852 0.732937
vt 0.870457 0.728716
vt 0.870457 0.732937
vt 0.866852 0.728716
vt 0.359668 0.628606
vt 0.359668 0.628663
vt 0.359624 0.628640
vt 0.093695 0.598439
vt 0.093649 0.598414
vt 0.093650 0.598377
vt 0.942965 0.616574
vt 0.942965 0.609774
vt 0.947529 0.616574
vt 0.947529 0.609774
vt 0.983798 0.430695
vt 0.980193 0.430695
vt 0.983798 0.426497
vt 0.980193 0.426497
vt 0.949040 0.598439
vt 0.944477 0.598439
vt 0.949040 0.591640
vt 0.944477 0.591640
vt 0.797336 0.965663
vt 0.800941 0.959731
vt 0.800941 0.965663
vt 0.797336 0.959731
vt 0.980193 0.096717
vt 0.983798 0.092496
vt 0.983798 0.096717
vt 0.980193 0.092496
vt 0.068004 0.962776
vt 0.068004 0.968686
vt 0.064399 0.962776
vt 0.064399 0.968686
vt 0.942965 0.730671
vt 0.947529 0.730671
vt 0.942965 0.737471
vt 0.947529 0.737471
vt 0.103138 0.962641
vt 0.105785 0.956115
vt 0.105785 0.962641
vt 0.103138 0.956115
vt 0.944477 0.634708
vt 0.944477 0.627909
vt 0.949040 0.634708
vt 0.949040 0.627909
vt 0.964528 0.525901
vt 0.964528 0.520334
vt 0.967175 0.525901
vt 0.967175 0.520334
vt 0.991354 0.029368
vt 0.991354 0.033247
vt 0.988661 0.029368
vt 0.988661 0.033247
vt 0.913146 0.991354
vt 0.915793 0.987475
vt 0.915793 0.991354
vt 0.913146 0.987475
vt 0.936950 0.794896
vt 0.932387 0.794896
vt 0.936950 0.788097
vt 0.932387 0.788097
vt 0.698007 0.959618
vt 0.698007 0.952865
vt 0.701202 0.959618
vt 0.701202 0.952865
vt 0.802281 0.979264
vt 0.805475 0.974655
vt 0.805475 0.979264
vt 0.802281 0.974655
vt 0.961130 0.625160
vt 0.961130 0.631686
vt 0.958483 0.625160
vt 0.958483 0.631686
vt 0.987150 0.267484
vt 0.989843 0.263605
vt 0.989843 0.267484
vt 0.987150 0.263605
vt 0.987196 0.956596
vt 0.987196 0.952991
vt 0.989843 0.956596
vt 0.989843 0.952763
vt 0.243305 0.965177
vt 0.240658 0.970197
vt 0.240658 0.964766
vt 0.243305 0.970197
vt 0.373262 0.627152
vt 0.373263 0.627094
vt 0.373269 0.627147
vt 0.971708 0.078142
vt 0.971708 0.083117
vt 0.968559 0.078142
vt 0.968559 0.083117
vt 0.598313 0.988331
vt 0.601462 0.984430
vt 0.601462 0.988331
vt 0.598313 0.984430
vt 0.046848 0.995682
vt 0.043699 0.995888
vt 0.046848 0.992488
vt 0.043699 0.992488
vt 0.208547 0.559145
vt 0.208488 0.559148
vt 0.208547 0.559076
vt 0.208494 0.559085
vt 0.897492 0.098415
vt 0.902193 0.098415
vt 0.897492 0.105785
vt 0.902193 0.105785
vt 0.924861 0.840233
vt 0.921392 0.840233
vt 0.924861 0.832977
vt 0.921392 0.832977
vt 0.557470 0.902378
vt 0.562170 0.909749
vt 0.557470 0.909749
vt 0.562170 0.902378
vt 0.969751 0.755605
vt 0.969751 0.750950
vt 0.973219 0.755605
vt 0.973219 0.750950
vt 0.885569 0.131354
vt 0.882101 0.136009
vt 0.882101 0.131354
vt 0.885569 0.136009
vt 0.921392 0.462430
vt 0.921392 0.455174
vt 0.924861 0.462430
vt 0.924861 0.455174
vt 0.870103 0.976303
vt 0.873434 0.976303
vt 0.873479 0.980775
vt 0.870103 0.980775
vt 0.719336 0.915793
vt 0.714864 0.915793
vt 0.719336 0.908583
vt 0.714864 0.908583
vt 0.924552 0.547058
vt 0.924552 0.539802
vt 0.927883 0.547012
vt 0.927883 0.539802
vt 0.107296 0.894636
vt 0.104101 0.894636
vt 0.107296 0.886879
vt 0.104101 0.886879
vt 0.973047 0.214592
vt 0.973047 0.209926
vt 0.976242 0.214592
vt 0.976242 0.209926
vt 0.947529 0.755605
vt 0.942965 0.755605
vt 0.947529 0.748806
vt 0.942965 0.748806
vt 0.939846 0.986820
vt 0.942995 0.982918
vt 0.942995 0.986820
vt 0.939846 0.982918
vt 0.068004 0.952062
vt 0.063441 0.952062
vt 0.063441 0.945263
vt 0.068004 0.945263
vt 0.849174 0.637731
vt 0.852323 0.632757
vt 0.852323 0.637731
vt 0.849174 0.632757
vt 0.424650 0.630807
vt 0.424650 0.634708
vt 0.421501 0.630807
vt 0.421501 0.634708
vt 0.167744 0.845837
vt 0.167744 0.850811
vt 0.164596 0.845837
vt 0.164596 0.850811
vt 0.902193 0.903704
vt 0.897492 0.903704
vt 0.897492 0.896334
vt 0.902193 0.896334
vt 0.922904 0.811520
vt 0.922904 0.804264
vt 0.926372 0.811520
vt 0.926372 0.804264
vt 0.747882 0.900867
vt 0.752583 0.900867
vt 0.747882 0.908237
vt 0.752583 0.908237
vt 0.741558 0.926372
vt 0.745027 0.919116
vt 0.745027 0.926372
vt 0.741558 0.919116
vt 0.974731 0.627031
vt 0.974731 0.631686
vt 0.971262 0.627031
vt 0.971262 0.631686
vt 0.974285 0.031614
vt 0.977753 0.031614
vt 0.974285 0.036269
vt 0.977753 0.036269
vt 0.613197 0.977814
vt 0.616528 0.977814
vt 0.616574 0.982287
vt 0.613197 0.982287
vt 0.884119 0.907072
vt 0.888592 0.907072
vt 0.884119 0.914282
vt 0.888592 0.914282
vt 0.882238 0.932417
vt 0.882238 0.925206
vt 0.885569 0.932417
vt 0.885569 0.925206
vt 0.834188 0.982287
vt 0.830857 0.982287
vt 0.834188 0.977860
vt 0.830857 0.977860
vt 0.917305 0.092184
vt 0.912832 0.092184
vt 0.912832 0.084974
vt 0.917305 0.084974
vt 0.793076 0.929394
vt 0.796408 0.922138
vt 0.796408 0.929394
vt 0.793076 0.922138
vt 0.282596 0.873480
vt 0.277896 0.873480
vt 0.282596 0.865676
vt 0.277896 0.865676
vt 0.117702 0.893125
vt 0.120897 0.885367
vt 0.120897 0.893125
vt 0.117702 0.885367
vt 0.357990 0.772228
vt 0.357990 0.764425
vt 0.362690 0.772228
vt 0.362690 0.764425
vt 0.974559 0.231215
vt 0.974559 0.226549
vt 0.977753 0.231215
vt 0.977753 0.226549
vt 0.971708 0.921703
vt 0.968514 0.926372
vt 0.968514 0.921703
vt 0.971708 0.926372
vt 0.738810 0.890103
vt 0.738810 0.882339
vt 0.742004 0.890103
vt 0.742004 0.882339
vt 0.749560 0.943752
vt 0.744997 0.950551
vt 0.744997 0.943752
vt 0.749560 0.950551
vt 0.985309 0.128788
vt 0.985309 0.132987
vt 0.981704 0.128788
vt 0.981704 0.132987
vt 0.155655 0.945263
vt 0.155655 0.952062
vt 0.151091 0.945263
vt 0.151091 0.952062
vt 0.936950 0.454987
vt 0.936950 0.460919
vt 0.933345 0.454987
vt 0.933345 0.460919
vt 0.978682 0.343045
vt 0.982287 0.338823
vt 0.982287 0.343045
vt 0.978682 0.338823
vt 0.845695 0.961265
vt 0.849300 0.961265
vt 0.845695 0.967175
vt 0.849300 0.967175
vt 0.933898 0.100496
vt 0.938462 0.100496
vt 0.933898 0.107296
vt 0.938462 0.107296
vt 0.019474 0.982287
vt 0.019474 0.977723
vt 0.022668 0.982287
vt 0.022668 0.977723
vt 0.932387 0.848545
vt 0.936950 0.848545
vt 0.932387 0.855345
vt 0.936950 0.855345
vt 0.954913 0.365713
vt 0.954913 0.358959
vt 0.958107 0.365713
vt 0.958107 0.358959
vt 0.974559 0.871968
vt 0.974559 0.867359
vt 0.977753 0.867359
vt 0.977753 0.871968
vt 0.953402 0.044582
vt 0.956596 0.044582
vt 0.953402 0.051381
vt 0.956596 0.051381
vt 0.816024 0.943752
vt 0.820587 0.943752
vt 0.816024 0.950551
vt 0.820587 0.950551
vt 0.983798 0.727227
vt 0.983798 0.731426
vt 0.980193 0.731426
vt 0.980193 0.727227
vt 0.717825 0.952062
vt 0.713261 0.952062
vt 0.713261 0.945263
vt 0.717825 0.945263
vt 0.820004 0.965663
vt 0.823610 0.959731
vt 0.823610 0.965663
vt 0.820004 0.959731
vt 0.983798 0.355447
vt 0.983798 0.359668
vt 0.980193 0.355447
vt 0.980193 0.359668
vt 0.188901 0.962776
vt 0.188901 0.968686
vt 0.185296 0.962776
vt 0.185296 0.968686
vt 0.876472 0.950551
vt 0.876472 0.943752
vt 0.881036 0.950551
vt 0.881036 0.943752
vt 0.128453 0.956115
vt 0.128453 0.962641
vt 0.125806 0.956115
vt 0.125806 0.962641
vt 0.846278 0.952062
vt 0.841714 0.952062
vt 0.846278 0.945263
vt 0.841714 0.945263
vt 0.965663 0.784795
vt 0.963017 0.790363
vt 0.963017 0.784795
vt 0.965663 0.790363
vt 0.991354 0.313475
vt 0.991354 0.317354
vt 0.988661 0.313475
vt 0.988661 0.317354
vt 0.987196 0.793385
vt 0.989843 0.789506
vt 0.989843 0.793385
vt 0.987196 0.789506
vt 0.938462 0.479054
vt 0.933898 0.479054
vt 0.938462 0.472254
vt 0.933898 0.472254
vt 0.137520 0.976212
vt 0.137520 0.980775
vt 0.134326 0.976212
vt 0.134326 0.980775
vt 0.770717 0.933173
vt 0.770717 0.939973
vt 0.766154 0.933173
vt 0.766154 0.939973
vt 0.976070 0.114776
vt 0.979264 0.114776
vt 0.976070 0.119386
vt 0.979264 0.119386
vt 0.955085 0.887837
vt 0.951890 0.894636
vt 0.951890 0.887837
vt 0.955085 0.894591
vt 0.954913 0.952865
vt 0.958107 0.952865
vt 0.958107 0.959573
vt 0.954913 0.959618
vt 0.950551 0.680045
vt 0.945988 0.680045
vt 0.950551 0.673245
vt 0.945988 0.673245
vt 0.142054 0.957626
vt 0.142054 0.964152
vt 0.139407 0.957626
vt 0.139407 0.964152
vt 0.893095 0.945263
vt 0.897659 0.945263
vt 0.897659 0.952062
vt 0.893095 0.952062
vt 0.967175 0.562170
vt 0.964528 0.562170
vt 0.967175 0.556603
vt 0.964528 0.556603
vt 0.989843 0.444296
vt 0.987150 0.444296
vt 0.989843 0.440417
vt 0.987150 0.440417
vt 0.991354 0.544690
vt 0.991354 0.548569
vt 0.988707 0.544690
vt 0.988707 0.548569
vt 0.983671 0.303753
vt 0.986820 0.299851
vt 0.986820 0.303753
vt 0.983671 0.299851
vt 0.828017 0.871528
vt 0.831166 0.871528
vt 0.828017 0.876502
vt 0.831166 0.876502
vt 0.810009 0.989374
vt 0.810009 0.991382
vt 0.806860 0.989374
vt 0.806860 0.992865
vt 0.974604 0.846278
vt 0.977753 0.842832
vt 0.977753 0.846278
vt 0.974604 0.841646
vt 0.355134 0.672455
vt 0.355088 0.672432
vt 0.355088 0.672489
vt 0.355129 0.672459
vt 0.921392 0.878013
vt 0.921392 0.870757
vt 0.924861 0.878013
vt 0.924861 0.870757
vt 0.972774 0.179834
vt 0.972774 0.175179
vt 0.976242 0.179834
vt 0.976242 0.175179
vt 0.069470 0.596875
vt 0.069515 0.596928
vt 0.069516 0.596858
vt 0.477497 0.640749
vt 0.477542 0.640753
vt 0.477528 0.640706
vt 0.477497 0.640703
vt 0.980775 0.019646
vt 0.977398 0.019646
vt 0.980730 0.015174
vt 0.977398 0.015174
vt 0.716005 0.933928
vt 0.716005 0.926718
vt 0.719336 0.933928
vt 0.719336 0.926718
vt 0.812666 0.182856
vt 0.812985 0.179525
vt 0.813031 0.182856
vt 0.462430 0.994376
vt 0.459282 0.991001
vt 0.461928 0.991038
vt 0.459282 0.994333
vt 0.905195 0.562063
vt 0.905161 0.562158
vt 0.905215 0.562045
vt 0.905215 0.562170
vt 0.849128 0.613344
vt 0.852323 0.613344
vt 0.849128 0.621107
vt 0.852323 0.621107
vt 0.976242 0.243172
vt 0.976242 0.247838
vt 0.973047 0.243172
vt 0.973047 0.247838
vt 0.992865 0.048359
vt 0.992526 0.048359
vt 0.992865 0.045164
vt 0.991830 0.045164
vt 0.989843 0.870479
vt 0.989843 0.873479
vt 0.986648 0.873479
vt 0.986648 0.869646
vt 0.891600 0.255285
vt 0.891548 0.255270
vt 0.891546 0.255395
vt 0.891614 0.255395
vt 0.646798 0.984430
vt 0.646798 0.988331
vt 0.643649 0.984430
vt 0.643649 0.988331
vt 0.968559 0.398959
vt 0.971708 0.393985
vt 0.971708 0.398937
vt 0.968559 0.393985
vt 0.213081 0.992414
vt 0.213081 0.994376
vt 0.209932 0.994376
vt 0.209932 0.990862
vt 0.096717 0.102675
vt 0.096717 0.102762
vt 0.096660 0.102682
vt 0.096676 0.102742
vt 0.921392 0.510789
vt 0.921392 0.503533
vt 0.924861 0.510789
vt 0.924861 0.503533
vt 0.656931 0.976242
vt 0.656931 0.971587
vt 0.660399 0.976242
vt 0.660399 0.971587
vt 0.906726 0.929877
vt 0.906726 0.936950
vt 0.903258 0.931246
vt 0.903258 0.936950
vt 0.276243 0.983798
vt 0.276243 0.979371
vt 0.279574 0.983798
vt 0.279574 0.979371
vt 0.885260 0.979366
vt 0.888592 0.977860
vt 0.888592 0.982287
vt 0.885260 0.982287
vt 0.935439 0.769597
vt 0.932108 0.776078
vt 0.932108 0.769597
vt 0.935439 0.776762
vt 0.126932 0.942992
vt 0.126885 0.942931
vt 0.126942 0.942900
vt 0.027144 0.593906
vt 0.027202 0.593834
vt 0.027202 0.593898
vt 0.678361 0.973219
vt 0.678361 0.968551
vt 0.681556 0.973219
vt 0.681556 0.968551
vt 0.494166 0.995888
vt 0.491935 0.995888
vt 0.494017 0.992693
vt 0.491935 0.992693
vt 0.862734 0.957382
vt 0.867435 0.952956
vt 0.867435 0.959618
vt 0.862734 0.959618
vt 0.876448 0.562035
vt 0.876502 0.562047
vt 0.876448 0.562158
vt 0.876502 0.562170
vt 0.956424 0.613540
vt 0.959619 0.606934
vt 0.959619 0.613551
vt 0.956424 0.606934
vt 0.527246 0.946957
vt 0.531946 0.951474
vt 0.527246 0.953574
vt 0.531946 0.953574
vt 0.950551 0.769962
vt 0.950551 0.776762
vt 0.945988 0.769962
vt 0.945988 0.776762
vt 0.846278 0.985309
vt 0.842673 0.985309
vt 0.846278 0.981111
vt 0.842673 0.981111
vt 0.952062 0.482076
vt 0.947499 0.482076
vt 0.952062 0.475276
vt 0.947499 0.475276
vt 0.935439 0.958220
vt 0.931834 0.964152
vt 0.931834 0.958220
vt 0.935439 0.964152
vt 0.982287 0.465765
vt 0.982287 0.469986
vt 0.978682 0.465765
vt 0.978682 0.469986
vt 0.882547 0.961265
vt 0.882547 0.967175
vt 0.878942 0.961265
vt 0.878942 0.967175
vt 0.179804 0.953574
vt 0.184368 0.946774
vt 0.184368 0.953574
vt 0.179804 0.946774
vt 0.167744 0.986820
vt 0.164139 0.986820
vt 0.167744 0.982622
vt 0.164139 0.982622
vt 0.947499 0.462430
vt 0.947499 0.455631
vt 0.952062 0.462430
vt 0.952062 0.455631
vt 0.962058 0.482076
vt 0.965663 0.476144
vt 0.965663 0.482076
vt 0.962058 0.476144
vt 0.983798 0.370559
vt 0.983798 0.374780
vt 0.980193 0.370559
vt 0.980193 0.374780
vt 0.229704 0.962776
vt 0.229704 0.968686
vt 0.226099 0.962776
vt 0.226099 0.968686
vt 0.196427 0.946774
vt 0.200991 0.946774
vt 0.200991 0.953574
vt 0.196427 0.953574
vt 0.731426 0.956115
vt 0.731426 0.962641
vt 0.728779 0.956115
vt 0.728779 0.962641
vt 0.952062 0.500211
vt 0.947499 0.500211
vt 0.952062 0.493411
vt 0.947499 0.493411
vt 0.965663 0.864890
vt 0.963017 0.870457
vt 0.963017 0.864890
vt 0.965663 0.870457
vt 0.991354 0.481220
vt 0.991354 0.485098
vt 0.988661 0.481220
vt 0.988661 0.485098
vt 0.987196 0.849300
vt 0.989843 0.845421
vt 0.989843 0.849300
vt 0.987196 0.845421
vt 0.938462 0.499456
vt 0.938462 0.506255
vt 0.933898 0.499456
vt 0.933898 0.506255
vt 0.197797 0.982287
vt 0.197797 0.977723
vt 0.200991 0.982287
vt 0.200991 0.977723
vt 0.939973 0.163211
vt 0.935409 0.163211
vt 0.939973 0.156411
vt 0.935409 0.156411
vt 0.958107 0.377093
vt 0.954913 0.383847
vt 0.954913 0.377093
vt 0.958107 0.383847
vt 0.974559 0.939973
vt 0.977753 0.935364
vt 0.977753 0.939973
vt 0.974559 0.935364
vt 0.610529 0.952819
vt 0.610529 0.959619
vt 0.607334 0.952819
vt 0.607334 0.959619
vt 0.213051 0.946774
vt 0.217614 0.946774
vt 0.217614 0.953574
vt 0.213051 0.953574
vt 0.427672 0.839752
vt 0.425026 0.846278
vt 0.425026 0.839752
vt 0.427672 0.846278
vt 0.952062 0.794896
vt 0.947499 0.794896
vt 0.952062 0.788097
vt 0.947499 0.788097
vt 0.964528 0.893125
vt 0.964528 0.887558
vt 0.967175 0.893125
vt 0.967175 0.887558
vt 0.987150 0.775251
vt 0.989843 0.771372
vt 0.989843 0.775251
vt 0.987150 0.771372
vt 0.894637 0.561314
vt 0.894637 0.565193
vt 0.891990 0.561314
vt 0.891990 0.565193
vt 0.234238 0.946774
vt 0.234238 0.953574
vt 0.229674 0.946774
vt 0.229674 0.953574
vt 0.986820 0.385990
vt 0.986820 0.389892
vt 0.983671 0.385990
vt 0.983671 0.389892
vt 0.952062 0.850057
vt 0.952062 0.856856
vt 0.947499 0.850057
vt 0.947499 0.856856
vt 0.970197 0.709828
vt 0.967048 0.714802
vt 0.967048 0.709828
vt 0.970197 0.714802
vt 0.956596 0.988331
vt 0.953447 0.988331
vt 0.956596 0.984430
vt 0.953447 0.984430
vt 0.971708 0.610088
vt 0.971708 0.615063
vt 0.968559 0.610088
vt 0.968559 0.615063
vt 0.971262 0.909748
vt 0.971262 0.905094
vt 0.974731 0.909748
vt 0.974731 0.905094
vt 0.968686 0.105785
vt 0.963985 0.105785
vt 0.968686 0.100309
vt 0.963985 0.100240
vt 0.658721 0.239203
vt 0.663421 0.239135
vt 0.663421 0.244816
vt 0.658721 0.244816
vt 0.403047 0.676885
vt 0.403047 0.671409
vt 0.406516 0.677022
vt 0.406516 0.671409
vt 0.033247 0.908224
vt 0.033202 0.908237
vt 0.033202 0.908145
vt 0.033247 0.908132
vt 0.209612 0.968686
vt 0.209612 0.963301
vt 0.213081 0.963164
vt 0.213081 0.968686
vt 0.978955 0.983798
vt 0.978955 0.979371
vt 0.982287 0.983798
vt 0.982287 0.979371
vt 0.962332 0.944506
vt 0.962332 0.939304
vt 0.965663 0.944506
vt 0.965663 0.939258
vt 0.272018 0.963346
vt 0.272018 0.968686
vt 0.267546 0.963438
vt 0.267546 0.968686
vt 0.297708 0.874991
vt 0.293008 0.874991
vt 0.297708 0.867187
vt 0.293008 0.867187
vt 0.861390 0.970062
vt 0.861390 0.974731
vt 0.858195 0.974731
vt 0.858195 0.970062
vt 0.648309 0.238615
vt 0.648309 0.246327
vt 0.643609 0.240303
vt 0.643609 0.246327
vt 0.246297 0.953574
vt 0.246297 0.946774
vt 0.250861 0.953574
vt 0.250861 0.946774
vt 0.952062 0.878013
vt 0.947499 0.878013
vt 0.952062 0.871214
vt 0.947499 0.871214
vt 0.636047 0.951308
vt 0.639242 0.951308
vt 0.636047 0.958107
vt 0.639242 0.958107
vt 0.956424 0.401982
vt 0.956424 0.395228
vt 0.959619 0.401982
vt 0.959619 0.395228
vt 0.979264 0.513736
vt 0.979264 0.518345
vt 0.976070 0.513736
vt 0.976070 0.518345
vt 0.574260 0.980775
vt 0.571065 0.980775
vt 0.574260 0.976212
vt 0.571065 0.976212
vt 0.938462 0.868191
vt 0.938462 0.874991
vt 0.933898 0.874991
vt 0.933898 0.868191
vt 0.982287 0.408353
vt 0.978682 0.412560
vt 0.978682 0.408353
vt 0.982287 0.412560
vt 0.935409 0.886326
vt 0.939973 0.893125
vt 0.935409 0.893125
vt 0.939973 0.886326
vt 0.963569 0.125430
vt 0.963569 0.119521
vt 0.967175 0.125430
vt 0.967175 0.119521
vt 0.983798 0.678863
vt 0.983798 0.683067
vt 0.980193 0.678863
vt 0.980193 0.683067
vt 0.965663 0.662045
vt 0.962058 0.667955
vt 0.962058 0.662045
vt 0.965663 0.667955
vt 0.544036 0.941484
vt 0.539472 0.934684
vt 0.544036 0.934684
vt 0.539472 0.941484
vt 0.958107 0.924334
vt 0.955461 0.930905
vt 0.955461 0.924334
vt 0.958107 0.930905
vt 0.037780 0.942995
vt 0.033217 0.942995
vt 0.033217 0.936196
vt 0.037780 0.936196
vt 0.956972 0.086139
vt 0.956972 0.079568
vt 0.959619 0.086139
vt 0.959619 0.079568
vt 0.970197 0.985918
vt 0.970197 0.989843
vt 0.967550 0.985918
vt 0.967550 0.989843
vt 0.987150 0.174398
vt 0.989843 0.174398
vt 0.987150 0.178323
vt 0.989843 0.178323
vt 0.936921 0.517590
vt 0.941484 0.524390
vt 0.936921 0.524390
vt 0.941484 0.517590
vt 0.983671 0.621107
vt 0.983671 0.617206
vt 0.986820 0.621107
vt 0.986820 0.617206
vt 0.939973 0.837210
vt 0.935409 0.837210
vt 0.939973 0.830411
vt 0.935409 0.830411
vt 0.985183 0.148099
vt 0.988331 0.144197
vt 0.988331 0.148099
vt 0.985183 0.144197
vt 0.970197 0.829654
vt 0.967048 0.829654
vt 0.967048 0.824680
vt 0.970197 0.824680
vt 0.965537 0.808057
vt 0.968686 0.808057
vt 0.965537 0.813031
vt 0.968686 0.813031
vt 0.926372 0.888892
vt 0.926372 0.896148
vt 0.922904 0.888892
vt 0.922904 0.896148
vt 0.693200 0.976242
vt 0.696668 0.971587
vt 0.696668 0.976242
vt 0.693200 0.971587
vt 0.970197 0.327401
vt 0.970197 0.331873
vt 0.966729 0.327401
vt 0.966729 0.332466
vt 0.449633 0.994376
vt 0.448173 0.990908
vt 0.450341 0.990908
vt 0.448173 0.994376
vt 0.067995 0.485023
vt 0.067941 0.485098
vt 0.067941 0.485033
vt 0.068004 0.485098
vt 0.975933 0.557698
vt 0.979264 0.557698
vt 0.975933 0.562170
vt 0.979264 0.562170
vt 0.021157 0.923650
vt 0.021157 0.930905
vt 0.017826 0.923650
vt 0.017826 0.930905
vt 0.932417 0.944448
vt 0.932375 0.944466
vt 0.932375 0.944417
vt 0.932397 0.944506
vt 0.572582 0.902401
vt 0.577282 0.902401
vt 0.577282 0.909749
vt 0.572582 0.909749
vt 0.089161 0.920627
vt 0.089161 0.927883
vt 0.085693 0.920627
vt 0.085693 0.927883
vt 0.009067 0.911260
vt 0.004367 0.911260
vt 0.009067 0.903913
vt 0.004367 0.903913
vt 0.005599 0.929394
vt 0.009067 0.922138
vt 0.009067 0.929394
vt 0.005599 0.922138
vt 0.090227 0.979264
vt 0.093695 0.974632
vt 0.093695 0.979264
vt 0.090227 0.974632
vt 0.036269 0.973098
vt 0.036269 0.977753
vt 0.032801 0.973098
vt 0.032801 0.977753
vt 0.977444 0.160250
vt 0.980775 0.160250
vt 0.977444 0.164722
vt 0.980775 0.164722
vt 0.920327 0.775251
vt 0.915900 0.775251
vt 0.920327 0.768040
vt 0.915900 0.768040
vt 0.930906 0.925206
vt 0.930906 0.932417
vt 0.927574 0.925206
vt 0.927574 0.932417
vt 0.982287 0.049870
vt 0.978955 0.049870
vt 0.978955 0.045443
vt 0.982287 0.045443
vt 0.917412 0.748395
vt 0.921838 0.748395
vt 0.917412 0.755605
vt 0.921838 0.755605
vt 0.853834 0.929394
vt 0.850502 0.929394
vt 0.853834 0.922138
vt 0.850502 0.922138
vt 0.560492 0.865676
vt 0.565193 0.865676
vt 0.560492 0.873480
vt 0.565193 0.873480
vt 0.132986 0.886879
vt 0.132986 0.894636
vt 0.129792 0.886879
vt 0.129792 0.894636
vt 0.882380 0.117874
vt 0.882380 0.110116
vt 0.887080 0.117874
vt 0.887080 0.110116
vt 0.974559 0.265973
vt 0.977753 0.261307
vt 0.977753 0.265973
vt 0.974559 0.261307
vt 0.947529 0.968551
vt 0.947529 0.973219
vt 0.944334 0.968551
vt 0.944334 0.973219
vt 0.583327 0.891614
vt 0.580133 0.891614
vt 0.583327 0.883850
vt 0.580133 0.883850
vt 0.145076 0.885367
vt 0.145076 0.893125
vt 0.141882 0.885367
vt 0.141882 0.893125
vt 0.973047 0.282596
vt 0.976242 0.277930
vt 0.976242 0.282596
vt 0.973047 0.277930
vt 0.988159 0.941484
vt 0.988159 0.937676
vt 0.991354 0.941484
vt 0.991354 0.937691
vt 0.528752 0.495677
vt 0.531946 0.489750
vt 0.531946 0.495637
vt 0.528752 0.489750
vt 0.494166 0.299143
vt 0.494166 0.299206
vt 0.494150 0.299158
vt 0.494151 0.299220
vt 0.974559 0.958107
vt 0.974559 0.953498
vt 0.977753 0.958107
vt 0.977753 0.953498
vt 0.958107 0.420116
vt 0.954913 0.420116
vt 0.954913 0.413363
vt 0.958107 0.413363
vt 0.979264 0.666444
vt 0.976070 0.665942
vt 0.979264 0.661880
vt 0.976070 0.661880
vt 0.936921 0.545547
vt 0.936921 0.538747
vt 0.941484 0.545547
vt 0.941484 0.538747
vt 0.980193 0.533457
vt 0.980193 0.529250
vt 0.983798 0.533457
vt 0.983798 0.529250
vt 0.077042 0.936196
vt 0.081605 0.942995
vt 0.077042 0.942995
vt 0.081605 0.936196
vt 0.712708 0.968686
vt 0.712708 0.962776
vt 0.716314 0.968686
vt 0.716314 0.962776
vt 0.229121 0.981105
vt 0.232726 0.981105
vt 0.229121 0.985309
vt 0.232726 0.985309
vt 0.960547 0.767830
vt 0.964152 0.767830
vt 0.960547 0.773740
vt 0.964152 0.773740
vt 0.078959 0.961130
vt 0.078959 0.954558
vt 0.081605 0.961130
vt 0.081605 0.954558
vt 0.985685 0.213081
vt 0.985685 0.209156
vt 0.988331 0.213081
vt 0.988331 0.209156
vt 0.961505 0.494232
vt 0.964152 0.494232
vt 0.961505 0.499252
vt 0.964152 0.500211
vt 0.878013 0.217442
vt 0.878013 0.220637
vt 0.875321 0.220634
vt 0.429139 0.675511
vt 0.429161 0.675465
vt 0.429184 0.675511
vt 0.267484 0.946774
vt 0.262921 0.953574
vt 0.262921 0.946774
vt 0.267484 0.953574
vt 0.589372 0.976212
vt 0.586178 0.980775
vt 0.586178 0.976212
vt 0.589372 0.980775
vt 0.282596 0.955085
vt 0.278033 0.955085
vt 0.278033 0.948285
vt 0.282596 0.948285
vt 0.956424 0.438251
vt 0.959619 0.431497
vt 0.959619 0.438251
vt 0.956424 0.431497
vt 0.976070 0.888592
vt 0.976070 0.883982
vt 0.979264 0.888592
vt 0.979264 0.883982
vt 0.652843 0.952819
vt 0.652843 0.959619
vt 0.649648 0.952819
vt 0.649648 0.959619
vt 0.936921 0.563681
vt 0.936921 0.556882
vt 0.941484 0.563681
vt 0.941484 0.556882
vt 0.978682 0.712106
vt 0.982287 0.712106
vt 0.978682 0.716314
vt 0.982287 0.716314
vt 0.862871 0.936196
vt 0.867435 0.936196
vt 0.862871 0.942995
vt 0.867435 0.942995
vt 0.980193 0.829654
vt 0.980193 0.825450
vt 0.983798 0.829654
vt 0.983798 0.825450
vt 0.962058 0.852323
vt 0.962058 0.846413
vt 0.965663 0.852323
vt 0.965663 0.846413
vt 0.963569 0.160323
vt 0.967175 0.160323
vt 0.963569 0.166233
vt 0.967175 0.166233
vt 0.941484 0.118631
vt 0.936921 0.125430
vt 0.936921 0.118631
vt 0.941484 0.125430
vt 0.956972 0.738982
vt 0.959619 0.732410
vt 0.959619 0.738982
vt 0.956972 0.732410
vt 0.942995 0.663421
vt 0.938432 0.663421
vt 0.942995 0.656622
vt 0.938432 0.656622
vt 0.663797 0.961130
vt 0.663797 0.954558
vt 0.666444 0.961130
vt 0.666444 0.954558
vt 0.987196 0.228193
vt 0.987196 0.224268
vt 0.989843 0.228193
vt 0.989843 0.224268
vt 0.985639 0.586959
vt 0.988331 0.586959
vt 0.985639 0.590883
vt 0.988331 0.590883
vt 0.941484 0.811520
vt 0.936921 0.811520
vt 0.936921 0.804720
vt 0.941484 0.804720
vt 0.986820 0.903704
vt 0.983671 0.903704
vt 0.986820 0.899802
vt 0.983671 0.899802
vt 0.942995 0.904460
vt 0.942995 0.911260
vt 0.938432 0.904460
vt 0.938432 0.911260
vt 0.967048 0.359668
vt 0.970197 0.354694
vt 0.970197 0.359668
vt 0.967048 0.354694
vt 0.985183 0.285619
vt 0.985183 0.281717
vt 0.988331 0.285619
vt 0.988331 0.281717
vt 0.968559 0.649820
vt 0.968559 0.644846
vt 0.971708 0.649820
vt 0.971708 0.644846
vt 0.905048 0.155655
vt 0.905048 0.148307
vt 0.909749 0.148307
vt 0.909749 0.155655
vt 0.117874 0.927883
vt 0.114406 0.927883
vt 0.117874 0.920627
vt 0.114406 0.920627
vt 0.492209 0.009067
vt 0.495677 0.004413
vt 0.495677 0.009067
vt 0.492209 0.004413
vt 0.060139 0.977814
vt 0.063471 0.977814
vt 0.060139 0.982287
vt 0.063471 0.982287
vt 0.776869 0.916139
vt 0.781296 0.916139
vt 0.781296 0.923349
vt 0.776869 0.923349
vt 0.930597 0.728749
vt 0.933928 0.728749
vt 0.930597 0.735959
vt 0.933928 0.735959
vt 0.983798 0.068004
vt 0.980466 0.068004
vt 0.980466 0.063578
vt 0.983798 0.063578
vt 0.039291 0.924861
vt 0.034865 0.924861
vt 0.039291 0.917650
vt 0.034865 0.917650
vt 0.064982 0.923650
vt 0.064982 0.930905
vt 0.061651 0.923650
vt 0.061651 0.930905
vt 0.063471 0.911260
vt 0.058770 0.911260
vt 0.063471 0.903913
vt 0.058770 0.903913
vt 0.051381 0.922138
vt 0.051381 0.929394
vt 0.047913 0.922138
vt 0.047913 0.929394
vt 0.024179 0.912771
vt 0.019479 0.912771
vt 0.019479 0.905424
vt 0.024179 0.905424
vt 0.567769 0.927883
vt 0.571238 0.920627
vt 0.571238 0.927883
vt 0.567769 0.920627
vt 0.977753 0.773740
vt 0.974285 0.773740
vt 0.977753 0.769108
vt 0.974285 0.769108
vt 0.083117 0.595296
vt 0.083117 0.599950
vt 0.079648 0.595296
vt 0.079648 0.599950
vt 0.980775 0.810070
vt 0.980775 0.814542
vt 0.977444 0.810070
vt 0.977444 0.814542
vt 0.918923 0.157166
vt 0.918923 0.149956
vt 0.923349 0.157166
vt 0.923349 0.149956
vt 0.835390 0.935439
vt 0.838722 0.928229
vt 0.838722 0.935439
vt 0.835390 0.928229
vt 0.105476 0.102869
vt 0.108807 0.102869
vt 0.105476 0.107296
vt 0.108807 0.107296
vt 0.870457 0.924861
vt 0.866031 0.924861
vt 0.866031 0.917650
vt 0.870457 0.917650
vt 0.929394 0.907026
vt 0.929394 0.914282
vt 0.926063 0.907026
vt 0.926063 0.914282
vt 0.577116 0.871968
vt 0.577116 0.864165
vt 0.581816 0.871968
vt 0.581816 0.864165
vt 0.533457 0.886879
vt 0.533457 0.894636
vt 0.530263 0.886879
vt 0.530263 0.894636
vt 0.888592 0.737471
vt 0.883891 0.737471
vt 0.888592 0.729713
vt 0.883891 0.729713
vt 0.977753 0.314199
vt 0.977753 0.318865
vt 0.974559 0.314199
vt 0.974559 0.318865
vt 0.970197 0.974731
vt 0.967003 0.974731
vt 0.970197 0.970062
vt 0.967003 0.970062
vt 0.019474 0.885362
vt 0.022668 0.885362
vt 0.019474 0.893125
vt 0.022668 0.893125
vt 0.873480 0.824873
vt 0.868779 0.832677
vt 0.868779 0.824873
vt 0.873480 0.832677
vt 0.896148 0.150919
vt 0.896148 0.158677
vt 0.892953 0.150919
vt 0.892953 0.158677
vt 0.049703 0.882345
vt 0.054404 0.882345
vt 0.054404 0.890103
vt 0.049703 0.890103
vt 0.031563 0.886873
vt 0.034758 0.886873
vt 0.031563 0.894636
vt 0.034758 0.894636
vt 0.973047 0.451719
vt 0.976242 0.451719
vt 0.973047 0.456385
vt 0.976242 0.456385
vt 0.973219 0.137385
vt 0.973219 0.142054
vt 0.970025 0.137385
vt 0.970025 0.142054
vt 0.048187 0.980775
vt 0.051381 0.976166
vt 0.051381 0.980775
vt 0.048187 0.976166
vt 0.954913 0.324155
vt 0.958107 0.324155
vt 0.954913 0.330955
vt 0.958107 0.330955
vt 0.772228 0.994376
vt 0.770951 0.994376
vt 0.772228 0.991182
vt 0.770175 0.991182
vt 0.291081 0.985309
vt 0.291081 0.981105
vt 0.294686 0.985309
vt 0.294686 0.981105
vt 0.742933 0.967175
vt 0.742933 0.961265
vt 0.746538 0.967175
vt 0.746538 0.961265
vt 0.981704 0.699690
vt 0.981704 0.697089
vt 0.985309 0.699690
vt 0.985309 0.695732
vt 0.577282 0.989260
vt 0.577282 0.992865
vt 0.576729 0.989260
vt 0.575555 0.992865
vt 0.935439 0.820552
vt 0.935408 0.820502
vt 0.935350 0.820587
vt 0.935350 0.820495
vt 0.956972 0.750545
vt 0.959619 0.750545
vt 0.956972 0.757116
vt 0.959619 0.757116
vt 0.684954 0.991354
vt 0.687601 0.987429
vt 0.687601 0.991354
vt 0.684954 0.987429
vt 0.991080 0.634708
vt 0.991354 0.632016
vt 0.991354 0.634708
vt 0.990898 0.632016
vt 0.264837 0.995888
vt 0.267484 0.993423
vt 0.267484 0.995888
vt 0.264837 0.993195
vt 0.908237 0.167644
vt 0.908187 0.167626
vt 0.908187 0.167744
vt 0.908210 0.167725
vt 0.735959 0.937707
vt 0.735959 0.944506
vt 0.731396 0.944506
vt 0.731396 0.937707
vt 0.983671 0.923349
vt 0.983671 0.919448
vt 0.986820 0.923349
vt 0.986820 0.919448
vt 0.642138 0.973219
vt 0.642138 0.968245
vt 0.645287 0.973219
vt 0.645287 0.968245
vt 0.214420 0.982287
vt 0.214420 0.977723
vt 0.217614 0.982287
vt 0.217614 0.977723
vt 0.108777 0.601284
vt 0.113341 0.597177
vt 0.113341 0.602973
vt 0.108777 0.602973
vt 0.980193 0.605995
vt 0.980193 0.601788
vt 0.983798 0.605995
vt 0.983798 0.601788
vt 0.894054 0.968686
vt 0.894054 0.962776
vt 0.897659 0.968686
vt 0.897659 0.962776
vt 0.542524 0.489557
vt 0.542472 0.489632
vt 0.542472 0.489570
vt 0.989843 0.189510
vt 0.987150 0.193435
vt 0.987150 0.189510
vt 0.989843 0.193435
vt 0.252372 0.993104
vt 0.252372 0.995888
vt 0.249725 0.993880
vt 0.249725 0.995888
vt 0.586320 0.959731
vt 0.590883 0.963564
vt 0.586320 0.965663
vt 0.590883 0.965663
vt 0.964152 0.454874
vt 0.961505 0.454555
vt 0.964152 0.448805
vt 0.961505 0.448805
vt 0.116363 0.939218
vt 0.116363 0.946018
vt 0.111800 0.939218
vt 0.111800 0.946018
vt 0.985183 0.504744
vt 0.985183 0.500842
vt 0.988331 0.504744
vt 0.988331 0.500842
vt 0.944506 0.929394
vt 0.939943 0.929394
vt 0.944506 0.922595
vt 0.939943 0.922595
vt 0.858367 0.985941
vt 0.858367 0.989843
vt 0.855219 0.989843
vt 0.855219 0.985941
vt 0.971708 0.738982
vt 0.968559 0.738982
vt 0.968559 0.734008
vt 0.971708 0.734008
vt 0.772228 0.971708
vt 0.769080 0.971708
vt 0.772228 0.966734
vt 0.769080 0.966734
vt 0.095206 0.903913
vt 0.095206 0.911260
vt 0.090506 0.903913
vt 0.090506 0.911260
vt 0.102762 0.922138
vt 0.102762 0.929394
vt 0.099294 0.922138
vt 0.099294 0.929394
vt 0.077072 0.912771
vt 0.072371 0.912771
vt 0.077072 0.905424
vt 0.072371 0.905424
vt 0.584838 0.920627
vt 0.581370 0.927883
vt 0.581370 0.920627
vt 0.584838 0.927883
vt 0.120451 0.979264
vt 0.123919 0.974632
vt 0.123919 0.979264
vt 0.120451 0.974632
vt 0.658888 0.805354
vt 0.658888 0.810009
vt 0.655419 0.805354
vt 0.655419 0.810009
vt 0.708758 0.977814
vt 0.708758 0.982287
vt 0.705426 0.977814
vt 0.705426 0.982287
vt 0.923349 0.793385
vt 0.918923 0.793385
vt 0.923349 0.786175
vt 0.918923 0.786175
vt 0.933928 0.751417
vt 0.933928 0.758628
vt 0.930597 0.751417
vt 0.930597 0.758628
vt 0.485099 0.300731
vt 0.481767 0.300731
vt 0.485098 0.296304
vt 0.481767 0.296304
vt 0.924861 0.103108
vt 0.924861 0.110318
vt 0.920434 0.103108
vt 0.920434 0.110318
vt 0.518345 0.923649
vt 0.515014 0.930905
vt 0.515014 0.923649
vt 0.518345 0.930905
vt 0.132541 0.929394
vt 0.136009 0.922138
vt 0.136009 0.929394
vt 0.132541 0.922138
vt 0.974285 0.791874
vt 0.977753 0.787242
vt 0.977753 0.791874
vt 0.974285 0.787242
vt 0.912771 0.974746
vt 0.912771 0.975978
vt 0.909303 0.974746
vt 0.909303 0.979264
vt 0.825121 0.927762
vt 0.825121 0.932417
vt 0.821653 0.932417
vt 0.821653 0.925206
vt 0.187390 0.979326
vt 0.187390 0.983798
vt 0.184059 0.979326
vt 0.184059 0.983798
vt 0.923349 0.859879
vt 0.918923 0.859879
vt 0.918923 0.852668
vt 0.923349 0.852668
vt 0.935439 0.137866
vt 0.935439 0.145076
vt 0.932108 0.137866
vt 0.932108 0.145076
vt 0.174991 0.551699
vt 0.178323 0.551699
vt 0.174991 0.556125
vt 0.178323 0.556125
vt 0.924861 0.482422
vt 0.924861 0.489632
vt 0.920434 0.482422
vt 0.920434 0.489632
vt 0.753785 0.932417
vt 0.757116 0.925161
vt 0.757116 0.932417
vt 0.753785 0.925161
vt 0.873313 0.237013
vt 0.878013 0.237013
vt 0.878013 0.244816
vt 0.873313 0.244816
vt 0.720847 0.889901
vt 0.720847 0.897659
vt 0.717653 0.889901
vt 0.717653 0.897659
vt 0.569726 0.891614
vt 0.565026 0.891614
vt 0.569726 0.883856
vt 0.565026 0.883856
vt 0.066321 0.893125
vt 0.069516 0.885362
vt 0.069516 0.893125
vt 0.066321 0.885362
vt 0.977753 0.478921
vt 0.977753 0.483587
vt 0.974559 0.478921
vt 0.974559 0.483587
vt 0.974731 0.297573
vt 0.974731 0.302242
vt 0.971536 0.302242
vt 0.971536 0.297573
vt 0.882547 0.256658
vt 0.882547 0.264462
vt 0.877846 0.256658
vt 0.877846 0.264462
vt 0.545375 0.891412
vt 0.548569 0.891412
vt 0.545375 0.899170
vt 0.548569 0.899170
vt 0.009067 0.893125
vt 0.004367 0.893125
vt 0.009067 0.885367
vt 0.004367 0.885367
vt 0.081605 0.886873
vt 0.081605 0.894636
vt 0.078411 0.886873
vt 0.078411 0.894636
vt 0.973047 0.501722
vt 0.976242 0.497056
vt 0.976242 0.501722
vt 0.973047 0.497056
vt 0.973219 0.571102
vt 0.973219 0.575771
vt 0.970025 0.571102
vt 0.970025 0.575771
vt 0.953574 0.107296
vt 0.949010 0.107296
vt 0.953574 0.100496
vt 0.949010 0.100496
vt 0.784318 0.980775
vt 0.781124 0.980775
vt 0.784318 0.976212
vt 0.781124 0.976212
vt 0.299220 0.948285
vt 0.299220 0.955085
vt 0.294656 0.948285
vt 0.294656 0.955085
vt 0.007556 0.977678
vt 0.007556 0.982287
vt 0.004362 0.977678
vt 0.004362 0.982287
vt 0.684406 0.959618
vt 0.684406 0.952819
vt 0.687601 0.959618
vt 0.687601 0.952819
vt 0.958107 0.646089
vt 0.954913 0.652843
vt 0.954913 0.646089
vt 0.958107 0.652843
vt 0.149027 0.985309
vt 0.149027 0.981102
vt 0.152632 0.985309
vt 0.152632 0.981102
vt 0.965634 0.537368
vt 0.970197 0.537277
vt 0.970197 0.542524
vt 0.965634 0.542524
vt 0.175300 0.971708
vt 0.170737 0.971708
vt 0.175300 0.966643
vt 0.170737 0.966551
vt 0.815471 0.980775
vt 0.815471 0.976372
vt 0.819076 0.980775
vt 0.819076 0.976280
vt 0.103691 0.976212
vt 0.107296 0.976212
vt 0.103691 0.980696
vt 0.107296 0.980775
vt 0.202457 0.453277
vt 0.202502 0.453293
vt 0.202457 0.453350
vt 0.202502 0.453363
vt 0.661910 0.987429
vt 0.659218 0.991354
vt 0.659218 0.987429
vt 0.661910 0.991354
vt 0.377803 0.675511
vt 0.374471 0.675511
vt 0.374471 0.672362
vt 0.375886 0.671084
vt 0.377803 0.671084
vt 0.953574 0.159434
vt 0.953574 0.166233
vt 0.949512 0.166233
vt 0.949010 0.165777
vt 0.949010 0.159434
vt 0.783639 0.958676
vt 0.785829 0.957946
vt 0.785829 0.964152
vt 0.782361 0.964152
vt 0.782361 0.959497
vt 0.902193 0.731612
vt 0.902193 0.738982
vt 0.900504 0.738982
vt 0.897492 0.736358
vt 0.897492 0.731612
vt 0.884058 0.146340
vt 0.884058 0.154143
vt 0.883008 0.154143
vt 0.879358 0.150173
vt 0.879358 0.146340
vt 0.805574 0.926451
vt 0.810009 0.923741
vt 0.810009 0.930905
vt 0.805537 0.930905
vt 0.950521 0.511546
vt 0.952849 0.518345
vt 0.950521 0.518345
vt 0.955085 0.516246
vt 0.955085 0.511546
vt 0.912832 0.911605
vt 0.915981 0.918816
vt 0.912832 0.918816
vt 0.917305 0.917857
vt 0.917305 0.911605
vt 0.530435 0.929740
vt 0.527103 0.935992
vt 0.527103 0.929740
vt 0.528518 0.936950
vt 0.530435 0.936950
vt 0.619566 0.949796
vt 0.621666 0.956596
vt 0.619566 0.956596
vt 0.624130 0.954451
vt 0.624130 0.949796
vt 0.950521 0.534214
vt 0.954127 0.541013
vt 0.950521 0.541013
vt 0.955085 0.539827
vt 0.955085 0.534214
vt 0.758598 0.949796
vt 0.762842 0.956596
vt 0.758598 0.956596
vt 0.763161 0.955866
vt 0.763161 0.949796
vt 0.955085 0.555371
vt 0.950581 0.562106
vt 0.950521 0.555371
vt 0.955085 0.562170
vt 0.142054 0.939218
vt 0.137490 0.944740
vt 0.137490 0.939218
vt 0.138129 0.946018
vt 0.142054 0.946018
vt 0.954913 0.342290
vt 0.958107 0.347857
vt 0.954918 0.349090
vt 0.958107 0.342290
vt 0.952033 0.015112
vt 0.956596 0.010320
vt 0.956596 0.015112
vt 0.954269 0.008313
vt 0.952033 0.008313
vt 0.955146 0.912771
vt 0.959619 0.909850
vt 0.959619 0.912771
vt 0.956470 0.907112
vt 0.955146 0.906291
vt 0.530389 0.595365
vt 0.530435 0.595347
vt 0.530435 0.595417
vt 0.628218 0.982805
vt 0.631686 0.982804
vt 0.631686 0.986820
vt 0.942995 0.643684
vt 0.942931 0.643730
vt 0.942920 0.643684
vt 0.942970 0.643776
vt 0.982004 0.642684
vt 0.985309 0.643604
vt 0.985309 0.646798
vt 0.981978 0.646798
vt 0.551699 0.919161
vt 0.556125 0.919161
vt 0.556125 0.925687
vt 0.555806 0.926372
vt 0.551699 0.926372
vt 0.955085 0.573505
vt 0.955085 0.580305
vt 0.953442 0.580305
vt 0.950521 0.578069
vt 0.950521 0.573505
vt 0.952033 0.026447
vt 0.956596 0.026447
vt 0.956596 0.030509
vt 0.953356 0.033247
vt 0.952033 0.033247
vt 0.005371 0.947529
vt 0.004504 0.946890
vt 0.004504 0.940729
vt 0.009067 0.940729
vt 0.009067 0.947529
vt 0.925145 0.521668
vt 0.927883 0.522900
vt 0.927883 0.528924
vt 0.924415 0.528924
vt 0.924415 0.521668
vt 0.096717 0.939218
vt 0.096717 0.946018
vt 0.096215 0.946018
vt 0.092154 0.942002
vt 0.092154 0.939218
vt 0.054404 0.940729
vt 0.054404 0.947529
vt 0.050433 0.947529
vt 0.049840 0.947073
vt 0.049840 0.940729
vt 0.991354 0.806986
vt 0.989643 0.806986
vt 0.991354 0.803380
vt 0.966815 0.044896
vt 0.968686 0.044896
vt 0.968686 0.049870
vt 0.966039 0.049870
vt 0.966039 0.044485
vt 0.176497 0.995888
vt 0.176501 0.992693
vt 0.178155 0.995841
vt 0.188896 0.474510
vt 0.188848 0.474440
vt 0.188901 0.474437
vt 0.188848 0.474520
vt 0.110152 0.903913
vt 0.112342 0.911260
vt 0.110152 0.911260
vt 0.114852 0.909069
vt 0.114852 0.903913
vt 0.883891 0.070779
vt 0.887725 0.078583
vt 0.883891 0.078583
vt 0.888592 0.076712
vt 0.888592 0.070779
vt 0.377803 0.004332
vt 0.373102 0.010219
vt 0.373102 0.004332
vt 0.374015 0.012090
vt 0.377803 0.012090
vt 0.918764 0.167743
vt 0.918816 0.167650
vt 0.918816 0.167744
vt 0.918763 0.167650
vt 0.358093 0.004534
vt 0.358097 0.004448
vt 0.358152 0.004448
vt 0.358157 0.004522
vt 0.560659 0.946018
vt 0.558834 0.939218
vt 0.560659 0.939218
vt 0.556095 0.940405
vt 0.556095 0.946018
vt 0.019240 0.960461
vt 0.016593 0.965663
vt 0.016593 0.960507
vt 0.021157 0.965663
vt 0.021157 0.959640
vt 0.572760 0.940729
vt 0.577282 0.947529
vt 0.572719 0.947529
vt 0.577282 0.941961
vt 0.946018 0.080851
vt 0.941454 0.083817
vt 0.941454 0.080851
vt 0.945424 0.087650
vt 0.946018 0.087650
vt 0.782777 0.940729
vt 0.787341 0.943285
vt 0.782851 0.947529
vt 0.787341 0.940729
vt 0.504734 0.421557
vt 0.504678 0.421553
vt 0.504678 0.421628
vt 0.504744 0.421618
vt 0.746538 0.982287
vt 0.743343 0.982287
vt 0.743393 0.977842
vt 0.746538 0.978818
vt 0.955085 0.689868
vt 0.950521 0.694341
vt 0.950521 0.689868
vt 0.953031 0.696668
vt 0.955085 0.696668
vt 0.952033 0.062716
vt 0.953310 0.069516
vt 0.952033 0.069516
vt 0.956596 0.066230
vt 0.956596 0.062716
vt 0.126775 0.905424
vt 0.130243 0.912771
vt 0.126775 0.912771
vt 0.131475 0.911539
vt 0.131475 0.905424
vt 0.950521 0.835476
vt 0.950521 0.830411
vt 0.955085 0.830411
vt 0.952529 0.837210
vt 0.955085 0.837210
vt 0.107033 0.990771
vt 0.110318 0.990771
vt 0.109497 0.993418
vt 0.107033 0.994376
vt 0.109383 0.994376
vt 0.970197 0.678184
vt 0.970197 0.682588
vt 0.966615 0.683059
vt 0.966592 0.678184
vt 0.262782 0.977723
vt 0.265973 0.978362
vt 0.262779 0.982287
vt 0.265973 0.982287
vt 0.952033 0.809056
vt 0.952033 0.804720
vt 0.956596 0.804720
vt 0.954862 0.811520
vt 0.956596 0.811520
vt 0.816054 0.636220
vt 0.814639 0.636220
vt 0.816054 0.628416
vt 0.811353 0.633801
vt 0.811353 0.628416
vt 0.968686 0.014261
vt 0.968686 0.019646
vt 0.965547 0.019201
vt 0.965491 0.014261
vt 0.917241 0.929316
vt 0.917305 0.929301
vt 0.917255 0.929359
vt 0.917305 0.929394
vt 0.014849 0.994376
vt 0.015625 0.992551
vt 0.018135 0.994376
vt 0.018135 0.990908
vt 0.016446 0.990908
vt 0.448829 0.636658
vt 0.447415 0.637731
vt 0.448829 0.630361
vt 0.444129 0.630361
vt 0.444129 0.637731
vt 0.912832 0.731396
vt 0.912832 0.728749
vt 0.917305 0.728749
vt 0.917273 0.735959
vt 0.902193 0.914628
vt 0.902193 0.917777
vt 0.897720 0.914628
vt 0.898131 0.921838
vt 0.897720 0.921838
vt 0.879723 0.012090
vt 0.879358 0.012090
vt 0.879358 0.004286
vt 0.884058 0.007298
vt 0.884058 0.004286
vt 0.950521 0.123919
vt 0.950521 0.121227
vt 0.955069 0.117173
vt 0.955085 0.123919
vt 0.048359 0.906726
vt 0.043658 0.906726
vt 0.048359 0.900931
vt 0.045073 0.899356
vt 0.043658 0.899356
vt 0.908237 0.757116
vt 0.903537 0.757116
vt 0.903581 0.749938
vt 0.908237 0.749746
vt 0.557698 0.959503
vt 0.559706 0.960415
vt 0.557698 0.965663
vt 0.562170 0.965663
vt 0.562170 0.960461
vt 0.575771 0.959457
vt 0.575729 0.964796
vt 0.572440 0.959457
vt 0.572440 0.965663
vt 0.886908 0.241794
vt 0.886908 0.234030
vt 0.887639 0.234030
vt 0.890103 0.241794
vt 0.890103 0.235793
vt 0.081605 0.973087
vt 0.078646 0.977753
vt 0.078639 0.973087
vt 0.897659 0.129762
vt 0.897622 0.137434
vt 0.894464 0.129762
vt 0.894464 0.137520
vt 0.075525 0.924835
vt 0.075561 0.924747
vt 0.075561 0.924861
vt 0.141887 0.908430
vt 0.141887 0.903913
vt 0.146587 0.903913
vt 0.145127 0.911260
vt 0.146587 0.911260
vt 0.920434 0.565198
vt 0.920434 0.559494
vt 0.924861 0.559494
vt 0.921666 0.566704
vt 0.924861 0.566704
vt 0.958107 0.713844
vt 0.955369 0.714802
vt 0.958107 0.708094
vt 0.954776 0.708094
vt 0.954776 0.714620
vt 0.024179 0.947397
vt 0.021761 0.949040
vt 0.024179 0.942240
vt 0.019616 0.942240
vt 0.019616 0.949040
vt 0.727958 0.979264
vt 0.727958 0.974632
vt 0.728688 0.979264
vt 0.731426 0.978032
vt 0.731426 0.974632
vt 0.946018 0.940729
vt 0.946018 0.945247
vt 0.943325 0.947529
vt 0.941454 0.940729
vt 0.941454 0.947529
vt 0.985183 0.575292
vt 0.985183 0.571869
vt 0.988331 0.571869
vt 0.986187 0.575771
vt 0.988331 0.575771
vt 0.970197 0.377362
vt 0.970197 0.382336
vt 0.968052 0.377362
vt 0.967048 0.382336
vt 0.967048 0.377681
vt 0.033217 0.954650
vt 0.033856 0.954969
vt 0.033217 0.961130
vt 0.037780 0.961130
vt 0.037780 0.958665
vt 0.007556 0.959183
vt 0.007525 0.964943
vt 0.004362 0.959183
vt 0.004362 0.965663
vt 0.478101 0.991182
vt 0.480565 0.991182
vt 0.480154 0.992186
vt 0.478101 0.994376
vt 0.479789 0.994376
vt 0.969156 0.432529
vt 0.971708 0.431880
vt 0.971708 0.436740
vt 0.968103 0.436740
vt 0.968103 0.433066
vt 0.049840 0.961277
vt 0.054411 0.957850
vt 0.049840 0.964152
vt 0.054404 0.964152
vt 0.528910 0.905465
vt 0.528924 0.912771
vt 0.524223 0.912771
vt 0.524223 0.905424
vt 0.448757 0.045280
vt 0.448823 0.045264
vt 0.448829 0.045336
vt 0.961130 0.142835
vt 0.958535 0.143565
vt 0.961130 0.136994
vt 0.958483 0.136994
vt 0.188870 0.556117
vt 0.188870 0.556048
vt 0.188882 0.556062
vt 0.883891 0.098229
vt 0.883891 0.090425
vt 0.885078 0.098229
vt 0.888557 0.095386
vt 0.888592 0.090425
vt 0.799400 0.949040
vt 0.799429 0.942240
vt 0.803925 0.944767
vt 0.803964 0.949040
vt 0.906559 0.117662
vt 0.911260 0.122408
vt 0.906559 0.122408
vt 0.909024 0.115472
vt 0.910028 0.115061
vt 0.911260 0.115061
vt 0.199480 0.068004
vt 0.198941 0.064254
vt 0.198806 0.020027
vt 0.791846 0.713885
vt 0.791538 0.699255
vt 0.790638 0.682665
vt 0.791018 0.689609
vt 0.622342 0.559148
vt 0.622494 0.558069
vt 0.622342 0.491468
vt 0.790638 0.726892
vt 0.199210 0.014191
vt 0.199480 0.005067
vt 0.263262 0.665805
vt 0.272493 0.666386
vt 0.263645 0.670604
vt 0.273967 0.675718
vt 0.260255 0.675489
vt 0.260820 0.684331
vt 0.271461 0.689500
vt 0.257056 0.676583
vt 0.257659 0.682815
vt 0.259031 0.679227
vt 0.257868 0.690992
vt 0.260590 0.691727
vt 0.280968 0.680879
vt 0.283976 0.674147
vt 0.293860 0.675153
vt 0.288339 0.691965
vt 0.282730 0.701672
vt 0.263213 0.698700
vt 0.267379 0.711937
vt 0.257434 0.704417
vt 0.261223 0.706230
vt 0.257095 0.714768
vt 0.257708 0.722629
vt 0.283605 0.716641
vt 0.270247 0.720113
vt 0.291365 0.704264
vt 0.301030 0.687045
vt 0.307447 0.698468
vt 0.302504 0.671032
vt 0.313028 0.684866
vt 0.319874 0.675571
vt 0.320146 0.681720
vt 0.319142 0.693550
vt 0.320994 0.703680
vt 0.313406 0.714222
vt 0.320747 0.719875
vt 0.319849 0.726804
vt 0.305538 0.727773
vt 0.298979 0.716101
vt 0.319264 0.739874
vt 0.303039 0.740056
vt 0.319372 0.748540
vt 0.295402 0.745034
vt 0.294270 0.726367
vt 0.290595 0.733741
vt 0.293506 0.751521
vt 0.284466 0.743782
vt 0.284464 0.755171
vt 0.273055 0.757233
vt 0.276842 0.732872
vt 0.266216 0.739264
vt 0.257205 0.732711
vt 0.257051 0.737494
vt 0.257416 0.748521
vt 0.260655 0.751041
vt 0.262988 0.754884
vt 0.262441 0.760223
vt 0.261168 0.763508
vt 0.267140 0.742525
vt 0.268436 0.737309
vt 0.260791 0.718674
vt 0.271483 0.723558
vt 0.279863 0.729821
vt 0.284480 0.719998
vt 0.286883 0.729557
vt 0.294816 0.735818
vt 0.294341 0.726664
vt 0.289115 0.715405
vt 0.304344 0.741543
vt 0.305259 0.732534
vt 0.304167 0.723736
vt 0.308555 0.745346
vt 0.310380 0.748997
vt 0.316484 0.742322
vt 0.316663 0.729271
vt 0.316294 0.719384
vt 0.303732 0.710844
vt 0.286454 0.705891
vt 0.302161 0.697618
vt 0.319944 0.710553
vt 0.319465 0.703837
vt 0.287190 0.694080
vt 0.297831 0.686549
vt 0.272868 0.697881
vt 0.273545 0.687843
vt 0.269664 0.713621
vt 0.260963 0.706280
vt 0.262651 0.698315
vt 0.260625 0.690537
vt 0.345658 0.747401
vt 0.341282 0.753156
vt 0.351815 0.752788
vt 0.333591 0.743923
vt 0.329301 0.752248
vt 0.343567 0.737670
vt 0.326835 0.736018
vt 0.328265 0.729111
vt 0.323416 0.746160
vt 0.325920 0.717781
vt 0.339361 0.717266
vt 0.343980 0.728308
vt 0.345239 0.745435
vt 0.348460 0.734508
vt 0.351822 0.738786
vt 0.354070 0.740874
vt 0.345744 0.708937
vt 0.352059 0.723221
vt 0.348914 0.713732
vt 0.341637 0.694734
vt 0.357077 0.704912
vt 0.357610 0.712542
vt 0.352904 0.693928
vt 0.357470 0.741993
vt 0.341196 0.686739
vt 0.351801 0.688531
vt 0.360704 0.687190
vt 0.361163 0.696768
vt 0.377006 0.697765
vt 0.383973 0.688584
vt 0.378014 0.708445
vt 0.384876 0.697769
vt 0.385937 0.708503
vt 0.380317 0.717820
vt 0.396985 0.717054
vt 0.386018 0.725844
vt 0.395401 0.702105
vt 0.396288 0.688101
vt 0.404133 0.696503
vt 0.417356 0.687989
vt 0.417114 0.703662
vt 0.423293 0.696308
vt 0.424715 0.688575
vt 0.425074 0.708556
vt 0.440739 0.692477
vt 0.417283 0.716595
vt 0.425661 0.723475
vt 0.400352 0.725281
vt 0.406339 0.734692
vt 0.426029 0.733050
vt 0.390699 0.732131
vt 0.393797 0.742555
vt 0.399116 0.752609
vt 0.417321 0.745223
vt 0.418804 0.753157
vt 0.383954 0.753286
vt 0.381703 0.743198
vt 0.377497 0.733463
vt 0.361339 0.751873
vt 0.367887 0.736148
vt 0.357770 0.747076
vt 0.364160 0.720839
vt 0.388357 0.627837
vt 0.383665 0.622311
vt 0.383758 0.629892
vt 0.218925 0.017495
vt 0.219996 0.009299
vt 0.216884 0.017725
vt 0.220076 0.009419
vt 0.220637 0.004970
vt 0.218794 0.020652
vt 0.215112 0.009294
vt 0.215648 0.036837
vt 0.211245 0.029114
vt 0.212609 0.039417
vt 0.210441 0.037734
vt 0.440014 0.485085
vt 0.442785 0.481734
vt 0.442785 0.490299
vt 0.440208 0.491143
vt 0.865923 0.564554
vt 0.862508 0.568215
vt 0.862508 0.560776
vt 0.638781 0.558267
vt 0.642817 0.569320
vt 0.638677 0.573793
vt 0.643030 0.547247
vt 0.217356 0.059493
vt 0.211723 0.047945
vt 0.212625 0.039599
vt 0.642172 0.525972
vt 0.637728 0.513031
vt 0.645978 0.533591
vt 0.649386 0.510679
vt 0.646389 0.532308
vt 0.618085 0.606443
vt 0.618085 0.622619
vt 0.612311 0.617529
vt 0.642557 0.498076
vt 0.648353 0.491004
vt 0.653508 0.520936
vt 0.657243 0.528909
vt 0.655269 0.488852
vt 0.646860 0.459873
vt 0.651097 0.453631
vt 0.658534 0.462884
vt 0.649325 0.444179
vt 0.658218 0.443775
vt 0.665796 0.464601
vt 0.664799 0.444804
vt 0.671755 0.444681
vt 0.680829 0.456891
vt 0.681783 0.443498
vt 0.674995 0.457636
vt 0.686884 0.457896
vt 0.691972 0.443711
vt 0.692069 0.459337
vt 0.691459 0.483137
vt 0.680836 0.491981
vt 0.676073 0.489780
vt 0.667656 0.492637
vt 0.662149 0.505623
vt 0.664279 0.529918
vt 0.673375 0.528766
vt 0.658491 0.535936
vt 0.656593 0.558249
vt 0.659583 0.563659
vt 0.666700 0.556706
vt 0.678125 0.535556
vt 0.653148 0.576816
vt 0.664371 0.581129
vt 0.673168 0.556416
vt 0.670014 0.584826
vt 0.648808 0.606810
vt 0.645750 0.604300
vt 0.649776 0.589912
vt 0.645613 0.597591
vt 0.652867 0.604732
vt 0.655201 0.607457
vt 0.662347 0.605782
vt 0.661167 0.629626
vt 0.665490 0.630342
vt 0.672998 0.617401
vt 0.671167 0.629085
vt 0.670783 0.600856
vt 0.681639 0.613595
vt 0.677591 0.583266
vt 0.688292 0.615920
vt 0.692600 0.628783
vt 0.686638 0.580130
vt 0.695560 0.597135
vt 0.698985 0.615098
vt 0.693436 0.576850
vt 0.699690 0.626935
vt 0.694606 0.624408
vt 0.699285 0.630175
vt 0.698656 0.611021
vt 0.687066 0.616662
vt 0.687607 0.628515
vt 0.680933 0.630159
vt 0.677345 0.628443
vt 0.680605 0.608104
vt 0.695617 0.597597
vt 0.688100 0.584668
vt 0.692072 0.566735
vt 0.684917 0.562532
vt 0.685224 0.536709
vt 0.676013 0.555690
vt 0.676429 0.582052
vt 0.679567 0.535388
vt 0.675053 0.535320
vt 0.669124 0.555557
vt 0.667584 0.581817
vt 0.658797 0.564062
vt 0.654207 0.577804
vt 0.660181 0.585463
vt 0.669047 0.602821
vt 0.664077 0.616658
vt 0.661330 0.630174
vt 0.719401 0.332321
vt 0.713806 0.343655
vt 0.713840 0.329849
vt 0.727753 0.341793
vt 0.731176 0.332030
vt 0.712961 0.358741
vt 0.724835 0.362578
vt 0.732044 0.354738
vt 0.744672 0.347467
vt 0.740050 0.368482
vt 0.742071 0.334999
vt 0.752533 0.341565
vt 0.737789 0.328239
vt 0.738144 0.327917
vt 0.747371 0.323956
vt 0.738069 0.321576
vt 0.759448 0.328742
vt 0.760352 0.342840
vt 0.757470 0.362265
vt 0.749099 0.363532
vt 0.766562 0.360794
vt 0.768403 0.344045
vt 0.775564 0.358144
vt 0.764570 0.372452
vt 0.776755 0.377340
vt 0.777990 0.342907
vt 0.772921 0.330475
vt 0.777571 0.330159
vt 0.769807 0.324856
vt 0.748806 0.308896
vt 0.759095 0.304624
vt 0.735346 0.305888
vt 0.739017 0.293339
vt 0.751824 0.303483
vt 0.749361 0.283546
vt 0.768366 0.302497
vt 0.771728 0.310168
vt 0.770015 0.289329
vt 0.774319 0.314128
vt 0.770953 0.279277
vt 0.758773 0.279101
vt 0.728680 0.296405
vt 0.730527 0.289787
vt 0.739600 0.276870
vt 0.727206 0.279352
vt 0.764619 0.268192
vt 0.773359 0.267438
vt 0.781877 0.273277
vt 0.784280 0.264614
vt 0.790148 0.269591
vt 0.793221 0.256779
vt 0.793626 0.240476
vt 0.803816 0.240477
vt 0.783226 0.244984
vt 0.781517 0.240448
vt 0.774198 0.240519
vt 0.768544 0.249624
vt 0.774168 0.243864
vt 0.769862 0.240563
vt 0.763258 0.243125
vt 0.759193 0.243419
vt 0.775811 0.257068
vt 0.759220 0.262580
vt 0.751843 0.252874
vt 0.751572 0.267770
vt 0.752127 0.243443
vt 0.741061 0.246061
vt 0.743879 0.240441
vt 0.732845 0.240422
vt 0.741655 0.255040
vt 0.785565 0.255006
vt 0.638388 0.585656
vt 0.638418 0.566510
vt 0.632261 0.596603
vt 0.643293 0.578782
vt 0.649767 0.573947
vt 0.653818 0.539130
vt 0.663057 0.519461
vt 0.644578 0.534357
vt 0.635215 0.531792
vt 0.642378 0.501081
vt 0.645771 0.494025
vt 0.650373 0.512719
vt 0.646824 0.460583
vt 0.655058 0.470653
vt 0.650380 0.448547
vt 0.660017 0.510807
vt 0.667630 0.494899
vt 0.667200 0.527735
vt 0.675053 0.510587
vt 0.680693 0.494585
vt 0.687035 0.497350
vt 0.675375 0.488869
vt 0.675686 0.467604
vt 0.688050 0.486357
vt 0.691974 0.459623
vt 0.686938 0.452913
vt 0.681121 0.457137
vt 0.671873 0.442117
vt 0.667355 0.468175
vt 0.679452 0.439533
vt 0.691537 0.440276
vt 0.664680 0.435599
vt 0.662184 0.454864
vt 0.656753 0.428684
vt 0.646271 0.414621
vt 0.652197 0.422002
vt 0.649601 0.392868
vt 0.654762 0.387195
vt 0.648166 0.358687
vt 0.660676 0.387985
vt 0.670418 0.415939
vt 0.666655 0.379914
vt 0.678662 0.401538
vt 0.673596 0.379733
vt 0.672250 0.353955
vt 0.679239 0.364056
vt 0.664389 0.352248
vt 0.656966 0.363809
vt 0.658457 0.334727
vt 0.653032 0.338042
vt 0.647679 0.315271
vt 0.652378 0.299715
vt 0.667455 0.303678
vt 0.657533 0.303902
vt 0.647683 0.296813
vt 0.662488 0.297159
vt 0.650759 0.261193
vt 0.679958 0.332728
vt 0.678079 0.293410
vt 0.672034 0.302328
vt 0.685518 0.293335
vt 0.686563 0.314040
vt 0.686833 0.337655
vt 0.686463 0.358831
vt 0.692102 0.312455
vt 0.693832 0.357474
vt 0.692401 0.391394
vt 0.683088 0.404166
vt 0.690743 0.418144
vt 0.722775 0.427634
vt 0.729761 0.427675
vt 0.724051 0.419661
vt 0.715088 0.425141
vt 0.715980 0.427672
vt 0.708813 0.409550
vt 0.719901 0.410145
vt 0.725656 0.408594
vt 0.712468 0.402310
vt 0.720679 0.401350
vt 0.732803 0.399790
vt 0.709494 0.379938
vt 0.720282 0.377991
vt 0.725540 0.375451
vt 0.712383 0.367446
vt 0.734659 0.376578
vt 0.741262 0.399333
vt 0.751763 0.380874
vt 0.747122 0.404568
vt 0.761911 0.400468
vt 0.756576 0.409189
vt 0.767992 0.387268
vt 0.777697 0.400863
vt 0.776946 0.379132
vt 0.769244 0.406153
vt 0.777066 0.408385
vt 0.773188 0.424104
vt 0.763170 0.426119
vt 0.752538 0.418240
vt 0.743963 0.426958
vt 0.771878 0.427563
vt 0.753465 0.426145
vt 0.769938 0.404227
vt 0.777117 0.407567
vt 0.742539 0.424569
vt 0.741454 0.406539
vt 0.733823 0.424934
vt 0.729794 0.407673
vt 0.748152 0.406266
vt 0.756904 0.406359
vt 0.762584 0.401612
vt 0.777800 0.401177
vt 0.767945 0.387241
vt 0.751925 0.380656
vt 0.734655 0.376727
vt 0.709941 0.378039
vt 0.726794 0.380096
vt 0.720220 0.378510
vt 0.720422 0.406826
vt 0.712130 0.402612
vt 0.732932 0.401550
vt 0.708137 0.408750
vt 0.715089 0.425147
vt 0.733595 0.425163
vt 0.733412 0.425345
vt 0.729762 0.427672
vt 0.833874 0.962511
vt 0.833348 0.962468
vt 0.833591 0.962249
vt 0.834119 0.963020
vt 0.833069 0.963048
vt 0.834188 0.963751
vt 0.832979 0.964062
vt 0.834135 0.964476
vt 0.832991 0.964790
vt 0.833051 0.965294
vt 0.834106 0.965449
vt 0.833023 0.965653
vt 0.833081 0.966213
vt 0.834188 0.966558
vt 0.833327 0.966934
vt 0.833701 0.967033
vt 0.834110 0.966960
vt 0.833934 0.967165
vt 0.833474 0.967171
vt 0.167236 0.954989
vt 0.167564 0.954803
vt 0.167424 0.955063
vt 0.167184 0.954877
vt 0.167087 0.954798
vt 0.167571 0.954471
vt 0.166968 0.955085
vt 0.166876 0.955085
vt 0.166716 0.954706
vt 0.166684 0.954181
vt 0.167610 0.954362
vt 0.166636 0.954126
vt 0.167719 0.953173
vt 0.166724 0.952917
vt 0.167745 0.952057
vt 0.166674 0.950998
vt 0.167617 0.950744
vt 0.167437 0.949853
vt 0.166636 0.949593
vt 0.167389 0.949197
vt 0.166752 0.948535
vt 0.167266 0.948558
vt 0.167062 0.948325
vt 0.267032 0.865301
vt 0.267485 0.865222
vt 0.267420 0.865923
vt 0.267335 0.864995
vt 0.267054 0.864621
vt 0.267240 0.864607
vt 0.757936 0.971281
vt 0.758563 0.971006
vt 0.758139 0.971708
vt 0.757884 0.970841
vt 0.758623 0.970339
vt 0.757905 0.969603
vt 0.758556 0.968904
vt 0.757936 0.968340
vt 0.758504 0.967797
vt 0.758040 0.967648
vt 0.758452 0.967653
vt 0.758198 0.967127
vt 0.758520 0.967166
vt 0.758378 0.967053
vt 0.439425 0.793385
vt 0.439106 0.793366
vt 0.439523 0.792965
vt 0.439044 0.792879
vt 0.439677 0.792541
vt 0.439726 0.791998
vt 0.439005 0.792115
vt 0.439066 0.791404
vt 0.439762 0.791168
vt 0.439710 0.790745
vt 0.439005 0.790517
vt 0.439431 0.789984
vt 0.439111 0.789981
vt 0.722812 0.272286
vt 0.718954 0.272890
vt 0.735819 0.273278
vt 0.739505 0.277688
vt 0.727649 0.285747
vt 0.744868 0.272867
vt 0.765339 0.271608
vt 0.767155 0.288922
vt 0.776825 0.271889
vt 0.783155 0.287137
vt 0.789174 0.272410
vt 0.795462 0.289620
vt 0.783399 0.304824
vt 0.790237 0.302983
vt 0.775809 0.310461
vt 0.760303 0.300615
vt 0.752980 0.293603
vt 0.738502 0.287926
vt 0.719851 0.288303
vt 0.715253 0.272828
vt 0.728837 0.307578
vt 0.720049 0.307098
vt 0.736690 0.301415
vt 0.721826 0.317639
vt 0.713835 0.311053
vt 0.712832 0.314961
vt 0.736630 0.312089
vt 0.712207 0.325452
vt 0.728465 0.327211
vt 0.719491 0.329402
vt 0.713383 0.336679
vt 0.728469 0.339842
vt 0.715902 0.347396
vt 0.729921 0.350918
vt 0.730732 0.364542
vt 0.739749 0.369029
vt 0.749156 0.363902
vt 0.764726 0.372016
vt 0.777025 0.367461
vt 0.767652 0.360419
vt 0.757444 0.362339
vt 0.779712 0.347180
vt 0.760714 0.344188
vt 0.753121 0.350107
vt 0.768364 0.344981
vt 0.774351 0.339295
vt 0.752821 0.336021
vt 0.762200 0.328027
vt 0.777262 0.325465
vt 0.769007 0.319957
vt 0.747523 0.307724
vt 0.748824 0.322125
vt 0.737383 0.327446
vt 0.754952 0.327082
vt 0.742484 0.333971
vt 0.744775 0.347518
vt 0.899033 0.080567
vt 0.899140 0.080979
vt 0.898622 0.080544
vt 0.898349 0.081029
vt 0.898390 0.081678
vt 0.899112 0.081708
vt 0.898169 0.083751
vt 0.899076 0.083425
vt 0.899033 0.083917
vt 0.898166 0.084418
vt 0.899079 0.084312
vt 0.899079 0.084657
vt 0.898199 0.085248
vt 0.899124 0.085381
vt 0.898212 0.086054
vt 0.899143 0.086285
vt 0.898344 0.086620
vt 0.898440 0.087630
vt 0.899124 0.087234
vt 0.898942 0.087650
vt 0.295058 0.601362
vt 0.291699 0.592761
vt 0.293565 0.588668
vt 0.300215 0.599281
vt 0.291598 0.579413
vt 0.296943 0.574323
vt 0.302846 0.577201
vt 0.311075 0.589322
vt 0.308303 0.601032
vt 0.312074 0.594750
vt 0.317325 0.585440
vt 0.314794 0.588299
vt 0.310345 0.575988
vt 0.708401 0.444464
vt 0.717987 0.444668
vt 0.714224 0.455168
vt 0.726148 0.464206
vt 0.714972 0.469768
vt 0.728532 0.477443
vt 0.735061 0.460083
vt 0.749432 0.459228
vt 0.746071 0.451374
vt 0.743648 0.474934
vt 0.753315 0.473959
vt 0.762515 0.464022
vt 0.723924 0.488014
vt 0.739622 0.492060
vt 0.730825 0.494499
vt 0.765636 0.473129
vt 0.775471 0.472040
vt 0.781280 0.453300
vt 0.792642 0.453900
vt 0.771137 0.452536
vt 0.789592 0.443919
vt 0.785446 0.443926
vt 0.777577 0.442878
vt 0.798742 0.444950
vt 0.768767 0.443447
vt 0.760801 0.443375
vt 0.752546 0.443467
vt 0.744147 0.444060
vt 0.733292 0.443661
vt 0.729061 0.444587
vt 0.637051 0.597074
vt 0.636423 0.630156
vt 0.629469 0.630086
vt 0.638290 0.575619
vt 0.645378 0.556640
vt 0.642338 0.620774
vt 0.644117 0.598488
vt 0.644725 0.630144
vt 0.649726 0.630007
vt 0.650732 0.566802
vt 0.655148 0.586937
vt 0.649739 0.623350
vt 0.655231 0.617587
vt 0.654531 0.630160
vt 0.659303 0.630169
vt 0.659496 0.623025
vt 0.664974 0.629962
vt 0.661547 0.602265
vt 0.663337 0.578862
vt 0.667749 0.583736
vt 0.668803 0.603203
vt 0.658481 0.565680
vt 0.638967 0.559284
vt 0.654367 0.527800
vt 0.645968 0.515649
vt 0.635111 0.532644
vt 0.642275 0.496690
vt 0.659489 0.515642
vt 0.664403 0.519622
vt 0.651241 0.504899
vt 0.647794 0.482198
vt 0.654743 0.487592
vt 0.647948 0.456600
vt 0.652782 0.457822
vt 0.660162 0.491972
vt 0.653109 0.422286
vt 0.647858 0.437442
vt 0.645830 0.416161
vt 0.661722 0.452998
vt 0.658987 0.423723
vt 0.664893 0.438332
vt 0.667190 0.467794
vt 0.671563 0.442815
vt 0.667684 0.493770
vt 0.675438 0.487280
vt 0.675319 0.515880
vt 0.680180 0.490085
vt 0.682701 0.509059
vt 0.686621 0.494608
vt 0.686939 0.535603
vt 0.691512 0.482428
vt 0.692322 0.456333
vt 0.674948 0.457706
vt 0.686982 0.451939
vt 0.680840 0.457018
vt 0.679927 0.436968
vt 0.691259 0.437543
vt 0.689642 0.415834
vt 0.678510 0.407306
vt 0.684849 0.393705
vt 0.692359 0.382188
vt 0.682561 0.374968
vt 0.685027 0.355792
vt 0.693780 0.349290
vt 0.677289 0.358009
vt 0.686675 0.321289
vt 0.691966 0.312154
vt 0.678993 0.324299
vt 0.685733 0.293906
vt 0.694800 0.294514
vt 0.689802 0.260464
vt 0.683923 0.259498
vt 0.678026 0.294115
vt 0.677712 0.260079
vt 0.694778 0.294444
vt 0.671492 0.262405
vt 0.664737 0.261988
vt 0.656640 0.259474
vt 0.652374 0.299606
vt 0.647680 0.296890
vt 0.670340 0.297822
vt 0.660976 0.298189
vt 0.647568 0.314954
vt 0.657870 0.310568
vt 0.666483 0.316523
vt 0.653152 0.337152
vt 0.648159 0.351265
vt 0.666061 0.341217
vt 0.655537 0.366860
vt 0.647475 0.382196
vt 0.663962 0.364638
vt 0.653902 0.391165
vt 0.660745 0.388820
vt 0.673429 0.376782
vt 0.672738 0.334537
vt 0.667230 0.395968
vt 0.672232 0.415365
vt 0.715670 0.258666
vt 0.723398 0.269195
vt 0.710231 0.269698
vt 0.707035 0.256998
vt 0.729496 0.255165
vt 0.733253 0.265985
vt 0.726521 0.271282
vt 0.723186 0.248724
vt 0.728238 0.240436
vt 0.716066 0.244447
vt 0.718262 0.240444
vt 0.709916 0.240434
vt 0.701644 0.240468
vt 0.873972 0.573801
vt 0.868436 0.582646
vt 0.864115 0.578000
vt 0.881548 0.574349
vt 0.877307 0.592970
vt 0.887061 0.586027
vt 0.892546 0.575855
vt 0.896151 0.576037
vt 0.869485 0.598794
vt 0.895802 0.597519
vt 0.904740 0.576037
vt 0.886480 0.596944
vt 0.864413 0.609306
vt 0.874202 0.614471
vt 0.885610 0.614725
vt 0.867821 0.629988
vt 0.885742 0.624496
vt 0.874666 0.638674
vt 0.913411 0.593038
vt 0.901733 0.615483
vt 0.904827 0.628490
vt 0.896751 0.628725
vt 0.894936 0.647053
vt 0.905371 0.645141
vt 0.915172 0.630802
vt 0.884043 0.656326
vt 0.871303 0.653795
vt 0.865508 0.655864
vt 0.848807 0.667830
vt 0.858470 0.652684
vt 0.853621 0.683672
vt 0.866994 0.674941
vt 0.859433 0.693546
vt 0.873004 0.690305
vt 0.876754 0.668265
vt 0.882518 0.683695
vt 0.850289 0.702687
vt 0.864032 0.702286
vt 0.881558 0.701282
vt 0.860683 0.713348
vt 0.848703 0.717668
vt 0.841389 0.715634
vt 0.840020 0.717825
vt 0.859764 0.717816
vt 0.869780 0.717735
vt 0.875782 0.717735
vt 0.883838 0.717780
vt 0.910901 0.717414
vt 0.900982 0.717801
vt 0.895177 0.717664
vt 0.897584 0.704252
vt 0.915572 0.717799
vt 0.915307 0.705946
vt 0.925740 0.717839
vt 0.927044 0.711639
vt 0.934267 0.717824
vt 0.942402 0.717825
vt 0.942995 0.716182
vt 0.937615 0.702480
vt 0.922641 0.693044
vt 0.930322 0.684473
vt 0.910865 0.692901
vt 0.893957 0.686588
vt 0.919011 0.679669
vt 0.904713 0.680899
vt 0.922937 0.670551
vt 0.907856 0.664116
vt 0.915006 0.649280
vt 0.924618 0.651396
vt 0.891030 0.662720
vt 0.921462 0.639292
vt 0.930549 0.645639
vt 0.931228 0.629207
vt 0.924285 0.625420
vt 0.913089 0.619058
vt 0.927751 0.610946
vt 0.920842 0.593937
vt 0.932327 0.598136
vt 0.935113 0.582066
vt 0.920841 0.578755
vt 0.906375 0.585322
vt 0.551040 0.610882
vt 0.531832 0.609935
vt 0.544568 0.605103
vt 0.550624 0.622497
vt 0.310814 0.672467
vt 0.308826 0.680631
vt 0.317505 0.674272
vt 0.323487 0.680871
vt 0.319297 0.691261
vt 0.328796 0.683677
vt 0.802772 0.444838
vt 0.798495 0.456548
vt 0.794546 0.469874
vt 0.787341 0.488339
vt 0.797920 0.489187
vt 0.788649 0.504770
vt 0.779987 0.508286
vt 0.778513 0.497528
vt 0.764796 0.507756
vt 0.778809 0.525357
vt 0.767884 0.491482
vt 0.755613 0.490879
vt 0.751129 0.507374
vt 0.734185 0.507571
vt 0.760787 0.524095
vt 0.762100 0.535557
vt 0.781208 0.540801
vt 0.772127 0.541786
vt 0.754012 0.535569
vt 0.742721 0.527840
vt 0.745673 0.541089
vt 0.731375 0.539333
vt 0.731746 0.525367
vt 0.723109 0.523131
vt 0.718943 0.540717
vt 0.715737 0.522264
vt 0.716501 0.510319
vt 0.721998 0.504585
vt 0.796247 0.454662
vt 0.802350 0.438415
vt 0.792288 0.446986
vt 0.788563 0.438450
vt 0.793220 0.474781
vt 0.794159 0.465259
vt 0.764287 0.469093
vt 0.774983 0.467836
vt 0.772524 0.446327
vt 0.781959 0.489770
vt 0.768060 0.492502
vt 0.793793 0.486948
vt 0.793682 0.500181
vt 0.777767 0.504696
vt 0.787972 0.505798
vt 0.775468 0.530048
vt 0.780549 0.521673
vt 0.762725 0.504858
vt 0.755215 0.494142
vt 0.751452 0.505900
vt 0.739934 0.487039
vt 0.747114 0.476008
vt 0.719858 0.486703
vt 0.723411 0.505720
vt 0.727106 0.487158
vt 0.717454 0.474432
vt 0.728445 0.476297
vt 0.741470 0.473873
vt 0.724910 0.465718
vt 0.713398 0.466397
vt 0.716981 0.452309
vt 0.708262 0.451698
vt 0.736086 0.463519
vt 0.753705 0.464472
vt 0.748923 0.452146
vt 0.762286 0.443987
vt 0.778075 0.441752
vt 0.780696 0.438409
vt 0.769988 0.438431
vt 0.749006 0.443720
vt 0.733565 0.452264
vt 0.760019 0.438400
vt 0.746714 0.438408
vt 0.733172 0.438388
vt 0.716595 0.438400
vt 0.721751 0.444517
vt 0.704798 0.438408
vt 0.260273 0.763101
vt 0.257056 0.763998
vt 0.268257 0.753033
vt 0.257056 0.752115
vt 0.261441 0.747882
vt 0.272930 0.759113
vt 0.259195 0.736064
vt 0.257056 0.735309
vt 0.284555 0.754348
vt 0.271977 0.733577
vt 0.262684 0.724601
vt 0.283903 0.744630
vt 0.294129 0.750835
vt 0.296322 0.739843
vt 0.282118 0.732416
vt 0.303447 0.743765
vt 0.292722 0.727483
vt 0.304241 0.732708
vt 0.316465 0.739827
vt 0.322044 0.746769
vt 0.318163 0.729426
vt 0.305824 0.725364
vt 0.294635 0.723995
vt 0.299164 0.715651
vt 0.270554 0.719454
vt 0.281852 0.717227
vt 0.258686 0.721874
vt 0.257056 0.720268
vt 0.260922 0.707991
vt 0.257056 0.702850
vt 0.264162 0.698865
vt 0.257056 0.691041
vt 0.271001 0.708813
vt 0.282608 0.711020
vt 0.260438 0.690902
vt 0.273627 0.689793
vt 0.284313 0.694418
vt 0.293272 0.706946
vt 0.320132 0.713849
vt 0.299670 0.695696
vt 0.320663 0.706695
vt 0.310189 0.697044
vt 0.304065 0.682327
vt 0.315891 0.689886
vt 0.280987 0.681004
vt 0.268988 0.679097
vt 0.261380 0.681633
vt 0.258036 0.683511
vt 0.257056 0.682564
vt 0.257056 0.672033
vt 0.272527 0.671989
vt 0.260142 0.664055
vt 0.257056 0.661881
vt 0.285245 0.674985
vt 0.294355 0.674548
vt 0.306009 0.670116
vt 0.321862 0.680690
vt 0.322731 0.685727
vt 0.337233 0.686763
vt 0.340764 0.695973
vt 0.325503 0.716874
vt 0.326713 0.736221
vt 0.327676 0.751826
vt 0.333627 0.743919
vt 0.337805 0.752633
vt 0.328930 0.729130
vt 0.343841 0.737166
vt 0.344801 0.746295
vt 0.344609 0.754086
vt 0.356205 0.746664
vt 0.344276 0.728294
vt 0.337434 0.717894
vt 0.344857 0.707172
vt 0.345803 0.688438
vt 0.353888 0.687839
vt 0.361572 0.687140
vt 0.360831 0.697016
vt 0.376722 0.697384
vt 0.360270 0.705068
vt 0.384071 0.688544
vt 0.375929 0.709549
vt 0.388493 0.699925
vt 0.386451 0.709002
vt 0.395601 0.688108
vt 0.382099 0.716514
vt 0.407346 0.716019
vt 0.385980 0.725586
vt 0.400249 0.725283
vt 0.406258 0.704507
vt 0.405273 0.695051
vt 0.420497 0.695873
vt 0.422605 0.688233
vt 0.419356 0.702034
vt 0.422384 0.709652
vt 0.444200 0.693788
vt 0.443049 0.702558
vt 0.442577 0.714926
vt 0.422707 0.718403
vt 0.442374 0.724077
vt 0.425058 0.742751
vt 0.425884 0.757090
vt 0.441776 0.750570
vt 0.441787 0.740860
vt 0.442965 0.732775
vt 0.444296 0.749681
vt 0.441663 0.750594
vt 0.423920 0.732666
vt 0.422929 0.724149
vt 0.426760 0.744689
vt 0.423871 0.756132
vt 0.421080 0.741273
vt 0.410056 0.753827
vt 0.405813 0.735219
vt 0.398849 0.752454
vt 0.393545 0.745306
vt 0.390926 0.735366
vt 0.384082 0.753449
vt 0.376738 0.742586
vt 0.376831 0.733130
vt 0.362098 0.751296
vt 0.364676 0.733609
vt 0.358165 0.738403
vt 0.351672 0.723540
vt 0.354376 0.713096
vt 0.366383 0.717260
vt 0.363416 0.723148
vt 0.699243 0.630104
vt 0.693588 0.630171
vt 0.692435 0.614204
vt 0.687544 0.618213
vt 0.687887 0.630152
vt 0.681075 0.630168
vt 0.680769 0.610992
vt 0.677943 0.630197
vt 0.688051 0.585091
vt 0.692950 0.572912
vt 0.678114 0.596930
vt 0.683384 0.577551
vt 0.690761 0.559616
vt 0.683571 0.557000
vt 0.677722 0.580178
vt 0.673744 0.559323
vt 0.672314 0.618997
vt 0.670659 0.630129
vt 0.667585 0.554750
vt 0.681035 0.539946
vt 0.781754 0.544354
vt 0.770033 0.541982
vt 0.760386 0.525283
vt 0.751004 0.521030
vt 0.734025 0.507523
vt 0.736727 0.525450
vt 0.755859 0.536405
vt 0.745608 0.532494
vt 0.732692 0.541074
vt 0.726604 0.524911
vt 0.715282 0.521957
vt 0.716137 0.533743
vt 0.720058 0.540479
vt 0.716486 0.510170
vt 0.781954 0.550359
vt 0.769185 0.551914
vt 0.755774 0.550052
vt 0.760049 0.559658
vt 0.769988 0.567616
vt 0.779753 0.573637
vt 0.752588 0.563662
vt 0.742453 0.567247
vt 0.758920 0.570829
vt 0.766102 0.588992
vt 0.745317 0.593114
vt 0.779789 0.595139
vt 0.771713 0.603768
vt 0.752699 0.598659
vt 0.780068 0.606633
vt 0.759599 0.606779
vt 0.774890 0.625560
vt 0.766159 0.624403
vt 0.776224 0.622036
vt 0.753819 0.623825
vt 0.772915 0.602903
vt 0.780472 0.602758
vt 0.762263 0.602199
vt 0.770368 0.584712
vt 0.780112 0.575243
vt 0.751215 0.603867
vt 0.744473 0.604554
vt 0.744264 0.624142
vt 0.730798 0.624116
vt 0.735577 0.603587
vt 0.719002 0.625641
vt 0.718103 0.623073
vt 0.718049 0.622813
vt 0.726679 0.604803
vt 0.713210 0.604058
vt 0.735564 0.607847
vt 0.725188 0.606430
vt 0.712065 0.607795
vt 0.747584 0.608725
vt 0.714925 0.596555
vt 0.734512 0.592550
vt 0.722765 0.589780
vt 0.713362 0.574258
vt 0.726888 0.574933
vt 0.728115 0.552232
vt 0.736510 0.571112
vt 0.718901 0.550951
vt 0.737549 0.552334
vt 0.684384 0.537150
vt 0.688723 0.513999
vt 0.686988 0.495861
vt 0.690755 0.558462
vt 0.682571 0.553628
vt 0.713354 0.575903
vt 0.725755 0.575076
vt 0.739372 0.571539
vt 0.752977 0.582297
vt 0.714756 0.558249
vt 0.730564 0.558000
vt 0.752179 0.561444
vt 0.758447 0.565927
vt 0.767680 0.570074
vt 0.775009 0.558292
vt 0.761124 0.556589
vt 0.748095 0.545816
s 1
f 2/1/1 1/2/2 3/3/3
f 3/3/3 1/2/2 5/4/3
f 1/2/2 4/5/1 5/4/3
f 4/5/1 6/6/4 5/4/3
f 8/7/5 5/4/3 6/6/4
f 8/7/5 6/6/4 7/8/6
f 9/9/6 7/8/6 6/6/4
f 10/10/4 7/8/6 9/9/6
f 11/11/4 7/8/6 10/10/4
f 12/12/4 7/8/6 11/11/4
f 7/8/6 12/12/4 13/13/1
f 13/13/1 14/14/7 7/8/6
f 8/7/5 7/8/6 16/15/5
f 15/16/7 16/15/5 7/8/6
f 17/17/3 16/15/5 15/16/7
f 18/18/1 17/17/3 15/16/7
f 18/18/1 15/16/7 19/19/7
f 19/19/7 15/16/7 20/20/7
f 21/21/1 20/20/7 15/16/7
f 22/22/7 21/21/1 15/16/7
f 21/21/1 22/22/7 23/23/8
f 24/24/7 23/23/8 22/22/7
f 25/25/7 24/24/7 22/22/7
f 25/25/7 22/22/7 27/26/1
f 22/22/7 26/27/7 27/26/1
f 28/28/4 27/26/1 26/27/7
f 29/29/4 28/28/4 26/27/7
f 34/30/9 35/31/10 85/32/11
f 301/33/12 41/34/13 42/35/14
f 378/36/15 43/37/16 301/33/12
f 55/38/7 53/39/7 54/40/7
f 56/41/7 54/40/7 53/39/7
f 56/41/7 57/42/7 54/40/7
f 58/43/7 54/40/7 57/42/7
f 58/43/7 57/42/7 59/44/7
f 60/45/7 59/44/7 57/42/7
f 62/46/4 61/47/7 385/48/4
f 63/49/1 385/48/4 61/47/7
f 65/50/17 64/51/18 442/52/19
f 67/53/20 66/54/21 64/51/18
f 67/53/20 68/55/22 66/54/21
f 69/56/23 440/57/24 432/58/25
f 72/59/26 73/60/27 436/61/28
f 74/62/29 75/63/30 73/60/27
f 90/64/7 88/65/7 89/66/7
f 91/67/7 89/66/7 88/65/7
f 93/68/31 92/69/32 462/70/33
f 99/71/34 100/72/35 98/73/36
f 103/74/37 102/75/38 104/76/39
f 89/66/7 91/67/7 111/77/6
f 112/78/6 89/66/7 111/77/6
f 53/79/7 55/80/7 113/81/7
f 113/81/7 114/82/7 53/79/7
f 114/82/7 113/81/7 115/83/7
f 116/84/7 115/83/7 113/81/7
f 115/83/7 116/84/7 117/85/7
f 117/85/7 118/86/7 115/83/7
f 118/86/7 117/85/7 119/87/7
f 120/88/7 119/87/7 117/85/7
f 119/87/7 120/88/7 121/89/7
f 121/89/7 122/90/7 119/87/7
f 122/90/7 121/89/7 123/91/7
f 124/92/7 123/91/7 121/89/7
f 123/91/7 124/92/7 88/65/7
f 88/65/7 90/64/7 123/91/7
f 93/68/31 462/70/33 125/93/40
f 128/94/41 127/95/42 126/96/43
f 127/95/42 128/94/41 129/97/44
f 459/98/45 130/99/46 129/97/44
f 130/99/46 459/98/45 131/100/47
f 132/101/48 459/98/45 92/69/32
f 139/102/49 454/103/50 461/104/51
f 146/105/1 168/106/1 145/107/7
f 145/107/7 147/108/7 146/105/1
f 148/109/52 398/110/53 179/111/54
f 152/112/55 153/113/56 154/114/57
f 402/115/4 161/116/6 162/117/4
f 163/118/6 162/117/4 161/116/6
f 161/116/6 164/119/6 163/118/6
f 165/120/6 163/118/6 164/119/6
f 164/119/6 166/121/7 165/120/6
f 167/122/7 165/120/6 166/121/7
f 167/122/7 166/121/7 146/105/1
f 168/106/1 146/105/1 166/121/7
f 171/123/4 169/124/58 170/125/4
f 404/126/4 170/125/4 169/124/58
f 174/127/6 172/128/4 173/129/6
f 175/130/4 173/129/6 172/128/4
f 175/130/4 172/128/4 145/107/7
f 147/108/7 145/107/7 172/128/4
f 176/131/59 405/132/60 483/133/61
f 177/134/62 405/132/60 176/131/59
f 178/135/63 405/132/60 177/134/62
f 179/111/54 405/132/60 178/135/63
f 180/136/64 474/137/65 479/138/66
f 182/139/67 181/140/68 183/141/69
f 148/109/52 183/141/69 398/110/53
f 185/142/70 186/143/71 478/144/72
f 189/145/73 188/146/74 190/147/75
f 200/148/76 217/149/77 198/150/78
f 201/151/79 202/152/80 203/153/81
f 202/152/80 204/154/82 206/155/83
f 205/156/84 206/155/83 204/154/82
f 207/157/85 206/155/83 205/156/84
f 208/158/86 196/159/87 207/157/85
f 222/160/7 220/161/7 221/162/6
f 223/163/6 221/162/6 220/161/7
f 221/162/6 223/163/6 225/164/4
f 224/165/4 225/164/4 223/163/6
f 225/164/4 224/165/4 226/166/7
f 227/167/7 226/166/7 224/165/4
f 227/167/7 228/168/6 226/166/7
f 228/168/6 229/169/6 226/166/7
f 231/170/6 230/171/6 229/169/6
f 228/168/6 231/170/6 229/169/6
f 232/172/2 233/173/1 230/171/6
f 231/170/6 232/172/2 230/171/6
f 236/174/7 235/175/88 234/176/6
f 235/175/88 236/174/7 237/177/6
f 237/177/6 238/178/6 235/175/88
f 238/178/6 237/177/6 239/179/6
f 239/179/6 240/180/6 238/178/6
f 243/181/7 241/182/7 242/183/7
f 244/184/7 242/183/7 241/182/7
f 246/185/89 245/186/90 337/187/91
f 245/186/90 247/188/92 337/187/91
f 247/188/92 248/189/93 408/190/94
f 249/191/95 488/192/96 248/189/93
f 250/193/97 488/192/96 249/191/95
f 251/194/98 347/195/99 250/193/97
f 253/196/100 252/197/101 255/198/102
f 257/199/103 254/200/104 255/198/102
f 254/200/104 257/199/103 256/201/105
f 256/201/105 257/199/103 258/202/106
f 490/203/107 187/204/108 259/205/109
f 265/206/110 409/207/111 266/208/112
f 409/207/111 267/209/113 266/208/112
f 268/210/114 267/209/113 409/207/111
f 263/211/115 199/212/116 268/210/114
f 220/213/7 222/214/7 274/215/7
f 275/216/7 220/213/7 274/215/7
f 275/216/7 274/215/7 276/217/7
f 277/218/7 276/217/7 274/215/7
f 277/218/7 278/219/6 276/217/7
f 279/220/6 276/217/7 278/219/6
f 278/219/6 280/221/7 279/220/6
f 281/222/7 279/220/6 280/221/7
f 246/223/117 282/224/118 283/225/119
f 411/226/120 284/227/121 283/225/119
f 284/227/121 411/226/120 285/228/122
f 285/228/122 412/229/123 414/230/124
f 291/231/125 289/232/125 290/233/125
f 294/234/125 292/235/125 293/236/125
f 297/237/125 295/238/125 296/239/125
f 291/231/125 290/233/125 298/240/125
f 46/241/126 47/242/127 299/243/128
f 299/243/128 50/244/129 31/245/130
f 300/246/131 52/247/132 51/248/133
f 84/249/134 300/246/131 31/245/135
f 303/250/136 44/251/137 378/36/15
f 378/36/15 447/252/138 303/250/136
f 303/250/136 447/252/138 302/253/139
f 303/250/136 302/253/139 304/254/140
f 304/254/140 302/253/139 39/255/141
f 305/256/142 39/255/141 302/253/139
f 39/255/141 305/256/142 37/257/143
f 306/258/144 37/257/143 305/256/142
f 35/31/10 37/257/143 306/258/144
f 306/258/144 307/259/145 35/31/10
f 310/260/146 309/261/147 107/262/148
f 310/260/146 87/263/149 313/264/150
f 311/265/151 81/266/152 312/267/153
f 110/268/154 312/267/155 313/264/150
f 314/269/156 95/270/157 315/271/158
f 316/272/159 315/271/158 95/270/157
f 95/270/157 96/273/160 316/272/159
f 98/73/36 316/272/159 96/273/160
f 318/274/161 316/272/159 98/73/36
f 98/73/36 100/72/35 318/274/161
f 100/72/35 317/275/162 318/274/161
f 318/274/161 317/275/162 320/276/163
f 319/277/164 320/276/163 317/275/162
f 102/75/38 320/276/163 319/277/164
f 321/278/165 322/279/166 320/276/163
f 320/276/163 102/75/38 321/278/165
f 321/278/165 323/280/167 322/279/166
f 85/281/168 323/280/167 321/278/165
f 321/278/165 101/282/169 85/281/168
f 105/283/170 309/261/147 308/284/171
f 313/264/150 324/285/172 110/268/154
f 324/285/172 313/264/150 140/286/173
f 158/287/174 325/288/175 193/289/176
f 329/290/177 158/287/178 159/291/179
f 195/292/180 326/293/181 327/294/182
f 329/290/177 328/295/183 327/294/182
f 157/296/184 193/289/176 325/288/175
f 330/297/185 331/298/186 198/150/187
f 331/298/186 218/299/188 332/300/189
f 269/301/190 400/302/191 332/300/192
f 200/148/76 333/303/193 213/304/194
f 335/305/195 264/306/196 349/307/197
f 335/305/195 336/308/198 337/187/91
f 203/309/199 338/310/200 339/311/201
f 339/311/201 340/312/202 341/313/203
f 340/312/202 339/311/201 342/314/204
f 272/315/205 342/314/204 343/316/206
f 342/314/204 272/315/205 340/312/202
f 343/316/206 344/317/207 272/315/205
f 273/318/208 345/319/209 271/320/210
f 348/321/211 347/195/99 251/194/98
f 492/322/212 263/211/115 347/195/99
f 350/323/213 349/324/214 286/325/215
f 282/224/118 351/326/216 350/323/213
f 350/323/213 411/226/120 282/224/118
f 411/226/120 283/225/119 282/224/118
f 352/327/217 367/328/218 363/329/219
f 353/330/220 363/329/219 367/328/218
f 355/331/221 354/332/222 369/333/223
f 362/334/224 354/332/222 355/331/221
f 1689/335/225 356/336/226 360/337/227
f 356/336/226 1689/335/225 357/338/228
f 359/339/229 358/340/230 370/341/231
f 368/342/232 358/340/230 359/339/229
f 366/343/233 360/344/227 356/345/226
f 356/345/226 361/346/234 366/343/233
f 362/347/224 364/348/235 365/349/236
f 355/350/221 364/348/235 362/347/224
f 372/351/237 371/352/238 358/353/230
f 370/354/231 358/353/230 371/352/238
f 373/355/239 363/356/219 353/357/220
f 353/357/220 1710/358/240 373/355/239
f 376/359/4 374/360/4 375/361/1
f 377/362/1 375/361/1 374/360/4
f 33/363/241 31/245/130 50/244/129
f 35/31/10 307/259/145 85/32/11
f 52/247/132 300/246/131 83/364/242
f 36/365/243 37/257/143 35/31/10
f 37/257/143 38/366/244 39/255/141
f 39/255/141 40/367/245 304/254/140
f 304/254/140 30/368/246 303/250/136
f 59/44/7 60/45/7 379/369/7
f 380/370/7 59/44/7 379/369/7
f 380/370/7 379/369/7 381/371/1
f 382/372/1 381/371/1 379/369/7
f 381/371/1 382/372/1 383/373/1
f 384/374/4 381/371/1 383/373/1
f 384/374/4 383/373/1 374/360/4
f 374/360/4 376/359/4 384/374/4
f 385/48/4 63/49/1 387/375/7
f 386/376/1 387/375/7 63/49/1
f 387/375/7 386/376/1 389/377/1
f 388/378/1 389/377/1 386/376/1
f 388/378/1 375/361/1 389/377/1
f 377/362/1 389/377/1 375/361/1
f 45/379/247 46/241/248 81/380/249
f 48/381/250 299/243/128 47/242/127
f 48/381/250 49/382/251 299/243/128
f 50/244/129 299/243/128 49/382/251
f 82/383/252 51/248/133 52/247/132
f 83/364/242 300/246/131 84/249/134
f 94/384/253 87/263/149 310/260/146
f 105/283/170 106/385/254 309/261/147
f 106/385/254 107/262/148 309/261/147
f 107/262/148 108/386/255 310/260/146
f 98/73/36 96/273/160 97/387/256
f 319/277/164 104/76/39 102/75/38
f 317/275/162 86/388/257 319/277/164
f 392/389/258 393/390/258 391/391/4
f 392/389/258 391/391/4 390/392/259
f 394/393/258 395/394/258 392/389/258
f 393/390/258 392/389/258 395/394/258
f 397/395/4 396/396/4 395/394/258
f 394/393/258 397/395/4 395/394/258
f 112/78/6 111/77/6 396/396/4
f 397/395/4 112/78/6 396/396/4
f 109/397/260 310/260/146 108/386/255
f 109/397/260 94/384/253 310/260/146
f 313/264/150 141/398/261 140/286/173
f 141/398/261 313/264/150 87/263/149
f 160/399/262 144/400/263 329/290/177
f 400/401/264 157/296/184 325/288/175
f 159/291/179 160/399/262 329/290/177
f 326/293/181 194/402/265 308/403/266
f 326/293/181 195/292/180 194/402/265
f 154/114/57 142/404/267 152/112/55
f 156/405/268 155/406/269 401/407/270
f 407/408/6 402/115/4 403/409/1
f 162/117/4 403/409/1 402/115/4
f 390/410/259 391/411/4 170/125/4
f 171/123/4 170/125/4 391/411/4
f 169/124/58 174/127/6 404/126/4
f 173/129/6 404/126/4 174/127/6
f 179/111/54 398/110/53 405/132/60
f 192/412/271 191/413/272 405/132/60
f 192/412/271 149/414/273 191/413/272
f 195/292/180 327/294/182 328/295/183
f 328/295/183 329/290/177 144/400/263
f 242/183/7 244/184/7 233/173/1
f 232/172/2 242/183/7 233/173/1
f 197/415/274 198/150/78 217/149/77
f 334/416/275 213/304/194 333/303/193
f 213/304/194 214/417/276 200/148/76
f 214/417/276 215/418/277 200/148/76
f 215/418/277 216/419/278 200/148/76
f 216/419/278 217/149/77 200/148/76
f 218/299/188 331/298/186 219/420/279
f 219/420/279 331/298/186 330/297/185
f 206/155/83 203/153/81 202/152/80
f 206/155/83 207/157/85 196/159/87
f 209/421/280 742/422/281 406/423/282
f 212/424/283 211/425/284 196/159/87
f 234/176/6 235/175/88 403/426/1
f 407/427/6 403/426/1 235/175/88
f 240/180/6 239/179/6 241/182/7
f 241/182/7 243/181/7 240/180/6
f 409/207/111 335/305/195 337/187/91
f 409/207/111 264/306/196 335/305/195
f 408/190/94 248/189/93 488/192/96
f 410/428/285 258/202/106 257/199/103
f 492/322/212 410/428/285 257/199/103
f 257/199/103 262/429/286 492/322/212
f 257/199/103 260/430/287 262/429/286
f 261/431/288 492/322/212 262/429/286
f 408/190/94 488/192/96 409/207/111
f 339/311/201 341/313/203 203/309/199
f 345/319/209 346/432/289 334/433/290
f 345/319/209 273/318/208 346/432/289
f 412/229/123 285/228/122 411/226/120
f 288/434/291 412/229/123 411/226/120
f 411/226/120 413/435/292 288/434/291
f 417/436/293 415/437/294 1713/438/295
f 1713/438/295 416/439/296 417/436/293
f 440/57/24 69/56/23 418/440/297
f 420/441/298 419/442/299 440/57/24
f 421/443/300 422/444/301 424/445/302
f 423/446/303 424/445/302 422/444/301
f 424/445/302 423/446/303 426/447/304
f 425/448/305 426/447/304 423/446/303
f 428/449/306 426/447/304 425/448/305
f 425/448/305 427/450/307 428/449/306
f 430/451/308 428/449/306 427/450/307
f 427/450/307 429/452/309 430/451/308
f 442/52/19 64/51/18 66/54/21
f 442/52/19 66/54/21 431/453/310
f 444/454/311 432/58/25 440/57/24
f 444/454/311 440/57/24 419/442/299
f 32/455/312 419/442/299 420/441/298
f 434/456/313 70/457/314 433/458/315
f 436/61/28 434/456/313 435/459/316
f 71/460/317 436/61/318 437/461/319
f 439/462/320 70/457/314 434/456/313
f 434/456/313 436/61/28 439/462/320
f 73/60/27 439/462/320 436/61/28
f 439/462/320 438/463/321 70/457/314
f 75/63/30 439/462/320 73/60/27
f 441/464/322 438/463/321 439/462/320
f 75/63/30 440/57/24 439/462/320
f 431/453/323 77/465/324 456/466/325
f 443/467/326 442/52/19 431/453/310
f 445/468/327 444/454/311 446/469/328
f 79/470/329 419/442/299 80/471/330
f 79/470/329 444/454/311 419/442/299
f 432/58/25 444/454/311 445/468/327
f 447/252/138 301/33/12 448/472/331
f 42/35/14 448/472/331 301/33/12
f 301/33/12 447/252/138 378/36/15
f 449/473/332 461/104/51 462/70/33
f 453/474/333 450/475/334 451/476/335
f 454/103/50 452/477/336 453/474/333
f 128/94/41 126/96/43 65/478/337
f 457/479/338 128/94/41 65/478/337
f 65/478/337 455/480/339 457/479/338
f 133/481/340 457/479/341 456/482/342
f 459/98/45 129/97/44 128/94/41
f 135/483/343 459/98/45 128/94/41
f 128/94/41 457/479/338 135/483/343
f 134/484/344 135/483/343 457/479/338
f 459/98/45 132/101/48 131/100/47
f 462/70/33 92/69/32 459/98/45
f 449/473/332 462/70/33 459/98/45
f 459/98/45 458/485/345 449/473/332
f 137/486/346 449/473/332 458/485/345
f 452/477/336 138/487/347 453/474/333
f 460/488/348 453/474/333 138/487/347
f 460/488/348 727/489/349 453/474/333
f 450/475/334 453/474/333 727/489/349
f 461/104/51 454/103/50 462/70/33
f 453/474/333 462/70/33 454/103/50
f 453/474/333 451/476/335 462/70/33
f 463/490/350 462/70/33 451/476/335
f 125/93/40 462/70/33 463/490/350
f 465/491/351 464/492/352 467/493/353
f 466/494/354 467/493/353 464/492/352
f 468/495/355 467/493/353 466/494/354
f 467/493/353 468/495/355 469/496/356
f 471/497/357 469/496/356 468/495/355
f 468/495/355 470/498/358 471/497/357
f 472/499/359 471/497/357 470/498/358
f 471/497/357 472/499/359 473/500/360
f 482/501/361 483/133/61 405/132/60
f 482/501/361 405/132/60 190/147/75
f 191/413/272 190/147/75 405/132/60
f 474/137/65 180/136/64 728/502/362
f 474/137/65 476/503/363 475/504/364
f 184/505/365 475/504/364 477/506/366
f 475/504/364 181/140/68 474/137/65
f 398/110/53 183/141/69 181/140/68
f 478/144/72 398/110/53 181/140/68
f 478/144/72 475/504/364 184/505/365
f 474/137/65 181/140/68 479/138/66
f 181/140/68 475/504/364 478/144/72
f 479/138/66 181/140/68 182/139/67
f 188/146/74 187/507/367 480/508/368
f 480/508/368 481/509/369 482/501/361
f 483/133/61 482/501/361 253/510/370
f 190/147/75 188/146/74 480/508/368
f 190/147/75 480/508/368 482/501/361
f 398/110/53 478/144/72 399/511/371
f 478/144/72 186/143/71 399/511/371
f 152/112/55 484/512/372 151/513/373
f 484/512/372 152/112/55 485/514/374
f 142/404/267 485/514/374 152/112/55
f 142/404/267 143/515/375 485/514/374
f 143/515/375 486/516/376 485/514/374
f 156/405/268 486/516/376 143/515/375
f 486/516/376 156/405/268 401/407/270
f 314/517/377 487/518/378 486/516/376
f 486/516/376 401/407/270 314/517/377
f 488/192/96 347/195/99 263/211/115
f 408/190/94 337/187/91 247/188/92
f 337/187/91 408/190/94 409/207/111
f 265/206/110 264/306/196 409/207/111
f 488/192/96 250/193/97 347/195/99
f 263/211/115 409/207/111 488/192/96
f 409/207/111 263/211/115 268/210/114
f 260/430/287 257/199/103 252/197/101
f 252/197/101 489/519/379 260/430/287
f 347/195/99 348/321/211 491/520/380
f 491/520/380 410/428/285 347/195/99
f 492/322/212 347/195/99 410/428/285
f 490/203/107 259/205/109 260/430/381
f 255/198/102 252/197/101 257/199/103
f 493/521/382 203/153/81 494/522/383
f 206/155/83 494/522/383 203/153/81
f 196/159/87 494/522/383 206/155/83
f 494/522/383 196/159/87 495/523/384
f 495/523/384 196/159/87 211/425/284
f 210/524/385 496/525/386 495/523/384
f 495/523/384 211/425/284 210/524/385
f 406/423/282 496/525/386 210/524/385
f 496/525/386 406/423/282 497/526/387
f 742/422/281 497/526/387 406/423/282
f 500/527/388 498/528/389 499/529/390
f 501/530/391 500/527/388 499/529/390
f 502/531/392 500/527/388 501/530/391
f 503/532/393 504/533/394 510/534/395
f 504/533/394 503/532/393 505/535/396
f 507/536/397 504/533/394 505/535/396
f 505/535/396 506/537/398 507/536/397
f 507/536/397 506/537/398 509/538/399
f 508/539/400 509/538/399 506/537/398
f 508/539/400 511/540/401 509/538/399
f 508/539/400 510/541/395 511/540/401
f 510/541/395 504/542/394 511/540/401
f 1722/543/402 516/544/403 512/545/404
f 1721/546/405 1722/543/402 512/545/404
f 1721/546/405 512/545/404 513/547/406
f 1721/546/405 513/547/406 515/548/407
f 514/549/408 515/548/407 513/547/406
f 515/548/407 514/549/408 1723/550/409
f 516/551/403 1723/550/409 514/549/408
f 1722/552/402 1723/550/409 516/551/403
f 518/553/410 517/554/411 525/555/412
f 519/556/413 517/554/411 518/553/410
f 520/557/414 519/556/413 518/553/410
f 522/558/415 519/556/413 520/557/414
f 521/559/416 522/558/415 520/557/414
f 524/560/417 522/558/415 521/559/416
f 523/561/418 524/560/417 521/559/416
f 523/561/418 526/562/419 524/560/417
f 523/561/418 525/563/412 526/562/419
f 525/563/412 517/564/411 526/562/419
f 528/565/420 527/566/421 533/567/422
f 528/565/420 530/568/423 527/566/421
f 530/568/423 528/565/420 529/569/424
f 530/568/423 529/569/424 531/570/425
f 531/570/425 529/569/424 532/571/426
f 531/570/425 532/571/426 534/572/427
f 534/572/427 532/571/426 533/573/422
f 533/573/422 527/574/421 534/572/427
f 1720/575/428 537/576/429 1719/577/430
f 535/578/431 1719/577/430 537/576/429
f 1719/577/430 535/578/431 1718/579/432
f 535/578/431 536/580/433 1718/579/432
f 1717/581/434 1718/579/432 536/580/433
f 1717/581/434 536/580/433 537/582/429
f 1720/583/428 1717/581/434 537/582/429
f 539/584/435 538/585/436 558/586/437
f 539/584/435 540/587/438 538/585/436
f 539/584/435 541/588/439 540/587/438
f 541/588/439 543/589/440 540/587/438
f 543/589/440 541/588/439 542/590/441
f 543/589/440 542/590/441 544/591/442
f 544/591/442 542/590/441 545/592/443
f 545/592/443 547/593/444 544/591/442
f 546/594/445 547/593/444 545/592/443
f 546/594/445 550/595/446 547/593/444
f 550/595/446 546/594/445 548/596/447
f 550/595/446 548/596/447 549/597/448
f 549/597/448 551/598/449 550/595/446
f 552/599/450 551/598/449 549/597/448
f 551/598/449 552/599/450 553/600/451
f 553/600/451 552/599/450 554/601/452
f 554/601/452 555/602/453 553/600/451
f 555/602/453 554/601/452 556/603/454
f 556/603/454 557/604/455 555/602/453
f 538/605/436 557/604/455 556/603/454
f 538/605/436 556/603/454 558/606/437
f 559/607/456 560/608/457 566/609/458
f 560/608/457 559/607/456 562/610/459
f 559/607/456 561/611/460 562/610/459
f 563/612/461 562/610/459 561/611/460
f 562/610/459 563/612/461 564/613/462
f 563/612/461 567/614/463 564/613/462
f 563/612/461 565/615/464 567/614/463
f 565/615/464 566/616/458 567/614/463
f 566/616/458 560/617/457 567/614/463
f 568/618/465 569/619/466 578/620/467
f 568/618/465 570/621/468 569/619/466
f 570/621/468 568/618/465 572/622/469
f 568/618/465 571/623/470 572/622/469
f 571/623/470 573/624/471 572/622/469
f 572/622/469 573/624/471 574/625/472
f 573/624/471 577/626/473 574/625/472
f 577/626/473 573/624/471 575/627/474
f 575/627/474 576/628/475 577/626/473
f 569/629/466 576/628/475 578/630/467
f 597/631/476 580/632/477 579/633/478
f 580/632/477 582/634/479 579/633/478
f 580/632/477 581/635/480 582/634/479
f 581/635/480 584/636/481 582/634/479
f 581/635/480 583/637/482 584/636/481
f 584/636/481 583/637/482 586/638/483
f 583/637/482 585/639/484 586/638/483
f 586/638/483 585/639/484 587/640/485
f 586/638/483 587/640/485 1704/641/486
f 1704/641/486 587/640/485 1703/642/487
f 587/640/485 588/643/488 1703/642/487
f 589/644/489 1703/642/487 588/643/488
f 1703/642/487 589/644/489 1702/645/490
f 590/646/491 1702/645/490 589/644/489
f 1701/647/492 1702/645/490 590/646/491
f 591/648/493 1701/647/492 590/646/491
f 1701/647/492 591/648/493 1700/649/494
f 592/650/495 1700/649/494 591/648/493
f 1700/649/494 592/650/495 1699/651/496
f 593/652/497 1699/651/496 592/650/495
f 594/653/498 1699/651/496 593/652/497
f 1698/654/499 1699/651/496 594/653/498
f 1698/654/499 594/653/498 1697/655/500
f 595/656/501 1697/655/500 594/653/498
f 1697/655/500 595/656/501 598/657/502
f 596/658/503 598/657/502 595/656/501
f 596/658/503 597/659/476 598/657/502
f 579/660/478 598/657/502 597/659/476
f 601/661/504 599/662/505 600/663/506
f 600/663/506 602/664/507 601/661/504
f 604/665/508 603/666/508 602/667/509
f 605/668/510 602/667/509 603/666/508
f 605/669/510 606/670/511 607/671/512
f 607/671/512 608/672/513 605/669/510
f 610/673/514 609/674/515 608/675/516
f 611/676/517 608/675/516 609/674/515
f 611/677/517 612/678/518 613/679/519
f 613/679/519 614/680/520 611/677/517
f 614/681/520 615/682/521 616/683/522
f 617/684/521 616/683/522 615/682/521
f 616/685/522 618/686/523 619/687/524
f 620/688/525 619/687/524 618/686/523
f 619/689/524 621/690/526 622/691/527
f 623/692/526 622/691/527 621/690/526
f 622/693/528 624/694/529 625/695/530
f 626/696/531 625/695/530 624/694/529
f 625/697/532 627/698/533 628/699/534
f 629/700/533 628/699/534 627/698/533
f 628/701/534 630/702/535 631/703/536
f 632/704/537 631/703/536 630/702/535
f 631/705/538 633/706/539 634/707/540
f 636/708/541 635/709/542 634/710/540
f 635/711/543 637/712/544 638/713/545
f 640/714/546 639/715/547 638/716/545
f 639/717/548 641/718/549 642/719/550
f 643/720/549 642/719/550 641/718/549
f 642/721/551 644/722/552 647/723/553
f 645/724/554 647/723/553 644/722/552
f 651/725/555 649/726/556 650/727/557
f 650/727/557 652/728/558 651/725/555
f 654/729/559 653/730/560 652/731/558
f 655/732/561 652/731/558 653/730/560
f 655/733/561 656/734/562 657/735/563
f 657/735/563 658/736/564 655/733/561
f 601/737/565 658/738/564 659/739/566
f 660/740/566 659/739/566 658/738/564
f 651/741/555 661/742/567 662/743/568
f 663/744/568 662/743/568 661/742/567
f 661/745/567 664/746/569 665/747/570
f 666/748/571 665/747/570 664/746/569
f 664/749/569 667/750/572 668/751/573
f 669/752/573 668/751/573 667/750/572
f 667/753/572 670/754/574 671/755/575
f 672/756/576 671/755/575 670/754/574
f 670/757/577 673/758/578 674/759/579
f 675/760/579 674/759/579 673/758/578
f 673/761/580 676/762/581 677/763/582
f 683/764/583 682/765/584 681/766/585
f 687/767/586 685/768/587 686/769/588
f 690/770/589 692/771/590 693/772/591
f 694/773/592 693/772/591 692/771/590
f 619/774/524 697/775/526 698/776/526
f 697/775/526 619/774/524 622/777/527
f 700/778/528 622/779/528 699/780/531
f 625/781/530 699/780/531 622/779/528
f 625/782/532 701/783/533 702/784/593
f 701/783/533 625/782/532 628/785/534
f 704/786/594 628/787/534 703/788/595
f 631/789/536 703/788/595 628/787/534
f 631/790/538 706/791/596 705/792/597
f 706/791/596 631/790/538 634/793/540
f 634/793/540 707/794/598 706/791/596
f 707/794/598 634/793/540 635/795/542
f 708/796/599 635/797/543 709/798/600
f 638/799/545 709/798/600 635/797/543
f 709/798/600 638/799/545 710/800/601
f 639/801/547 710/800/601 638/799/545
f 712/802/602 639/803/548 711/804/549
f 711/804/549 639/803/548 642/805/550
f 714/806/603 642/807/551 713/808/604
f 647/809/553 713/808/604 642/807/551
f 715/810/605 647/811/606 716/812/607
f 716/812/607 647/811/606 648/813/608
f 719/814/609 718/815/610 717/816/611
f 718/815/610 719/814/609 721/817/612
f 720/818/613 721/817/612 719/814/609
f 723/819/614 721/817/612 720/818/613
f 722/820/615 723/819/614 720/818/613
f 723/819/614 722/820/615 725/821/616
f 722/820/615 724/822/617 725/821/616
f 725/821/616 724/822/617 726/823/618
f 446/469/328 444/454/311 68/55/22
f 66/54/21 68/55/22 444/454/311
f 444/454/311 79/470/329 66/54/21
f 431/453/310 66/54/21 79/470/329
f 78/824/619 431/453/310 79/470/329
f 441/464/322 439/462/320 418/440/297
f 440/57/24 418/440/297 439/462/320
f 420/441/298 440/57/24 75/63/30
f 76/825/620 420/441/298 75/63/30
f 727/489/349 460/488/348 728/826/621
f 728/826/621 460/488/348 729/827/622
f 730/828/623 729/827/622 460/488/348
f 730/828/623 138/487/347 477/829/624
f 138/487/347 730/828/623 460/488/348
f 459/98/45 135/483/343 458/485/345
f 136/830/625 458/485/345 135/483/343
f 399/511/371 192/412/271 398/110/53
f 733/831/626 732/832/627 731/833/628
f 732/832/627 733/831/626 734/834/629
f 734/834/629 733/831/626 736/835/630
f 735/836/631 736/835/630 733/831/626
f 736/835/630 735/836/631 738/837/632
f 737/838/633 738/837/632 735/836/631
f 737/838/633 739/839/634 738/837/632
f 740/840/635 738/837/632 739/839/634
f 484/512/372 741/841/636 151/513/373
f 150/842/637 151/513/373 741/841/636
f 742/843/638 150/842/637 741/841/636
f 405/132/60 398/110/53 192/412/271
f 744/844/639 743/845/640 746/846/641
f 745/847/642 746/846/641 743/845/640
f 746/846/641 745/847/642 748/848/643
f 747/849/644 748/848/643 745/847/642
f 750/850/645 748/848/643 747/849/644
f 749/851/646 750/850/645 747/849/644
f 751/852/647 750/850/645 749/851/646
f 749/851/646 752/853/648 751/852/647
f 753/854/649 751/852/647 752/853/648
f 757/855/650 755/856/651 754/857/652
f 754/857/652 756/858/653 757/855/650
f 759/859/654 757/855/650 756/858/653
f 756/858/653 758/860/655 759/859/654
f 759/859/654 758/860/655 761/861/656
f 760/862/657 761/861/656 758/860/655
f 761/861/656 760/862/657 763/863/658
f 762/864/659 763/863/658 760/862/657
f 258/202/106 410/428/285 491/520/380
f 766/865/660 765/866/661 764/867/662
f 765/866/661 766/865/660 767/868/663
f 767/868/663 766/865/660 768/869/664
f 767/868/663 768/869/664 769/870/665
f 350/323/213 286/325/215 413/435/292
f 411/226/120 350/323/213 413/435/292
f 412/229/123 288/434/291 287/871/666
f 287/871/666 414/230/124 412/229/123
f 773/872/667 770/873/668 771/874/669
f 772/875/670 773/872/667 771/874/669
f 774/876/671 773/872/667 772/875/670
f 777/877/672 775/878/673 776/879/674
f 779/880/675 776/879/674 775/878/673
f 779/880/675 775/878/673 778/881/676
f 780/882/677 779/880/675 778/881/676
f 778/881/676 781/883/678 780/882/677
f 782/884/679 780/882/677 781/883/678
f 784/885/680 783/886/681 785/887/682
f 783/886/681 786/888/683 785/887/682
f 786/888/683 783/886/681 787/889/684
f 788/890/685 787/889/684 783/886/681
f 790/891/686 788/890/685 789/892/687
f 790/891/686 787/889/684 788/890/685
f 790/891/686 791/893/688 787/889/684
f 567/894/463 560/895/457 564/896/462
f 560/895/457 562/897/459 564/896/462
f 513/898/406 512/899/404 514/900/408
f 516/901/403 514/900/408 512/899/404
f 810/902/689 794/903/690 792/904/691
f 793/905/692 794/903/690 810/902/689
f 793/905/692 796/906/693 794/903/690
f 796/906/693 793/905/692 795/907/694
f 796/906/693 795/907/694 798/908/695
f 798/908/695 795/907/694 797/909/696
f 798/908/695 797/909/696 799/910/697
f 797/909/696 801/911/698 799/910/697
f 801/911/698 797/909/696 800/912/699
f 800/912/699 803/913/700 801/911/698
f 802/914/701 803/913/700 800/912/699
f 802/914/701 805/915/702 803/913/700
f 805/915/702 802/914/701 804/916/703
f 805/915/702 804/916/703 807/917/704
f 807/917/704 804/916/703 806/918/705
f 806/918/705 809/919/706 807/917/704
f 806/918/705 808/920/707 809/919/706
f 808/920/707 811/921/708 809/919/706
f 808/920/707 810/922/689 811/921/708
f 810/922/689 792/923/691 811/921/708
f 812/924/709 813/925/710 814/926/711
f 814/926/711 813/925/710 815/927/712
f 815/927/712 813/925/710 1705/928/713
f 815/927/712 1705/928/713 816/929/714
f 1705/928/713 817/930/715 816/929/714
f 1705/928/713 818/931/716 817/930/715
f 1706/932/717 818/931/716 1705/928/713
f 1706/932/717 819/933/718 818/931/716
f 1707/934/719 819/933/718 1706/932/717
f 1707/934/719 820/935/720 819/933/718
f 821/936/721 820/935/720 1707/934/719
f 1708/937/722 821/936/721 1707/934/719
f 1708/937/722 822/938/723 821/936/721
f 1709/939/724 822/938/723 1708/937/722
f 822/938/723 1709/939/724 824/940/725
f 823/941/726 824/940/725 1709/939/724
f 826/942/727 824/940/725 823/941/726
f 823/941/726 825/943/728 826/942/727
f 825/943/728 827/944/729 826/942/727
f 828/945/730 826/942/727 827/944/729
f 827/944/729 829/946/731 828/945/730
f 827/944/729 831/947/732 829/946/731
f 831/947/732 827/944/729 830/948/733
f 830/948/733 833/949/734 831/947/732
f 833/949/734 830/948/733 832/950/735
f 834/951/736 833/949/734 832/950/735
f 834/951/736 832/950/735 835/952/737
f 835/952/737 836/953/738 834/951/736
f 813/954/710 836/953/738 835/952/737
f 812/955/709 836/953/738 813/954/710
f 519/956/413 522/957/415 524/958/417
f 524/958/417 526/959/419 519/956/413
f 517/960/411 519/956/413 526/959/419
f 537/961/429 536/962/433 535/963/431
f 837/964/739 840/965/740 838/966/741
f 840/965/740 837/964/739 839/967/742
f 840/965/740 839/967/742 841/968/743
f 841/968/743 842/969/744 840/965/740
f 844/970/745 842/969/744 841/968/743
f 844/970/745 841/968/743 843/971/746
f 843/971/746 846/972/747 844/970/745
f 845/973/748 846/972/747 843/971/746
f 845/973/748 847/974/749 846/972/747
f 847/974/749 845/973/748 848/975/750
f 848/975/750 849/976/751 847/974/749
f 849/976/751 848/975/750 850/977/752
f 849/976/751 850/977/752 851/978/753
f 851/978/753 850/977/752 852/979/754
f 852/979/754 853/980/755 851/978/753
f 854/981/756 853/980/755 852/979/754
f 854/981/756 856/982/757 853/980/755
f 856/982/757 854/981/756 855/983/758
f 856/982/757 855/983/758 838/984/741
f 838/984/741 855/983/758 837/985/739
f 858/986/759 857/987/760 859/988/761
f 860/989/762 859/988/761 857/987/760
f 862/990/763 859/988/761 860/989/762
f 862/990/763 860/989/762 861/991/764
f 864/992/765 862/990/763 861/991/764
f 864/992/765 861/991/764 863/993/766
f 864/992/765 863/993/766 866/994/767
f 866/994/767 863/993/766 865/995/768
f 865/995/768 867/996/769 866/994/767
f 867/996/769 865/995/768 868/997/770
f 868/997/770 869/998/771 867/996/769
f 869/998/771 868/997/770 870/999/772
f 869/998/771 870/999/772 871/1000/773
f 871/1000/773 870/999/772 872/1001/774
f 871/1000/773 872/1001/774 873/1002/775
f 872/1001/774 874/1003/776 873/1002/775
f 876/1004/777 873/1002/775 874/1003/776
f 876/1004/777 874/1003/776 875/1005/778
f 875/1005/778 877/1006/779 876/1004/777
f 877/1006/779 875/1005/778 857/1007/760
f 857/1007/760 858/1008/759 877/1006/779
f 878/1009/780 887/1010/781 880/1011/782
f 880/1011/782 887/1010/781 879/1012/783
f 880/1011/782 879/1012/783 882/1013/784
f 881/1014/785 882/1013/784 879/1012/783
f 881/1014/785 883/1015/786 882/1013/784
f 884/1016/787 883/1015/786 881/1014/785
f 884/1016/787 886/1017/788 883/1015/786
f 884/1016/787 885/1018/789 886/1017/788
f 885/1018/789 878/1019/780 886/1017/788
f 878/1019/780 885/1018/789 887/1020/781
f 890/1021/790 888/1022/791 889/1023/792
f 889/1023/792 891/1024/793 890/1021/790
f 889/1023/792 892/1025/794 891/1024/793
f 893/1026/795 891/1024/793 892/1025/794
f 893/1026/795 892/1025/794 895/1027/796
f 894/1028/797 895/1027/796 892/1025/794
f 895/1027/796 894/1028/797 897/1029/798
f 896/1030/799 897/1029/798 894/1028/797
f 898/1031/800 897/1029/798 896/1030/799
f 898/1031/800 899/1032/801 897/1029/798
f 898/1031/800 900/1033/802 899/1032/801
f 901/1034/803 899/1032/801 900/1033/802
f 900/1033/802 902/1035/804 901/1034/803
f 903/1036/805 901/1034/803 902/1035/804
f 902/1035/804 904/1037/806 903/1036/805
f 904/1037/806 905/1038/807 903/1036/805
f 905/1038/807 904/1037/806 906/1039/808
f 907/1040/809 906/1039/808 904/1037/806
f 906/1039/808 907/1040/809 909/1041/810
f 908/1042/811 909/1041/810 907/1040/809
f 909/1041/810 908/1042/811 911/1043/812
f 910/1044/813 911/1043/812 908/1042/811
f 911/1043/812 910/1044/813 913/1045/814
f 913/1045/814 910/1044/813 912/1046/815
f 913/1045/814 912/1046/815 915/1047/816
f 915/1047/816 912/1046/815 914/1048/817
f 914/1048/817 916/1049/818 915/1047/816
f 917/1050/819 915/1047/816 916/1049/818
f 917/1050/819 916/1049/818 918/1051/820
f 919/1052/821 918/1051/820 916/1049/818
f 918/1051/820 919/1052/821 920/1053/822
f 921/1054/823 920/1053/822 919/1052/821
f 920/1053/822 921/1054/823 922/1055/824
f 922/1055/824 921/1054/823 923/1056/825
f 925/1057/826 922/1055/824 923/1056/825
f 923/1056/825 924/1058/827 925/1057/826
f 925/1057/826 924/1058/827 927/1059/828
f 926/1060/829 927/1059/828 924/1058/827
f 927/1059/828 926/1060/829 929/1061/830
f 928/1062/831 929/1061/830 926/1060/829
f 929/1061/830 928/1062/831 931/1063/832
f 930/1064/833 931/1063/832 928/1062/831
f 931/1063/832 930/1064/833 933/1065/834
f 932/1066/835 933/1065/834 930/1064/833
f 933/1065/834 932/1066/835 934/1067/836
f 934/1067/836 935/1068/837 933/1065/834
f 935/1068/837 934/1067/836 936/1069/838
f 936/1069/838 937/1070/839 935/1068/837
f 937/1070/839 936/1069/838 939/1071/840
f 938/1072/841 939/1071/840 936/1069/838
f 939/1071/840 938/1072/841 941/1073/842
f 940/1074/843 941/1073/842 938/1072/841
f 940/1074/843 943/1075/844 941/1073/842
f 943/1075/844 940/1074/843 942/1076/845
f 945/1077/846 944/1078/847 667/1079/572
f 670/1080/574 667/1079/572 944/1078/847
f 947/1081/579 946/1082/579 670/1083/577
f 673/1084/578 670/1083/577 946/1082/579
f 667/1085/572 664/1086/569 948/1087/573
f 949/1088/573 948/1087/573 664/1086/569
f 664/1089/569 661/1090/567 950/1091/848
f 951/1092/849 950/1091/848 661/1090/567
f 661/1093/567 651/1094/555 952/1095/568
f 953/1096/568 952/1095/568 651/1094/555
f 954/1097/850 651/1098/555 652/1099/558
f 954/1097/850 652/1099/558 955/1100/851
f 652/1101/558 655/1102/561 956/1103/559
f 957/1104/559 956/1103/559 655/1102/561
f 958/1105/852 655/1106/561 658/1107/564
f 958/1105/852 658/1107/564 959/1108/563
f 658/1109/564 601/1110/565 960/1111/566
f 961/1112/566 960/1111/566 601/1110/565
f 962/1113/853 601/1114/504 602/1115/507
f 962/1113/853 602/1115/507 963/1116/854
f 602/1117/509 605/1118/510 964/1119/508
f 965/1120/508 964/1119/508 605/1118/510
f 966/1121/511 605/1122/510 608/1123/513
f 966/1121/511 608/1123/513 967/1124/512
f 608/1125/516 611/1126/517 968/1127/515
f 969/1128/515 968/1127/515 611/1126/517
f 614/1129/520 970/1130/855 611/1131/517
f 970/1130/855 614/1129/520 971/1132/856
f 614/1133/520 972/1134/521 973/1135/521
f 614/1133/520 616/1136/522 972/1134/521
f 975/1137/523 616/1138/522 974/1139/857
f 619/1140/524 974/1139/857 616/1138/522
f 977/1141/858 979/1142/859 976/1143/860
f 979/1142/859 977/1141/858 978/1144/861
f 979/1142/859 978/1144/861 981/1145/862
f 980/1146/863 981/1145/862 978/1144/861
f 983/1147/864 981/1145/862 980/1146/863
f 983/1147/864 980/1146/863 982/1148/865
f 982/1148/865 984/1149/866 983/1147/864
f 985/1150/867 983/1147/864 984/1149/866
f 984/1149/866 986/1151/868 985/1150/867
f 987/1152/869 985/1150/867 986/1151/868
f 986/1151/868 988/1153/870 987/1152/869
f 989/1154/871 987/1152/869 988/1153/870
f 988/1153/870 990/1155/872 989/1154/871
f 992/1156/873 989/1154/871 990/1155/872
f 990/1155/872 991/1157/874 992/1156/873
f 991/1157/874 993/1158/875 992/1156/873
f 994/1159/876 992/1156/873 993/1158/875
f 994/1159/876 993/1158/875 996/1160/877
f 995/1161/878 996/1160/877 993/1158/875
f 996/1160/877 995/1161/878 998/1162/879
f 997/1163/880 998/1162/879 995/1161/878
f 998/1162/879 997/1163/880 1000/1164/881
f 999/1165/882 1000/1164/881 997/1163/880
f 1000/1164/881 999/1165/882 1002/1166/883
f 1001/1167/884 1002/1166/883 999/1165/882
f 1002/1166/883 1001/1167/884 1004/1168/885
f 1003/1169/886 1004/1168/885 1001/1167/884
f 1004/1168/885 1003/1169/886 1006/1170/887
f 1005/1171/888 1006/1170/887 1003/1169/886
f 1007/1172/889 1006/1170/887 1005/1171/888
f 1008/1173/890 1006/1170/887 1007/1172/889
f 1007/1172/889 1009/1174/891 1008/1173/890
f 1010/1175/892 1008/1173/890 1009/1174/891
f 1009/1174/891 1011/1176/893 1010/1175/892
f 1013/1177/894 1010/1175/892 1011/1176/893
f 1011/1176/893 1012/1178/895 1013/1177/894
f 1012/1178/895 1014/1179/896 1013/1177/894
f 1015/1180/897 1013/1177/894 1014/1179/896
f 1014/1179/896 1016/1181/898 1015/1180/897
f 1017/1182/899 1015/1180/897 1016/1181/898
f 1016/1181/898 1018/1183/900 1017/1182/899
f 1019/1184/901 1017/1182/899 1018/1183/900
f 1018/1183/900 1020/1185/902 1019/1184/901
f 1021/1186/903 1019/1184/901 1020/1185/902
f 1023/1187/904 1022/1188/905 690/1189/589
f 692/1190/590 690/1189/589 1022/1188/905
f 1024/1191/906 1025/1192/907 692/1193/908
f 696/1194/909 692/1193/908 1025/1192/907
f 1027/1195/910 1026/1196/911 690/1197/912
f 690/1197/912 689/1198/913 1027/1195/910
f 689/1198/913 686/1199/914 1027/1195/910
f 1028/1200/915 1027/1195/910 686/1199/914
f 686/1201/588 685/1202/587 1029/1203/916
f 685/1202/587 1030/1204/917 1029/1203/916
f 685/1202/587 683/1205/918 1030/1204/917
f 681/1206/585 1031/1207/919 683/1208/583
f 1031/1207/919 681/1206/585 1032/1209/920
f 1032/1209/920 681/1206/585 1033/1210/921
f 680/1211/922 1033/1210/921 681/1206/585
f 1033/1210/921 680/1211/922 1034/1212/923
f 679/1213/924 1034/1212/923 680/1211/922
f 1034/1212/923 679/1213/924 1035/1214/925
f 678/1215/926 1035/1214/925 679/1213/924
f 1035/1214/925 678/1215/926 1036/1216/927
f 676/1217/581 1036/1216/927 678/1215/926
f 676/1217/581 673/1218/580 1036/1216/927
f 1037/1219/928 1036/1216/927 673/1218/580
f 1040/1220/929 1038/1221/929 1039/1222/930
f 1039/1222/930 1041/1223/931 1040/1220/929
f 1039/1222/930 1042/1224/932 1041/1223/931
f 1043/1225/933 1041/1223/931 1042/1224/932
f 1043/1225/933 1042/1224/932 1045/1226/934
f 1044/1227/935 1045/1226/934 1042/1224/932
f 1045/1226/934 1044/1227/935 1047/1228/936
f 1046/1229/937 1047/1228/936 1044/1227/935
f 1046/1229/937 1048/1230/938 1047/1228/936
f 1049/1231/939 1047/1228/936 1048/1230/938
f 1048/1230/938 1050/1232/940 1049/1231/939
f 1051/1233/941 1049/1231/939 1050/1232/940
f 1050/1232/940 1052/1234/942 1051/1233/941
f 1053/1235/943 1051/1233/941 1052/1234/942
f 1052/1234/942 1054/1236/944 1053/1235/943
f 1054/1236/944 1055/1237/945 1053/1235/943
f 1055/1237/945 1054/1236/944 1056/1238/946
f 1057/1239/947 1056/1238/946 1054/1236/944
f 1056/1238/946 1057/1239/947 1059/1240/948
f 1058/1241/949 1059/1240/948 1057/1239/947
f 1059/1240/948 1058/1241/949 1061/1242/950
f 1060/1243/951 1061/1242/950 1058/1241/949
f 1061/1242/950 1060/1243/951 1063/1244/952
f 1063/1244/952 1060/1243/951 1062/1245/953
f 1063/1244/952 1062/1245/953 1065/1246/954
f 1065/1246/954 1062/1245/953 1064/1247/955
f 1064/1247/955 1066/1248/956 1065/1246/954
f 1067/1249/957 1065/1246/954 1066/1248/956
f 1066/1248/956 1068/1250/958 1067/1249/957
f 1069/1251/959 1067/1249/957 1068/1250/958
f 1070/1252/960 1069/1251/959 1068/1250/958
f 1072/1253/961 1069/1251/959 1070/1252/960
f 1072/1253/961 1070/1252/960 1071/1254/962
f 1074/1255/963 1072/1253/961 1071/1254/962
f 1074/1255/963 1071/1254/962 1073/1256/964
f 1075/1257/965 1074/1255/963 1073/1256/964
f 1075/1257/965 1073/1256/964 1076/1258/966
f 1077/1259/967 1075/1257/965 1076/1258/966
f 1077/1259/967 1076/1258/966 1079/1260/968
f 1078/1261/969 1079/1260/968 1076/1258/966
f 1079/1260/968 1078/1261/969 1081/1262/970
f 1080/1263/971 1081/1262/970 1078/1261/969
f 1081/1262/970 1080/1263/971 1083/1264/972
f 1082/1265/973 1083/1264/972 1080/1263/971
f 1082/1265/973 1084/1266/974 1083/1264/972
f 1085/1267/975 1083/1264/972 1084/1266/974
f 1084/1266/974 1086/1268/976 1085/1267/975
f 1087/1269/977 1085/1267/975 1086/1268/976
f 1086/1268/976 1088/1270/978 1087/1269/977
f 1089/1271/979 1087/1269/977 1088/1270/978
f 1089/1271/979 1088/1270/978 1091/1272/980
f 1090/1273/981 1091/1272/980 1088/1270/978
f 1091/1272/980 1090/1273/981 1093/1274/982
f 1092/1275/983 1093/1274/982 1090/1273/981
f 1095/1276/984 1094/1277/984 1097/1278/985
f 1096/1279/985 1097/1278/985 1094/1277/984
f 1097/1278/985 1096/1279/985 1099/1280/985
f 1098/1281/985 1099/1280/985 1096/1279/985
f 1099/1280/985 1098/1281/985 1101/1282/985
f 1100/1283/985 1101/1282/985 1098/1281/985
f 1100/1283/985 1102/1284/985 1101/1282/985
f 1103/1285/985 1101/1282/985 1102/1284/985
f 1102/1284/985 1104/1286/985 1103/1285/985
f 1105/1287/985 1103/1285/985 1104/1286/985
f 1105/1287/985 1104/1286/985 1107/1288/985
f 1106/1289/985 1107/1288/985 1104/1286/985
f 1107/1288/985 1106/1289/985 1109/1290/985
f 1108/1291/985 1109/1290/985 1106/1289/985
f 1109/1290/985 1108/1291/985 1111/1292/985
f 1110/1293/986 1111/1292/985 1108/1291/985
f 1111/1292/985 1110/1293/986 1113/1294/986
f 1112/1295/986 1113/1294/986 1110/1293/986
f 1112/1295/986 1114/1296/985 1113/1294/986
f 1115/1297/985 1113/1294/986 1114/1296/985
f 1114/1296/985 1116/1298/984 1115/1297/985
f 1117/1299/987 1115/1297/985 1116/1298/984
f 1116/1298/984 1118/1300/985 1117/1299/987
f 1119/1301/987 1117/1299/987 1118/1300/985
f 1118/1300/985 1120/1302/985 1119/1301/987
f 1121/1303/987 1119/1301/987 1120/1302/985
f 1120/1302/985 1122/1304/985 1121/1303/987
f 1123/1305/985 1121/1303/987 1122/1304/985
f 1122/1304/985 1125/1306/984 1123/1305/985
f 1125/1306/984 1122/1304/985 1124/1307/985
f 1124/1307/985 1127/1308/985 1125/1306/984
f 1127/1308/985 1124/1307/985 1126/1309/985
f 1126/1309/985 1128/1310/984 1127/1308/985
f 1129/1311/984 1127/1308/985 1128/1310/984
f 1128/1310/984 1131/1312/984 1129/1311/984
f 1128/1310/984 1130/1313/985 1131/1312/984
f 1130/1313/985 1132/1314/984 1131/1312/984
f 1133/1315/984 1132/1314/984 1130/1313/985
f 1133/1315/984 1134/1316/988 1132/1314/984
f 1135/1317/985 1132/1314/984 1134/1316/988
f 1134/1316/988 1136/1318/988 1135/1317/985
f 1137/1319/985 1135/1317/985 1136/1318/988
f 1136/1318/988 1138/1320/988 1137/1319/985
f 1139/1321/985 1137/1319/985 1138/1320/988
f 1138/1320/988 1140/1322/984 1139/1321/985
f 1141/1323/984 1139/1321/985 1140/1322/984
f 1141/1323/984 1140/1322/984 1143/1324/988
f 1142/1325/984 1143/1324/988 1140/1322/984
f 1143/1324/988 1142/1325/984 1145/1326/988
f 1144/1327/984 1145/1326/988 1142/1325/984
f 1145/1326/988 1144/1327/984 1147/1328/988
f 1146/1329/988 1147/1328/988 1144/1327/984
f 1146/1329/988 1148/1330/988 1147/1328/988
f 1149/1331/984 1147/1328/988 1148/1330/988
f 1148/1330/988 1150/1332/989 1149/1331/984
f 1151/1333/990 1149/1331/984 1150/1332/989
f 1152/1334/991 1657/1335/992 1154/1336/993
f 1153/1337/994 1154/1336/993 1657/1335/992
f 1157/1338/995 1155/1339/996 1156/1340/997
f 1156/1340/997 1155/1339/996 1158/1341/998
f 1665/1342/999 1159/1343/1000 1663/1344/1001
f 1160/1345/1002 1159/1343/1000 1665/1342/999
f 1164/1346/1003 1161/1347/1004 1162/1348/1005
f 1163/1349/1006 1164/1346/1003 1162/1348/1005
f 1167/1350/1007 1164/1346/1003 1163/1349/1006
f 1163/1349/1006 1165/1351/1008 1167/1350/1007
f 1165/1351/1008 1166/1352/1009 1167/1350/1007
f 1167/1350/1007 1166/1352/1009 1168/1353/1010
f 1169/1354/1011 1168/1353/1010 1166/1352/1009
f 1168/1353/1010 1169/1354/1011 1171/1355/1012
f 1170/1356/1013 1171/1355/1012 1169/1354/1011
f 1171/1355/1012 1170/1356/1013 1172/1357/1014
f 1174/1358/1015 1173/1359/1016 1176/1360/1017
f 1175/1361/1018 1176/1360/1017 1173/1359/1016
f 1178/1362/1019 1176/1360/1017 1175/1361/1018
f 1175/1361/1018 1177/1363/1020 1178/1362/1019
f 1180/1364/1021 1178/1362/1019 1177/1363/1020
f 1177/1363/1020 1179/1365/1022 1180/1364/1021
f 1180/1364/1021 1179/1365/1022 1182/1366/1023
f 1181/1367/1024 1182/1366/1023 1179/1365/1022
f 1182/1366/1023 1181/1367/1024 1183/1368/1025
f 1183/1368/1025 1181/1367/1024 1184/1369/1026
f 1183/1368/1025 1184/1369/1026 1185/1370/1027
f 1188/1371/1028 1186/1372/1029 1187/1373/1030
f 1189/1374/1031 1187/1373/1030 1186/1372/1029
f 1189/1374/1031 1186/1372/1029 1190/1375/1032
f 1191/1376/1033 1190/1375/1032 1186/1372/1029
f 1192/1377/1034 1190/1375/1032 1191/1376/1033
f 1195/1378/1035 1193/1379/1036 1194/1380/1037
f 1196/1381/1038 1195/1378/1035 1194/1380/1037
f 1196/1381/1038 1197/1382/1039 1195/1378/1035
f 1198/1383/1040 1195/1378/1035 1197/1382/1039
f 1201/1384/1041 1199/1385/1042 1198/1383/1040
f 1197/1382/1039 1201/1384/1041 1198/1383/1040
f 1200/1386/1043 1201/1384/1041 1197/1382/1039
f 1206/1387/1044 1202/1388/1045 1203/1389/1046
f 1206/1387/1044 1203/1389/1046 1245/1390/1047
f 1204/1391/1048 1245/1390/1047 1203/1389/1046
f 1205/1392/1049 1206/1387/1044 1245/1390/1047
f 1206/1387/1044 1209/1393/1050 1207/1394/1051
f 1209/1393/1050 1206/1387/1044 1205/1392/1049
f 1209/1393/1050 1205/1392/1049 1208/1395/1052
f 1209/1393/1050 1208/1395/1052 1211/1396/1053
f 1211/1396/1053 1208/1395/1052 1210/1397/1054
f 1214/1398/1055 1211/1396/1053 1210/1397/1054
f 1213/1399/1056 1214/1398/1055 1210/1397/1054
f 1215/1400/1057 1214/1398/1055 1213/1399/1056
f 1214/1398/1055 1215/1400/1057 1216/1401/1058
f 1217/1402/1059 1216/1401/1058 1215/1400/1057
f 1218/1403/1060 1216/1401/1058 1217/1402/1059
f 1216/1401/1058 1218/1403/1060 1220/1404/1061
f 1218/1403/1060 1219/1405/1062 1220/1404/1061
f 1221/1406/1063 1220/1404/1061 1219/1405/1062
f 1220/1404/1061 1221/1406/1063 1222/1407/1064
f 1222/1407/1064 1221/1406/1063 1224/1408/1065
f 1223/1409/1066 1224/1408/1065 1221/1406/1063
f 1226/1410/1067 1224/1408/1065 1223/1409/1066
f 1223/1409/1066 1221/1406/1063 1225/1411/1068
f 1226/1410/1067 1223/1409/1066 1227/1412/1069
f 1227/1412/1069 1228/1413/1070 1226/1410/1067
f 1228/1413/1070 1227/1412/1069 1229/1414/1071
f 1229/1414/1071 1230/1415/1072 1228/1413/1070
f 1547/1416/1073 1230/1415/1072 1229/1414/1071
f 1231/1417/1074 1229/1414/1071 1227/1412/1069
f 1230/1415/1072 1547/1416/1073 1546/1418/1075
f 1548/1419/1076 1231/1417/1074 1227/1412/1069
f 1223/1409/1066 1225/1411/1068 1227/1412/1069
f 1227/1412/1069 1225/1411/1068 1232/1420/1077
f 1232/1420/1077 1548/1419/1076 1227/1412/1069
f 1225/1411/1068 1233/1421/1078 1232/1420/1077
f 1279/1422/1079 1232/1420/1077 1233/1421/1078
f 1234/1423/1080 1233/1421/1078 1225/1411/1068
f 1233/1421/1078 1234/1423/1080 1236/1424/1081
f 1221/1406/1063 1234/1423/1080 1225/1411/1068
f 1221/1406/1063 1235/1425/1082 1234/1423/1080
f 1235/1425/1082 1236/1424/1081 1234/1423/1080
f 1236/1424/1081 1235/1425/1082 1237/1426/1083
f 1235/1425/1082 1221/1406/1063 1219/1405/1062
f 1238/1427/1084 1237/1426/1083 1235/1425/1082
f 1219/1405/1062 1238/1427/1084 1235/1425/1082
f 1238/1427/1084 1219/1405/1062 1218/1403/1060
f 1237/1426/1083 1238/1427/1084 1239/1428/1085
f 1239/1428/1085 1238/1427/1084 1217/1402/1059
f 1239/1428/1085 1217/1402/1059 1240/1429/1086
f 1238/1427/1084 1218/1403/1060 1217/1402/1059
f 1240/1429/1086 1217/1402/1059 1241/1430/1087
f 1241/1430/1087 1217/1402/1059 1215/1400/1057
f 1241/1430/1087 1244/1431/1088 1240/1429/1086
f 1241/1430/1087 1215/1400/1057 1242/1432/1089
f 1213/1399/1056 1242/1432/1089 1215/1400/1057
f 1241/1430/1087 1243/1433/1090 1244/1431/1088
f 1242/1432/1089 1243/1433/1090 1241/1430/1087
f 1242/1432/1089 1213/1399/1056 1210/1397/1054
f 1210/1397/1054 1212/1434/1091 1242/1432/1089
f 1242/1432/1089 1212/1434/1091 1243/1433/1090
f 1212/1434/1091 1210/1397/1054 1208/1395/1052
f 1243/1433/1090 1212/1434/1091 1244/1431/1088
f 1244/1431/1088 1212/1434/1091 1204/1391/1048
f 1212/1434/1091 1208/1395/1052 1245/1390/1047
f 1212/1434/1091 1245/1390/1047 1204/1391/1048
f 1205/1392/1049 1245/1390/1047 1208/1395/1052
f 1246/1435/1092 1253/1436/1093 1247/1437/1094
f 1248/1438/1095 1247/1437/1094 1253/1436/1093
f 1248/1438/1095 1253/1436/1093 1249/1439/1096
f 1249/1439/1096 1250/1440/1097 1248/1438/1095
f 1251/1441/1098 1253/1436/1093 1246/1435/1092
f 1250/1440/1097 1249/1439/1096 1254/1442/1099
f 1252/1443/1100 1254/1442/1099 1249/1439/1096
f 1252/1443/1100 1249/1439/1096 1253/1436/1093
f 1253/1436/1093 1251/1441/1098 1258/1444/1101
f 1258/1444/1101 1252/1443/1100 1253/1436/1093
f 1255/1445/1102 1258/1444/1101 1251/1441/1098
f 1254/1442/1099 1252/1443/1100 1257/1446/1103
f 1256/1447/1104 1257/1446/1103 1252/1443/1100
f 1252/1443/1100 1258/1444/1101 1256/1447/1104
f 1257/1446/1103 1256/1447/1104 1261/1448/1105
f 1255/1445/1102 1262/1449/1106 1258/1444/1101
f 1262/1449/1106 1256/1447/1104 1258/1444/1101
f 1259/1450/1107 1262/1449/1106 1255/1445/1102
f 1260/1451/1108 1261/1448/1105 1256/1447/1104
f 1260/1451/1108 1256/1447/1104 1262/1449/1106
f 1260/1451/1108 1264/1452/1109 1261/1448/1105
f 1259/1450/1107 1266/1453/1110 1262/1449/1106
f 1262/1449/1106 1266/1453/1110 1260/1451/1108
f 1263/1454/1111 1264/1452/1109 1260/1451/1108
f 1266/1453/1110 1263/1454/1111 1260/1451/1108
f 1266/1453/1110 1259/1450/1107 1265/1455/1112
f 1268/1456/1113 1264/1452/1109 1263/1454/1111
f 1267/1457/1114 1268/1456/1113 1263/1454/1111
f 1266/1453/1110 1267/1457/1114 1263/1454/1111
f 1265/1455/1112 1270/1458/1115 1266/1453/1110
f 1267/1457/1114 1266/1453/1110 1270/1458/1115
f 1270/1458/1115 1265/1455/1112 1269/1459/1116
f 1272/1460/1117 1268/1456/1113 1267/1457/1114
f 1271/1461/1118 1272/1460/1117 1267/1457/1114
f 1267/1457/1114 1270/1458/1115 1271/1461/1118
f 1270/1458/1115 1269/1459/1116 1273/1462/1119
f 1273/1462/1119 1271/1461/1118 1270/1458/1115
f 1272/1460/1117 1271/1461/1118 1275/1463/1120
f 1274/1464/1121 1273/1462/1119 1269/1459/1116
f 1273/1462/1119 1274/1464/1121 1276/1465/1122
f 1275/1463/1120 1271/1461/1118 1230/1466/1072
f 1271/1461/1118 1277/1467/1123 1230/1466/1072
f 1278/1468/1124 1271/1461/1118 1273/1462/1119
f 1278/1468/1124 1273/1462/1119 1276/1465/1122
f 1277/1467/1123 1271/1461/1118 1278/1468/1124
f 1278/1468/1124 1276/1465/1122 1279/1469/1079
f 1228/1470/1070 1230/1466/1072 1277/1467/1123
f 1277/1467/1123 1280/1471/1125 1228/1470/1070
f 1280/1471/1125 1277/1467/1123 1281/1472/1126
f 1282/1473/1127 1281/1472/1126 1277/1467/1123
f 1282/1473/1127 1277/1467/1123 1278/1468/1124
f 1279/1469/1079 1282/1473/1127 1278/1468/1124
f 1279/1469/1079 1285/1474/1128 1282/1473/1127
f 1233/1475/1078 1285/1474/1128 1279/1469/1079
f 1285/1474/1128 1283/1476/1129 1282/1473/1127
f 1283/1476/1129 1226/1477/1067 1280/1471/1130
f 1283/1476/1129 1284/1478/1131 1226/1477/1067
f 1283/1476/1129 1285/1474/1128 1284/1478/1131
f 1284/1478/1131 1224/1479/1065 1226/1477/1067
f 1233/1475/1078 1236/1480/1081 1285/1474/1128
f 1222/1481/1064 1224/1479/1065 1284/1478/1131
f 1236/1480/1081 1286/1482/1132 1285/1474/1128
f 1285/1474/1128 1286/1482/1132 1284/1478/1131
f 1287/1483/1133 1222/1481/1064 1284/1478/1131
f 1284/1478/1131 1286/1482/1132 1287/1483/1133
f 1286/1482/1132 1236/1480/1081 1237/1484/1083
f 1220/1485/1061 1222/1481/1064 1287/1483/1133
f 1237/1484/1083 1289/1486/1134 1286/1482/1132
f 1286/1482/1132 1289/1486/1134 1287/1483/1133
f 1287/1483/1133 1289/1486/1134 1288/1487/1135
f 1288/1487/1135 1220/1485/1061 1287/1483/1133
f 1289/1486/1134 1237/1484/1083 1239/1488/1085
f 1290/1489/1136 1220/1485/1061 1288/1487/1135
f 1290/1489/1136 1288/1487/1135 1289/1486/1134
f 1290/1489/1136 1216/1490/1058 1220/1485/1061
f 1239/1488/1085 1291/1491/1137 1289/1486/1134
f 1290/1489/1136 1289/1486/1134 1291/1491/1137
f 1291/1491/1137 1239/1488/1085 1240/1492/1086
f 1216/1490/1058 1290/1489/1136 1214/1493/1055
f 1291/1491/1137 1240/1492/1086 1293/1494/1138
f 1290/1489/1136 1291/1491/1137 1293/1494/1138
f 1244/1495/1088 1293/1494/1138 1240/1492/1086
f 1292/1496/1139 1214/1493/1055 1290/1489/1136
f 1292/1496/1139 1290/1489/1136 1293/1494/1138
f 1295/1497/1140 1293/1494/1138 1244/1495/1088
f 1295/1497/1140 1292/1496/1139 1293/1494/1138
f 1294/1498/1141 1214/1493/1055 1292/1496/1139
f 1294/1498/1141 1292/1496/1139 1295/1497/1140
f 1211/1499/1053 1214/1493/1055 1294/1498/1141
f 1295/1497/1140 1244/1495/1088 1204/1500/1048
f 1296/1501/1142 1211/1499/1053 1294/1498/1141
f 1295/1497/1140 1296/1501/1142 1294/1498/1141
f 1295/1497/1140 1297/1502/1143 1296/1501/1142
f 1297/1502/1143 1295/1497/1140 1204/1500/1048
f 1209/1503/1050 1211/1499/1053 1296/1501/1142
f 1298/1504/1144 1209/1503/1050 1296/1501/1142
f 1296/1501/1142 1297/1502/1143 1298/1504/1144
f 1297/1502/1143 1204/1500/1048 1203/1505/1046
f 1298/1504/1144 1297/1502/1143 1299/1506/1145
f 1203/1505/1046 1299/1506/1145 1297/1502/1143
f 1207/1507/1051 1209/1503/1050 1298/1504/1144
f 1300/1438/1146 1207/1507/1051 1298/1504/1144
f 1298/1504/1144 1299/1506/1145 1300/1438/1146
f 1202/1508/1045 1299/1506/1145 1203/1505/1046
f 1301/1509/1147 1302/1510/1148 1304/1511/1149
f 1305/1512/1150 1304/1511/1149 1302/1510/1148
f 1305/1512/1150 1306/1513/1151 1304/1511/1149
f 1306/1513/1151 1307/1514/1152 1304/1511/1149
f 1307/1514/1152 1305/1512/1150 1302/1510/1148
f 1310/1515/1153 1304/1511/1149 1307/1514/1152
f 1307/1514/1152 1308/1516/1154 1310/1515/1153
f 1308/1516/1154 1309/1517/1155 1310/1515/1153
f 1311/1518/1156 1310/1515/1153 1309/1517/1155
f 1310/1515/1153 1311/1518/1156 1312/1519/1157
f 1308/1516/1154 1312/1519/1157 1311/1518/1156
f 1310/1515/1153 1312/1519/1157 1313/1520/1158
f 1315/1521/1159 1314/1522/1160 1312/1519/1157
f 1308/1516/1154 1315/1521/1159 1312/1519/1157
f 1315/1521/1159 1308/1516/1154 1317/1523/1161
f 1316/1524/1162 1315/1521/1159 1317/1523/1161
f 1307/1514/1152 1317/1523/1161 1308/1516/1154
f 1318/1525/1163 1317/1523/1161 1319/1526/1164
f 1318/1525/1163 1319/1526/1164 1316/1524/1162
f 1319/1526/1164 1315/1521/1159 1316/1524/1162
f 1320/1527/1165 1315/1521/1159 1319/1526/1164
f 1320/1527/1165 1319/1526/1164 1313/1528/1158
f 1313/1528/1158 1319/1526/1164 1310/1529/1153
f 1304/1530/1149 1310/1529/1153 1319/1526/1164
f 1321/1531/1166 1319/1526/1164 1317/1523/1161
f 1304/1530/1149 1319/1526/1164 1321/1531/1166
f 1321/1531/1166 1325/1532/1167 1304/1530/1149
f 1325/1532/1167 1321/1531/1166 1317/1523/1161
f 1322/1533/1168 1325/1532/1167 1317/1523/1161
f 1322/1533/1168 1317/1523/1161 1307/1514/1152
f 1302/1510/1148 1322/1533/1168 1307/1514/1152
f 1323/1534/1169 1325/1532/1167 1322/1533/1168
f 1324/1535/1170 1325/1532/1167 1323/1534/1169
f 1303/1536/1171 1322/1533/1168 1302/1510/1148
f 1322/1533/1168 1303/1536/1171 1324/1535/1170
f 1324/1535/1170 1303/1536/1171 1325/1532/1167
f 1301/1537/1147 1304/1530/1149 1325/1532/1167
f 1325/1532/1167 1303/1536/1171 1443/1538/1172
f 1325/1532/1167 1326/1539/1173 1301/1537/1147
f 1326/1539/1173 1325/1532/1167 1443/1538/1172
f 1327/1540/1174 1328/1541/1175 1329/1542/1176
f 1330/1543/1177 1329/1542/1176 1328/1541/1175
f 1328/1541/1175 1331/1544/1178 1330/1543/1177
f 1331/1544/1178 1328/1541/1175 1332/1545/1179
f 1333/1546/1180 1329/1542/1176 1330/1543/1177
f 1334/1547/1181 1329/1542/1176 1333/1546/1180
f 1334/1547/1181 1335/1548/1182 1329/1542/1176
f 1334/1547/1181 1336/1549/1183 1335/1548/1182
f 1337/1550/1184 1335/1548/1182 1336/1549/1183
f 1348/1551/1185 1337/1550/1184 1336/1549/1183
f 1334/1547/1181 1330/1543/1177 1336/1549/1183
f 1336/1549/1183 1330/1543/1177 1338/1552/1186
f 1338/1552/1186 1343/1553/1187 1336/1549/1183
f 1338/1552/1186 1330/1543/1177 1331/1544/1178
f 1339/1554/1188 1331/1544/1178 1341/1555/1189
f 1338/1552/1186 1339/1554/1188 1341/1555/1189
f 1331/1544/1178 1332/1545/1179 1341/1555/1189
f 1340/1556/1190 1341/1555/1189 1332/1545/1179
f 1340/1556/1190 1327/1557/1174 1341/1555/1189
f 1329/1558/1176 1341/1555/1189 1327/1557/1174
f 1329/1558/1176 1335/1559/1182 1341/1555/1189
f 1342/1560/1191 1341/1555/1189 1335/1559/1182
f 1343/1553/1187 1338/1552/1186 1341/1555/1189
f 1343/1553/1187 1341/1555/1189 1342/1560/1191
f 1337/1561/1184 1342/1560/1191 1335/1559/1182
f 1342/1560/1191 1337/1561/1184 1345/1562/1192
f 1342/1560/1191 1345/1562/1192 1343/1553/1187
f 1345/1562/1192 1337/1561/1184 1344/1563/1193
f 1417/1564/1194 1344/1563/1193 1337/1561/1184
f 1346/1565/1195 1343/1553/1187 1345/1562/1192
f 1347/1566/1196 1346/1565/1195 1345/1562/1192
f 1348/1551/1185 1336/1549/1183 1343/1553/1187
f 1348/1551/1185 1343/1553/1187 1350/1567/1197
f 1343/1553/1187 1347/1566/1198 1350/1567/1197
f 1349/1568/1199 1337/1550/1184 1348/1551/1185
f 1350/1567/1200 1337/1550/1184 1349/1568/1199
f 1337/1550/1184 1350/1567/1200 1417/1569/1194
f 1350/1567/1197 1352/1570/1201 1351/1571/1202
f 1352/1570/1201 1350/1567/1197 1347/1566/1198
f 1344/1563/1193 1347/1566/1196 1345/1562/1192
f 1354/1572/1203 1353/1573/1204 1359/1574/1205
f 1353/1573/1204 1356/1575/1206 1359/1574/1205
f 1355/1576/1207 1356/1575/1206 1353/1573/1204
f 1357/1577/1208 1356/1575/1206 1355/1576/1207
f 1358/1578/1209 1357/1577/1208 1355/1576/1207
f 1359/1574/1205 1356/1575/1206 1360/1579/1210
f 1360/1579/1210 1361/1580/1211 1359/1574/1205
f 1353/1581/1204 1354/1582/1203 1362/1583/1212
f 1364/1584/1213 1353/1581/1204 1362/1583/1212
f 1355/1585/1207 1353/1581/1204 1364/1584/1213
f 1361/1580/1211 1364/1584/1213 1362/1583/1212
f 1361/1580/1211 1360/1579/1210 1364/1584/1213
f 1360/1579/1210 1363/1586/1214 1364/1584/1213
f 1366/1587/1215 1364/1584/1213 1363/1586/1214
f 1364/1584/1213 1366/1587/1215 1365/1588/1216
f 1364/1584/1213 1365/1588/1216 1355/1585/1207
f 1355/1585/1207 1365/1588/1216 1376/1589/1217
f 1360/1579/1210 1358/1590/1218 1366/1591/1219
f 1358/1590/1218 1360/1579/1210 1356/1575/1206
f 1366/1587/1215 1367/1592/1220 1365/1588/1216
f 1368/1593/1221 1365/1588/1216 1367/1592/1220
f 1368/1594/1222 1366/1591/1219 1369/1595/1223
f 1369/1595/1223 1366/1591/1219 1358/1590/1218
f 1365/1588/1216 1368/1593/1221 1371/1596/1224
f 1368/1593/1221 1372/1597/1225 1371/1596/1224
f 1372/1597/1225 1370/1598/1226 1371/1596/1224
f 1376/1589/1217 1365/1588/1216 1371/1596/1224
f 1376/1589/1217 1371/1596/1224 1375/1599/1227
f 1371/1596/1224 1370/1598/1226 1373/1600/1228
f 1370/1598/1226 1460/1601/1229 1373/1600/1228
f 1460/1601/1229 1370/1598/1226 1374/1602/1230
f 1374/1602/1230 1370/1598/1226 1369/1595/1223
f 1370/1598/1226 1368/1594/1222 1369/1595/1223
f 1374/1602/1230 1375/1603/1227 1460/1601/1229
f 1376/1604/1217 1375/1603/1227 1374/1602/1230
f 1377/1605/1231 1376/1604/1217 1374/1602/1230
f 1369/1606/1232 1376/1604/1217 1377/1605/1231
f 1378/1607/1233 1376/1604/1217 1369/1606/1232
f 1358/1578/1209 1376/1604/1217 1378/1607/1233
f 1376/1604/1217 1358/1578/1209 1355/1576/1207
f 1382/1608/1234 1379/1609/1235 1380/1610/1236
f 1379/1609/1235 1382/1608/1234 1381/1611/1237
f 1382/1608/1234 1380/1610/1236 1383/1612/1238
f 1382/1608/1234 1384/1613/1239 1381/1611/1237
f 1384/1613/1239 1385/1614/1240 1381/1611/1237
f 1385/1614/1240 1386/1615/1241 1381/1611/1237
f 1386/1615/1241 1387/1616/1242 1381/1611/1237
f 1385/1614/1243 1382/1608/1234 1387/1616/1242
f 1387/1616/1242 1389/1617/1244 1381/1611/1237
f 1388/1618/1245 1381/1611/1237 1389/1617/1244
f 1387/1616/1242 1391/1619/1246 1389/1617/1244
f 1391/1619/1246 1387/1616/1242 1390/1620/1247
f 1392/1621/1248 1388/1618/1245 1389/1617/1244
f 1393/1622/1249 1388/1618/1245 1392/1621/1248
f 1393/1622/1249 1395/1623/1250 1388/1618/1245
f 1395/1623/1250 1394/1624/1251 1388/1618/1245
f 1394/1624/1251 1395/1623/1250 1396/1625/1252
f 1395/1623/1250 1393/1622/1249 1397/1626/1253
f 1397/1626/1253 1393/1622/1249 1398/1627/1254
f 1389/1617/1244 1398/1627/1254 1393/1622/1249
f 1391/1619/1246 1398/1627/1254 1389/1617/1244
f 1398/1627/1254 1400/1628/1255 1399/1629/1256
f 1391/1619/1246 1399/1629/1256 1400/1628/1255
f 1401/1630/1257 1397/1626/1253 1398/1627/1254
f 1399/1629/1256 1401/1630/1257 1398/1627/1254
f 1402/1631/1258 1397/1626/1253 1401/1630/1257
f 1399/1629/1256 1394/1632/1251 1401/1630/1257
f 1394/1632/1251 1399/1629/1256 1388/1633/1245
f 1394/1632/1251 1396/1634/1252 1401/1630/1257
f 1402/1631/1258 1401/1630/1257 1396/1634/1252
f 1388/1633/1245 1399/1629/1256 1381/1635/1237
f 1399/1629/1256 1407/1636/1259 1381/1635/1237
f 1407/1636/1259 1399/1629/1256 1391/1619/1246
f 1391/1619/1246 1390/1620/1247 1407/1636/1259
f 1403/1637/1260 1407/1636/1259 1390/1620/1247
f 1404/1638/1261 1407/1636/1259 1403/1637/1260
f 1382/1608/1234 1390/1620/1247 1387/1616/1242
f 1390/1620/1247 1382/1608/1234 1406/1639/1262
f 1404/1638/1263 1390/1620/1247 1406/1639/1262
f 1404/1638/1261 1405/1640/1264 1407/1636/1259
f 1405/1640/1264 1406/1639/1262 1407/1636/1259
f 1383/1612/1238 1406/1639/1262 1382/1608/1234
f 1381/1635/1237 1407/1636/1259 1408/1641/1265
f 1379/1642/1235 1381/1635/1237 1408/1641/1265
f 1407/1636/1259 1406/1639/1262 1408/1641/1265
f 1383/1612/1238 1408/1641/1265 1406/1639/1262
f 1422/1643/1266 1423/1644/1267 1409/1645/1268
f 1421/1646/1269 1409/1645/1268 1415/1647/1270
f 1415/1647/1270 1410/1648/1271 1421/1646/1269
f 1421/1646/1269 1410/1648/1271 1412/1649/1272
f 1411/1650/1273 1412/1649/1272 1410/1648/1271
f 1347/1651/1274 1421/1646/1269 1412/1649/1272
f 1421/1646/1269 1347/1651/1274 1419/1652/1275
f 1414/1653/1276 1412/1649/1272 1411/1650/1273
f 1414/1653/1276 1411/1650/1273 1413/1654/1277
f 1413/1654/1277 1415/1655/1270 1414/1653/1276
f 1415/1655/1270 1409/1656/1268 1414/1653/1276
f 1414/1653/1276 1409/1656/1268 1416/1657/1278
f 1417/1658/1279 1416/1657/1278 1409/1656/1268
f 1423/1659/1267 1417/1658/1279 1409/1656/1268
f 1417/1658/1279 1423/1659/1267 1418/1660/1280
f 1418/1660/1280 1419/1652/1275 1417/1658/1279
f 1418/1660/1280 1420/1661/1281 1419/1652/1275
f 1421/1646/1269 1419/1652/1275 1420/1661/1281
f 1409/1645/1268 1421/1646/1269 1424/1662/1282
f 1424/1662/1282 1421/1646/1269 1420/1661/1281
f 1424/1662/1282 1422/1643/1266 1409/1645/1268
f 1423/1644/1267 1422/1643/1266 1427/1663/1283
f 1427/1663/1283 1422/1643/1266 1425/1664/1284
f 1422/1643/1266 1426/1665/1285 1425/1664/1284
f 1426/1665/1285 1422/1643/1266 1424/1662/1282
f 1427/1663/1283 1425/1664/1284 1428/1666/1286
f 1425/1664/1284 1429/1667/1287 1428/1666/1286
f 1425/1664/1284 1426/1665/1285 1429/1667/1287
f 1428/1666/1286 1429/1667/1287 1430/1668/1288
f 1430/1668/1288 1429/1667/1287 1431/1669/1289
f 1431/1669/1289 1429/1667/1287 1433/1670/1290
f 1431/1669/1289 1433/1670/1290 1432/1671/1291
f 1433/1670/1290 1434/1672/1292 1432/1671/1291
f 1452/1673/1293 1434/1672/1292 1435/1674/1294
f 1435/1674/1294 1436/1675/1295 1452/1673/1293
f 1448/1676/1296 1436/1675/1295 1437/1677/1297
f 1437/1677/1297 1439/1678/1298 1448/1676/1296
f 1437/1677/1297 1694/1679/1299 1438/1680/1300
f 1436/1675/1295 1694/1679/1299 1437/1677/1297
f 1437/1677/1297 1438/1680/1300 1442/1681/1301
f 1442/1681/1301 1439/1678/1298 1437/1677/1297
f 1442/1681/1301 1440/1682/1302 1439/1678/1298
f 1440/1682/1302 1442/1681/1301 1441/1683/1303
f 1441/1683/1303 1607/1684/1304 1440/1682/1302
f 1438/1680/1300 1446/1685/1305 1442/1681/1301
f 1442/1681/1301 1446/1685/1305 1443/1686/1172
f 1443/1686/1172 1303/1687/1171 1442/1681/1301
f 1442/1681/1301 1303/1687/1171 1444/1688/1306
f 1445/1689/1307 1444/1688/1306 1303/1687/1171
f 1443/1686/1172 1446/1685/1305 1301/1690/1147
f 1447/1691/1308 1301/1690/1147 1446/1685/1305
f 1439/1692/1298 1301/1690/1147 1447/1691/1308
f 1439/1692/1298 1302/1693/1148 1301/1690/1147
f 1447/1691/1308 1448/1694/1296 1439/1692/1298
f 1447/1691/1308 1446/1685/1305 1696/1695/1309
f 1439/1692/1298 1449/1696/1310 1302/1693/1148
f 1450/1697/1311 1302/1693/1148 1449/1696/1310
f 1445/1689/1307 1302/1693/1148 1450/1697/1311
f 1451/1698/1312 1447/1691/1308 1696/1695/1309
f 1447/1691/1308 1451/1698/1312 1448/1694/1296
f 1451/1698/1312 1436/1699/1295 1448/1694/1296
f 1436/1699/1295 1451/1698/1312 1452/1700/1293
f 1453/1701/1313 1452/1700/1293 1451/1698/1312
f 1454/1702/1314 1452/1700/1293 1453/1701/1313
f 1454/1702/1314 1434/1703/1292 1452/1700/1293
f 1454/1702/1314 1432/1704/1291 1434/1703/1292
f 1432/1704/1291 1454/1702/1314 1455/1705/1315
f 1455/1705/1315 1359/1706/1316 1432/1704/1291
f 1454/1702/1314 1456/1707/1317 1455/1705/1315
f 1455/1705/1315 1456/1707/1317 1362/1708/1212
f 1457/1709/1318 1456/1707/1317 1454/1702/1314
f 1453/1701/1313 1457/1709/1318 1454/1702/1314
f 1433/1670/1290 1362/1708/1212 1456/1707/1317
f 1456/1707/1317 1458/1710/1319 1433/1670/1290
f 1362/1708/1212 1433/1670/1290 1361/1711/1211
f 1434/1672/1292 1433/1670/1290 1458/1710/1319
f 1458/1710/1319 1435/1674/1294 1434/1672/1292
f 1459/1712/1320 1361/1711/1211 1433/1670/1290
f 1463/1713/1321 1459/1712/1320 1433/1670/1290
f 1463/1713/1321 1433/1670/1290 1429/1667/1287
f 1361/1711/1211 1459/1712/1320 1461/1714/1322
f 1461/1714/1322 1459/1712/1320 1460/1715/1229
f 1461/1714/1322 1431/1716/1289 1359/1706/1316
f 1461/1714/1322 1460/1715/1229 1431/1716/1289
f 1431/1716/1289 1432/1704/1291 1359/1706/1316
f 1375/1717/1227 1431/1716/1289 1460/1715/1229
f 1430/1718/1288 1431/1716/1289 1375/1717/1227
f 1430/1718/1288 1375/1717/1227 1462/1719/1323
f 1464/1720/1324 1462/1719/1323 1375/1717/1227
f 1375/1717/1227 1463/1713/1321 1464/1720/1324
f 1464/1720/1324 1463/1713/1321 1429/1667/1287
f 1465/1721/1325 1464/1720/1324 1429/1667/1287
f 1426/1665/1285 1465/1721/1325 1429/1667/1287
f 1426/1665/1285 1466/1722/1326 1465/1721/1325
f 1424/1662/1282 1466/1722/1326 1426/1665/1285
f 1424/1662/1282 1420/1661/1281 1466/1722/1326
f 1418/1660/1280 1466/1722/1326 1420/1661/1281
f 1467/1723/1327 1466/1722/1326 1418/1660/1280
f 1467/1723/1327 1418/1660/1280 1423/1659/1267
f 1427/1724/1283 1467/1723/1327 1423/1659/1267
f 1427/1724/1283 1468/1725/1328 1467/1723/1327
f 1428/1726/1286 1468/1725/1328 1427/1724/1283
f 1430/1718/1288 1468/1725/1328 1428/1726/1286
f 1468/1725/1328 1430/1718/1288 1462/1719/1323
f 1462/1719/1323 1464/1720/1324 1468/1725/1328
f 1468/1725/1328 1464/1720/1324 1465/1721/1325
f 1468/1725/1328 1465/1721/1325 1467/1723/1327
f 1467/1723/1327 1465/1721/1325 1466/1722/1326
f 1469/1727/1329 1470/1728/1330 1472/1729/1331
f 1472/1729/1331 1470/1728/1330 1471/1730/1332
f 1474/1731/1333 1473/1732/1334 1477/1733/1335
f 1473/1732/1334 1475/1734/1336 1476/1735/1337
f 1477/1733/1335 1473/1732/1334 1478/1736/1338
f 1476/1735/1337 1478/1736/1338 1473/1732/1334
f 1486/1737/1339 1479/1738/1340 1485/1739/1341
f 1479/1738/1340 1481/1740/1342 1482/1741/1343
f 1480/1742/1344 1479/1738/1340 1486/1737/1339
f 1480/1742/1344 1481/1740/1342 1479/1738/1340
f 1484/1743/1345 1482/1741/1343 1481/1740/1342
f 1482/1741/1343 1484/1743/1345 1483/1744/1346
f 1484/1743/1345 1485/1745/1341 1483/1744/1346
f 1484/1743/1345 1486/1746/1339 1485/1745/1341
f 1487/1747/1347 1484/1743/1345 1481/1740/1342
f 1487/1747/1347 1486/1746/1339 1484/1743/1345
f 1486/1746/1339 1487/1747/1347 1488/1748/1348
f 1488/1748/1348 1487/1747/1347 1490/1749/1349
f 1488/1748/1348 1490/1749/1349 1489/1750/1350
f 1489/1750/1350 1490/1749/1349 1491/1751/1351
f 1489/1750/1350 1491/1751/1351 1492/1752/1352
f 1492/1752/1352 1494/1753/1353 1493/1754/1354
f 1494/1753/1353 1492/1752/1352 1491/1751/1351
f 1496/1755/1355 1493/1754/1354 1494/1753/1353
f 1493/1754/1354 1496/1755/1355 1495/1756/1356
f 1495/1756/1356 1496/1755/1355 1498/1757/1357
f 1495/1756/1356 1498/1757/1357 1497/1758/1358
f 1497/1758/1358 1498/1757/1357 1499/1759/1359
f 1497/1758/1358 1499/1759/1359 1500/1760/1360
f 1500/1760/1360 1499/1759/1359 1501/1761/1361
f 1500/1760/1360 1501/1761/1361 1502/1762/1362
f 1502/1762/1362 1501/1761/1361 1503/1763/1363
f 1503/1763/1363 1504/1764/1364 1502/1762/1362
f 1504/1764/1364 1503/1763/1363 1506/1765/1365
f 1506/1765/1365 1505/1766/1366 1504/1764/1364
f 1507/1767/1367 1485/1768/1368 1505/1766/1366
f 1507/1767/1367 1505/1766/1366 1506/1765/1365
f 1507/1767/1367 1509/1769/1369 1508/1770/1370
f 1509/1769/1369 1507/1767/1367 1506/1765/1365
f 1530/1771/1371 1509/1769/1369 1506/1765/1365
f 1530/1771/1371 1506/1765/1365 1503/1763/1363
f 1503/1763/1363 1528/1772/1372 1530/1771/1371
f 1501/1761/1361 1528/1772/1372 1503/1763/1363
f 1501/1761/1361 1510/1773/1373 1528/1772/1372
f 1501/1761/1361 1499/1759/1359 1510/1773/1373
f 1510/1773/1373 1499/1759/1359 1525/1774/1374
f 1498/1757/1357 1523/1775/1375 1499/1759/1359
f 1525/1774/1374 1499/1759/1359 1523/1775/1375
f 1521/1776/1376 1523/1775/1375 1498/1757/1357
f 1521/1776/1376 1498/1757/1357 1496/1755/1355
f 1496/1755/1355 1518/1777/1377 1521/1776/1376
f 1494/1753/1353 1518/1777/1377 1496/1755/1355
f 1494/1753/1353 1517/1778/1378 1518/1777/1377
f 1494/1753/1353 1491/1751/1351 1517/1778/1378
f 1491/1751/1351 1511/1779/1379 1517/1778/1378
f 1511/1779/1379 1491/1751/1351 1512/1780/1380
f 1490/1749/1349 1512/1780/1380 1491/1751/1351
f 1487/1747/1347 1512/1780/1380 1490/1749/1349
f 1487/1747/1347 1513/1781/1381 1512/1780/1380
f 1514/1782/1382 1512/1780/1380 1513/1781/1381
f 1514/1782/1382 1513/1781/1381 1480/1742/1344
f 1513/1781/1381 1487/1747/1347 1481/1740/1342
f 1480/1742/1344 1513/1781/1381 1481/1740/1342
f 1488/1783/1348 1480/1742/1344 1486/1737/1339
f 1488/1783/1348 1514/1782/1382 1480/1742/1344
f 1488/1783/1348 1489/1784/1350 1514/1782/1382
f 1489/1784/1350 1515/1785/1383 1514/1782/1382
f 1515/1785/1383 1512/1780/1380 1514/1782/1382
f 1511/1779/1379 1512/1780/1380 1515/1785/1383
f 1515/1785/1383 1489/1784/1350 1492/1786/1352
f 1516/1787/1384 1511/1779/1379 1515/1785/1383
f 1515/1785/1383 1492/1786/1352 1516/1787/1384
f 1516/1787/1384 1517/1778/1378 1511/1779/1379
f 1492/1786/1352 1493/1788/1354 1516/1787/1384
f 1517/1778/1378 1516/1787/1384 1519/1789/1385
f 1519/1789/1385 1516/1787/1384 1493/1788/1354
f 1519/1789/1385 1518/1777/1377 1517/1778/1378
f 1495/1790/1356 1519/1789/1385 1493/1788/1354
f 1518/1777/1377 1519/1789/1385 1520/1791/1386
f 1495/1790/1356 1520/1791/1386 1519/1789/1385
f 1518/1777/1377 1520/1791/1386 1521/1776/1376
f 1495/1790/1356 1522/1792/1387 1520/1791/1386
f 1495/1790/1356 1497/1793/1358 1522/1792/1387
f 1521/1776/1376 1522/1792/1387 1523/1775/1375
f 1497/1793/1358 1524/1794/1388 1522/1792/1387
f 1522/1792/1387 1524/1794/1388 1523/1775/1375
f 1525/1774/1374 1523/1775/1375 1524/1794/1388
f 1497/1793/1358 1526/1795/1389 1524/1794/1388
f 1526/1795/1389 1525/1774/1374 1524/1794/1388
f 1526/1795/1389 1497/1793/1358 1500/1796/1360
f 1510/1773/1373 1525/1774/1374 1526/1795/1389
f 1527/1797/1390 1510/1773/1373 1526/1795/1389
f 1527/1797/1390 1526/1795/1389 1500/1796/1360
f 1527/1797/1390 1500/1796/1360 1502/1798/1362
f 1502/1798/1362 1529/1799/1391 1527/1797/1390
f 1527/1797/1390 1528/1772/1372 1510/1773/1373
f 1529/1799/1391 1528/1772/1372 1527/1797/1390
f 1504/1800/1364 1529/1799/1391 1502/1798/1362
f 1529/1799/1391 1530/1771/1371 1528/1772/1372
f 1504/1800/1364 1505/1801/1366 1529/1799/1391
f 1529/1799/1391 1531/1802/1392 1530/1771/1371
f 1531/1802/1392 1509/1769/1369 1530/1771/1371
f 1505/1801/1366 1531/1802/1392 1529/1799/1391
f 1508/1770/1370 1509/1769/1369 1531/1802/1392
f 1532/1803/1393 1508/1770/1370 1531/1802/1392
f 1531/1802/1392 1505/1801/1366 1485/1804/1368
f 1531/1802/1392 1485/1804/1368 1532/1803/1393
f 1533/1805/1394 1246/1806/1092 1247/1388/1094
f 1246/1806/1092 1533/1805/1394 1535/1807/1395
f 1246/1806/1092 1535/1807/1395 1534/1808/1396
f 1251/1809/1098 1246/1806/1092 1534/1808/1396
f 1536/1810/1397 1535/1807/1395 1533/1805/1394
f 1250/1811/1097 1536/1810/1397 1533/1805/1394
f 1536/1810/1397 1250/1811/1097 1254/1812/1099
f 1536/1810/1397 1537/1813/1398 1535/1807/1395
f 1536/1810/1397 1254/1812/1099 1537/1813/1398
f 1537/1813/1398 1254/1812/1099 1538/1814/1399
f 1257/1815/1103 1538/1814/1399 1254/1812/1099
f 1557/1816/1400 1537/1813/1398 1538/1814/1399
f 1261/1817/1105 1538/1814/1399 1257/1815/1103
f 1538/1814/1399 1261/1817/1105 1539/1818/1401
f 1557/1816/1400 1538/1814/1399 1539/1818/1401
f 1261/1817/1105 1264/1819/1109 1539/1818/1401
f 1264/1819/1109 1554/1820/1402 1539/1818/1401
f 1264/1819/1109 1553/1821/1403 1554/1820/1402
f 1268/1822/1113 1553/1821/1403 1264/1819/1109
f 1268/1822/1113 1541/1823/1404 1553/1821/1403
f 1540/1824/1405 1541/1823/1404 1268/1822/1113
f 1543/1825/1406 1541/1823/1404 1540/1824/1405
f 1542/1826/1407 1543/1825/1406 1540/1824/1405
f 1544/1827/1408 1543/1825/1406 1542/1826/1407
f 1550/1828/1409 1543/1825/1406 1544/1827/1408
f 1550/1828/1409 1544/1827/1408 1545/1829/1410
f 1550/1828/1409 1545/1829/1410 1546/1418/1075
f 1550/1828/1409 1546/1418/1075 1547/1416/1073
f 1548/1419/1076 1547/1416/1073 1229/1414/1071
f 1547/1416/1073 1548/1419/1076 1549/1830/1411
f 1549/1830/1411 1550/1828/1409 1547/1416/1073
f 1274/1831/1121 1549/1830/1411 1276/1832/1122
f 1549/1830/1411 1274/1831/1121 1551/1833/1412
f 1276/1832/1122 1549/1830/1411 1279/1422/1079
f 1548/1419/1076 1279/1422/1079 1549/1830/1411
f 1279/1422/1079 1548/1419/1076 1232/1420/1077
f 1550/1828/1409 1549/1830/1411 1551/1833/1412
f 1269/1834/1116 1551/1833/1412 1274/1831/1121
f 1551/1833/1412 1269/1834/1116 1552/1835/1413
f 1551/1833/1412 1543/1825/1406 1550/1828/1409
f 1543/1825/1406 1551/1833/1412 1552/1835/1413
f 1265/1836/1112 1552/1835/1413 1269/1834/1116
f 1552/1835/1413 1541/1823/1404 1543/1825/1406
f 1541/1823/1404 1552/1835/1413 1553/1821/1403
f 1553/1821/1403 1552/1835/1413 1265/1836/1112
f 1259/1837/1107 1553/1821/1403 1265/1836/1112
f 1554/1820/1402 1553/1821/1403 1555/1838/1414
f 1539/1818/1401 1554/1820/1402 1556/1839/1415
f 1556/1839/1415 1554/1820/1402 1555/1838/1414
f 1259/1837/1107 1555/1838/1414 1553/1821/1403
f 1255/1840/1102 1555/1838/1414 1259/1837/1107
f 1556/1839/1415 1555/1838/1414 1255/1840/1102
f 1539/1818/1401 1556/1839/1415 1557/1816/1400
f 1557/1816/1400 1556/1839/1415 1558/1841/1416
f 1558/1841/1416 1556/1839/1415 1255/1840/1102
f 1251/1809/1098 1558/1841/1416 1255/1840/1102
f 1558/1841/1416 1537/1813/1398 1557/1816/1400
f 1537/1813/1398 1558/1841/1416 1534/1808/1396
f 1558/1841/1416 1251/1809/1098 1534/1808/1396
f 1534/1808/1396 1535/1807/1395 1537/1813/1398
f 1577/1842/1417 1565/1843/1418 1560/1844/1419
f 1559/1845/1420 1560/1844/1419 1565/1843/1418
f 1576/1846/1421 1577/1842/1417 1560/1844/1419
f 1559/1845/1420 1562/1847/1422 1560/1844/1419
f 1559/1845/1420 1561/1848/1423 1562/1847/1422
f 1561/1848/1423 1563/1849/1424 1562/1847/1422
f 1563/1849/1424 1566/1850/1425 1562/1847/1422
f 1564/1851/1426 1562/1847/1422 1566/1850/1425
f 1577/1852/1417 1566/1850/1425 1563/1849/1424
f 1563/1849/1424 1565/1853/1418 1577/1852/1417
f 1575/1854/1427 1567/1855/1428 1577/1852/1417
f 1566/1850/1425 1577/1852/1417 1569/1856/1429
f 1569/1856/1429 1577/1852/1417 1567/1855/1428
f 1571/1857/1430 1566/1850/1425 1569/1856/1429
f 1564/1851/1426 1566/1850/1425 1571/1857/1430
f 1567/1855/1428 1575/1854/1427 1578/1858/1431
f 1578/1858/1431 1568/1859/1432 1567/1855/1428
f 1570/1860/1433 1567/1855/1428 1568/1859/1432
f 1570/1860/1433 1569/1856/1429 1567/1855/1428
f 1571/1857/1430 1569/1856/1429 1572/1861/1434
f 1572/1861/1434 1569/1856/1429 1570/1860/1433
f 1573/1862/1435 1571/1857/1430 1572/1861/1434
f 1573/1862/1435 1572/1861/1434 1574/1863/1436
f 1573/1862/1435 1564/1851/1426 1571/1857/1430
f 1576/1846/1421 1564/1851/1426 1573/1862/1435
f 1575/1864/1427 1573/1862/1435 1574/1863/1436
f 1577/1842/1417 1576/1846/1421 1573/1862/1435
f 1573/1862/1435 1575/1864/1427 1577/1842/1417
f 1578/1865/1431 1575/1864/1427 1574/1863/1436
f 1574/1863/1436 1579/1866/1437 1578/1865/1431
f 1578/1865/1431 1579/1866/1437 1580/1867/1438
f 1580/1867/1438 1579/1866/1437 1581/1868/1439
f 1581/1868/1439 1582/1869/1440 1580/1867/1438
f 1582/1869/1440 1581/1868/1439 1583/1870/1441
f 1583/1870/1441 1584/1871/1442 1582/1869/1440
f 1585/1872/1443 1582/1869/1440 1584/1871/1442
f 1581/1868/1439 1591/1873/1444 1583/1870/1441
f 1584/1871/1442 1587/1874/1445 1585/1872/1443
f 1586/1875/1446 1585/1872/1443 1587/1874/1445
f 1587/1874/1445 1588/1876/1447 1586/1875/1446
f 1584/1871/1442 1589/1877/1448 1587/1874/1445
f 1587/1874/1445 1589/1877/1448 1590/1878/1449
f 1589/1877/1448 1598/1879/1450 1590/1878/1449
f 1619/1880/1451 1590/1878/1449 1598/1879/1450
f 1592/1881/1452 1598/1879/1450 1589/1877/1448
f 1591/1873/1444 1592/1881/1452 1589/1877/1448
f 1592/1881/1452 1591/1873/1444 1593/1882/1453
f 1592/1881/1452 1593/1882/1453 1595/1883/1454
f 1581/1868/1439 1593/1882/1453 1591/1873/1444
f 1579/1866/1437 1593/1882/1453 1581/1868/1439
f 1579/1866/1437 1594/1884/1455 1593/1882/1453
f 1579/1866/1437 1572/1861/1434 1594/1884/1455
f 1579/1866/1437 1574/1863/1436 1572/1861/1434
f 1594/1884/1455 1570/1860/1433 1595/1883/1454
f 1594/1884/1455 1572/1861/1434 1570/1860/1433
f 1568/1859/1432 1595/1883/1454 1570/1860/1433
f 1568/1859/1432 1578/1858/1431 1580/1885/1438
f 1595/1883/1454 1568/1859/1432 1596/1886/1456
f 1580/1885/1438 1596/1886/1456 1568/1859/1432
f 1595/1883/1454 1593/1882/1453 1594/1884/1455
f 1596/1886/1456 1592/1881/1452 1595/1883/1454
f 1582/1887/1440 1596/1886/1456 1580/1885/1438
f 1582/1887/1440 1592/1881/1452 1596/1886/1456
f 1582/1887/1440 1598/1879/1450 1592/1881/1452
f 1585/1888/1443 1598/1879/1450 1582/1887/1440
f 1598/1879/1450 1585/1888/1443 1586/1889/1446
f 1600/1890/1457 1586/1889/1446 1597/1891/1458
f 1598/1879/1450 1586/1889/1446 1600/1890/1457
f 1600/1890/1457 1601/1892/1459 1598/1879/1450
f 1600/1890/1457 1597/1891/1458 1599/1893/1460
f 1599/1893/1460 1602/1894/1461 1600/1890/1457
f 1601/1892/1459 1600/1890/1457 1602/1894/1461
f 1602/1894/1461 1599/1893/1460 1603/1895/1462
f 1605/1896/1463 1601/1892/1459 1602/1894/1461
f 1605/1896/1463 1602/1894/1461 1603/1895/1462
f 1604/1897/1464 1606/1898/1465 1603/1895/1462
f 1608/1899/1466 1603/1895/1462 1606/1898/1465
f 1603/1895/1462 1608/1899/1466 1605/1896/1463
f 1606/1898/1465 1604/1897/1464 1607/1684/1304
f 1441/1683/1303 1606/1898/1465 1607/1684/1304
f 1606/1898/1465 1441/1683/1303 1608/1899/1466
f 1609/1900/1467 1441/1683/1303 1610/1901/1468
f 1612/1902/1469 1610/1901/1468 1441/1683/1303
f 1441/1683/1303 1442/1681/1301 1612/1902/1469
f 1611/1903/1470 1612/1902/1469 1442/1681/1301
f 1611/1903/1470 1444/1688/1306 1612/1902/1469
f 1450/1697/1311 1612/1902/1469 1444/1688/1306
f 1444/1688/1306 1445/1689/1307 1450/1697/1311
f 1612/1902/1469 1450/1697/1311 1613/1904/1471
f 1450/1697/1311 1440/1905/1302 1613/1904/1471
f 1440/1905/1302 1607/1906/1304 1613/1904/1471
f 1614/1907/1472 1613/1904/1471 1607/1906/1304
f 1614/1907/1472 1607/1906/1304 1615/1908/1473
f 1607/1906/1304 1604/1909/1464 1615/1908/1473
f 1604/1909/1464 1616/1910/1474 1615/1908/1473
f 1604/1909/1464 1603/1911/1462 1616/1910/1474
f 1617/1912/1475 1603/1911/1462 1599/1913/1460
f 1603/1911/1462 1617/1912/1475 1616/1910/1474
f 1617/1912/1475 1599/1913/1460 1618/1914/1476
f 1597/1915/1458 1618/1914/1476 1599/1913/1460
f 1588/1876/1447 1597/1915/1458 1586/1875/1446
f 1588/1876/1447 1618/1914/1476 1597/1915/1458
f 1588/1876/1447 1619/1880/1451 1618/1914/1476
f 1618/1914/1476 1619/1880/1451 1620/1916/1477
f 1598/1879/1450 1620/1916/1477 1619/1880/1451
f 1598/1879/1450 1601/1892/1459 1620/1916/1477
f 1618/1914/1476 1620/1916/1477 1621/1917/1478
f 1618/1914/1476 1621/1917/1478 1617/1912/1475
f 1601/1892/1459 1621/1917/1478 1620/1916/1477
f 1621/1917/1478 1601/1892/1459 1605/1896/1463
f 1617/1912/1475 1621/1917/1478 1622/1918/1479
f 1617/1912/1475 1622/1918/1479 1616/1910/1474
f 1621/1917/1478 1605/1896/1463 1622/1918/1479
f 1608/1899/1466 1622/1918/1479 1605/1896/1463
f 1616/1910/1474 1622/1918/1479 1623/1919/1480
f 1623/1919/1480 1615/1908/1473 1616/1910/1474
f 1623/1919/1480 1622/1918/1479 1608/1899/1466
f 1608/1899/1466 1609/1900/1467 1623/1919/1480
f 1609/1900/1467 1608/1899/1466 1441/1683/1303
f 1614/1907/1472 1623/1919/1480 1609/1900/1467
f 1623/1919/1480 1614/1907/1472 1615/1908/1473
f 1626/1920/1481 1624/1921/1482 1625/1922/1483
f 1626/1920/1481 1627/1923/1484 1624/1921/1482
f 1628/1924/1485 1626/1920/1481 1625/1922/1483
f 1626/1920/1481 1629/1925/1486 1627/1923/1484
f 1629/1925/1486 1626/1920/1481 1630/1926/1487
f 1631/1927/1488 1626/1920/1481 1628/1924/1485
f 1632/1928/1489 1633/1929/1490 1631/1927/1488
f 1631/1927/1488 1630/1926/1487 1626/1920/1481
f 1633/1929/1490 1630/1926/1487 1631/1927/1488
f 1635/1930/1491 1636/1931/1492 1634/1932/1493
f 1637/1933/1494 1634/1932/1493 1636/1931/1492
f 1636/1931/1492 1638/1934/1495 1637/1933/1494
f 1639/1935/1496 1637/1933/1494 1638/1934/1495
f 1638/1934/1495 1640/1936/1497 1639/1935/1496
f 1639/1935/1496 1640/1936/1497 1642/1937/1498
f 1641/1938/1499 1642/1937/1498 1640/1936/1497
f 1642/1937/1498 1641/1938/1499 1643/1939/1500
f 1641/1938/1499 1646/1940/1501 1643/1939/1500
f 1646/1940/1501 1641/1938/1499 1644/1941/1502
f 1646/1940/1501 1644/1941/1502 1645/1942/1503
f 1647/1943/1504 1646/1940/1501 1645/1942/1503
f 1647/1943/1504 1645/1942/1503 1648/1944/1505
f 1648/1944/1505 1645/1942/1503 1649/1945/1506
f 1649/1945/1506 1650/1946/1507 1648/1944/1505
f 1650/1946/1507 1656/1947/1508 1648/1944/1505
f 1651/1948/1509 1656/1947/1508 1650/1946/1507
f 1651/1948/1509 1652/1949/1510 1656/1947/1508
f 1652/1949/1510 1653/1950/1511 1656/1947/1508
f 1654/1951/1512 1656/1947/1508 1653/1950/1511
f 1654/1951/1512 1655/1952/1513 1656/1947/1508
f 1658/1953/1514 1657/1954/992 1659/1955/1515
f 1152/1956/991 1659/1955/1515 1657/1954/992
f 1659/1955/1515 1152/1956/991 1154/1957/993
f 1660/1958/1516 1659/1955/1515 1154/1957/993
f 1662/1959/1517 1661/1960/1518 1159/1961/1000
f 1661/1960/1518 1663/1962/1001 1159/1961/1000
f 1664/1963/1519 1663/1962/1001 1661/1960/1518
f 1665/1964/999 1663/1962/1001 1664/1963/1519
f 1666/1965/1520 1667/1966/1521 1668/1967/1522
f 1668/1967/1522 1669/1968/1523 1666/1965/1520
f 1669/1968/1523 1668/1967/1522 1670/1969/1524
f 1671/1970/1525 1669/1968/1523 1672/1971/1526
f 1669/1968/1523 1670/1969/1524 1672/1971/1526
f 1670/1969/1524 1673/1972/1527 1672/1971/1526
f 1675/1973/1528 1672/1971/1526 1673/1972/1527
f 1674/1974/1529 1676/1975/1530 1673/1972/1527
f 1676/1975/1530 1675/1973/1528 1673/1972/1527
f 1677/1976/1531 1675/1973/1528 1676/1975/1530
f 1678/1977/1532 1675/1973/1528 1677/1976/1531
f 1679/1978/1533 1680/1979/1534 1677/1976/1531
f 1678/1977/1532 1677/1976/1531 1680/1979/1534
f 1678/1977/1532 1680/1979/1534 1686/1980/1535
f 1680/1979/1534 1681/1981/1536 1686/1980/1535
f 1681/1981/1536 1682/1982/1537 1686/1980/1535
f 1684/1983/1538 1682/1982/1537 1683/1984/1539
f 1684/1983/1538 1686/1980/1535 1682/1982/1537
f 1687/1985/1540 1686/1980/1535 1685/1986/1541
f 1684/1983/1538 1685/1986/1541 1686/1980/1535
f 1689/1987/225 360/1988/227 366/1989/233
f 1688/1990/1542 1689/1987/225 366/1989/233
f 1155/1991/996 1691/1992/1543 1690/1993/1544
f 1155/1991/996 1157/1994/995 1691/1992/1543
f 1691/1992/1543 1157/1994/995 1692/1995/1545
f 1692/1995/1545 1157/1994/995 1156/1996/997
f 370/1997/231 1693/1998/1546 359/1999/229
f 371/2000/238 1693/1998/1546 370/1997/231
f 1694/1679/1299 1446/1685/1305 1438/1680/1300
f 1446/1685/1305 1694/1679/1299 1696/1695/1309
f 1436/1675/1295 1695/2001/1547 1694/1679/1299
f 1436/1675/1295 1435/1674/1294 1695/2001/1547
f 1696/1695/1309 1694/1679/1299 1695/2001/1547
f 1435/1674/1294 1458/1710/1319 1695/2001/1547
f 1695/2001/1547 1457/1709/1318 1696/1695/1309
f 1457/1709/1318 1695/2001/1547 1458/1710/1319
f 1458/1710/1319 1456/1707/1317 1457/1709/1318
f 1457/1709/1318 1453/1701/1313 1696/1695/1309
f 1453/1701/1313 1451/1698/1312 1696/1695/1309
f 582/2002/479 598/2003/502 579/2004/478
f 582/2002/479 1697/2005/500 598/2003/502
f 584/2006/481 1697/2005/500 582/2002/479
f 584/2006/481 1698/2007/499 1697/2005/500
f 1698/2007/499 584/2006/481 1699/2008/496
f 584/2006/481 586/2009/483 1699/2008/496
f 586/2009/483 1700/2010/494 1699/2008/496
f 1704/2011/486 1700/2010/494 586/2009/483
f 1704/2011/486 1701/2012/492 1700/2010/494
f 1702/2013/490 1701/2012/492 1704/2011/486
f 1703/2014/487 1702/2013/490 1704/2011/486
f 835/2015/737 1705/2016/713 813/2017/710
f 832/2018/735 1705/2016/713 835/2015/737
f 832/2018/735 1706/2019/717 1705/2016/713
f 1706/2019/717 832/2018/735 830/2020/733
f 1706/2019/717 830/2020/733 1707/2021/719
f 827/2022/729 1707/2021/719 830/2020/733
f 1707/2021/719 827/2022/729 1708/2023/722
f 1708/2023/722 827/2022/729 825/2024/728
f 1709/2025/724 1708/2023/722 825/2024/728
f 1709/2025/724 825/2024/728 823/2026/726
f 353/2027/220 1711/2028/1548 1710/2029/240
f 353/2027/220 367/2030/218 1711/2028/1548
f 362/2031/224 365/2032/236 354/2033/222
f 1712/2034/1549 354/2033/222 365/2032/236
f 1714/2035/1550 1713/2036/295 415/2037/294
f 1715/2038/1551 1714/2035/1550 415/2037/294
f 1716/2039/1552 1715/2038/1551 415/2037/294
f 1716/2039/1552 415/2037/294 417/2040/293
f 1720/2041/428 510/2042/395 1717/2043/434
f 508/2044/400 1717/2043/434 510/2042/395
f 1717/2043/434 508/2044/400 1718/2045/432
f 1718/2045/432 508/2044/400 506/2046/398
f 1718/2045/432 506/2046/398 505/2047/396
f 1719/2048/430 1718/2045/432 505/2047/396
f 505/2047/396 503/2049/393 1719/2048/430
f 1720/2041/428 1719/2048/430 503/2049/393
f 503/2049/393 510/2042/395 1720/2041/428
f 515/2050/407 1723/2051/409 575/2052/474
f 573/2053/471 515/2050/407 575/2052/474
f 1721/2054/405 515/2050/407 573/2053/471
f 1721/2054/405 573/2053/471 571/2055/470
f 1721/2054/405 571/2055/470 1722/2056/402
f 568/2057/465 1722/2056/402 571/2055/470
f 568/2057/465 578/2058/467 1722/2056/402
f 1722/2056/402 578/2058/467 1723/2051/409
f 575/2052/474 1723/2051/409 578/2058/467
f 576/2059/475 575/2052/474 578/2058/467
f 1724/2060/1553 1739/2061/1554 1725/2062/1555
f 1729/2063/1556 1730/2064/1557 1728/2065/1558
f 1730/2064/1557 1729/2063/1556 1732/2066/1559
f 1731/2067/1560 1732/2066/1559 1729/2063/1556
f 1732/2066/1559 1731/2067/1560 1733/2068/1561
f 1733/2068/1561 1731/2067/1560 1735/2069/1562
f 1734/2070/1563 1735/2069/1562 1731/2067/1560
f 1735/2069/1562 1734/2070/1563 1737/2071/1564
f 1736/2072/1565 1737/2071/1564 1734/2070/1563
f 1737/2071/1564 1736/2072/1565 1738/2073/1566
f 2087/2074/1567 1740/2075/1568 1790/2076/1569
f 1786/2077/1570 1740/2075/1568 1742/2078/1571
f 1742/2078/1571 1739/2061/1554 1786/2077/1570
f 2088/2079/1572 1740/2075/1568 2087/2074/1567
f 1743/2080/1573 1740/2075/1568 2088/2079/1572
f 1743/2080/1573 1742/2078/1571 1740/2075/1568
f 2089/2081/1574 1743/2080/1573 2088/2079/1572
f 1739/2061/1554 1742/2078/1571 1741/2082/1575
f 1742/2078/1571 1743/2080/1573 1745/2083/1576
f 1745/2083/1576 1741/2082/1575 1742/2078/1571
f 1744/2084/1577 1743/2080/1573 2089/2085/1574
f 1744/2084/1577 1745/2083/1576 1743/2080/1573
f 1745/2083/1576 1744/2084/1577 1746/2086/1578
f 1746/2086/1578 1741/2082/1575 1745/2083/1576
f 2090/2087/1579 1746/2086/1578 1744/2084/1577
f 1741/2082/1575 1747/2088/1580 1739/2061/1554
f 1741/2082/1575 1746/2086/1578 1747/2088/1580
f 1739/2061/1554 1747/2088/1580 1725/2062/1555
f 1746/2086/1578 1748/2089/1581 1750/2090/1582
f 1750/2090/1582 1747/2088/1580 1746/2086/1578
f 1840/2091/1583 1750/2090/1582 1748/2089/1581
f 1840/2091/1583 1749/2092/1584 1750/2090/1582
f 1751/2093/1585 1750/2090/1582 1749/2092/1584
f 1750/2090/1582 1751/2093/1585 1747/2088/1580
f 1747/2088/1580 1752/2094/1586 1725/2062/1555
f 1752/2094/1586 1747/2088/1580 1751/2093/1585
f 1725/2062/1555 1752/2094/1586 1726/2095/1587
f 1727/2096/1588 1726/2095/1587 1752/2094/1586
f 1753/2097/1589 1754/2098/1590 1755/2099/1591
f 1730/2064/1557 1785/2100/1592 1728/2065/1558
f 1759/2101/1593 1754/2098/1590 1785/2100/1592
f 1785/2100/1592 1730/2064/1557 1759/2101/1593
f 1754/2098/1590 1759/2101/1593 1756/2102/1594
f 1754/2098/1590 1756/2102/1594 1755/2099/1591
f 1755/2099/1591 1756/2102/1594 1757/2103/1595
f 1761/2104/1596 1759/2101/1593 1730/2064/1557
f 1757/2103/1595 1756/2102/1594 1758/2105/1597
f 1759/2101/1593 1761/2104/1596 1762/2106/1598
f 1762/2106/1598 1756/2102/1594 1759/2101/1593
f 1732/2066/1559 1761/2104/1596 1730/2064/1557
f 1756/2102/1594 1760/2107/1599 1758/2108/1597
f 1756/2102/1594 1762/2106/1598 1760/2107/1599
f 1761/2104/1596 1732/2066/1559 1766/2109/1600
f 1766/2109/1600 1762/2106/1598 1761/2104/1596
f 1760/2107/1599 1762/2106/1598 1763/2110/1601
f 1762/2106/1598 1766/2109/1600 1764/2111/1602
f 1764/2111/1602 1763/2110/1601 1762/2106/1598
f 1763/2110/1601 1764/2111/1602 1765/2112/1603
f 1764/2111/1602 1767/2113/1604 1765/2112/1603
f 1764/2111/1602 1766/2109/1600 1767/2113/1604
f 1765/2112/1603 1767/2113/1604 1768/2114/1605
f 1766/2109/1600 1732/2066/1559 1771/2115/1606
f 1771/2115/1606 1767/2113/1604 1766/2109/1600
f 1733/2068/1561 1771/2115/1606 1732/2066/1559
f 1767/2113/1604 1769/2116/1607 1768/2114/1605
f 1767/2113/1604 1771/2115/1606 1769/2116/1607
f 1768/2114/1605 1769/2116/1607 1770/2117/1608
f 1771/2115/1606 1733/2068/1561 1773/2118/1609
f 1773/2118/1609 1769/2116/1607 1771/2115/1606
f 1769/2116/1607 1772/2119/1610 1770/2120/1608
f 1769/2116/1607 1773/2118/1609 1772/2119/1610
f 1735/2069/1562 1773/2118/1609 1733/2068/1561
f 1772/2119/1610 1773/2118/1609 1774/2121/1611
f 1773/2118/1609 1735/2069/1562 1777/2122/1612
f 1777/2122/1612 1774/2121/1611 1773/2118/1609
f 1777/2122/1612 1775/2123/1613 1774/2121/1611
f 1737/2071/1564 1777/2122/1612 1735/2069/1562
f 1777/2122/1612 1737/2071/1564 1779/2124/1614
f 1779/2124/1614 1776/2125/1615 1777/2122/1612
f 1776/2125/1615 1779/2124/1614 1778/2126/1616
f 1779/2124/1614 1780/2127/1617 1778/2126/1616
f 1737/2071/1564 1780/2127/1617 1779/2124/1614
f 1737/2071/1564 1738/2073/1566 1780/2127/1617
f 1781/2128/1618 1782/2129/1619 1784/2130/1620
f 1784/2130/1620 1782/2129/1619 1753/2131/1589
f 1754/2132/1590 1753/2131/1589 1782/2129/1619
f 1782/2129/1619 1785/2133/1592 1754/2132/1590
f 1785/2133/1592 1782/2129/1619 1783/2134/1621
f 1728/2135/1558 1783/2134/1621 1724/2136/1553
f 1783/2134/1621 1728/2135/1558 1785/2133/1592
f 1724/2136/1553 1786/2137/1570 1739/2138/1554
f 1740/2139/1568 1786/2137/1570 1787/2140/1622
f 1787/2140/1622 1790/2141/1569 1740/2139/1568
f 1786/2137/1570 1724/2136/1553 1783/2134/1621
f 1786/2137/1570 1783/2134/1621 1787/2140/1622
f 1787/2140/1622 1783/2134/1621 1782/2129/1619
f 1782/2129/1619 1781/2128/1618 1787/2140/1622
f 1788/2142/1623 1787/2140/1622 1781/2128/1618
f 1789/2143/1624 1787/2140/1622 1788/2142/1623
f 1790/2141/1569 1787/2140/1622 1789/2143/1624
f 1793/2144/1625 1791/2145/1626 1792/2146/1625
f 1798/2147/1627 1796/2148/1627 1797/2149/1628
f 1797/2150/1629 1799/2151/1630 1800/2152/1630
f 1801/2153/1631 1800/2152/1630 1799/2151/1630
f 1804/2154/1632 1802/2155/1633 1803/2156/1634
f 1804/2154/1632 1803/2156/1634 1805/2157/1635
f 1809/2158/1636 1807/2159/1637 1808/2160/1637
f 1808/2160/1637 1810/2161/1638 1809/2158/1636
f 1810/2161/1638 1811/2162/1639 1809/2158/1636
f 1812/2163/1640 1811/2162/1639 1810/2161/1638
f 1813/2164/1641 1812/2163/1640 1810/2161/1638
f 1812/2163/1640 1813/2164/1641 1814/2165/1641
f 1815/2166/1642 1814/2165/1641 1813/2164/1641
f 1818/2167/1643 1816/2168/1643 1817/2169/1644
f 1817/2169/1644 1819/2170/1644 1818/2167/1643
f 1819/2170/1644 1820/2171/1644 1818/2167/1643
f 1821/2172/1645 1820/2171/1644 1819/2170/1644
f 1822/2173/1645 1821/2172/1645 1819/2170/1644
f 1823/2174/1646 1821/2172/1645 1822/2173/1645
f 1824/2175/1645 1821/2172/1645 1823/2174/1646
f 1827/2176/1647 1825/2177/1648 1826/2178/1649
f 1826/2178/1649 1828/2179/1650 1827/2176/1647
f 1790/2180/1569 2063/2181/1651 2087/2182/1567
f 1829/2183/1652 2063/2181/1651 1790/2180/1569
f 1789/2184/1624 1829/2183/1652 1790/2180/1569
f 1829/2183/1652 1789/2184/1624 1830/2185/1653
f 1831/2186/1654 1830/2185/1653 1789/2184/1624
f 1788/2187/1623 1831/2186/1654 1789/2184/1624
f 1831/2186/1654 1788/2187/1623 1832/2188/1655
f 1781/2189/1618 1832/2188/1655 1788/2187/1623
f 1845/2190/1656 1846/2191/1657 2000/2192/1658
f 2002/2193/1659 1847/2194/1660 2182/2195/1661
f 1847/2194/1660 1849/2196/1662 1848/2197/1663
f 1850/2198/1664 1849/2196/1662 1851/2199/1665
f 1851/2199/1665 1852/2200/1666 2192/2201/1667
f 1856/2202/1668 1855/2203/1669 1857/2204/1670
f 1859/2205/1671 1858/2206/1672 1860/2207/1673
f 1863/2208/1674 1866/2209/1675 1865/2210/1676
f 1867/2211/1677 1868/2212/1678 2171/2213/1679
f 1872/2214/1680 1870/2215/1681 1871/2216/1682
f 1871/2216/1682 1873/2217/1683 1872/2214/1680
f 1874/2218/1684 1873/2217/1683 1871/2216/1682
f 1874/2218/1684 1875/2219/1685 1873/2217/1683
f 1875/2219/1685 1874/2218/1684 1876/2220/1686
f 1876/2220/1686 1877/2221/1687 1875/2219/1685
f 1877/2221/1687 1878/2222/1688 1875/2219/1685
f 1879/2223/1689 1878/2222/1688 1877/2221/1687
f 1879/2223/1689 1880/2224/1690 1878/2222/1688
f 1881/2225/1691 1880/2224/1690 1879/2223/1689
f 1881/2225/1691 1882/2226/1692 1880/2224/1690
f 1883/2227/1693 1882/2226/1692 1881/2225/1691
f 1883/2227/1693 1885/2228/1694 1882/2226/1692
f 1884/2229/1695 1885/2228/1694 1883/2227/1693
f 1886/2230/1696 1885/2228/1694 1884/2229/1695
f 1886/2230/1696 1887/2231/1697 1885/2228/1694
f 1890/2232/1698 1888/2233/1699 1889/2234/1700
f 1891/2235/1701 1888/2233/1699 1890/2232/1698
f 1891/2235/1701 1892/2236/1702 1888/2233/1699
f 1892/2236/1702 1891/2235/1701 1893/2237/1703
f 1893/2237/1703 1894/2238/1704 1892/2236/1702
f 1895/2239/1705 1892/2236/1702 1894/2238/1704
f 1896/2240/1706 1895/2239/1705 1894/2238/1704
f 1897/2241/1707 1895/2239/1705 1896/2240/1706
f 1898/2242/1708 1897/2241/1707 1896/2240/1706
f 1898/2242/1708 1899/2243/1709 1897/2241/1707
f 1900/2244/1710 1899/2243/1709 1898/2242/1708
f 1901/2245/1711 1899/2243/1709 1900/2244/1710
f 1901/2245/1711 1902/2246/1712 1899/2243/1709
f 1901/2245/1711 1903/2247/1713 1902/2246/1712
f 1904/2248/1714 1903/2247/1713 1901/2245/1711
f 1906/2249/1715 1907/2250/1716 1909/2251/1717
f 1828/2179/1650 1826/2178/1649 1905/2252/1718
f 1909/2251/1717 1907/2250/1716 1908/2253/1719
f 1907/2250/1716 1905/2252/1718 1908/2253/1719
f 1910/2254/1720 1905/2252/1718 1826/2178/1649
f 1910/2254/1720 1908/2253/1719 1905/2252/1718
f 1910/2254/1720 1912/2255/1721 1908/2253/1719
f 1826/2178/1649 1912/2255/1721 1910/2254/1720
f 1913/2256/1722 1909/2251/1717 1908/2253/1719
f 1911/2257/1723 1909/2251/1717 1913/2256/1722
f 1913/2256/1722 1908/2253/1719 1912/2255/1721
f 1913/2256/1722 1914/2258/1724 1911/2257/1723
f 1913/2256/1722 1912/2255/1721 1914/2258/1724
f 1826/2178/1649 1915/2259/1725 1912/2255/1721
f 1825/2177/1648 1915/2259/1725 1826/2178/1649
f 1915/2259/1725 1920/2260/1726 1912/2255/1721
f 1920/2260/1726 1916/2261/1727 1912/2255/1721
f 1915/2259/1725 1825/2177/1648 1917/2262/1728
f 1917/2262/1728 1825/2177/1648 1918/2263/1729
f 1915/2259/1725 1917/2262/1728 1920/2260/1726
f 1920/2260/1726 1919/2264/1730 1916/2261/1727
f 1921/2265/1731 1920/2260/1726 1917/2262/1728
f 1920/2260/1726 1921/2265/1731 1919/2264/1730
f 1922/2266/1732 1919/2264/1730 1921/2265/1731
f 1921/2265/1731 1923/2267/1733 2240/2268/1734
f 1921/2265/1731 1925/2269/1735 1922/2266/1732
f 1924/2270/1736 1922/2266/1732 1925/2269/1735
f 1925/2269/1735 1921/2265/1731 2240/2268/1734
f 2240/2268/1734 1926/2271/1737 1925/2269/1735
f 2246/2272/1738 1926/2271/1737 2240/2268/1734
f 1935/2273/1739 1925/2269/1735 1926/2271/1737
f 1926/2271/1737 2246/2272/1738 1927/2274/1740
f 1928/2275/1741 1927/2274/1740 2246/2272/1738
f 1926/2271/1737 1927/2274/1740 1935/2273/1739
f 1929/2276/1742 1927/2274/1740 1928/2275/1741
f 1931/2277/1743 1930/2278/1744 1928/2275/1741
f 1930/2278/1744 1929/2276/1742 1928/2275/1741
f 1930/2278/1744 1931/2277/1743 1932/2279/1745
f 1927/2274/1740 1929/2276/1742 1933/2280/1746
f 1933/2280/1746 1935/2273/1739 1927/2274/1740
f 1934/2281/1747 1929/2276/1742 1930/2278/1744
f 1935/2273/1739 1924/2270/1736 1925/2269/1735
f 1935/2273/1739 1936/2282/1748 1924/2270/1736
f 1935/2273/1739 1933/2280/1746 1936/2282/1748
f 1924/2270/1736 1937/2283/1749 1938/2284/1750
f 1924/2270/1736 1936/2282/1748 1937/2283/1749
f 1936/2282/1748 1933/2280/1746 1937/2283/1749
f 1939/2285/1751 1937/2283/1749 1933/2280/1746
f 1933/2280/1746 1929/2276/1742 1940/2286/1752
f 1933/2280/1746 1940/2286/1752 1939/2285/1751
f 1942/2287/1753 1939/2285/1751 1940/2286/1752
f 1929/2276/1742 1934/2281/1747 1940/2286/1752
f 1942/2287/1753 1940/2286/1752 1941/2288/1754
f 1940/2286/1752 1934/2281/1747 1941/2288/1754
f 1941/2288/1754 1934/2281/1747 1943/2289/1755
f 1944/2290/1756 1942/2287/1753 1941/2288/1754
f 1941/2288/1754 1943/2289/1755 1944/2290/1756
f 1942/2287/1753 1944/2290/1756 1945/2291/1757
f 1944/2290/1756 1946/2292/1758 1945/2291/1757
f 1943/2289/1755 1948/2293/1759 1944/2290/1756
f 1944/2290/1756 1948/2293/1759 1946/2292/1758
f 1948/2293/1759 1947/2294/1760 1946/2292/1758
f 1946/2292/1758 1947/2294/1760 1949/2295/1761
f 1947/2294/1760 1951/2296/1762 1949/2295/1761
f 1947/2294/1760 1948/2293/1759 1951/2296/1762
f 1949/2295/1761 1952/2297/1763 1950/2298/1764
f 1949/2295/1761 1951/2296/1762 1952/2297/1763
f 1950/2298/1764 1952/2297/1763 1955/2299/1765
f 1955/2299/1765 1952/2297/1763 1953/2300/1766
f 1954/2301/1767 1955/2299/1765 1953/2300/1766
f 1953/2300/1766 1952/2297/1763 1956/2302/1768
f 1955/2299/1765 1954/2301/1767 1957/2303/1769
f 1954/2301/1767 1953/2300/1766 1956/2302/1768
f 1954/2301/1767 1956/2302/1768 1958/2304/1770
f 1956/2302/1768 1959/2305/1771 1958/2304/1770
f 1956/2302/1768 1952/2297/1763 1959/2305/1771
f 1971/2306/1772 1959/2305/1771 1952/2297/1763
f 1960/2307/1773 1971/2306/1772 1952/2297/1763
f 1951/2296/1762 1960/2307/1773 1952/2297/1763
f 1948/2293/1759 1962/2308/1774 1951/2296/1762
f 1960/2307/1773 1951/2296/1762 1962/2308/1774
f 1948/2293/1759 1961/2309/1775 1962/2308/1774
f 1961/2309/1775 1948/2293/1759 1943/2289/1755
f 1930/2278/1744 1961/2309/1775 1943/2289/1755
f 1934/2281/1747 1930/2278/1744 1943/2289/1755
f 1930/2278/1744 1932/2279/1745 1961/2309/1775
f 1961/2309/1775 1932/2279/1745 1962/2308/1774
f 1966/2310/1776 1962/2308/1774 1932/2279/1745
f 1962/2308/1774 1966/2310/1776 1960/2307/1773
f 1932/2279/1745 1931/2277/1743 1964/2311/1777
f 1931/2277/1743 1963/2312/1778 1964/2311/1777
f 1963/2312/1778 1965/2313/1779 1964/2311/1777
f 1964/2311/1777 1965/2313/1779 1966/2310/1776
f 1966/2310/1776 1932/2279/1745 1964/2311/1777
f 1965/2313/1779 1968/2314/1780 1966/2310/1776
f 1966/2310/1776 1968/2314/1780 1970/2315/1781
f 1966/2310/1776 1970/2315/1781 1969/2316/1782
f 1969/2316/1782 1960/2307/1773 1966/2310/1776
f 1970/2315/1781 1968/2314/1780 1967/2317/1783
f 1960/2307/1773 1969/2316/1782 1971/2306/1772
f 1971/2306/1772 1969/2316/1782 1970/2315/1781
f 1971/2306/1772 1972/2318/1784 1959/2305/1771
f 1970/2315/1781 1972/2318/1784 1971/2306/1772
f 1970/2315/1781 1967/2317/1783 1972/2318/1784
f 1972/2318/1784 1973/2319/1785 1959/2305/1771
f 1958/2304/1770 1959/2305/1771 1973/2319/1785
f 1972/2318/1784 1967/2317/1783 1973/2319/1785
f 1974/2320/1786 1973/2319/1785 1967/2317/1783
f 2260/2321/1787 1974/2320/1786 1967/2317/1783
f 1975/2322/1788 1974/2320/1786 2260/2321/1787
f 1974/2320/1786 1975/2322/1788 1977/2323/1789
f 1976/2324/1790 1977/2323/1789 1975/2322/1788
f 1977/2323/1789 1976/2324/1790 1978/2325/1791
f 1974/2320/1786 1977/2323/1789 1978/2325/1791
f 1974/2320/1786 1978/2325/1791 1979/2326/1792
f 1974/2320/1786 1979/2326/1792 1980/2327/1793
f 1980/2327/1793 1979/2326/1792 1983/2328/1794
f 1979/2326/1792 1978/2325/1791 1982/2329/1795
f 1979/2326/1792 1982/2329/1795 1983/2328/1794
f 1978/2325/1791 2227/2330/1796 1982/2329/1795
f 2227/2330/1796 2310/2331/1797 1981/2332/1798
f 1981/2332/1798 1982/2329/1795 2227/2330/1796
f 1982/2329/1795 1981/2332/1798 1984/2333/1799
f 1984/2333/1799 1983/2328/1794 1982/2329/1795
f 1985/2334/1800 1983/2328/1794 1984/2333/1799
f 1986/2335/1801 1983/2328/1794 1985/2334/1800
f 1986/2335/1801 1985/2334/1800 1988/2336/1802
f 1986/2335/1801 1980/2327/1793 1983/2328/1794
f 1987/2337/1803 1986/2335/1801 1988/2336/1802
f 1988/2336/1802 1985/2334/1800 1989/2338/1804
f 1987/2337/1803 1988/2336/1802 1990/2339/1805
f 1998/2340/1806 1986/2335/1801 1987/2337/1803
f 1991/2341/1807 1990/2339/1805 1988/2336/1802
f 1993/2342/1808 1990/2343/1809 1992/2344/1808
f 1993/2342/1808 1994/2345/1810 1990/2343/1809
f 1990/2343/1809 1994/2345/1810 1995/2346/1811
f 1996/2347/1811 1995/2346/1811 1994/2345/1810
f 1957/2303/1769 1994/2348/1812 1997/2349/1813
f 1957/2303/1769 1954/2301/1767 1994/2348/1812
f 1994/2348/1812 1954/2301/1767 1998/2340/1806
f 1998/2340/1806 1954/2301/1767 1958/2304/1770
f 1958/2304/1770 1999/2350/1814 1998/2340/1806
f 1998/2340/1806 1999/2350/1814 1986/2335/1801
f 1986/2335/1801 1999/2350/1814 1980/2327/1793
f 1999/2350/1814 1974/2320/1786 1980/2327/1793
f 1973/2319/1785 1999/2350/1814 1958/2304/1770
f 1973/2319/1785 1974/2320/1786 1999/2350/1814
f 1843/2351/1815 1753/2352/1589 1844/2353/1816
f 1753/2352/1589 1843/2351/1815 1784/2354/1620
f 1842/2355/1817 1784/2354/1620 1843/2351/1815
f 1842/2355/1817 1832/2188/1655 1784/2354/1620
f 1784/2354/1620 1832/2188/1655 1781/2189/1618
f 1844/2356/1816 1753/2357/1589 1755/2358/1591
f 1863/2208/1674 1844/2356/1816 1755/2358/1591
f 1863/2208/1674 1755/2358/1591 1866/2209/1675
f 1757/2359/1595 1866/2209/1675 1755/2358/1591
f 1866/2209/1675 1757/2359/1595 1867/2211/1677
f 1758/2360/1597 1867/2211/1677 1757/2359/1595
f 1867/2211/1677 1758/2360/1597 1868/2212/1678
f 1869/2361/1818 1868/2212/1678 1758/2360/1597
f 1758/2360/1597 1760/2362/1599 2000/2192/1658
f 2000/2192/1658 1869/2361/1818 1758/2360/1597
f 2000/2192/1658 1760/2362/1599 2001/2363/1819
f 1845/2190/1656 2000/2192/1658 2001/2363/1819
f 1763/2364/1601 2001/2363/1819 1760/2362/1599
f 1765/2365/1603 2001/2363/1819 1763/2364/1601
f 2001/2363/1819 1765/2365/1603 1845/2190/1656
f 1845/2190/1656 1765/2365/1603 2002/2193/1659
f 1768/2366/1605 2002/2193/1659 1765/2365/1603
f 2002/2193/1659 1768/2366/1605 1847/2194/1660
f 1770/2367/1608 1847/2194/1660 1768/2366/1605
f 1847/2194/1660 1770/2367/1608 1849/2196/1662
f 1772/2368/1610 1849/2196/1662 1770/2367/1608
f 1772/2369/1610 1851/2199/1665 1849/2196/1662
f 1774/2370/1611 1851/2199/1665 1772/2369/1610
f 1851/2199/1665 1774/2370/1611 1852/2200/1666
f 1775/2371/1613 1852/2200/1666 1774/2370/1611
f 1853/2372/1820 1852/2200/1666 1775/2371/1613
f 1775/2371/1613 2003/2373/1821 1853/2372/1820
f 1775/2371/1613 1777/2374/1612 2003/2373/1821
f 1776/2375/1615 2003/2373/1821 1777/2374/1612
f 1854/2376/1822 1853/2372/1820 2003/2373/1821
f 1854/2376/1822 2003/2373/1821 1828/2377/1650
f 2004/2378/1823 1828/2377/1650 2003/2373/1821
f 1776/2379/1615 1778/2380/1616 2003/2373/1821
f 2004/2378/1823 2003/2373/1821 1778/2380/1616
f 2007/2381/1824 2005/2382/1824 2006/2383/1824
f 2006/2383/1824 2005/2382/1824 2008/2384/1824
f 2008/2384/1824 2005/2382/1824 2009/2385/1824
f 2005/2382/1824 2010/2386/1824 2009/2385/1824
f 2009/2385/1824 2010/2386/1824 2011/2387/1824
f 2011/2387/1824 2012/2388/1824 2009/2385/1824
f 2013/2389/1825 2009/2385/1824 2012/2388/1824
f 2016/2390/1826 2014/2391/1827 2015/2392/1828
f 2017/2393/1829 2014/2391/1827 2016/2390/1826
f 2018/2394/1830 2014/2391/1827 2017/2393/1829
f 2018/2394/1830 2019/2395/1831 2014/2391/1827
f 2019/2395/1831 2018/2394/1830 2020/2396/1832
f 2021/2397/1833 2020/2396/1832 2018/2394/1830
f 2022/2398/1834 2020/2396/1832 2021/2397/1833
f 2022/2398/1834 2021/2397/1833 2023/2399/1835
f 2024/2400/1836 2022/2398/1834 2023/2399/1835
f 2024/2400/1836 2026/2401/1837 2022/2398/1834
f 2024/2400/1836 2025/2402/1838 2026/2401/1837
f 2026/2401/1837 2025/2402/1838 2027/2403/1839
f 2027/2403/1839 2025/2402/1838 2028/2404/1840
f 2027/2403/1839 2028/2404/1840 2029/2405/1841
f 2027/2403/1839 2029/2405/1841 2030/2406/1842
f 1839/2407/1843 2032/2408/1844 2031/2409/1845
f 2034/2410/1846 2220/2411/1847 2031/2409/1845
f 2031/2409/1845 2032/2408/1844 2034/2410/1846
f 2032/2408/1844 2033/2412/1848 2034/2410/1846
f 2035/2413/1849 2034/2410/1846 2033/2412/1848
f 2220/2411/1847 2034/2410/1846 2036/2414/1850
f 2034/2410/1846 2035/2413/1849 2036/2414/1850
f 2037/2415/1851 2036/2414/1850 2035/2413/1849
f 2036/2414/1850 2037/2415/1851 2039/2416/1852
f 2038/2417/1853 2036/2414/1850 2039/2416/1852
f 2043/2418/1854 2038/2417/1853 2039/2416/1852
f 2041/2419/1855 2219/2420/1856 2038/2417/1853
f 2041/2419/1855 2038/2417/1853 2043/2418/1854
f 2040/2421/1857 2043/2418/1854 2039/2416/1852
f 2044/2422/1858 2043/2418/1854 2040/2421/1857
f 2042/2423/1859 2041/2419/1855 2046/2424/1860
f 2046/2424/1860 2041/2419/1855 2043/2418/1854
f 2043/2418/1854 2044/2422/1858 2046/2424/1860
f 2045/2425/1861 2046/2424/1860 2044/2422/1858
f 2047/2426/1862 2046/2424/1860 2045/2425/1861
f 2048/2427/1863 2042/2423/1859 2046/2424/1860
f 2048/2427/1863 2046/2424/1860 2049/2428/1864
f 2046/2424/1860 2047/2426/1862 2050/2429/1865
f 2049/2428/1864 2046/2424/1860 2050/2429/1865
f 2051/2430/1866 2050/2429/1865 2047/2426/1862
f 2052/2431/1867 2050/2429/1865 2051/2430/1866
f 2050/2429/1865 2052/2431/1867 2053/2432/1868
f 2052/2431/1867 2054/2433/1869 2053/2432/1868
f 2049/2428/1864 2055/2434/1870 2048/2427/1863
f 2056/2435/1871 2053/2432/1868 2054/2433/1869
f 2053/2432/1868 2056/2435/1871 2055/2434/1872
f 2057/2436/1873 2056/2435/1871 2054/2433/1869
f 2058/2437/1874 2048/2427/1863 2055/2434/1870
f 1860/2207/1673 2048/2427/1863 2058/2437/1874
f 2060/2438/1875 2057/2436/1873 2059/2439/1876
f 2061/2440/1877 2058/2437/1874 2056/2435/1871
f 2056/2435/1871 2057/2436/1873 2061/2440/1877
f 2058/2437/1874 2061/2440/1877 1860/2207/1673
f 2057/2436/1873 2060/2438/1875 2061/2440/1877
f 2062/2441/1878 2061/2440/1877 2060/2438/1875
f 2062/2441/1878 1859/2205/1671 2061/2440/1877
f 1859/2205/1671 1860/2207/1673 2061/2440/1877
f 1829/2442/1652 2064/2443/1879 2063/2444/1651
f 2071/2445/1880 2063/2444/1651 2064/2443/1879
f 2064/2443/1879 2065/2446/1881 2071/2445/1880
f 2066/2447/1882 2071/2445/1880 2065/2446/1881
f 2068/2448/1883 2067/2449/1884 2066/2447/1882
f 2067/2449/1884 2069/2450/1885 2066/2447/1882
f 2069/2450/1885 2071/2445/1880 2066/2447/1882
f 2070/2451/1886 2071/2445/1880 2069/2450/1885
f 2072/2452/1887 2071/2445/1880 2070/2451/1886
f 2063/2444/1651 2071/2445/1880 2073/2453/1888
f 2071/2445/1880 2072/2452/1887 2073/2453/1888
f 2072/2452/1887 2074/2454/1889 2073/2453/1888
f 2073/2453/1888 2074/2454/1889 1806/2455/1890
f 2075/2456/1891 1806/2455/1890 2074/2454/1889
f 2077/2457/1892 1806/2455/1890 2075/2456/1891
f 2075/2456/1891 2076/2458/1893 2077/2457/1892
f 2076/2458/1893 2078/2459/1894 2077/2457/1892
f 2078/2459/1894 2079/2460/1895 2077/2457/1892
f 2081/2461/1896 2077/2457/1892 2079/2460/1895
f 2079/2460/1895 2080/2462/1897 2081/2461/1896
f 2080/2462/1897 2083/2463/1898 2081/2461/1896
f 2082/2464/1899 2083/2463/1898 2080/2462/1897
f 1841/2465/1900 2081/2461/1896 2083/2463/1898
f 2084/2466/1901 2083/2463/1898 2082/2464/1899
f 2084/2466/1901 2085/2467/1902 2083/2463/1898
f 2086/2468/1903 2083/2463/1898 2085/2467/1902
f 2083/2463/1898 2086/2468/1903 1840/2469/1583
f 1840/2469/1583 2086/2468/1903 1839/2470/1843
f 2085/2467/1902 2033/2471/1848 2086/2468/1903
f 2032/2472/1844 2086/2468/1903 2033/2471/1848
f 1839/2470/1843 2086/2468/1903 2032/2472/1844
f 2073/2473/1888 2087/2474/1567 2063/2475/1651
f 2087/2474/1567 2073/2473/1888 2088/2476/1572
f 1806/2477/1890 2088/2476/1572 2073/2473/1888
f 2088/2476/1572 1806/2477/1890 2089/2478/1574
f 2077/2479/1892 2089/2478/1574 1806/2477/1890
f 2089/2478/1574 2077/2479/1892 2090/2480/1579
f 2090/2480/1579 1744/2481/1577 2089/2478/1574
f 2081/2482/1896 2090/2480/1579 2077/2479/1892
f 2090/2480/1579 2081/2482/1896 1841/2483/1900
f 2090/2480/1579 1841/2483/1900 1746/2484/1578
f 1746/2484/1578 1841/2483/1900 1748/2485/1581
f 1840/2486/1583 1841/2483/1900 2083/2487/1898
f 1840/2486/1583 1748/2485/1581 1841/2483/1900
f 1840/2486/1583 1839/2488/1843 1749/2489/1584
f 1839/2488/1843 2221/2490/1904 1749/2489/1584
f 2092/2491/1905 2094/2492/1906 2091/2493/1907
f 2094/2492/1906 2092/2491/1905 2097/2494/1908
f 1856/2202/1668 1857/2204/1670 2097/2494/1908
f 2098/2495/1909 2097/2494/1908 2092/2491/1905
f 2097/2494/1908 2098/2495/1909 1856/2202/1668
f 2092/2491/1905 2093/2496/1910 2098/2495/1909
f 2099/2497/1911 1856/2202/1668 2098/2495/1909
f 2099/2497/1911 2098/2495/1909 2100/2498/1912
f 2101/2499/1913 1861/2500/1914 2100/2498/1912
f 2100/2498/1912 2098/2495/1909 2101/2499/1913
f 1861/2500/1914 2101/2499/1913 1862/2501/1915
f 2093/2496/1910 2095/2502/1916 2098/2495/1909
f 2095/2502/1916 2096/2503/1917 2098/2495/1909
f 2103/2504/1918 2098/2495/1909 2096/2503/1917
f 2103/2504/1918 2101/2499/1913 2098/2495/1909
f 2102/2505/1919 2103/2504/1918 2096/2503/1917
f 2101/2499/1913 2103/2504/1918 2116/2506/1920
f 2102/2505/1919 2105/2507/1921 2104/2508/1922
f 2103/2504/1918 2102/2505/1919 2104/2508/1922
f 2104/2508/1922 2113/2509/1923 2103/2504/1918
f 2116/2506/1920 2103/2504/1918 2113/2509/1923
f 2113/2509/1923 2104/2508/1922 2112/2510/1924
f 2104/2508/1922 2105/2507/1921 2107/2511/1925
f 2106/2512/1926 2107/2511/1925 2105/2507/1921
f 2112/2510/1924 2104/2508/1922 2107/2511/1925
f 2108/2513/1927 2109/2514/1928 2106/2512/1926
f 2110/2515/1929 2106/2512/1926 2109/2514/1928
f 2107/2511/1925 2106/2512/1926 2110/2515/1929
f 2110/2515/1929 2111/2516/1930 2107/2511/1925
f 2107/2511/1925 2111/2516/1930 2112/2510/1924
f 2111/2516/1930 1794/2517/1931 2112/2510/1924
f 2112/2510/1924 1794/2517/1931 2113/2509/1923
f 1795/2518/1932 2114/2519/1933 1794/2517/1931
f 2113/2509/1923 1794/2517/1931 2114/2519/1933
f 2115/2520/1934 2113/2509/1923 2114/2519/1933
f 2116/2506/1920 2113/2509/1923 2115/2520/1934
f 1862/2501/1915 2101/2499/1913 2116/2506/1920
f 2115/2520/1934 1862/2501/1915 2116/2506/1920
f 2118/2521/1935 2119/2522/1936 2117/2523/1937
f 2118/2521/1935 2065/2524/1881 2119/2522/1936
f 2065/2524/1881 2064/2525/1879 2119/2522/1936
f 2064/2525/1879 2120/2526/1938 2119/2522/1936
f 2120/2526/1938 2064/2525/1879 2121/2527/1939
f 2120/2526/1938 2121/2527/1939 2122/2528/1940
f 2064/2525/1879 1829/2529/1652 2121/2527/1939
f 1830/2530/1653 2121/2527/1939 1829/2529/1652
f 2122/2528/1940 2121/2527/1939 2123/2531/1941
f 2124/2532/1942 2123/2531/1941 2121/2527/1939
f 2121/2527/1939 1830/2530/1653 2124/2532/1942
f 2123/2531/1941 2124/2532/1942 2125/2533/1943
f 1831/2534/1654 2124/2532/1942 1830/2530/1653
f 1831/2534/1654 1832/2535/1655 2124/2532/1942
f 2128/2536/1944 2127/2537/1945 2126/2538/1946
f 2131/2539/1947 2126/2538/1946 2129/2540/1948
f 2129/2540/1948 2130/2541/1949 2131/2539/1947
f 2126/2538/1946 2131/2539/1947 2141/2542/1950
f 2145/2543/1951 2128/2536/1944 2126/2538/1946
f 2134/2544/1952 2131/2539/1947 2130/2541/1949
f 2130/2541/1949 2133/2545/1953 2134/2544/1952
f 2140/2546/1954 2141/2542/1950 2131/2539/1947
f 2133/2545/1953 2135/2547/1955 2134/2544/1952
f 2131/2539/1947 2134/2544/1952 2139/2548/1956
f 2139/2548/1956 2140/2546/1954 2131/2539/1947
f 2134/2544/1952 2135/2547/1955 2136/2549/1957
f 2136/2549/1957 2139/2548/1956 2134/2544/1952
f 1989/2550/1804 1985/2551/1800 2135/2547/1955
f 1985/2551/1800 2136/2549/1957 2135/2547/1955
f 2136/2549/1957 1985/2551/1800 2137/2552/1958
f 2137/2552/1958 1985/2551/1800 1984/2553/1799
f 2137/2552/1958 2139/2548/1956 2136/2549/1957
f 2137/2552/1958 1984/2553/1799 2138/2554/1959
f 1981/2555/1798 2138/2554/1959 1984/2553/1799
f 2137/2552/1958 2138/2554/1959 2139/2548/1956
f 2139/2548/1956 2142/2556/1960 2140/2546/1954
f 2142/2556/1960 2139/2548/1956 2138/2554/1959
f 2143/2557/1961 2140/2546/1954 2142/2556/1960
f 2144/2558/1962 2141/2542/1950 2140/2546/1954
f 2126/2538/1946 2141/2542/1950 2145/2543/1951
f 2145/2543/1951 2141/2542/1950 2144/2558/1962
f 2140/2546/1954 2143/2557/1961 2144/2558/1962
f 2146/2559/1963 2144/2558/1962 2143/2557/1961
f 2147/2560/1964 2145/2543/1951 2144/2558/1962
f 2144/2558/1962 2146/2559/1963 2147/2560/1964
f 2145/2543/1951 2147/2560/1964 2132/2561/1965
f 2319/2562/1966 2201/2563/1967 2147/2560/1964
f 2318/2564/1968 2143/2557/1961 2142/2556/1960
f 2138/2554/1959 2315/2565/1969 2142/2556/1960
f 2310/2566/1797 2315/2565/1969 2138/2554/1959
f 2138/2554/1959 1981/2555/1798 2310/2566/1797
f 1842/2567/1817 2124/2532/1942 1832/2535/1655
f 2124/2532/1942 1842/2567/1817 2125/2533/1943
f 2149/2568/1970 2125/2533/1943 1842/2567/1817
f 1842/2567/1817 2148/2569/1971 2149/2568/1970
f 1842/2567/1817 1843/2570/1815 2148/2569/1971
f 2150/2571/1972 2149/2568/1970 2148/2569/1971
f 2152/2572/1973 2150/2571/1972 2148/2569/1971
f 2150/2571/1972 2152/2572/1973 2151/2573/1974
f 2152/2572/1973 2148/2569/1971 1843/2570/1815
f 1843/2570/1815 1844/2574/1816 2152/2572/1973
f 2153/2575/1975 2152/2572/1973 1844/2574/1816
f 2153/2575/1975 2154/2576/1976 2152/2572/1973
f 2151/2573/1974 2152/2572/1973 2155/2577/1977
f 2155/2577/1977 2152/2572/1973 2154/2576/1976
f 2154/2576/1976 2156/2578/1978 2155/2577/1977
f 2156/2578/1978 2157/2579/1979 2155/2577/1977
f 2156/2580/1978 2154/2581/1976 2158/2582/1980
f 2159/2583/1981 2158/2582/1980 2160/2584/1982
f 2160/2584/1982 2158/2582/1980 2154/2581/1976
f 2154/2581/1976 2153/2585/1975 2160/2584/1982
f 2162/2586/1983 2160/2584/1982 2153/2585/1975
f 2162/2586/1983 2161/2587/1984 2160/2584/1982
f 2153/2585/1975 1844/2588/1816 2162/2586/1983
f 2162/2586/1983 2163/2589/1985 2161/2587/1984
f 2161/2587/1984 2163/2589/1985 2164/2590/1986
f 1864/2591/1987 2162/2586/1983 1844/2588/1816
f 2162/2586/1983 1864/2591/1987 2163/2589/1985
f 1863/2592/1674 1864/2591/1987 1844/2588/1816
f 2165/2593/1988 2164/2590/1986 2163/2589/1985
f 2163/2589/1985 1864/2591/1987 2165/2593/1988
f 2164/2590/1986 2165/2593/1988 2166/2594/1989
f 1864/2591/1987 1863/2595/1674 1865/2596/1676
f 1865/2596/1676 2165/2593/1988 1864/2591/1987
f 2166/2594/1989 2165/2593/1988 2168/2597/1990
f 2169/2598/1991 2165/2593/1988 1865/2596/1676
f 1866/2599/1675 2169/2598/1991 1865/2596/1676
f 2167/2600/1992 2168/2597/1990 2165/2593/1988
f 2165/2593/1988 2169/2598/1991 2167/2600/1992
f 1867/2601/1677 2169/2598/1991 1866/2599/1675
f 2168/2597/1990 2167/2600/1992 2170/2602/1993
f 2169/2598/1991 1867/2601/1677 2171/2603/1679
f 2171/2603/1679 2167/2600/1992 2169/2598/1991
f 2167/2600/1992 2175/2604/1994 2170/2602/1993
f 2167/2600/1992 2171/2603/1679 2175/2604/1994
f 2170/2602/1993 2175/2604/1994 2172/2605/1995
f 2171/2603/1679 1868/2606/1678 2177/2607/1996
f 2177/2607/1996 2175/2604/1994 2171/2603/1679
f 1868/2606/1678 1869/2608/1818 2177/2607/1996
f 2175/2604/1994 2173/2609/1997 2172/2605/1995
f 2174/2610/1998 2172/2605/1995 2173/2609/1997
f 2177/2607/1996 2176/2611/1999 2175/2604/1994
f 2178/2612/2000 2175/2604/1994 2176/2611/1999
f 2175/2604/1994 2178/2612/2000 2173/2609/1997
f 2176/2611/1999 2177/2607/1996 2179/2613/2001
f 2180/2614/2002 2178/2612/2000 2176/2611/1999
f 1846/2615/1657 2177/2607/1996 1869/2608/1818
f 2177/2607/1996 1846/2615/1657 2179/2613/2001
f 2000/2616/1658 1846/2615/1657 1869/2608/1818
f 2181/2617/2003 2179/2613/2001 1846/2615/1657
f 1846/2615/1657 2182/2618/1661 2181/2617/2003
f 1846/2615/1657 1845/2619/1656 2182/2618/1661
f 2183/2620/2004 2181/2617/2003 2182/2618/1661
f 2002/2621/1659 2182/2618/1661 1845/2619/1656
f 2184/2622/2005 2183/2620/2004 2182/2618/1661
f 2182/2618/1661 1848/2623/1663 2184/2622/2005
f 2182/2618/1661 1847/2624/1660 1848/2623/1663
f 1848/2623/1663 1849/2625/1662 1850/2626/1664
f 1848/2623/1663 1850/2626/1664 2184/2622/2005
f 2186/2627/2006 2184/2622/2005 1850/2626/1664
f 2184/2622/2005 2186/2627/2006 2185/2628/2007
f 2185/2628/2007 2186/2627/2006 2187/2629/2008
f 2187/2629/2008 2186/2627/2006 2190/2630/2009
f 2188/2631/2010 2190/2630/2009 2186/2627/2006
f 2186/2627/2006 1850/2626/1664 2188/2631/2010
f 1850/2626/1664 1851/2632/1665 2189/2633/2011
f 2189/2633/2011 2188/2631/2010 1850/2626/1664
f 2189/2633/2011 1851/2632/1665 2192/2634/1667
f 2192/2634/1667 2188/2631/2010 2189/2633/2011
f 2191/2635/2012 2190/2630/2009 2188/2631/2010
f 2188/2631/2010 2192/2634/1667 2191/2635/2012
f 1852/2636/1666 1853/2637/1820 2192/2634/1667
f 2193/2638/2013 2192/2634/1667 1853/2637/1820
f 2192/2634/1667 2193/2638/2013 2191/2635/2012
f 2195/2639/2014 2190/2630/2009 2191/2635/2012
f 2191/2635/2012 2194/2640/2015 2195/2639/2014
f 2194/2640/2015 2191/2635/2012 2193/2638/2013
f 2193/2638/2013 1853/2637/1820 2196/2641/2016
f 2196/2641/2016 2194/2640/2015 2193/2638/2013
f 1854/2642/1822 2196/2641/2016 1853/2637/1820
f 1906/2643/1715 2195/2639/2014 2194/2640/2015
f 1854/2642/1822 1828/2644/1650 2196/2641/2016
f 1905/2645/1718 2196/2641/2016 1828/2644/1650
f 1905/2645/1718 1907/2646/1716 2196/2641/2016
f 2194/2640/2015 2196/2641/2016 1907/2646/1716
f 1907/2646/1716 1906/2643/1715 2194/2640/2015
f 2197/2647/2017 2174/2610/1998 2198/2648/2018
f 2173/2609/1997 2198/2648/2018 2174/2610/1998
f 2199/2649/2019 2180/2614/2002 2200/2650/2020
f 2178/2612/2000 2198/2648/2018 2173/2609/1997
f 2198/2648/2018 2178/2612/2000 2199/2649/2019
f 2178/2612/2000 2180/2614/2002 2199/2649/2019
f 2146/2651/1963 2143/2652/1961 2318/2653/1968
f 2204/2654/2021 2202/2655/2022 2203/2656/2023
f 2387/2657/2024 2204/2654/2021 2203/2656/2023
f 2208/2658/2025 2205/2659/2026 2206/2660/2027
f 2207/2661/2028 2208/2658/2025 2206/2660/2027
f 2208/2658/2025 2207/2661/2028 1802/2662/1633
f 2208/2658/2025 1802/2662/1633 1804/2663/1632
f 2211/2664/2029 2209/2665/2030 2210/2666/2031
f 2209/2665/2030 2211/2664/2029 2212/2667/2032
f 2213/2668/2033 2212/2667/2032 2211/2664/2029
f 2214/2669/2034 2215/2670/2035 2211/2664/2029
f 2215/2670/2035 2214/2669/2034 2217/2671/2036
f 2216/2672/2037 2217/2671/2036 2214/2669/2034
f 2217/2671/2036 2216/2672/2037 2218/2673/2038
f 2217/2671/2036 2218/2673/2038 2433/2674/2039
f 2433/2674/2039 2218/2673/2038 2437/2675/2040
f 2438/2676/2041 2437/2675/2040 2218/2673/2038
f 2147/2677/1964 2146/2651/1963 2319/2678/1966
f 2220/2679/1847 2221/2680/1904 2031/2681/1845
f 2031/2681/1845 2221/2680/1904 1839/2682/1843
f 2225/2683/2042 2222/2684/2043 2223/2685/2044
f 2223/2685/2044 2224/2686/2045 2225/2683/2042
f 2224/2686/2045 2226/2687/2046 2225/2683/2042
f 1978/2688/1791 1976/2689/1790 2227/2690/1796
f 1726/2691/1587 2543/2692/2047 1725/2693/1555
f 1726/2691/1587 1727/2694/1588 2543/2692/2047
f 2302/2695/2048 2543/2692/2047 1727/2694/1588
f 2543/2692/2047 2302/2695/2048 2228/2696/2049
f 1734/2697/1563 2228/2696/2049 1736/2698/1565
f 1778/2699/1616 2229/2700/2050 2004/2701/1823
f 1778/2699/1616 1780/2702/1617 2229/2700/2050
f 2004/2701/1823 2230/2703/2051 1828/2704/1650
f 2004/2701/1823 2229/2700/2050 2230/2703/2051
f 1827/2705/1647 1828/2704/1650 2230/2703/2051
f 2231/2706/2052 2230/2703/2051 2229/2700/2050
f 2229/2700/2050 1780/2702/1617 2231/2706/2052
f 2230/2703/2051 2232/2707/2053 1827/2705/1647
f 1827/2705/1647 2232/2707/2053 1825/2708/1648
f 2230/2703/2051 2231/2706/2052 2232/2707/2053
f 2233/2709/2054 1825/2708/1648 2232/2707/2053
f 1825/2708/1648 2233/2709/2054 1918/2710/1729
f 2233/2709/2054 2232/2707/2053 2234/2711/2055
f 2232/2707/2053 2235/2712/2056 2234/2711/2055
f 2235/2712/2056 2232/2707/2053 2231/2706/2052
f 2236/2713/2057 2231/2706/2052 1780/2702/1617
f 2235/2712/2056 2231/2706/2052 2237/2714/2058
f 2235/2712/2056 2237/2714/2058 2241/2715/2059
f 2241/2715/2059 2238/2716/2060 2235/2712/2056
f 2239/2717/2061 2238/2716/2060 1923/2718/1733
f 2238/2716/2060 2240/2719/1734 1923/2718/1733
f 2240/2719/1734 2238/2716/2060 2241/2715/2059
f 2245/2720/2062 2246/2721/1738 2240/2719/1734
f 2245/2720/2062 2240/2719/1734 2241/2715/2059
f 2241/2715/2059 2237/2714/2058 2243/2722/2063
f 2241/2715/2059 2243/2722/2063 2242/2723/2064
f 2237/2714/2058 2231/2706/2052 2243/2722/2063
f 2243/2722/2063 2231/2706/2052 2236/2713/2057
f 2242/2723/2064 2243/2722/2063 2286/2724/2065
f 2241/2715/2059 2242/2723/2064 2244/2725/2066
f 2244/2725/2066 2242/2723/2064 2286/2724/2065
f 2241/2715/2059 2244/2725/2066 2245/2720/2062
f 2288/2726/2067 2245/2720/2062 2244/2725/2066
f 1928/2727/1741 2246/2721/1738 2247/2728/2068
f 2247/2728/2068 2246/2721/1738 2245/2720/2062
f 2245/2720/2062 2288/2726/2067 2247/2728/2068
f 1928/2727/1741 2247/2728/2068 2248/2729/2069
f 1928/2727/1741 2248/2729/2069 1931/2730/1743
f 2249/2731/2070 2248/2729/2069 2247/2728/2068
f 2247/2728/2068 2289/2732/2071 2249/2731/2070
f 2289/2732/2071 2247/2728/2068 2288/2726/2067
f 2249/2731/2070 2289/2732/2071 2248/2729/2069
f 2250/2733/2072 1931/2730/1743 2248/2729/2069
f 2251/2734/2073 2250/2733/2072 2248/2729/2069
f 2251/2734/2073 2248/2729/2069 2289/2732/2071
f 2254/2735/2074 1931/2730/1743 2250/2733/2072
f 2254/2735/2074 1963/2736/1778 1931/2730/1743
f 2251/2734/2073 2252/2737/2075 2250/2733/2072
f 2250/2733/2072 2252/2737/2075 2254/2735/2074
f 1963/2736/1778 2254/2735/2074 2253/2738/2076
f 2253/2738/2076 1965/2739/1779 1963/2736/1778
f 2253/2738/2076 2254/2735/2074 2255/2740/2077
f 1965/2739/1779 2253/2738/2076 2257/2741/2078
f 1965/2739/1779 2257/2741/2078 1968/2742/1780
f 2253/2738/2076 2255/2740/2077 2256/2743/2079
f 2257/2741/2078 2253/2738/2076 2256/2743/2079
f 2257/2741/2078 2258/2744/2080 1968/2742/1780
f 2258/2744/2080 1967/2745/1783 1968/2742/1780
f 1967/2745/1783 2258/2744/2080 2260/2746/1787
f 2261/2747/2081 2258/2744/2080 2259/2748/2082
f 2258/2744/2080 2262/2749/2083 2260/2746/1787
f 2262/2749/2083 2258/2744/2080 2261/2747/2081
f 2260/2746/1787 2304/2750/2084 1975/2751/1788
f 2260/2746/1787 2305/2752/2085 2304/2750/2084
f 2305/2752/2085 2260/2746/1787 2263/2753/2086
f 2305/2752/2085 2263/2753/2086 2264/2754/2087
f 2263/2753/2086 2260/2746/1787 2262/2749/2083
f 2531/2755/2088 2264/2754/2087 2529/2756/2089
f 2264/2754/2087 2265/2757/2090 2529/2756/2089
f 2265/2757/2090 2264/2754/2087 2263/2753/2086
f 2263/2753/2086 2262/2749/2083 2265/2757/2090
f 2529/2756/2089 2265/2757/2090 2527/2758/2091
f 2262/2749/2083 2261/2747/2081 2265/2757/2090
f 2266/2759/2092 2527/2758/2091 2265/2757/2090
f 2266/2759/2092 2265/2757/2090 2261/2747/2081
f 2261/2747/2081 2259/2748/2082 2266/2759/2092
f 2267/2760/2093 2527/2758/2091 2266/2759/2092
f 2267/2760/2093 2266/2759/2092 2259/2748/2082
f 2525/2761/2094 2527/2758/2091 2267/2760/2093
f 2259/2748/2082 2258/2744/2080 2268/2762/2095
f 2257/2741/2078 2268/2762/2095 2258/2744/2080
f 2259/2748/2082 2268/2762/2095 2267/2760/2093
f 2523/2763/2096 2525/2761/2094 2267/2760/2093
f 2274/2764/2097 2523/2763/2096 2267/2760/2093
f 2267/2760/2093 2268/2762/2095 2274/2764/2097
f 2257/2741/2078 2256/2743/2079 2268/2762/2095
f 2269/2765/2098 2268/2762/2095 2256/2743/2079
f 2268/2762/2095 2269/2765/2098 2274/2764/2097
f 2270/2766/2099 2269/2765/2098 2256/2743/2079
f 2255/2740/2077 2270/2766/2099 2256/2743/2079
f 2255/2740/2077 2254/2735/2074 2271/2767/2100
f 2252/2737/2075 2271/2767/2100 2254/2735/2074
f 2272/2768/2101 2270/2766/2099 2255/2740/2077
f 2255/2740/2077 2271/2767/2100 2272/2768/2101
f 2271/2767/2100 2252/2737/2075 2273/2769/2102
f 2251/2734/2073 2273/2769/2102 2252/2737/2075
f 2269/2765/2098 2270/2766/2099 2274/2764/2097
f 2522/2770/2103 2523/2763/2096 2274/2764/2097
f 2275/2771/2104 2522/2770/2103 2274/2764/2097
f 2275/2771/2104 2274/2764/2097 2270/2766/2099
f 2270/2766/2099 2272/2768/2101 2275/2771/2104
f 2275/2771/2104 2276/2772/2105 2522/2770/2103
f 2276/2772/2105 2275/2771/2104 2272/2768/2101
f 2519/2773/2106 2522/2770/2103 2276/2772/2105
f 2276/2772/2105 2272/2768/2101 2277/2774/2107
f 2272/2768/2101 2271/2767/2100 2277/2774/2107
f 2273/2769/2102 2277/2774/2107 2271/2767/2100
f 2289/2732/2071 2273/2769/2102 2251/2734/2073
f 2278/2775/2108 2276/2772/2105 2277/2774/2107
f 2276/2772/2105 2278/2775/2108 2519/2773/2106
f 2281/2776/2109 2519/2773/2106 2278/2775/2108
f 2277/2774/2107 2279/2777/2110 2278/2775/2108
f 2279/2777/2110 2277/2774/2107 2273/2769/2102
f 2273/2769/2102 2280/2778/2111 2279/2777/2110
f 2281/2776/2109 2278/2775/2108 2279/2777/2110
f 2281/2776/2109 2282/2779/2112 2515/2780/2113
f 2282/2779/2112 2281/2776/2109 2279/2777/2110
f 2280/2778/2111 2283/2781/2114 2279/2777/2110
f 2279/2777/2110 2284/2782/2115 2282/2779/2112
f 2513/2783/2116 2515/2780/2113 2282/2779/2112
f 2284/2782/2115 2279/2777/2110 2285/2784/2117
f 2285/2784/2117 2279/2777/2110 2283/2781/2114
f 2292/2785/2118 2513/2783/2116 2282/2779/2112
f 2513/2783/2116 2292/2785/2118 2294/2786/2119
f 2284/2782/2115 2290/2787/2120 2282/2779/2112
f 2292/2785/2118 2282/2779/2112 2290/2787/2120
f 2290/2787/2120 2284/2782/2115 2287/2788/2121
f 2285/2784/2117 2287/2788/2121 2284/2782/2115
f 2285/2784/2117 2243/2722/2063 2287/2788/2121
f 2243/2722/2063 2285/2784/2117 2286/2724/2065
f 2236/2713/2057 2287/2788/2121 2243/2722/2063
f 2283/2781/2114 2286/2724/2065 2285/2784/2117
f 2244/2725/2066 2286/2724/2065 2288/2726/2067
f 2286/2724/2065 2283/2781/2114 2288/2726/2067
f 2280/2778/2111 2288/2726/2067 2283/2781/2114
f 2288/2726/2067 2280/2778/2111 2289/2732/2071
f 2273/2769/2102 2289/2732/2071 2280/2778/2111
f 2287/2788/2121 2291/2789/2122 2290/2787/2120
f 2287/2788/2121 2236/2713/2057 2291/2789/2122
f 2290/2787/2120 2293/2790/2123 2292/2785/2118
f 2293/2790/2123 2290/2787/2120 2291/2789/2122
f 2294/2786/2119 2292/2785/2118 2293/2790/2123
f 2295/2791/2124 2291/2789/2122 2236/2713/2057
f 2295/2791/2124 2236/2713/2057 1780/2702/1617
f 2510/2792/2125 2294/2786/2119 2293/2790/2123
f 2293/2790/2123 2296/2793/2126 2510/2792/2125
f 2291/2789/2122 2297/2794/2127 2293/2790/2123
f 2296/2793/2126 2293/2790/2123 2297/2794/2127
f 2291/2789/2122 2295/2791/2124 2297/2794/2127
f 2296/2793/2126 2507/2795/2128 2510/2792/2125
f 2298/2796/2129 2507/2795/2128 2296/2793/2126
f 2507/2795/2128 2298/2796/2129 2353/2797/2130
f 2298/2796/2129 2299/2798/2131 2353/2797/2130
f 2298/2796/2129 2296/2793/2126 2300/2799/2132
f 2300/2799/2132 2296/2793/2126 2297/2794/2127
f 1736/2698/1565 2297/2794/2127 2295/2791/2124
f 2297/2794/2127 1736/2698/1565 2300/2799/2132
f 2301/2800/2133 2300/2799/2132 1736/2698/1565
f 1736/2698/1565 2295/2791/2124 1738/2801/1566
f 1780/2702/1617 1738/2801/1566 2295/2791/2124
f 2301/2800/2133 1736/2698/1565 2228/2696/2049
f 2301/2800/2133 2228/2696/2049 2302/2695/2048
f 2303/2802/2134 2264/2803/2087 2531/2804/2088
f 2264/2803/2087 2303/2802/2134 2305/2805/2085
f 2531/2804/2088 2534/2806/2135 2303/2802/2134
f 1976/2689/1790 1975/2807/1788 2304/2808/2084
f 2303/2802/2134 2306/2809/2136 2305/2805/2085
f 1976/2689/1790 2304/2808/2084 2309/2810/2137
f 2307/2811/2138 2304/2808/2084 2305/2805/2085
f 2304/2808/2084 2307/2811/2138 2309/2810/2137
f 2305/2805/2085 2306/2809/2136 2307/2811/2138
f 2303/2802/2134 2534/2806/2135 2306/2809/2136
f 2534/2806/2135 2536/2812/2139 2306/2809/2136
f 2306/2809/2136 2536/2812/2139 2308/2813/2140
f 2536/2812/2139 2538/2814/2141 2308/2813/2140
f 2306/2809/2136 2308/2813/2140 2307/2811/2138
f 2227/2690/1796 1976/2689/1790 2309/2810/2137
f 2307/2811/2138 2308/2813/2140 2312/2815/2142
f 2312/2815/2142 2309/2810/2137 2307/2811/2138
f 2227/2690/1796 2309/2810/2137 2310/2816/1797
f 2309/2810/2137 2312/2815/2142 2310/2816/1797
f 2311/2817/2143 2312/2815/2142 2308/2813/2140
f 2311/2817/2143 2308/2813/2140 2538/2814/2141
f 2538/2814/2141 2540/2818/2144 2311/2817/2143
f 2542/2819/2145 2311/2817/2143 2540/2818/2144
f 2315/2820/1969 2310/2816/1797 2312/2815/2142
f 2314/2821/2146 2312/2815/2142 2311/2817/2143
f 2313/2822/2147 2311/2817/2143 2542/2819/2145
f 2313/2822/2147 2314/2821/2146 2311/2817/2143
f 2312/2815/2142 2314/2821/2146 2315/2820/1969
f 2318/2653/1968 2142/2823/1960 2315/2820/1969
f 2316/2824/2148 2314/2821/2146 2313/2822/2147
f 2314/2821/2146 2316/2824/2148 2315/2820/1969
f 2315/2820/1969 2317/2825/2149 2318/2653/1968
f 2317/2825/2149 2315/2820/1969 2316/2824/2148
f 2319/2678/1966 2146/2651/1963 2318/2653/1968
f 2318/2653/1968 2320/2826/2150 2319/2678/1966
f 2202/2655/2022 2201/2827/1967 2319/2678/1966
f 2322/2828/2151 2202/2655/2022 2319/2678/1966
f 2202/2655/2022 2322/2828/2151 2203/2656/2023
f 2321/2829/2152 2203/2656/2023 2322/2828/2151
f 2322/2828/2151 2319/2678/1966 2323/2830/2153
f 2320/2826/2150 2323/2830/2153 2319/2678/1966
f 2323/2830/2153 2389/2831/2154 2322/2828/2151
f 2320/2826/2150 2324/2832/2155 2323/2830/2153
f 2389/2831/2154 2321/2829/2152 2322/2828/2151
f 2324/2832/2155 2334/2833/2156 2323/2830/2153
f 2324/2832/2155 2320/2826/2150 2325/2834/2157
f 2320/2826/2150 2318/2653/1968 2325/2834/2157
f 2317/2825/2149 2325/2834/2157 2318/2653/1968
f 2317/2825/2149 2316/2824/2148 2326/2835/2158
f 2317/2825/2149 2326/2835/2158 2325/2834/2157
f 2316/2824/2148 2313/2822/2147 2326/2835/2158
f 2328/2836/2159 2326/2835/2158 2313/2822/2147
f 2542/2819/2145 2328/2836/2159 2313/2822/2147
f 2542/2819/2145 2327/2837/2160 2328/2836/2159
f 2327/2837/2160 1833/2838/2161 2328/2836/2159
f 2329/2839/2162 2325/2834/2157 2326/2835/2158
f 2329/2839/2162 2326/2835/2158 2328/2836/2159
f 2325/2834/2157 2329/2839/2162 2324/2832/2155
f 2330/2840/2163 2328/2836/2159 1833/2838/2161
f 2329/2839/2162 2328/2836/2159 2330/2840/2163
f 2329/2839/2162 2331/2841/2164 2324/2832/2155
f 2331/2841/2164 2329/2839/2162 2330/2840/2163
f 2334/2833/2156 2324/2832/2155 2331/2841/2164
f 2330/2840/2163 1833/2838/2161 2332/2842/2165
f 2332/2842/2165 2331/2841/2164 2330/2840/2163
f 1834/2843/2166 2332/2842/2165 1833/2838/2161
f 2331/2841/2164 2333/2844/2167 2334/2833/2156
f 2333/2844/2167 2331/2841/2164 2332/2842/2165
f 2332/2842/2165 1834/2843/2166 2333/2844/2167
f 1835/2845/2168 2333/2844/2167 1834/2843/2166
f 2333/2844/2167 1835/2845/2168 2335/2846/2169
f 2334/2833/2156 2333/2844/2167 2337/2847/2170
f 1836/2848/2171 2335/2846/2169 1835/2845/2168
f 2333/2844/2167 2335/2846/2169 2337/2847/2170
f 2336/2849/2172 2335/2846/2169 1836/2848/2171
f 2335/2846/2169 2336/2849/2172 2337/2847/2170
f 1837/2850/2173 2336/2849/2172 1836/2848/2171
f 2339/2851/2174 2337/2847/2170 2336/2849/2172
f 2336/2849/2172 1837/2850/2173 2339/2851/2174
f 1838/2852/2175 2338/2853/2176 1837/2850/2173
f 1837/2850/2173 2338/2853/2176 2339/2851/2174
f 2338/2853/2176 1838/2852/2175 2340/2854/2177
f 2493/2855/2178 2340/2854/2177 1838/2852/2175
f 2342/2856/2179 2338/2853/2176 2340/2854/2177
f 2341/2857/2180 2340/2854/2177 2493/2855/2178
f 2493/2855/2178 2495/2858/2181 2341/2857/2180
f 2340/2854/2177 2341/2857/2180 2342/2856/2179
f 2344/2859/2182 2341/2857/2180 2495/2858/2181
f 2495/2858/2181 2498/2860/2183 2344/2859/2182
f 2345/2861/2184 2342/2856/2179 2341/2857/2180
f 2341/2857/2180 2344/2859/2182 2345/2861/2184
f 2342/2856/2179 2345/2861/2184 2347/2862/2185
f 2347/2862/2185 2343/2863/2186 2342/2856/2179
f 2346/2864/2187 2344/2859/2182 2498/2860/2183
f 2498/2860/2183 2501/2865/2188 2346/2864/2187
f 2344/2859/2182 2346/2864/2187 2345/2861/2184
f 2348/2866/2189 2345/2861/2184 2346/2864/2187
f 2352/2867/2190 2346/2864/2187 2501/2865/2188
f 2501/2865/2188 2504/2868/2191 2352/2867/2190
f 2346/2864/2187 2352/2867/2190 2348/2866/2189
f 2345/2861/2184 2348/2866/2189 2349/2869/2192
f 2349/2869/2192 2347/2862/2185 2345/2861/2184
f 2351/2870/2193 2348/2866/2189 2352/2867/2190
f 2348/2866/2189 2351/2870/2193 2350/2871/2194
f 2350/2871/2194 2349/2869/2192 2348/2866/2189
f 2352/2867/2190 2504/2868/2191 2299/2798/2131
f 2353/2797/2130 2299/2798/2131 2504/2868/2191
f 2354/2872/2195 2351/2870/2193 2352/2867/2190
f 2352/2867/2190 2299/2798/2131 2354/2872/2195
f 2298/2796/2129 2354/2872/2195 2299/2798/2131
f 2300/2799/2132 2355/2873/2196 2298/2796/2129
f 2354/2872/2195 2298/2796/2129 2355/2873/2196
f 2300/2799/2132 2301/2800/2133 2355/2873/2196
f 2350/2871/2194 2354/2872/2195 2355/2873/2196
f 2351/2870/2193 2354/2872/2195 2350/2871/2194
f 2302/2695/2048 1727/2694/1588 2301/2800/2133
f 2301/2800/2133 1727/2694/1588 2380/2874/2197
f 2380/2874/2197 2355/2873/2196 2301/2800/2133
f 2355/2873/2196 2380/2874/2197 2350/2871/2194
f 1727/2694/1588 2356/2875/2198 2380/2874/2197
f 1752/2876/1586 2356/2875/2198 1727/2694/1588
f 2356/2875/2198 1752/2876/1586 1751/2877/1585
f 2357/2878/2199 1751/2877/1585 1749/2879/1584
f 2357/2878/2199 1749/2879/1584 2221/2680/1904
f 1751/2877/1585 2357/2878/2199 2356/2875/2198
f 2357/2878/2199 2221/2680/1904 2358/2880/2200
f 2220/2679/1847 2358/2880/2200 2221/2680/1904
f 2379/2881/2201 2356/2875/2198 2357/2878/2199
f 2358/2880/2200 2220/2679/1847 2359/2882/2202
f 2358/2880/2200 2379/2881/2201 2357/2878/2199
f 2036/2883/1850 2359/2882/2202 2220/2679/1847
f 2359/2882/2202 2036/2883/1850 2360/2884/2203
f 2038/2885/1853 2360/2884/2203 2036/2883/1850
f 2358/2880/2200 2359/2882/2202 2376/2886/2204
f 2358/2880/2200 2376/2886/2204 2379/2881/2201
f 2375/2887/2205 2359/2882/2202 2360/2884/2203
f 2360/2884/2203 2038/2885/1853 2219/2888/1856
f 2219/2888/1856 2363/2889/2206 2360/2884/2203
f 2219/2888/1856 2041/2890/1855 2361/2891/2207
f 2042/2892/1859 2361/2891/2207 2041/2890/1855
f 2361/2891/2207 2042/2892/1859 2362/2893/2208
f 2048/2894/1863 2362/2893/2208 2042/2892/1859
f 2048/2894/1863 1860/2895/1673 2362/2893/2208
f 2363/2889/2206 2219/2888/1856 2367/2896/2209
f 2361/2891/2207 2367/2896/2209 2219/2888/1856
f 2367/2896/2209 2373/2897/2210 2363/2889/2206
f 2361/2891/2207 2362/2893/2208 2367/2896/2209
f 2364/2898/2211 2362/2893/2208 1860/2895/1673
f 1860/2895/1673 1858/2899/1672 2364/2898/2211
f 2222/2684/2043 2364/2898/2211 1858/2899/1672
f 2364/2898/2211 2222/2684/2043 2366/2900/2212
f 1858/2899/1672 2223/2685/2044 2222/2684/2043
f 2364/2898/2211 2365/2901/2213 2362/2893/2208
f 2367/2896/2209 2362/2893/2208 2365/2901/2213
f 2366/2900/2212 2222/2684/2043 2368/2902/2214
f 2222/2684/2043 2225/2683/2042 2368/2902/2214
f 2373/2897/2210 2367/2896/2209 2369/2903/2215
f 2367/2896/2209 2365/2901/2213 2369/2903/2215
f 2373/2897/2210 2369/2903/2215 2370/2904/2216
f 2371/2905/2217 2370/2904/2216 2369/2903/2215
f 2369/2903/2215 2365/2901/2213 2372/2906/2218
f 2374/2907/2219 2363/2889/2206 2373/2897/2210
f 2366/2900/2212 2365/2901/2213 2364/2898/2211
f 2363/2889/2206 2374/2907/2219 2375/2887/2205
f 2375/2887/2205 2360/2884/2203 2363/2889/2206
f 2376/2886/2204 2359/2882/2202 2375/2887/2205
f 2375/2887/2205 2374/2907/2219 2376/2886/2204
f 2377/2908/2220 2376/2886/2204 2374/2907/2219
f 2376/2886/2204 2377/2908/2220 2379/2881/2201
f 2356/2875/2198 2379/2881/2201 2380/2874/2197
f 2374/2907/2219 2378/2909/2221 2377/2908/2220
f 2377/2908/2220 2378/2909/2221 2379/2881/2201
f 2380/2874/2197 2379/2881/2201 2378/2909/2221
f 2378/2909/2221 2350/2871/2194 2380/2874/2197
f 2349/2869/2192 2350/2871/2194 2378/2909/2221
f 2378/2909/2221 2370/2904/2216 2349/2869/2192
f 2378/2909/2221 2374/2907/2219 2370/2904/2216
f 2347/2862/2185 2349/2869/2192 2370/2904/2216
f 2373/2897/2210 2370/2904/2216 2374/2907/2219
f 2370/2904/2216 2371/2905/2217 2347/2862/2185
f 2343/2863/2186 2347/2862/2185 2371/2905/2217
f 2369/2903/2215 2372/2906/2218 2371/2905/2217
f 2371/2905/2217 2381/2910/2222 2343/2863/2186
f 2381/2910/2222 2371/2905/2217 2372/2906/2218
f 2342/2856/2179 2343/2863/2186 2381/2910/2222
f 2338/2853/2176 2342/2856/2179 2381/2910/2222
f 2381/2910/2222 2382/2911/2223 2338/2853/2176
f 2381/2910/2222 2372/2906/2218 2382/2911/2223
f 2339/2851/2174 2338/2853/2176 2382/2911/2223
f 2372/2906/2218 2383/2912/2224 2382/2911/2223
f 2372/2906/2218 2365/2901/2213 2383/2912/2224
f 2368/2902/2214 2365/2901/2213 2366/2900/2212
f 2382/2911/2223 2384/2913/2225 2339/2851/2174
f 2337/2847/2170 2339/2851/2174 2384/2913/2225
f 2365/2901/2213 2368/2902/2214 2385/2914/2226
f 2365/2901/2213 2385/2914/2226 2383/2912/2224
f 2384/2913/2225 2382/2911/2223 2383/2912/2224
f 2384/2913/2225 2390/2915/2227 2337/2847/2170
f 2390/2915/2227 2384/2913/2225 2383/2912/2224
f 2385/2914/2226 2388/2916/2228 2383/2912/2224
f 2385/2914/2226 2386/2917/2229 2388/2916/2228
f 2368/2902/2214 2386/2917/2229 2385/2914/2226
f 2368/2902/2214 2225/2683/2042 2386/2917/2229
f 2225/2683/2042 2226/2687/2046 2386/2917/2229
f 2226/2687/2046 2387/2657/2024 2386/2917/2229
f 2387/2657/2024 2203/2656/2023 2386/2917/2229
f 2203/2656/2023 2388/2916/2228 2386/2917/2229
f 2388/2916/2228 2203/2656/2023 2321/2829/2152
f 2388/2916/2228 2321/2829/2152 2389/2831/2154
f 2389/2831/2154 2383/2912/2224 2388/2916/2228
f 2383/2912/2224 2389/2831/2154 2390/2915/2227
f 2334/2833/2156 2337/2847/2170 2390/2915/2227
f 2390/2915/2227 2323/2830/2153 2334/2833/2156
f 2390/2915/2227 2389/2831/2154 2323/2830/2153
f 2393/2918/2230 2209/2665/2030 2391/2919/2231
f 2209/2665/2030 2393/2918/2230 2210/2666/2031
f 2391/2919/2231 2392/2920/2232 2393/2918/2230
f 2394/2921/2233 2393/2918/2230 2392/2920/2232
f 2396/2922/2234 2394/2921/2233 2392/2920/2232
f 2392/2920/2232 2395/2923/2235 2396/2922/2234
f 2397/2924/2236 2396/2922/2234 2395/2923/2235
f 2398/2925/2237 2397/2924/2236 2395/2923/2235
f 2399/2926/2238 2397/2924/2236 2398/2925/2237
f 2398/2925/2237 2401/2927/2239 2399/2926/2238
f 2400/2928/2240 2399/2926/2238 2401/2927/2239
f 2402/2929/2241 2400/2928/2240 2401/2927/2239
f 2400/2928/2240 2402/2929/2241 2403/2930/2242
f 2404/2931/2243 2403/2930/2242 2402/2929/2241
f 2405/2932/2244 2404/2931/2243 2402/2929/2241
f 2404/2931/2243 2405/2932/2244 2406/2933/2245
f 2407/2934/2246 2406/2933/2245 2405/2932/2244
f 2408/2935/2247 2407/2934/2246 2405/2932/2244
f 2407/2934/2246 2408/2935/2247 2409/2936/2248
f 2410/2937/2249 2409/2936/2248 2408/2935/2247
f 2409/2936/2248 2410/2937/2249 2411/2938/2250
f 2411/2938/2250 2410/2937/2249 2413/2939/2251
f 2412/2940/2252 2413/2939/2251 2410/2937/2249
f 2413/2939/2251 2412/2940/2252 2414/2941/2253
f 2414/2941/2253 2412/2940/2252 2415/2942/2254
f 2416/2943/2255 2415/2942/2254 2412/2940/2252
f 2415/2942/2254 2416/2943/2255 2417/2944/2256
f 2418/2945/2257 2415/2942/2254 2417/2944/2256
f 2417/2944/2256 2416/2943/2255 2418/2945/2257
f 2418/2945/2257 2416/2943/2255 2420/2946/2258
f 2419/2947/2259 2420/2946/2258 2416/2943/2255
f 2421/2948/2260 2419/2947/2259 2422/2949/2261
f 2420/2946/2258 2419/2947/2259 2421/2948/2260
f 2419/2947/2259 2423/2950/2262 2422/2949/2261
f 2419/2947/2259 2424/2951/2263 2423/2950/2262
f 2424/2951/2263 2425/2952/2264 2423/2950/2262
f 2424/2951/2263 2426/2953/2265 2425/2952/2264
f 2424/2951/2263 2427/2954/2266 2426/2953/2265
f 2427/2954/2266 2428/2955/2267 2426/2953/2265
f 2427/2954/2266 2429/2956/2268 2428/2955/2267
f 2427/2954/2266 2430/2957/2269 2429/2956/2268
f 2430/2957/2269 2431/2958/2270 2429/2956/2268
f 2432/2959/2271 2431/2958/2270 2430/2957/2269
f 2430/2957/2269 2433/2960/2039 2432/2959/2271
f 2434/2961/2272 2432/2959/2271 2433/2960/2039
f 2433/2960/2039 2437/2962/2040 2434/2961/2272
f 2436/2963/2273 2435/2964/2274 2438/2676/2041
f 2437/2675/2040 2438/2676/2041 2435/2964/2274
f 2436/2963/2275 2218/2673/2038 2439/2965/2276
f 2218/2673/2038 2216/2672/2037 2439/2965/2276
f 2440/2966/2277 2439/2965/2276 2216/2672/2037
f 2216/2672/2037 2214/2669/2034 2440/2966/2277
f 2441/2967/2278 2440/2966/2277 2214/2669/2034
f 2214/2669/2034 2211/2664/2029 2441/2967/2278
f 2442/2968/2279 2441/2967/2278 2211/2664/2029
f 2211/2664/2029 2210/2666/2031 2442/2968/2279
f 2443/2969/2280 2210/2666/2031 2444/2970/2281
f 2444/2970/2281 2210/2666/2031 2393/2918/2230
f 2393/2918/2230 2445/2971/2282 2444/2970/2281
f 2393/2918/2230 2446/2972/2283 2445/2971/2282
f 2446/2972/2283 2393/2918/2230 2394/2921/2233
f 2394/2921/2233 2396/2922/2234 2446/2972/2283
f 2447/2973/2284 2446/2972/2283 2396/2922/2234
f 2448/2974/2285 2447/2973/2284 2396/2922/2234
f 2396/2922/2234 2397/2924/2236 2448/2974/2285
f 2449/2975/2286 2448/2974/2285 2397/2924/2236
f 2450/2976/2287 2449/2975/2286 2397/2924/2236
f 2397/2924/2236 2399/2926/2238 2450/2976/2287
f 2451/2977/2288 2450/2976/2287 2399/2926/2238
f 2452/2978/2289 2451/2977/2288 2399/2926/2238
f 2399/2926/2238 2400/2928/2240 2452/2978/2289
f 2453/2979/2290 2452/2978/2289 2400/2928/2240
f 2454/2980/2291 2453/2979/2290 2400/2928/2240
f 2400/2928/2240 2403/2930/2242 2454/2980/2291
f 2455/2981/2292 2454/2980/2291 2403/2930/2242
f 2403/2930/2242 2404/2931/2243 2455/2981/2292
f 2404/2931/2243 2406/2933/2245 2455/2981/2292
f 2457/2982/2293 2455/2981/2292 2406/2933/2245
f 2458/2983/2294 2456/2984/2295 2406/2933/2245
f 2406/2933/2245 2407/2934/2246 2458/2983/2294
f 2459/2985/2296 2458/2983/2294 2407/2934/2246
f 2407/2934/2246 2409/2936/2248 2459/2985/2296
f 2460/2986/2297 2459/2985/2296 2409/2936/2248
f 2461/2987/2298 2460/2986/2297 2409/2936/2248
f 2409/2936/2248 2462/2988/2299 2461/2987/2298
f 2409/2936/2248 2463/2989/2300 2462/2988/2299
f 2463/2989/2300 2409/2936/2248 2411/2938/2250
f 2463/2989/2300 2411/2938/2250 2413/2939/2251
f 2413/2939/2251 2464/2990/2301 2463/2989/2300
f 2413/2939/2251 2465/2991/2302 2464/2990/2301
f 2414/2941/2253 2465/2991/2302 2413/2939/2251
f 2414/2941/2253 2466/2992/2303 2465/2991/2302
f 2415/2942/2254 2466/2992/2303 2414/2941/2253
f 2466/2992/2303 2415/2942/2254 2467/2993/2304
f 2418/2945/2257 2467/2993/2304 2415/2942/2254
f 2467/2993/2304 2418/2945/2257 2468/2994/2305
f 2468/2994/2305 2418/2945/2257 2469/2995/2306
f 2469/2995/2306 2418/2945/2257 2420/2946/2258
f 2469/2995/2306 2420/2946/2258 2470/2996/2307
f 2420/2946/2258 2471/2997/2308 2470/2996/2307
f 2471/2997/2308 2420/2946/2258 2421/2948/2260
f 2421/2948/2260 2472/2998/2309 2471/2997/2308
f 2421/2948/2260 2422/2949/2261 2472/2998/2309
f 2422/2949/2261 2423/2950/2262 2473/2999/2310
f 2474/3000/2311 2473/2999/2310 2423/2950/2262
f 2423/2950/2262 2425/2952/2264 2474/3000/2311
f 2475/3001/2312 2474/3000/2311 2425/2952/2264
f 2476/3002/2313 2475/3001/2312 2425/2952/2264
f 2425/2952/2264 2426/2953/2265 2476/3002/2313
f 2477/3003/2314 2476/3002/2313 2426/2953/2265
f 2426/2953/2265 2428/2955/2267 2477/3003/2314
f 2478/3004/2315 2477/3003/2314 2428/2955/2267
f 2428/2955/2267 2429/2956/2268 2478/3004/2315
f 2479/3005/2316 2478/3004/2315 2429/2956/2268
f 2479/3005/2316 2429/2956/2268 2480/3006/2317
f 2431/2958/2270 2480/3006/2317 2429/2956/2268
f 2481/3007/2318 2431/2958/2270 2482/3008/2319
f 2432/2959/2271 2482/3008/2319 2431/2958/2270
f 2482/3008/2319 2432/2959/2271 2483/3009/2320
f 2483/3009/2320 2432/2959/2271 2434/2961/2272
f 2434/2961/2272 2437/2962/2040 2483/3009/2320
f 2435/3010/2274 2483/3009/2320 2437/2962/2040
f 2484/3011/2321 2327/3012/2160 2485/3013/2322
f 2327/3012/2160 2484/3011/2321 1833/3014/2161
f 2484/3011/2321 2486/3015/2323 1833/3014/2161
f 1834/3016/2166 1833/3014/2161 2486/3015/2323
f 2486/3015/2323 2487/3017/2324 1834/3016/2166
f 1835/3018/2168 1834/3016/2166 2487/3017/2324
f 2487/3017/2324 2488/3019/2325 1835/3018/2168
f 1835/3018/2168 2488/3019/2325 1836/3020/2171
f 2488/3019/2325 2489/3021/2326 1836/3020/2171
f 1836/3020/2171 2489/3021/2326 1837/3022/2173
f 2489/3021/2326 2490/3023/2327 1837/3022/2173
f 1838/3024/2175 1837/3022/2173 2490/3023/2327
f 2491/3025/2328 1838/3024/2175 2490/3023/2327
f 2493/3026/2178 1838/3024/2175 2491/3025/2328
f 2492/3027/2329 2493/3026/2178 2491/3025/2328
f 2493/3026/2178 2492/3027/2329 2495/3028/2181
f 2494/3029/2330 2495/3028/2181 2492/3027/2329
f 2496/3030/2331 2495/3028/2181 2494/3029/2330
f 2495/3028/2181 2496/3030/2331 2498/3031/2183
f 2496/3030/2331 2497/3032/2332 2498/3031/2183
f 2497/3032/2332 2499/3033/2333 2498/3031/2183
f 2501/3034/2188 2498/3031/2183 2499/3033/2333
f 2499/3033/2333 2500/3035/2334 2501/3034/2188
f 2501/3034/2188 2500/3035/2334 2504/3036/2191
f 2500/3035/2334 2502/3037/2335 2504/3036/2191
f 2502/3037/2335 2503/3038/2336 2504/3036/2191
f 2507/3039/2128 2504/3036/2191 2503/3038/2336
f 2507/3039/2128 2353/3040/2130 2504/3036/2191
f 2503/3038/2336 2505/3041/2337 2507/3039/2128
f 2505/3041/2337 2506/3042/2338 2507/3039/2128
f 2506/3042/2338 2508/3043/2339 2507/3039/2128
f 2510/3044/2125 2507/3039/2128 2508/3043/2339
f 2508/3043/2339 2509/3045/2340 2510/3044/2125
f 2510/3044/2125 2509/3045/2340 2513/3046/2116
f 2294/3047/2119 2510/3044/2125 2513/3046/2116
f 2509/3045/2340 2511/3048/2341 2513/3046/2116
f 2512/3049/2342 2513/3046/2116 2511/3048/2341
f 2513/3046/2116 2512/3049/2342 2515/3050/2113
f 2512/3049/2342 2514/3051/2343 2515/3050/2113
f 2514/3051/2343 2516/3052/2344 2515/3050/2113
f 2281/3053/2109 2515/3050/2113 2516/3052/2344
f 2517/3054/2345 2281/3053/2109 2516/3052/2344
f 2519/3055/2106 2281/3053/2109 2517/3054/2345
f 2518/3056/2346 2519/3055/2106 2517/3054/2345
f 2520/3057/2347 2519/3055/2106 2518/3056/2346
f 2519/3055/2106 2520/3057/2347 2522/3058/2103
f 2520/3057/2347 2521/3059/2348 2522/3058/2103
f 2523/3060/2096 2522/3058/2103 2521/3059/2348
f 2521/3059/2348 2524/3061/2349 2523/3060/2096
f 2525/3062/2094 2523/3060/2096 2524/3061/2349
f 2524/3061/2349 2526/3063/2350 2525/3062/2094
f 2525/3062/2094 2526/3063/2350 2527/3064/2091
f 2528/3065/2351 2527/3064/2091 2526/3063/2350
f 2527/3064/2091 2528/3065/2351 2529/3066/2089
f 2530/3067/2352 2529/3066/2089 2528/3065/2351
f 2529/3066/2089 2530/3067/2352 2531/3068/2088
f 2532/3069/2353 2531/3068/2088 2530/3067/2352
f 2531/3068/2088 2532/3069/2353 2534/3070/2135
f 2532/3069/2353 2533/3071/2354 2534/3070/2135
f 2534/3070/2135 2533/3071/2354 2536/3072/2139
f 2533/3071/2354 2535/3073/2355 2536/3072/2139
f 2536/3072/2139 2535/3073/2355 2538/3074/2141
f 2535/3073/2355 2537/3075/2356 2538/3074/2141
f 2540/3076/2144 2538/3074/2141 2537/3075/2356
f 2539/3077/2357 2540/3076/2144 2537/3075/2356
f 2541/3078/2358 2540/3076/2144 2539/3077/2357
f 2542/3079/2145 2540/3076/2144 2541/3078/2358
f 2485/3013/2322 2542/3079/2145 2541/3078/2358
f 2542/3079/2145 2485/3013/2322 2327/3012/2160
f 2228/3080/2049 1734/3081/1563 2543/3082/2047
f 2543/3082/2047 1734/3081/1563 1731/3083/1560
f 2543/3082/2047 1724/3084/1553 1725/3085/1555
f 2543/3082/2047 1731/3083/1560 1729/3086/1556
f 2543/3082/2047 1729/3086/1556 1728/3087/1558
f 2543/3082/2047 1728/3087/1558 1724/3084/1553
f 2544/3088/2359 2548/3089/2360 2545/3090/2361
f 2544/3088/2359 2546/3091/2362 2548/3089/2360
f 2547/3092/2363 2548/3089/2360 2546/3091/2362
f 2546/3091/2362 2549/3093/2364 2547/3092/2363
f 2547/3092/2363 2549/3093/2364 2550/3094/2365
f 2551/3095/2366 2547/3092/2363 2550/3094/2365
f 2550/3094/2365 2552/3096/2367 2551/3095/2366
f 2551/3095/2366 2552/3096/2367 2553/3097/2366
f 2552/3096/2367 2554/3098/2368 2553/3097/2366
f 2553/3097/2366 2554/3098/2368 2555/3099/2369
f 2556/3100/2366 2555/3099/2369 2554/3098/2368
f 2555/3099/2369 2556/3100/2366 2557/3101/2370
f 2557/3101/2370 2556/3100/2366 2559/3102/2370
f 2558/3103/2371 2559/3102/2370 2556/3100/2366
f 2559/3102/2370 2558/3103/2371 2560/3104/2369
f 2561/3105/2372 2560/3104/2369 2558/3103/2371
f 2560/3104/2369 2561/3105/2372 2562/3106/2367
f 2563/3107/2372 2562/3106/2367 2561/3105/2372
f 2562/3106/2367 2563/3107/2372 2564/3108/2366
f 2565/3109/2372 2564/3108/2366 2563/3107/2372
f 2564/3108/2366 2565/3109/2372 2566/3110/2366
f 2567/3111/2373 2566/3110/2366 2565/3109/2372
f 2566/3110/2366 2567/3111/2373 2568/3112/2366
f 2569/3113/2366 2568/3112/2366 2567/3111/2373
f 2568/3112/2366 2569/3113/2366 2570/3114/2366
f 2569/3113/2366 2571/3115/2366 2570/3114/2366
f 2572/3116/2366 2570/3114/2366 2571/3115/2366
f 2571/3115/2366 2573/3117/2374 2572/3116/2366
f 2574/3118/2371 2572/3116/2366 2573/3117/2374
f 2573/3117/2374 2575/3119/2375 2574/3118/2371
f 2576/3120/2376 2574/3118/2371 2575/3119/2375
f 2576/3120/2376 2575/3119/2375 2578/3121/2377
f 2575/3119/2375 2577/3122/2378 2578/3121/2377
f 2579/3123/2379 2578/3121/2377 2577/3122/2378
f 2580/3124/2380 2579/3123/2379 2577/3122/2378
f 2583/3125/2381 2581/3126/2381 2582/3127/2381
f 2586/3128/2382 2584/3129/2382 2585/3130/2382
f 2589/3131/2383 2588/3132/2384 3178/3133/2385
f 2595/3134/2386 2593/3135/2386 2594/3136/2386
f 2598/3137/2387 2596/3138/2387 2597/3139/2387
f 4603/3140/2388 2602/3141/2389 2603/3142/2390
f 2606/3143/2391 2604/3144/2391 2605/3145/2391
f 2607/3146/2391 2605/3145/2391 2604/3144/2391
f 2610/3147/2392 2608/3148/2393 2609/3149/2393
f 2611/3150/2394 2609/3149/2393 2608/3148/2393
f 2614/3151/2395 2612/3152/2395 2613/3153/2396
f 2615/3154/2395 2613/3153/2396 2612/3152/2395
f 2618/3155/2397 2616/3156/2397 2617/3157/2398
f 2619/3158/2399 2617/3157/2398 2616/3156/2397
f 2622/3159/2400 2620/3160/2401 2621/3161/2401
f 2623/3162/2401 2621/3161/2401 2620/3160/2401
f 2626/3163/2402 2624/3164/2402 2625/3165/2402
f 2627/3166/2402 2625/3165/2402 2624/3164/2402
f 2630/3167/2403 2628/3168/2403 2629/3169/2403
f 2631/3170/2403 2629/3169/2403 2628/3168/2403
f 2634/3171/2404 2632/3172/2404 2633/3173/2404
f 2635/3174/2404 2633/3173/2404 2632/3172/2404
f 2638/3175/2405 2636/3176/2405 2637/3177/2405
f 2639/3178/2405 2637/3177/2405 2636/3176/2405
f 2642/3179/2406 2640/3180/2407 2641/3181/2407
f 2643/3182/2407 2641/3181/2407 2640/3180/2407
f 2646/3183/2408 2644/3184/2408 2645/3185/2408
f 2647/3186/2408 2645/3185/2408 2644/3184/2408
f 2650/3187/2409 2648/3188/2410 2649/3189/2409
f 2651/3190/2410 2649/3189/2409 2648/3188/2410
f 2654/3191/2411 2652/3192/2412 2653/3193/2412
f 2655/3194/2411 2653/3193/2412 2652/3192/2412
f 2658/3195/2413 2656/3196/2414 2657/3197/2413
f 2659/3198/2414 2658/3195/2413 2657/3197/2413
f 2662/3199/2415 2660/3200/2415 2661/3201/2415
f 2663/3202/2415 2661/3201/2415 2660/3200/2415
f 2666/3203/2416 2664/3204/2416 2665/3205/2416
f 2667/3206/2416 2665/3205/2416 2664/3204/2416
f 2670/3207/2417 2668/3208/2417 2669/3209/2417
f 2671/3210/2417 2669/3209/2417 2668/3208/2417
f 2674/3211/2418 2672/3212/2418 2673/3213/2418
f 2674/3211/2418 2673/3213/2418 2675/3214/2418
f 2678/3215/2419 2676/3216/2419 2677/3217/2420
f 2679/3218/2419 2678/3215/2419 2677/3217/2420
f 2682/3219/2421 2680/3220/2421 2681/3221/2422
f 2683/3222/2421 2680/3220/2421 2682/3219/2421
f 2686/3223/2423 2684/3224/2423 2685/3225/2423
f 2687/3226/2424 2685/3225/2423 2684/3224/2423
f 2690/3227/2425 2688/3228/2426 2689/3229/2425
f 2691/3230/2426 2689/3229/2425 2688/3228/2426
f 2694/3231/2427 2692/3232/2427 2693/3233/2427
f 2695/3234/2427 2692/3232/2427 2694/3231/2427
f 2698/3235/2428 2696/3236/2428 2697/3237/2429
f 2699/3238/2429 2697/3237/2429 2696/3236/2428
f 2702/3239/2430 2700/3240/2430 2701/3241/2430
f 2703/3242/2430 2700/3240/2430 2702/3239/2430
f 2706/3243/2431 2704/3244/2432 2705/3245/2433
f 2707/3246/2434 2704/3244/2432 2706/3243/2431
f 2711/3247/2435 2708/3248/2436 2709/3249/2437
f 2709/3250/2437 2710/3251/2438 2711/3252/2435
f 2714/3253/2439 2712/3254/2439 2713/3255/2439
f 2715/3256/2439 2713/3255/2439 2712/3254/2439
f 2718/3257/2440 2716/3258/2440 2717/3259/2440
f 2719/3260/2440 2717/3259/2440 2716/3258/2440
f 2722/3261/2441 2720/3262/2442 2721/3263/2441
f 2723/3264/2443 2721/3263/2441 2720/3262/2442
f 2726/3265/2444 2724/3266/2445 2725/3267/2445
f 2727/3268/2444 2724/3266/2445 2726/3265/2444
f 2730/3269/2446 2728/3270/2446 2729/3271/2446
f 2731/3272/2446 2728/3270/2446 2730/3269/2446
f 2734/3273/2447 2732/3274/2447 2733/3275/2448
f 2735/3276/2448 2733/3275/2448 2732/3274/2447
f 2738/3277/2449 2736/3278/2449 2737/3279/2449
f 2739/3280/2449 2737/3279/2449 2736/3278/2449
f 2742/3281/2450 2740/3282/2451 2741/3283/2450
f 2743/3284/2450 2740/3282/2451 2742/3281/2450
f 2746/3285/2452 2744/3286/2452 2745/3287/2452
f 2747/3288/2452 2745/3287/2452 2744/3286/2452
f 2750/3289/2453 2748/3290/2453 2749/3291/2453
f 2751/3292/2453 2749/3291/2453 2748/3290/2453
f 2754/3293/2454 2752/3294/2455 2753/3295/2454
f 2755/3296/2454 2753/3295/2454 2752/3294/2455
f 2758/3297/2456 2756/3298/2456 2757/3299/2456
f 2759/3300/2456 2756/3298/2456 2758/3297/2456
f 2762/3301/2457 2760/3302/2457 2761/3303/2457
f 2761/3303/2457 2760/3302/2457 2763/3304/2457
f 2766/3305/2458 2764/3306/2458 2765/3307/2458
f 2767/3308/2458 2765/3307/2458 2764/3306/2458
f 2770/3309/2459 2768/3310/2459 2769/3311/2459
f 2771/3312/2459 2768/3310/2459 2770/3309/2459
f 2774/3313/2460 2772/3314/2461 2773/3315/2461
f 2775/3316/2460 2773/3315/2461 2772/3314/2461
f 2778/3317/2462 2776/3318/2462 2777/3319/2462
f 2779/3320/2462 2776/3318/2462 2778/3317/2462
f 2782/3321/2463 2780/3322/2463 2781/3323/2464
f 2783/3324/2463 2781/3323/2464 2780/3322/2463
f 2786/3325/2465 2784/3326/2465 2785/3327/2465
f 2787/3328/2465 2784/3326/2465 2786/3325/2465
f 2790/3329/2381 2788/3330/2466 2789/3331/2467
f 2793/3332/2468 2791/3333/2469 2792/3334/2468
f 2794/3335/2468 2792/3334/2468 2791/3333/2469
f 2797/3336/2470 2795/3337/2470 2796/3338/2470
f 2798/3339/2470 2795/3337/2470 2797/3336/2470
f 2801/3340/2471 2799/3341/2471 2800/3342/2471
f 2802/3343/2472 2800/3342/2471 2799/3341/2471
f 2804/3344/2473 2803/3345/2474 2805/3346/2475
f 2806/3347/2476 2805/3346/2475 2803/3345/2474
f 2809/3348/2477 2807/3349/2477 2808/3350/2477
f 2810/3351/2477 2808/3350/2477 2807/3349/2477
f 2813/3352/2478 2811/3353/1842 2812/3354/1842
f 2814/3355/1842 2812/3354/1842 2811/3353/1842
f 2817/3356/2479 2815/3357/2479 2816/3358/2480
f 2818/3359/2480 2815/3357/2479 2817/3356/2479
f 2821/3360/2481 2819/3361/2482 2820/3362/2481
f 2822/3363/2482 2820/3362/2481 2819/3361/2482
f 2825/3364/2483 2823/3365/2483 2824/3366/2483
f 2826/3367/2484 2823/3365/2483 2825/3364/2483
f 2829/3368/2485 2827/3369/2485 2828/3370/2485
f 2830/3371/2485 2828/3370/2485 2827/3369/2485
f 2833/3372/2486 2831/3373/2486 2832/3374/2486
f 2832/3374/2486 2834/3375/2486 2833/3372/2486
f 2837/3376/2487 2835/3377/2487 2836/3378/2487
f 2838/3379/2487 2836/3378/2487 2835/3377/2487
f 2841/3380/2488 2839/3381/2488 2840/3382/2488
f 2842/3383/2488 2840/3382/2488 2839/3381/2488
f 2845/3384/2489 2843/3385/2490 2844/3386/2490
f 2846/3387/2490 2844/3386/2490 2843/3385/2490
f 2849/3388/2491 2847/3389/2491 2848/3390/2492
f 2850/3391/2491 2848/3390/2492 2847/3389/2491
f 2855/3392/2493 2853/3393/2493 2854/3394/2493
f 2856/3395/2493 2854/3394/2493 2853/3393/2493
f 2859/3396/2494 2857/3397/2494 2858/3398/2494
f 2860/3399/2495 2857/3397/2494 2859/3396/2494
f 2863/3400/2496 2861/3401/2497 2862/3402/2496
f 2863/3400/2496 2862/3402/2496 2864/3403/2496
f 2867/3404/2498 2865/3405/2499 2866/3406/2498
f 2865/3405/2499 2867/3404/2498 2868/3407/2499
f 2871/3408/2500 2869/3409/2500 2870/3410/2501
f 2872/3411/2500 2870/3410/2501 2869/3409/2500
f 2875/3412/2502 2873/3413/2502 2874/3414/2502
f 2876/3415/2502 2874/3414/2502 2873/3413/2502
f 2879/3416/2503 2877/3417/2503 2878/3418/2504
f 2879/3416/2503 2878/3418/2504 2880/3419/2503
f 2883/3420/2505 2881/3421/2506 2882/3422/2505
f 2884/3423/2505 2882/3422/2505 2881/3421/2506
f 2887/3424/2507 2885/3425/2507 2886/3426/2507
f 2888/3427/2508 2886/3426/2507 2885/3425/2507
f 2891/3428/2509 2889/3429/2509 2890/3430/2509
f 2892/3431/2509 2889/3429/2509 2891/3428/2509
f 2895/3432/2510 2893/3433/2510 2894/3434/2511
f 2896/3435/2510 2894/3434/2511 2893/3433/2510
f 2899/3436/2512 2897/3437/2512 2898/3438/2512
f 2900/3439/2512 2898/3438/2512 2897/3437/2512
f 2903/3440/2513 2901/3441/2513 2902/3442/2513
f 2902/3442/2513 2904/3443/2513 2903/3440/2513
f 2907/3444/2514 2905/3445/2515 2906/3446/2515
f 2908/3447/2514 2906/3446/2515 2905/3445/2515
f 2911/3448/2516 2909/3449/2516 2910/3450/2516
f 2912/3451/2516 2910/3450/2516 2909/3449/2516
f 2915/3452/2517 2913/3453/2517 2914/3454/2517
f 2916/3455/2518 2914/3454/2517 2913/3453/2517
f 2919/3456/2519 2917/3457/2520 2918/3458/2519
f 2919/3456/2519 2918/3458/2519 2920/3459/2520
f 2923/3460/2521 2921/3461/2522 2922/3462/2523
f 2924/3463/2522 2921/3461/2522 2923/3460/2521
f 2927/3464/2524 2925/3465/2524 2926/3466/2524
f 2928/3467/2524 2926/3466/2524 2925/3465/2524
f 2931/3468/2525 2929/3469/2525 2930/3470/2525
f 2932/3471/2526 2929/3469/2525 2931/3468/2525
f 2935/3472/2527 2933/3473/2527 2934/3474/2527
f 2936/3475/2527 2934/3474/2527 2933/3473/2527
f 2939/3476/2528 2937/3477/2528 2938/3478/2529
f 2940/3479/2528 2938/3478/2529 2937/3477/2528
f 2943/3480/2530 2941/3481/2530 2942/3482/2530
f 2941/3481/2530 2943/3480/2530 2944/3483/2530
f 2947/3484/2531 2945/3485/2531 2946/3486/2531
f 2948/3487/2531 2946/3486/2531 2945/3485/2531
f 2951/3488/2532 2949/3489/2533 2950/3490/2533
f 2952/3491/2532 2949/3489/2533 2951/3488/2532
f 2955/3492/2534 2953/3493/2534 2954/3494/2534
f 2956/3495/2534 2954/3494/2534 2953/3493/2534
f 2959/3496/2535 2957/3497/2535 2958/3498/2535
f 2960/3499/2535 2958/3498/2535 2957/3497/2535
f 2963/3500/2536 2961/3501/2536 2962/3502/2536
f 2964/3503/2537 2962/3502/2536 2961/3501/2536
f 2967/3504/2538 2965/3505/2538 2966/3506/2538
f 2968/3507/2538 2965/3505/2538 2967/3504/2538
f 2971/3508/2539 2969/3509/2539 2970/3510/2539
f 2972/3511/2539 2970/3510/2539 2969/3509/2539
f 2975/3512/2540 2973/3513/2540 2974/3514/2540
f 2976/3515/2540 2974/3514/2540 2973/3513/2540
f 2979/3516/2541 2977/3517/2542 2978/3518/2541
f 2980/3519/2541 2978/3518/2541 2977/3517/2542
f 2983/3520/2543 2981/3521/2544 2982/3522/2544
f 2984/3523/2545 2982/3522/2544 2981/3521/2544
f 2987/3524/2546 2985/3525/2546 2986/3526/2546
f 2988/3527/2546 2986/3526/2546 2985/3525/2546
f 2991/3528/2547 2989/3529/2547 2990/3530/2547
f 2992/3531/2547 2991/3528/2547 2990/3530/2547
f 2995/3532/2548 2993/3533/2548 2994/3534/2548
f 2996/3535/2548 2994/3534/2548 2993/3533/2548
f 2999/3536/2549 2997/3537/2550 2998/3538/2550
f 3000/3539/2550 2998/3538/2550 2997/3537/2550
f 3003/3540/2551 3001/3541/2551 3002/3542/2551
f 3004/3543/2551 3003/3540/2551 3002/3542/2551
f 3007/3544/2552 3005/3545/2552 3006/3546/2552
f 3007/3544/2552 3006/3546/2552 3008/3547/2552
f 3011/3548/2553 3009/3549/2554 3010/3550/2553
f 3012/3551/2553 3009/3549/2554 3011/3548/2553
f 3015/3552/2555 3013/3553/2555 3014/3554/2555
f 3016/3555/2555 3014/3554/2555 3013/3553/2555
f 3019/3556/2556 3017/3557/2556 3018/3558/2557
f 3020/3559/2557 3018/3558/2557 3017/3557/2556
f 3023/3560/2558 3021/3561/2558 3022/3562/2558
f 3024/3563/2558 3022/3562/2558 3021/3561/2558
f 3027/3564/2559 3025/3565/2559 3026/3566/2559
f 3028/3567/2560 3026/3566/2559 3025/3565/2559
f 3031/3568/2561 3029/3569/2561 3030/3570/2561
f 3032/3571/2561 3030/3570/2561 3029/3569/2561
f 3035/3572/2562 3033/3573/2563 3034/3574/2562
f 3036/3575/2564 3033/3573/2563 3035/3572/2562
f 3039/3576/2565 3037/3577/2565 3038/3578/2565
f 3040/3579/2565 3038/3578/2565 3037/3577/2565
f 3043/3580/2566 3041/3581/2567 3042/3582/2568
f 3044/3583/2567 3041/3581/2567 3043/3580/2566
f 3047/3584/2569 3045/3585/2569 3046/3586/2570
f 3048/3587/2569 3046/3586/2570 3045/3585/2569
f 3051/3588/2511 3049/3589/2510 3050/3590/2511
f 3052/3591/2571 3050/3590/2511 3049/3589/2510
f 3055/3592/2572 3053/3593/2572 3054/3594/2572
f 3056/3595/2572 3054/3594/2572 3053/3593/2572
f 3059/3596/2573 3057/3597/2574 3058/3598/2574
f 3060/3599/2574 3058/3598/2574 3057/3597/2574
f 3063/3600/2575 3061/3601/2575 3062/3602/2575
f 3064/3603/2575 3061/3601/2575 3063/3600/2575
f 3067/3604/2576 3065/3605/2576 3066/3606/2576
f 3067/3604/2576 3066/3606/2576 3068/3607/2576
f 3071/3608/2577 3069/3609/2577 3070/3610/2577
f 3072/3611/2577 3070/3610/2577 3069/3609/2577
f 3075/3612/2578 3073/3613/2578 3074/3614/2579
f 3076/3615/2578 3074/3614/2579 3073/3613/2578
f 3079/3616/2580 3077/3617/2580 3078/3618/2580
f 3079/3616/2580 3078/3618/2580 3080/3619/2580
f 3083/3620/2581 3081/3621/2581 3082/3622/2581
f 3084/3623/2581 3082/3622/2581 3081/3621/2581
f 3087/3624/2582 3085/3625/2582 3086/3626/2582
f 3088/3627/2582 3086/3626/2582 3085/3625/2582
f 3091/3628/2583 3089/3629/2583 3090/3630/2583
f 3092/3631/2583 3090/3630/2583 3089/3629/2583
f 3095/3632/2584 3093/3633/2584 3094/3634/2585
f 3096/3635/2585 3093/3633/2584 3095/3632/2584
f 3099/3636/2539 3097/3637/2539 3098/3638/2539
f 3100/3639/2539 3098/3638/2539 3097/3637/2539
f 3103/3640/2586 3101/3641/2587 3102/3642/2587
f 3104/3643/2588 3102/3642/2587 3101/3641/2587
f 3107/3644/2536 3105/3645/2537 3106/3646/2537
f 3108/3647/2536 3105/3645/2537 3107/3644/2536
f 3111/3648/2589 3109/3649/2386 3110/3650/2386
f 3112/3651/2386 3111/3648/2589 3110/3650/2386
f 3115/3652/2590 3113/3653/2590 3114/3654/2590
f 3116/3655/2590 3114/3654/2590 3113/3653/2590
f 3119/3656/2591 3117/3657/2592 3118/3658/2591
f 3120/3659/2591 3118/3658/2591 3117/3657/2592
f 3122/3660/2593 3123/3661/2594 3121/3662/2595
f 3123/3663/2594 3122/3664/2593 3124/3665/2596
f 3123/3663/2594 3124/3665/2596 3125/3666/2597
f 3128/3667/2598 3126/3668/2598 3127/3669/2598
f 3129/3670/2599 3127/3669/2598 3126/3668/2598
f 3132/3671/2600 3130/3672/2601 3131/3673/2602
f 3133/3674/2601 3131/3673/2602 3130/3672/2601
f 3136/3675/2603 3135/3676/2604 3134/3677/2605
f 3139/3678/2606 3137/3679/2606 3138/3680/2606
f 3137/3679/2606 3139/3678/2606 3140/3681/2606
f 3143/3682/2607 3141/3683/2608 3142/3684/2607
f 3144/3685/2607 3142/3684/2607 3141/3683/2608
f 3147/3686/2609 3145/3687/2609 3146/3688/2609
f 3148/3689/2609 3146/3688/2609 3145/3687/2609
f 3151/3690/2598 3149/3691/2598 3150/3692/2599
f 3152/3693/2610 3150/3692/2599 3149/3691/2598
f 3155/3694/2611 3153/3695/2611 3154/3696/2611
f 3156/3697/2611 3154/3696/2611 3153/3695/2611
f 3159/3698/2612 3157/3699/2613 3158/3700/2612
f 3160/3701/2612 3159/3698/2612 3158/3700/2612
f 3163/3702/2614 3161/3703/2615 3162/3704/2616
f 3163/3702/2614 3162/3704/2616 3164/3705/2617
f 3167/3706/2618 3165/3707/2619 3166/3708/2618
f 3168/3709/2620 3166/3708/2618 3165/3707/2619
f 3171/3710/2621 3169/3711/2621 3170/3712/2622
f 3172/3713/2621 3169/3711/2621 3171/3710/2621
f 3175/3714/2623 3173/3715/2623 3174/3716/2624
f 3176/3717/2623 3175/3714/2623 3174/3716/2624
f 2588/3718/2384 3177/3719/2625 3178/3720/2385
f 3178/3720/2385 3177/3719/2625 3179/3721/2626
f 3182/3722/2627 3180/3723/2628 3181/3724/2628
f 3183/3725/2627 3181/3724/2628 3180/3723/2628
f 3186/3726/2629 3184/3727/2630 3185/3728/2630
f 3187/3729/2630 3185/3728/2630 3184/3727/2630
f 3190/3730/2631 3188/3731/2631 3189/3732/2631
f 3191/3733/2631 3189/3732/2631 3188/3731/2631
f 3194/3734/2632 3192/3735/2632 3193/3736/2632
f 3195/3737/2632 3193/3736/2632 3192/3735/2632
f 3198/3738/2633 3196/3739/2633 3197/3740/2633
f 3198/3738/2633 3197/3740/2633 3199/3741/2633
f 3202/3742/2634 3200/3743/2634 3201/3744/2634
f 3203/3745/2634 3200/3743/2634 3202/3742/2634
f 3205/3746/2635 3204/3747/2636 3206/3748/2637
f 3205/3749/2635 3206/3750/2637 3207/3751/2638
f 3210/3752/2639 3208/3753/2639 3209/3754/2639
f 3211/3755/2640 3209/3754/2639 3208/3753/2639
f 3214/3756/2641 3212/3757/2641 3213/3758/2641
f 3215/3759/2641 3213/3758/2641 3212/3757/2641
f 3218/3760/2642 3216/3761/2642 3217/3762/2642
f 3218/3760/2642 3217/3762/2642 3219/3763/2642
f 3222/3764/2643 3220/3765/2643 3221/3766/2643
f 3223/3767/2643 3221/3766/2643 3220/3765/2643
f 3226/3768/2644 3224/3769/2644 3225/3770/2644
f 3227/3771/2644 3224/3769/2644 3226/3768/2644
f 3230/3772/2645 3228/3773/2645 3229/3774/2645
f 3229/3774/2645 3228/3773/2645 3231/3775/2645
f 3234/3776/2646 3232/3777/2646 3233/3778/2646
f 3235/3779/2646 3233/3778/2646 3232/3777/2646
f 3238/3780/2647 3236/3781/2647 3237/3782/2647
f 3239/3783/2647 3237/3782/2647 3236/3781/2647
f 3242/3784/2648 3240/3785/2649 3241/3786/2648
f 3243/3787/2649 3241/3786/2648 3240/3785/2649
f 3246/3788/2650 3244/3789/2650 3245/3790/2650
f 3247/3791/2650 3244/3789/2650 3246/3788/2650
f 3250/3792/2651 3248/3793/2651 3249/3794/2651
f 3251/3795/2651 3249/3794/2651 3248/3793/2651
f 3254/3796/2652 3252/3797/2653 3253/3798/2654
f 3255/3799/2654 3253/3798/2654 3252/3797/2653
f 3258/3800/2655 3256/3801/2655 3257/3802/2655
f 3259/3803/2655 3256/3801/2655 3258/3800/2655
f 3262/3804/2639 3260/3805/2639 3261/3806/2639
f 3263/3807/2640 3261/3806/2639 3260/3805/2639
f 3266/3808/2656 3264/3809/2656 3265/3810/2656
f 3267/3811/2656 3265/3810/2656 3264/3809/2656
f 3270/3812/2657 3268/3813/2657 3269/3814/2657
f 3271/3815/2657 3268/3813/2657 3270/3812/2657
f 3274/3816/2658 3272/3817/2658 3273/3818/2658
f 3275/3819/2659 3273/3818/2658 3272/3817/2658
f 3278/3820/2660 3276/3821/2660 3277/3822/2660
f 3279/3823/2660 3277/3822/2660 3276/3821/2660
f 3282/3824/2661 3280/3825/2661 3281/3826/2661
f 3282/3824/2661 3281/3826/2661 3283/3827/2661
f 3286/3828/2662 3284/3829/2662 3285/3830/2662
f 3287/3831/2662 3285/3830/2662 3284/3829/2662
f 3290/3832/2663 3288/3833/2663 3289/3834/2663
f 3291/3835/2663 3289/3834/2663 3288/3833/2663
f 3294/3836/2664 3292/3837/2664 3293/3838/2665
f 3295/3839/2664 3292/3837/2664 3294/3836/2664
f 3298/3840/2666 3296/3841/2667 3297/3842/2667
f 3299/3843/2667 3297/3842/2667 3296/3841/2667
f 3302/3844/2668 3300/3845/2668 3301/3846/2668
f 3303/3847/2669 3300/3845/2668 3302/3844/2668
f 3306/3848/2670 3304/3849/2670 3305/3850/2670
f 3307/3851/2670 3305/3850/2670 3304/3849/2670
f 3310/3852/2671 3308/3853/2671 3309/3854/2671
f 3311/3855/2671 3309/3854/2671 3308/3853/2671
f 3314/3856/2672 3312/3857/2672 3313/3858/2673
f 3315/3859/2673 3313/3858/2673 3312/3857/2672
f 3318/3860/2674 3316/3861/2674 3317/3862/2675
f 3319/3863/2674 3316/3861/2674 3318/3860/2674
f 3322/3864/2676 3320/3865/2677 3321/3866/2676
f 3320/3865/2677 3322/3864/2676 3323/3867/2676
f 3326/3868/2678 3324/3869/2678 3325/3870/2678
f 3327/3871/2678 3325/3870/2678 3324/3869/2678
f 3330/3872/2679 3328/3873/2679 3329/3874/2679
f 3330/3872/2679 3329/3874/2679 3331/3875/2680
f 3334/3876/2681 3332/3877/2681 3333/3878/2681
f 3335/3879/2681 3332/3877/2681 3334/3876/2681
f 3338/3880/2682 3336/3881/2683 3337/3882/2682
f 3339/3883/2683 3337/3882/2682 3336/3881/2683
f 3342/3884/2684 3340/3885/2684 3341/3886/2684
f 3343/3887/2684 3341/3886/2684 3340/3885/2684
f 3346/3888/2685 3344/3889/2685 3345/3890/2685
f 3347/3891/2685 3344/3889/2685 3346/3888/2685
f 3350/3892/2686 3348/3893/2686 3349/3894/2686
f 3351/3895/2686 3349/3894/2686 3348/3893/2686
f 3354/3896/2687 3352/3897/2687 3353/3898/2687
f 3355/3899/2687 3353/3898/2687 3352/3897/2687
f 3358/3900/2688 3356/3901/2689 3357/3902/2688
f 3359/3903/2688 3357/3902/2688 3356/3901/2689
f 3362/3904/2690 3360/3905/2691 3361/3906/2690
f 3363/3907/2691 3361/3906/2690 3360/3905/2691
f 3366/3908/2692 3364/3909/2692 3365/3910/2693
f 3367/3911/2692 3364/3909/2692 3366/3908/2692
f 3370/3912/2694 3368/3913/2694 3369/3914/2694
f 3371/3915/2695 3369/3914/2694 3368/3913/2694
f 3374/3916/2696 3372/3917/2696 3373/3918/2696
f 3375/3919/2696 3373/3918/2696 3372/3917/2696
f 3378/3920/2697 3376/3921/2697 3377/3922/2697
f 3379/3923/2697 3377/3922/2697 3376/3921/2697
f 3382/3924/2698 3380/3925/2698 3381/3926/2698
f 3383/3927/2698 3381/3926/2698 3380/3925/2698
f 3386/3928/2699 3384/3929/2699 3385/3930/2699
f 3386/3928/2699 3385/3930/2699 3387/3931/2699
f 3390/3932/2700 3388/3933/2700 3389/3934/2700
f 3391/3935/2700 3389/3934/2700 3388/3933/2700
f 3394/3936/2701 3392/3937/2702 3393/3938/2701
f 3394/3936/2701 3393/3938/2701 3395/3939/2701
f 3398/3940/2703 3396/3941/2704 3397/3942/2703
f 3399/3943/2704 3398/3940/2703 3397/3942/2703
f 3402/3944/2705 3400/3945/2705 3401/3946/2705
f 3403/3947/2705 3401/3946/2705 3400/3945/2705
f 3406/3948/2706 3404/3949/2706 3405/3950/2706
f 3407/3951/2706 3405/3950/2706 3404/3949/2706
f 3410/3952/2707 3408/3953/2707 3409/3954/2707
f 3411/3955/2708 3409/3954/2707 3408/3953/2707
f 3414/3956/2709 3412/3957/2709 3413/3958/2709
f 3415/3959/2709 3413/3958/2709 3412/3957/2709
f 3418/3960/2710 3416/3961/2710 3417/3962/2710
f 3418/3960/2710 3417/3962/2710 3419/3963/2710
f 3422/3964/2711 3420/3965/2711 3421/3966/2712
f 3423/3967/2712 3421/3966/2712 3420/3965/2711
f 3426/3968/2713 3424/3969/2714 3425/3970/2713
f 3427/3971/2715 3425/3970/2713 3424/3969/2714
f 3430/3972/2423 3428/3973/2424 3429/3974/2424
f 3431/3975/2423 3429/3974/2424 3428/3973/2424
f 3434/3976/2447 3432/3977/2447 3433/3978/2448
f 3435/3979/2448 3433/3978/2448 3432/3977/2447
f 3438/3980/2445 3436/3981/2444 3437/3982/2716
f 3439/3983/2444 3437/3982/2716 3436/3981/2444
f 3442/3984/2717 3440/3985/2717 3441/3986/2717
f 3443/3987/2717 3441/3986/2717 3440/3985/2717
f 3446/3988/2718 3444/3989/2719 3445/3990/2718
f 3447/3991/2718 3445/3990/2718 3444/3989/2719
f 3450/3992/2720 3448/3993/2720 3449/3994/2720
f 3450/3992/2720 3449/3994/2720 3451/3995/2720
f 3454/3996/2721 3452/3997/2722 3453/3998/2722
f 3455/3999/2721 3452/3997/2722 3454/3996/2721
f 3458/4000/2723 3456/4001/2724 3457/4002/2723
f 3459/4003/2723 3456/4001/2724 3458/4000/2723
f 3462/4004/2725 3460/4005/2726 3461/4006/2727
f 3463/4007/2725 3461/4006/2727 3460/4005/2726
f 3466/4008/2728 3464/4009/2728 3465/4010/2728
f 3467/4011/2728 3465/4010/2728 3464/4009/2728
f 3470/4012/2729 3468/4013/2730 3469/4014/2729
f 3471/4015/2730 3468/4013/2730 3470/4012/2729
f 3474/4016/2420 3472/4017/2420 3473/4018/2731
f 3475/4019/2419 3472/4017/2420 3474/4016/2420
f 3478/4020/2732 3476/4021/2733 3477/4022/2732
f 3479/4023/2732 3476/4021/2733 3478/4020/2732
f 3482/4024/2734 3480/4025/2735 3481/4026/2734
f 3483/4027/2735 3482/4024/2734 3481/4026/2734
f 3486/4028/2736 3484/4029/2736 3485/4030/2737
f 3487/4031/2736 3485/4030/2737 3484/4029/2736
f 3490/4032/2738 3488/4033/2738 3489/4034/2738
f 3491/4035/2738 3489/4034/2738 3488/4033/2738
f 3494/4036/2739 3492/4037/2739 3493/4038/2739
f 3495/4039/2739 3493/4038/2739 3492/4037/2739
f 3498/4040/2457 3496/4041/2457 3497/4042/2457
f 3499/4043/2457 3496/4041/2457 3498/4040/2457
f 3502/4044/2740 3500/4045/2740 3501/4046/2740
f 3503/4047/2740 3501/4046/2740 3500/4045/2740
f 3506/4048/2405 3504/4049/2405 3505/4050/2405
f 3507/4051/2405 3505/4050/2405 3504/4049/2405
f 3510/4052/2741 3508/4053/2741 3509/4054/2741
f 3511/4055/2741 3508/4053/2741 3510/4052/2741
f 3514/4056/2742 3512/4057/2742 3513/4058/2742
f 3515/4059/2742 3514/4056/2742 3513/4058/2742
f 3518/4060/2743 3516/4061/2743 3517/4062/2743
f 3519/4063/2743 3517/4062/2743 3516/4061/2743
f 3522/4064/2468 3520/4065/2468 3521/4066/2468
f 3523/4067/2468 3521/4066/2468 3520/4065/2468
f 3526/4068/2744 3524/4069/2744 3525/4070/2744
f 3527/4071/2745 3524/4069/2744 3526/4068/2744
f 3530/4072/2471 3528/4073/2746 3529/4074/2746
f 3531/4075/2471 3529/4074/2746 3528/4073/2746
f 3534/4076/2747 3532/4077/2747 3533/4078/2747
f 3535/4079/2747 3532/4077/2747 3534/4076/2747
f 3538/4080/2748 3536/4081/2748 3537/4082/2748
f 3539/4083/2748 3536/4081/2748 3538/4080/2748
f 3542/4084/2749 3540/4085/2749 3541/4086/2749
f 3543/4087/2749 3541/4086/2749 3540/4085/2749
f 3546/4088/2750 3544/4089/2750 3545/4090/2750
f 3547/4091/2750 3545/4090/2750 3544/4089/2750
f 3549/4092/2751 3551/4093/2752 3548/4094/2753
f 3550/4095/2754 3551/4093/2752 3549/4092/2751
f 3554/4096/2755 3552/4097/2755 3553/4098/2755
f 3555/4099/2755 3554/4096/2755 3553/4098/2755
f 3558/4100/2395 3556/4101/2395 3557/4102/2395
f 3559/4103/2395 3557/4102/2395 3556/4101/2395
f 3562/4104/2756 3560/4105/2756 3561/4106/2756
f 3563/4107/2756 3561/4106/2756 3560/4105/2756
f 3566/4108/2397 3564/4109/2397 3565/4110/2399
f 3564/4109/2397 3566/4108/2397 3567/4111/2397
f 3570/4112/2757 3568/4113/2757 3569/4114/2758
f 3571/4115/2757 3568/4113/2757 3570/4112/2757
f 3574/4116/2759 3572/4117/2759 3573/4118/2759
f 3575/4119/2759 3573/4118/2759 3572/4117/2759
f 3578/4120/2760 3576/4121/2760 3577/4122/2760
f 3579/4123/2760 3577/4122/2760 3576/4121/2760
f 3582/4124/2761 3580/4125/2762 3581/4126/2763
f 3583/4127/2761 3581/4126/2763 3580/4125/2762
f 3586/4128/2764 3584/4129/2764 3585/4130/2764
f 3587/4131/2764 3585/4130/2764 3584/4129/2764
f 3590/4132/2765 3588/4133/2765 3589/4134/2766
f 3589/4134/2766 3591/4135/2765 3590/4132/2765
f 3594/4136/2767 3592/4137/2767 3593/4138/2767
f 3595/4139/2767 3593/4138/2767 3592/4137/2767
f 3598/4140/2768 3596/4141/2768 3597/4142/2768
f 3599/4143/2768 3597/4142/2768 3596/4141/2768
f 3602/4144/2449 3600/4145/2449 3601/4146/2449
f 3603/4147/2449 3601/4146/2449 3600/4145/2449
f 3606/4148/2769 3604/4149/2769 3605/4150/2769
f 3607/4151/2769 3605/4150/2769 3604/4149/2769
f 3610/4152/2770 3608/4153/2771 3609/4154/2771
f 3611/4155/2771 3609/4154/2771 3608/4153/2771
f 3614/4156/2772 3612/4157/2772 3613/4158/2772
f 3615/4159/2772 3612/4157/2772 3614/4156/2772
f 3618/4160/2773 3616/4161/2774 3617/4162/2775
f 3619/4163/2774 3617/4162/2775 3616/4161/2774
f 3622/4164/2776 3620/4165/2776 3621/4166/2776
f 3623/4167/2776 3621/4166/2776 3620/4165/2776
f 3626/4168/2777 3624/4169/2777 3625/4170/2777
f 3627/4171/2777 3625/4170/2777 3624/4169/2777
f 3630/4172/2778 3628/4173/2779 3629/4174/2779
f 3631/4175/2780 3628/4173/2779 3630/4172/2778
f 3634/4176/2781 3632/4177/2781 3633/4178/2782
f 3635/4179/2782 3633/4178/2782 3632/4177/2781
f 3638/4180/2783 3636/4181/2783 3637/4182/2783
f 3639/4183/2783 3636/4181/2783 3638/4180/2783
f 3642/4184/2784 3640/4185/2784 3641/4186/2784
f 3643/4187/2381 3641/4186/2784 3640/4185/2784
f 3646/4188/2785 3644/4189/2786 3645/4190/2785
f 3647/4191/2786 3645/4190/2785 3644/4189/2786
f 3650/4192/2430 3648/4193/2430 3649/4194/2430
f 3651/4195/2430 3650/4192/2430 3649/4194/2430
f 3654/4196/2787 3652/4197/2787 3653/4198/2787
f 3655/4199/2787 3653/4198/2787 3652/4197/2787
f 3658/4200/2788 3656/4201/2788 3657/4202/2788
f 3659/4203/2788 3657/4202/2788 3656/4201/2788
f 3662/4204/2789 3660/4205/2789 3661/4206/2789
f 3663/4207/2789 3661/4206/2789 3660/4205/2789
f 3666/4208/2480 3664/4209/2480 3665/4210/2480
f 3667/4211/2479 3664/4209/2480 3666/4208/2480
f 3670/4212/2790 3668/4213/2790 3669/4214/2790
f 3671/4215/2790 3669/4214/2790 3668/4213/2790
f 3674/4216/2791 3672/4217/2791 3673/4218/2791
f 3675/4219/2791 3673/4218/2791 3672/4217/2791
f 3678/4220/2792 3676/4221/2793 3677/4222/2792
f 3679/4223/2792 3677/4222/2792 3676/4221/2793
f 3682/4224/2794 3680/4225/2794 3681/4226/2794
f 3683/4227/2795 3681/4226/2794 3680/4225/2794
f 3686/4228/2796 3684/4229/2796 3685/4230/2796
f 3687/4231/2796 3685/4230/2796 3684/4229/2796
f 3690/4232/2797 3688/4233/2797 3689/4234/2797
f 3691/4235/2797 3689/4234/2797 3688/4233/2797
f 3694/4236/2798 3692/4237/2799 3693/4238/2800
f 3695/4239/2801 3694/4240/2798 3693/4241/2800
f 3698/4242/2802 3696/4243/2802 3697/4244/2802
f 3699/4245/2802 3696/4243/2802 3698/4242/2802
f 3702/4246/2494 3700/4247/2495 3701/4248/2495
f 3700/4247/2495 3702/4246/2494 3703/4249/2494
f 3706/4250/2527 3704/4251/2527 3705/4252/2527
f 3706/4250/2527 3705/4252/2527 3707/4253/2527
f 3710/4254/2803 3708/4255/2803 3709/4256/2804
f 3708/4255/2803 3710/4254/2803 3711/4257/2803
f 3714/4258/2805 3712/4259/2806 3713/4260/2805
f 3715/4261/2805 3713/4260/2805 3712/4259/2806
f 3718/4262/2807 3716/4263/2807 3717/4264/2807
f 3719/4265/2807 3717/4264/2807 3716/4263/2807
f 3722/4266/2504 3720/4267/2503 3721/4268/2504
f 3723/4269/2503 3721/4268/2504 3720/4267/2503
f 3726/4270/2571 3724/4271/2571 3725/4272/2571
f 3727/4273/2571 3725/4272/2571 3724/4271/2571
f 3730/4274/2515 3728/4275/2515 3729/4276/2515
f 3731/4277/2515 3729/4276/2515 3728/4275/2515
f 3734/4278/2512 3732/4279/2512 3733/4280/2512
f 3735/4281/2512 3733/4280/2512 3732/4279/2512
f 3738/4282/2808 3736/4283/2808 3737/4284/2808
f 3739/4285/2808 3737/4284/2808 3736/4283/2808
f 3742/4286/2809 3740/4287/2809 3741/4288/2809
f 3743/4289/2809 3741/4288/2809 3740/4287/2809
f 3746/4290/2524 3744/4291/2524 3745/4292/2524
f 3747/4293/2524 3744/4291/2524 3746/4290/2524
f 3750/4294/2810 3748/4295/2810 3749/4296/2810
f 3751/4297/2810 3748/4295/2810 3750/4294/2810
f 3754/4298/2811 3752/4299/2811 3753/4300/2811
f 3755/4301/2811 3753/4300/2811 3752/4299/2811
f 3758/4302/2812 3756/4303/2813 3757/4304/2813
f 3759/4305/2812 3757/4304/2813 3756/4303/2813
f 3762/4306/2814 3760/4307/2814 3761/4308/2814
f 3763/4309/2815 3761/4308/2814 3760/4307/2814
f 3766/4310/2816 3764/4311/2817 3765/4312/2817
f 3767/4313/2816 3765/4312/2817 3764/4311/2817
f 3770/4314/2818 3768/4315/2818 3769/4316/2818
f 3770/4314/2818 3769/4316/2818 3771/4317/2818
f 3774/4318/2511 3772/4319/2511 3773/4320/2571
f 3775/4321/2511 3773/4320/2571 3772/4319/2511
f 3778/4322/2572 3776/4323/2572 3777/4324/2572
f 3779/4325/2572 3777/4324/2572 3776/4323/2572
f 3782/4326/2819 3780/4327/2820 3781/4328/2819
f 3783/4329/2820 3780/4327/2820 3782/4326/2819
f 3786/4330/2512 3784/4331/2512 3785/4332/2512
f 3787/4333/2512 3785/4332/2512 3784/4331/2512
f 3790/4334/2821 3788/4335/2821 3789/4336/2821
f 3791/4337/2821 3789/4336/2821 3788/4335/2821
f 3794/4338/2822 3792/4339/2822 3793/4340/2823
f 3795/4341/2823 3794/4338/2822 3793/4340/2823
f 3798/4342/2824 3796/4343/2824 3797/4344/2824
f 3797/4344/2824 3796/4343/2824 3799/4345/2824
f 3802/4346/2825 3800/4347/2825 3801/4348/2825
f 3803/4349/2826 3800/4347/2825 3802/4346/2825
f 3806/4350/2827 3804/4351/2828 3805/4352/2827
f 3807/4353/2827 3805/4352/2827 3804/4351/2828
f 3810/4354/2829 3808/4355/2829 3809/4356/2829
f 3810/4354/2829 3809/4356/2829 3811/4357/2829
f 3814/4358/2830 3812/4359/2830 3813/4360/2830
f 3815/4361/2830 3813/4360/2830 3812/4359/2830
f 3818/4362/2831 3816/4363/2832 3817/4364/2831
f 3817/4364/2831 3819/4365/2831 3818/4362/2831
f 3822/4366/2833 3820/4367/2834 3821/4368/2833
f 3823/4369/2833 3821/4368/2833 3820/4367/2834
f 3826/4370/2835 3824/4371/2836 3825/4372/2836
f 3827/4373/2835 3825/4372/2836 3824/4371/2836
f 3830/4374/2837 3828/4375/2837 3829/4376/2837
f 3831/4377/2837 3829/4376/2837 3828/4375/2837
f 3834/4378/2838 3832/4379/2838 3833/4380/2838
f 3835/4381/2839 3833/4380/2838 3832/4379/2838
f 3838/4382/2840 3836/4383/2841 3837/4384/2841
f 3838/4382/2840 3837/4384/2841 3839/4385/2840
f 3842/4386/2842 3840/4387/2843 3841/4388/2843
f 3843/4389/2844 3840/4387/2843 3842/4386/2842
f 3846/4390/2845 3844/4391/2846 3845/4392/2846
f 3847/4393/2846 3845/4392/2846 3844/4391/2846
f 3850/4394/2847 3848/4395/2847 3849/4396/2847
f 3851/4397/2848 3849/4396/2847 3848/4395/2847
f 3854/4398/2849 3852/4399/2849 3853/4400/2849
f 3855/4401/2849 3853/4400/2849 3852/4399/2849
f 3858/4402/2850 3856/4403/2850 3857/4404/2850
f 3859/4405/2850 3857/4404/2850 3856/4403/2850
f 3862/4406/2851 3860/4407/2851 3861/4408/2851
f 3863/4409/2851 3860/4407/2851 3862/4406/2851
f 3866/4410/2852 3864/4411/2853 3865/4412/2852
f 3867/4413/2852 3865/4412/2852 3864/4411/2853
f 3870/4414/2854 3868/4415/2854 3869/4416/2854
f 3870/4414/2854 3869/4416/2854 3871/4417/2854
f 3874/4418/2855 3872/4419/2855 3873/4420/2855
f 3875/4421/2855 3873/4420/2855 3872/4419/2855
f 3878/4422/2558 3876/4423/2558 3877/4424/2558
f 3879/4425/2558 3877/4424/2558 3876/4423/2558
f 3882/4426/2856 3880/4427/2857 3881/4428/2856
f 3883/4429/2857 3881/4428/2856 3880/4427/2857
f 3886/4430/2858 3884/4431/2859 3885/4432/2859
f 3887/4433/2859 3885/4432/2859 3884/4431/2859
f 3890/4434/2860 3888/4435/2860 3889/4436/2860
f 3891/4437/2860 3889/4436/2860 3888/4435/2860
f 3894/4438/2861 3892/4439/2861 3893/4440/2861
f 3895/4441/2861 3893/4440/2861 3892/4439/2861
f 3898/4442/2862 3896/4443/2862 3897/4444/2862
f 3899/4445/2862 3897/4444/2862 3896/4443/2862
f 3902/4446/2569 3900/4447/2570 3901/4448/2569
f 3903/4449/2570 3900/4447/2570 3902/4446/2569
f 3906/4450/2863 3904/4451/2863 3905/4452/2863
f 3907/4453/2863 3905/4452/2863 3904/4451/2863
f 3910/4454/2864 3908/4455/2864 3909/4456/2864
f 3910/4454/2864 3909/4456/2864 3911/4457/2864
f 3914/4458/2865 3912/4459/2866 3913/4460/2867
f 3915/4461/2867 3913/4460/2867 3912/4459/2866
f 3918/4462/2868 3916/4463/2869 3917/4464/2869
f 3919/4465/2869 3917/4464/2869 3916/4463/2869
f 3922/4466/2870 3920/4467/2870 3921/4468/2870
f 3923/4469/2870 3921/4468/2870 3920/4467/2870
f 3926/4470/2610 3924/4471/2598 3925/4472/2598
f 3927/4473/2598 3924/4471/2598 3926/4470/2610
f 3930/4474/2871 3928/4475/2871 3929/4476/2871
f 3931/4477/2871 3929/4476/2871 3928/4475/2871
f 3934/4478/2611 3932/4479/2611 3933/4480/2611
f 3935/4481/2611 3933/4480/2611 3932/4479/2611
f 3938/4482/2599 3936/4483/2598 3937/4484/2598
f 3939/4485/2598 3937/4484/2598 3936/4483/2598
f 3942/4486/2872 3940/4487/2872 3941/4488/2872
f 3943/4489/2872 3941/4488/2872 3940/4487/2872
f 3946/4490/2873 3944/4491/2873 3945/4492/2873
f 3947/4493/2873 3945/4492/2873 3944/4491/2873
f 3950/4494/2611 3948/4495/2611 3949/4496/2611
f 3951/4497/2611 3949/4496/2611 3948/4495/2611
f 3954/4498/2874 3952/4499/2874 3953/4500/2874
f 3955/4501/2874 3953/4500/2874 3952/4499/2874
f 3958/4502/2875 3956/4503/2875 3957/4504/2875
f 3959/4505/2875 3957/4504/2875 3956/4503/2875
f 3962/4506/2610 3960/4507/2610 3961/4508/2598
f 3960/4507/2610 3962/4506/2610 3963/4509/2610
f 3966/4510/2611 3964/4511/2611 3965/4512/2611
f 3964/4511/2611 3966/4510/2611 3967/4513/2611
f 3970/4514/2876 3968/4515/2876 3969/4516/2876
f 3971/4517/2876 3968/4515/2876 3970/4514/2876
f 3974/4518/2877 3972/4519/2877 3973/4520/2878
f 3974/4518/2877 3973/4520/2878 3975/4521/2879
f 3978/4522/2880 3976/4523/2881 3977/4524/2882
f 3978/4522/2880 3977/4524/2882 3979/4525/2883
f 3982/4526/2884 3980/4527/2884 3981/4528/2884
f 3983/4529/2884 3981/4528/2884 3980/4527/2884
f 3986/4530/2885 3984/4531/2885 3985/4532/2885
f 3987/4533/2885 3985/4532/2885 3984/4531/2885
f 3990/4534/2886 3988/4535/2887 3989/4536/2886
f 3991/4537/2888 3989/4536/2886 3988/4535/2887
f 3994/4538/2642 3992/4539/2642 3993/4540/2642
f 3994/4538/2642 3993/4540/2642 3995/4541/2642
f 3998/4542/2671 3996/4543/2671 3997/4544/2671
f 3999/4545/2671 3997/4544/2671 3996/4543/2671
f 4002/4546/2889 4000/4547/2889 4001/4548/2889
f 4003/4549/2889 4001/4548/2889 4000/4547/2889
f 4006/4550/2890 4004/4551/2891 4005/4552/2892
f 4009/4553/2640 4007/4554/2640 4008/4555/2640
f 4010/4556/2639 4007/4554/2640 4009/4553/2640
f 4013/4557/2893 4011/4558/2893 4012/4559/2894
f 4014/4560/2893 4012/4559/2894 4011/4558/2893
f 4017/4561/2645 4015/4562/2645 4016/4563/2645
f 4016/4563/2645 4015/4562/2645 4018/4564/2645
f 4021/4565/2895 4019/4566/2895 4020/4567/2895
f 4022/4568/2895 4020/4567/2895 4019/4566/2895
f 4025/4569/2670 4023/4570/2670 4024/4571/2670
f 4026/4572/2670 4024/4571/2670 4023/4570/2670
f 4029/4573/2896 4027/4574/2896 4028/4575/2896
f 4030/4576/2896 4028/4575/2896 4027/4574/2896
f 4033/4577/2897 4031/4578/2897 4032/4579/2897
f 4034/4580/2897 4032/4579/2897 4031/4578/2897
f 4037/4581/2676 4035/4582/2676 4036/4583/2677
f 4037/4581/2676 4036/4583/2677 4038/4584/2676
f 4041/4585/2898 4039/4586/2898 4040/4587/2898
f 4042/4588/2898 4041/4585/2898 4040/4587/2898
f 4045/4589/2899 4043/4590/2899 4044/4591/2899
f 4046/4592/2899 4044/4591/2899 4043/4590/2899
f 4049/4593/2900 4047/4594/2900 4048/4595/2900
f 4050/4596/2900 4048/4595/2900 4047/4594/2900
f 4053/4597/2901 4051/4598/2901 4052/4599/2901
f 4054/4600/2901 4052/4599/2901 4051/4598/2901
f 4057/4601/2902 4055/4602/2902 4056/4603/2902
f 4058/4604/2902 4056/4603/2902 4055/4602/2902
f 4061/4605/2903 4059/4606/2903 4060/4607/2903
f 4062/4608/2903 4059/4606/2903 4061/4605/2903
f 4065/4609/2904 4063/4610/2904 4064/4611/2905
f 4066/4612/2904 4063/4610/2904 4065/4609/2904
f 4069/4613/2906 4067/4614/2906 4068/4615/2906
f 4070/4616/2906 4068/4615/2906 4067/4614/2906
f 4073/4617/2907 4071/4618/2907 4072/4619/2907
f 4074/4620/2907 4072/4619/2907 4071/4618/2907
f 4077/4621/2908 4075/4622/2909 4076/4623/2908
f 4078/4624/2908 4076/4623/2908 4075/4622/2909
f 4081/4625/2910 4079/4626/2911 4080/4627/2910
f 4082/4628/2911 4080/4627/2910 4079/4626/2911
f 4085/4629/2912 4083/4630/2912 4084/4631/2912
f 4086/4632/2912 4084/4631/2912 4083/4630/2912
f 4089/4633/2913 4087/4634/2913 4088/4635/2913
f 4090/4636/2913 4088/4635/2913 4087/4634/2913
f 4093/4637/2914 4091/4638/2915 4092/4639/2915
f 4094/4640/2914 4091/4638/2915 4093/4637/2914
f 4097/4641/2916 4095/4642/2917 4096/4643/2917
f 4098/4644/2916 4095/4642/2917 4097/4641/2916
f 4101/4645/2618 4099/4646/2618 4100/4647/2618
f 4099/4646/2618 4101/4645/2618 4102/4648/2618
f 4105/4649/2918 4103/4650/2919 4104/4651/2920
f 4597/4652/2921 4104/4651/2920 4103/4650/2919
f 4108/4653/2922 4106/4654/2922 4107/4655/2922
f 4109/4656/2922 4108/4653/2922 4107/4655/2922
f 4112/4657/2923 4110/4658/2923 4111/4659/2923
f 4113/4660/2923 4111/4659/2923 4110/4658/2923
f 4116/4661/2924 4114/4662/2924 4115/4663/2924
f 4117/4664/2924 4116/4661/2924 4115/4663/2924
f 4120/4665/2925 4118/4666/2925 4119/4667/2925
f 4121/4668/2925 4119/4667/2925 4118/4666/2925
f 4124/4669/2926 4122/4670/2926 4123/4671/2926
f 4125/4672/2926 4123/4671/2926 4122/4670/2926
f 4128/4673/2927 4126/4674/2928 4127/4675/2927
f 4129/4676/2928 4127/4675/2927 4126/4674/2928
f 4132/4677/2929 4130/4678/2929 4131/4679/2929
f 4133/4680/2929 4130/4678/2929 4132/4677/2929
f 4136/4681/2661 4134/4682/2661 4135/4683/2661
f 4136/4681/2661 4135/4683/2661 4137/4684/2661
f 4140/4685/2930 4138/4686/2931 4139/4687/2931
f 4141/4688/2931 4139/4687/2931 4138/4686/2931
f 4144/4689/2932 4142/4690/2932 4143/4691/2932
f 4145/4692/2932 4143/4691/2932 4142/4690/2932
f 4148/4693/2933 4146/4694/2933 4147/4695/2933
f 4149/4696/2933 4146/4694/2933 4148/4693/2933
f 4152/4697/2934 4150/4698/2934 4151/4699/2934
f 4153/4700/2934 4151/4699/2934 4150/4698/2934
f 4156/4701/2935 4154/4702/2935 4155/4703/2935
f 4157/4704/2935 4156/4701/2935 4155/4703/2935
f 4160/4705/2936 4158/4706/2936 4159/4707/2936
f 4161/4708/2936 4159/4707/2936 4158/4706/2936
f 4164/4709/2937 4162/4710/2937 4163/4711/2937
f 4165/4712/2937 4163/4711/2937 4162/4710/2937
f 4168/4713/2938 4166/4714/2938 4167/4715/2938
f 4169/4716/2938 4167/4715/2938 4166/4714/2938
f 4172/4717/2939 4170/4718/2940 4171/4719/2941
f 4173/4720/2942 4171/4719/2941 4170/4718/2940
f 4176/4721/2943 4174/4722/2943 4175/4723/2943
f 4177/4724/2943 4174/4722/2943 4176/4721/2943
f 4180/4725/2944 4178/4726/2944 4179/4727/2945
f 4181/4728/2945 4179/4727/2945 4178/4726/2944
f 4184/4729/2709 4182/4730/2709 4183/4731/2709
f 4185/4732/2709 4183/4731/2709 4182/4730/2709
f 4188/4733/2647 4186/4734/2946 4187/4735/2946
f 4189/4736/2946 4187/4735/2946 4186/4734/2946
f 4192/4737/2690 4190/4738/2691 4191/4739/2690
f 4193/4740/2690 4191/4739/2690 4190/4738/2691
f 4196/4741/2651 4194/4742/2651 4195/4743/2651
f 4197/4744/2651 4195/4743/2651 4194/4742/2651
f 4200/4745/2947 4198/4746/2947 4199/4747/2947
f 4201/4748/2947 4199/4747/2947 4198/4746/2947
f 4204/4749/2948 4202/4750/2948 4203/4751/2949
f 4202/4750/2948 4204/4749/2948 4205/4752/2950
f 4208/4753/2951 4206/4754/2951 4207/4755/2951
f 4209/4756/2951 4207/4755/2951 4206/4754/2951
f 4212/4757/2699 4210/4758/2699 4211/4759/2699
f 4212/4757/2699 4211/4759/2699 4213/4760/2699
f 4216/4761/2952 4214/4762/2952 4215/4763/2952
f 4217/4764/2952 4215/4763/2952 4214/4762/2952
f 4220/4765/2953 4218/4766/2954 4219/4767/2954
f 4221/4768/2954 4219/4767/2954 4218/4766/2954
f 4224/4769/2955 4222/4770/2956 4223/4771/2955
f 4225/4772/2957 4223/4771/2955 4222/4770/2956
f 4228/4773/2685 4226/4774/2685 4227/4775/2685
f 4229/4776/2685 4227/4775/2685 4226/4774/2685
f 4232/4777/2958 4230/4778/2958 4231/4779/2958
f 4233/4780/2958 4230/4778/2958 4232/4777/2958
f 4236/4781/2959 4234/4782/2959 4235/4783/2959
f 4235/4783/2959 4237/4784/2960 4236/4781/2959
f 4238/4785/2959 4236/4781/2959 4237/4784/2960
f 4241/4786/2961 4239/4787/2961 4240/4788/2962
f 4240/4788/2962 4242/4789/2962 4241/4786/2961
f 4243/4790/2962 4241/4786/2961 4242/4789/2962
f 4246/4791/2963 4244/4792/2964 4245/4793/2965
f 4246/4791/2963 4245/4793/2965 4247/4794/2963
f 4246/4791/2963 4247/4794/2963 4248/4795/2965
f 4251/4796/2966 4249/4797/2967 4250/4798/2967
f 4250/4798/2967 4252/4799/2966 4251/4796/2966
f 4252/4799/2966 4253/4800/2966 4251/4796/2966
f 4256/4801/2968 4254/4802/2968 4255/4803/2968
f 4255/4803/2968 4257/4804/2968 4256/4801/2968
f 4257/4804/2968 4258/4805/2968 4256/4801/2968
f 4262/4806/2969 4259/4807/2970 4260/4808/2970
f 4262/4806/2969 4260/4808/2970 4261/4809/2970
f 4265/4810/2971 4263/4811/2971 4264/4812/2971
f 4263/4811/2971 4265/4810/2971 4266/4813/2971
f 4267/4814/2971 4266/4813/2971 4265/4810/2971
f 4270/4815/2972 4268/4816/2972 4269/4817/2972
f 4271/4818/2972 4268/4816/2972 4270/4815/2972
f 4271/4818/2972 4270/4815/2972 4272/4819/2972
f 4275/4820/2973 4273/4821/2973 4274/4822/2973
f 4276/4823/2973 4273/4821/2973 4275/4820/2973
f 4276/4823/2973 4275/4820/2973 4277/4824/2973
f 4280/4825/2974 4278/4826/2974 4279/4827/2974
f 4281/4828/2974 4278/4826/2974 4280/4825/2974
f 4281/4828/2974 4280/4825/2974 4282/4829/2974
f 4285/4830/2975 4283/4831/2975 4284/4832/2976
f 4286/4833/2975 4283/4831/2975 4285/4830/2975
f 4286/4833/2975 4285/4830/2975 4287/4834/2975
f 4290/4835/2977 4288/4836/2977 4289/4837/2977
f 4290/4835/2977 4291/4838/2977 4288/4836/2977
f 4292/4839/2978 4291/4838/2977 4290/4835/2977
f 4294/4840/2979 4295/4841/2980 4293/4842/2979
f 4295/4841/2980 4294/4840/2979 4296/4843/2979
f 4299/4844/2981 4297/4845/2981 4298/4846/2981
f 4300/4847/2981 4297/4845/2981 4299/4844/2981
f 4300/4847/2981 4299/4844/2981 4301/4848/2981
f 4303/4849/2982 4304/4850/2983 4302/4851/2984
f 4305/4852/2982 4304/4850/2983 4303/4849/2982
f 4308/4853/2985 4306/4854/2985 4307/4855/2985
f 4308/4853/2985 4310/4856/2986 4306/4854/2985
f 4310/4856/2986 4308/4853/2985 4309/4857/2985
f 4313/4858/2987 4311/4859/2988 4312/4860/2989
f 4313/4858/2987 4314/4861/2987 4311/4859/2988
f 4315/4862/2988 4314/4861/2987 4313/4858/2987
f 2590/4863/2990 4316/4864/2991 4317/4865/2992
f 2590/4866/2990 4318/4867/2993 4316/4868/2991
f 4319/4869/2994 2591/4870/2995 2592/4871/2996
f 4320/4872/2997 2591/4870/2995 4319/4869/2994
f 4324/4873/2998 4321/4874/2999 4322/4875/3000
f 4324/4873/2998 4322/4875/3000 4323/4876/3001
f 4327/4877/3002 4325/4878/3002 4326/4879/3002
f 4327/4877/3002 4326/4879/3002 4328/4880/3002
f 4327/4877/3002 4328/4880/3002 4329/4881/3002
f 4332/4882/3003 4330/4883/3003 4331/4884/3004
f 4332/4882/3003 4331/4884/3004 4333/4885/3004
f 4332/4882/3003 4333/4885/3004 4334/4886/3004
f 4337/4887/3005 4335/4888/3005 4336/4889/3005
f 4337/4887/3005 4336/4889/3005 4338/4890/3005
f 4337/4887/3005 4338/4890/3005 4339/4891/3005
f 4342/4892/3006 4340/4893/3007 4341/4894/3007
f 4341/4894/3007 4343/4895/3006 4342/4892/3006
f 4344/4896/3006 4342/4892/3006 4343/4895/3006
f 4347/4897/3008 4345/4898/3008 4346/4899/3008
f 4347/4897/3008 4346/4899/3008 4348/4900/3008
f 4347/4897/3008 4348/4900/3008 4349/4901/3008
f 4352/4902/3009 4350/4903/3009 4351/4904/3009
f 4352/4902/3009 4351/4904/3009 4353/4905/3009
f 4352/4902/3009 4353/4905/3009 4354/4906/3009
f 4357/4907/3010 4355/4908/2540 4356/4909/3010
f 4357/4907/3010 4356/4909/3010 4358/4910/3010
f 4357/4907/3010 4358/4910/3010 4359/4911/3010
f 4360/4912/3011 4004/4913/2891 4006/4914/2890
f 4363/4915/3012 4361/4916/3012 4362/4917/3012
f 4363/4915/3012 4362/4917/3012 4364/4918/3012
f 4363/4915/3012 4364/4918/3012 4365/4919/3012
f 4368/4920/3013 4366/4921/3014 4367/4922/3015
f 4367/4923/3015 4370/4924/3016 4369/4925/3017
f 4366/4926/3014 4370/4924/3016 4367/4923/3015
f 4373/4927/3018 4371/4928/3018 4372/4929/3018
f 4373/4927/3018 4374/4930/3019 4371/4928/3018
f 4375/4931/3018 4374/4930/3019 4373/4927/3018
f 4378/4932/3020 4376/4933/3021 4377/4934/3021
f 4378/4932/3020 4379/4935/3020 4376/4933/3021
f 4380/4936/3021 4379/4935/3020 4378/4932/3020
f 4383/4937/3022 4381/4938/3022 4382/4939/3022
f 4384/4940/3022 4381/4938/3022 4383/4937/3022
f 4384/4940/3022 4383/4937/3022 4385/4941/3022
f 4387/4942/3023 2599/4943/3024 4386/4944/3025
f 2600/4945/3026 2599/4943/3024 4387/4942/3023
f 4390/4946/3027 4388/4947/3028 4389/4948/3029
f 4390/4946/3027 4389/4948/3029 4391/4949/3030
f 4394/4950/3031 4392/4951/3031 4393/4952/3031
f 4392/4951/3031 4394/4950/3031 4395/4953/3031
f 4396/4954/3031 4395/4953/3031 4394/4950/3031
f 4399/4955/3032 4397/4956/3032 4398/4957/3032
f 4399/4955/3032 4400/4958/3032 4397/4956/3032
f 4401/4959/3032 4400/4958/3032 4399/4955/3032
f 4403/4960/3033 4404/4961/3034 4402/4962/3034
f 4405/4963/3035 4404/4961/3034 4403/4960/3033
f 4408/4964/3036 4406/4965/3037 4407/4966/3036
f 4408/4964/3036 4409/4967/3036 4406/4965/3037
f 4410/4968/3036 4409/4967/3036 4408/4964/3036
f 4412/4969/3038 4413/4970/3039 4411/4971/3040
f 4414/4972/3041 4413/4970/3039 4412/4969/3038
f 4417/4973/3042 4415/4974/3043 4416/4975/3044
f 4418/4976/3045 4417/4973/3042 4416/4975/3044
f 4421/4977/3046 4419/4978/3047 4420/4979/3048
f 4421/4977/3046 4420/4979/3048 4422/4980/3049
f 4425/4981/3050 4423/4982/3050 4424/4983/3050
f 4426/4984/3050 4423/4982/3050 4425/4981/3050
f 4426/4984/3050 4425/4981/3050 4427/4985/3050
f 4430/4986/3051 4428/4987/3051 4429/4988/3051
f 4430/4986/3051 4431/4989/3051 4428/4987/3051
f 4432/4990/3051 4431/4989/3051 4430/4986/3051
f 4435/4991/3052 4433/4992/3052 4434/4993/3052
f 4433/4992/3052 4435/4991/3052 4436/4994/3052
f 4437/4995/3052 4436/4994/3052 4435/4991/3052
f 4440/4996/3053 4438/4997/3053 4439/4998/3053
f 4440/4996/3053 4439/4998/3053 4441/4999/3053
f 4441/4999/3053 4439/4998/3053 4442/5000/3053
f 4445/5001/3054 4443/5002/3055 4444/5003/3055
f 4445/5001/3054 4444/5003/3055 4446/5004/3054
f 4446/5004/3054 4444/5003/3055 4447/5005/3054
f 4450/5006/3056 4448/5007/3057 4449/5008/3058
f 4450/5006/3056 4449/5008/3058 4451/5009/3059
f 4453/5010/3060 4454/5011/3061 4452/5012/3062
f 4455/5013/3062 4452/5012/3062 4454/5011/3061
f 4458/5014/3003 4456/5015/3003 4457/5016/3003
f 4458/5014/3003 4457/5016/3003 4459/5017/3004
f 4459/5017/3004 4457/5016/3003 4460/5018/3004
f 4463/5019/3063 4461/5020/3064 4462/5021/3063
f 4461/5020/3064 4464/5022/3063 4462/5021/3063
f 4465/5023/3063 4462/5021/3063 4464/5022/3063
f 4468/5024/3065 4466/5025/3066 4467/5026/3067
f 4468/5024/3065 4467/5026/3067 4469/5027/3068
f 4470/5028/3069 2852/5029/3070 2587/5030/3071
f 2851/5031/3072 2587/5030/3071 2852/5029/3070
f 4473/5032/3073 4471/5033/3073 4472/5034/3073
f 4472/5034/3073 4471/5033/3073 4474/5035/3073
f 4474/5035/3073 4471/5033/3073 4475/5036/3073
f 4478/5037/2882 4476/5038/2882 4477/5039/2882
f 4479/5040/2882 4477/5039/2882 4476/5038/2882
f 4480/5041/2880 4479/5040/2882 4476/5038/2882
f 4483/5042/3074 4481/5043/3009 4482/5044/3009
f 4483/5042/3074 4482/5044/3009 4484/5045/3075
f 4487/5046/3076 4485/5047/3076 4486/5048/3076
f 4486/5048/3076 4485/5047/3076 4488/5049/3077
f 4489/5050/3077 4486/5048/3076 4488/5049/3077
f 4492/5051/3038 4490/5052/3041 4491/5053/3041
f 4493/5054/3041 4492/5051/3038 4491/5053/3041
f 4493/5054/3041 4491/5053/3041 4494/5055/3041
f 4497/5056/3078 4495/5057/3079 4496/5058/3080
f 4497/5056/3078 4496/5058/3080 4498/5059/3081
f 4499/5060/3082 4501/5061/3083 4500/5062/3084
f 4500/5062/3084 4501/5061/3083 4502/5063/3082
f 4502/5063/3082 4501/5061/3083 4503/5064/3085
f 4506/5065/2897 4504/5066/3086 4505/5067/3087
f 4506/5065/2897 4505/5067/3087 4507/5068/3088
f 4510/5069/3089 4508/5070/3089 4509/5071/3089
f 4509/5071/3089 4508/5070/3089 4511/5072/3089
f 4511/5072/3089 4508/5070/3089 4512/5073/3090
f 4513/5074/3091 4514/5075/3092 4515/5076/3093
f 4515/5076/3093 4514/5075/3092 4516/5077/3094
f 4519/5078/3095 4517/5079/3096 4518/5080/3097
f 4519/5078/3095 4518/5080/3097 4520/5081/3095
f 4520/5081/3095 4518/5080/3097 4521/5082/3097
f 4524/5083/3098 4522/5084/3099 4523/5085/3100
f 4525/5086/3101 4526/5087/3102 4527/5088/3101
f 4527/5088/3101 4526/5087/3102 4528/5089/3103
f 4522/5090/3099 4524/5091/3098 4529/5092/3104
f 4532/5093/3105 4530/5094/3105 4531/5095/3105
f 4532/5093/3105 4531/5095/3105 4533/5096/3105
f 4533/5096/3105 4531/5095/3105 4534/5097/3105
f 4537/5098/3106 4535/5099/3106 4536/5100/3106
f 4537/5098/3106 4536/5100/3106 4538/5101/3106
f 4538/5101/3106 4536/5100/3106 4539/5102/3106
f 4542/5103/2764 4540/5104/2764 4541/5105/2764
f 4541/5105/2764 4540/5104/2764 4543/5106/2764
f 4543/5106/2764 4540/5104/2764 4544/5107/2764
f 4547/5108/3107 4545/5109/3107 4546/5110/3108
f 4548/5111/3108 4546/5110/3108 4545/5109/3107
f 4549/5112/3109 4548/5111/3108 4545/5109/3107
f 4552/5113/3110 4550/5114/3110 4551/5115/3110
f 4553/5116/3110 4551/5115/3110 4550/5114/3110
f 4553/5116/3110 4550/5114/3110 4554/5117/3110
f 4557/5118/3111 4555/5119/3111 4556/5120/3112
f 4557/5118/3111 4556/5120/3112 4558/5121/3111
f 4558/5121/3111 4556/5120/3112 4559/5122/3111
f 4562/5123/3113 4560/5124/3114 4561/5125/3113
f 4563/5126/3113 4562/5123/3113 4561/5125/3113
f 4563/5126/3113 4561/5125/3113 4564/5127/3115
f 4567/5128/3116 4565/5129/3116 4566/5130/3116
f 4565/5129/3116 4568/5131/3116 4566/5130/3116
f 4569/5132/3116 4566/5130/3116 4568/5131/3116
f 4572/5133/3117 4570/5134/3118 4571/5135/3119
f 4571/5135/3119 4570/5134/3118 4573/5136/3119
f 4573/5136/3119 4570/5134/3118 4574/5137/3120
f 4575/5138/3121 4576/5139/3122 4577/5140/3123
f 4577/5140/3123 4576/5139/3122 4578/5141/3124
f 4581/5142/3125 4579/5143/3125 4580/5144/3125
f 4581/5142/3125 4580/5144/3125 4582/5145/3126
f 4582/5145/3126 4580/5144/3125 4583/5146/3125
f 4586/5147/3127 4584/5148/3128 4585/5149/3129
f 4587/5150/3130 4586/5147/3127 4585/5149/3129
f 4588/5151/3131 4586/5147/3127 4587/5150/3130
f 4591/5152/3132 4589/5153/3133 4590/5154/3134
f 4590/5154/3134 4589/5153/3133 4592/5155/3134
f 4595/5156/3135 4593/5157/3136 4594/5158/3136
f 4595/5156/3135 4594/5158/3136 4596/5159/3136
f 4597/5160/2921 4103/5161/2919 4598/5162/3137
f 4601/5163/3138 4599/5164/3139 4600/5165/3138
f 4600/5165/3138 4599/5164/3139 4602/5166/3138
f 2603/5167/2390 2601/5168/3140 4603/5169/2388
f 4606/5170/3005 4604/5171/3005 4605/5172/3141
f 4607/5173/3142 4605/5172/3141 4604/5171/3005
f 4607/5173/3142 4604/5171/3005 4608/5174/3005
f 4609/5175/3143 4610/5176/3144 4611/5177/3145
f 4612/5178/3143 4609/5175/3143 4611/5177/3145
f 4615/5179/3146 4613/5180/3146 4614/5181/3146
f 4615/5179/3146 4616/5182/3146 4613/5180/3146
f 4613/5180/3146 4616/5182/3146 4617/5183/3146
f 4613/5180/3146 4617/5183/3146 4618/5184/3146
f 4621/5185/3147 4619/5186/3147 4620/5187/3147
f 4624/5188/3148 4622/5189/3149 4623/5190/3150
f 4627/5191/3151 4623/5190/3150 4622/5189/3149
f 4628/5192/3152 4631/5193/3153 4630/5194/3154
f 4632/5195/3155 4624/5188/3148 4623/5190/3150
f 4620/5187/3147 4636/5196/3147 4621/5185/3147
f 4636/5196/3147 4625/5197/3156 4621/5185/3147
f 4637/5198/3157 4638/5199/3158 4639/5200/3159
f 4638/5199/3158 4640/5201/3160 4639/5200/3159
f 4641/5202/3161 4639/5200/3159 4640/5201/3160
f 4643/5203/3162 4641/5202/3161 4645/5204/3163
f 4642/5205/3164 4641/5202/3161 4644/5206/3165
f 4643/5203/3162 4644/5206/3165 4641/5202/3161
f 4644/5206/3165 4713/5207/3166 4642/5205/3164
f 4653/5208/3167 4644/5206/3165 4643/5203/3162
f 4643/5203/3162 4652/5209/3168 4653/5208/3167
f 4645/5204/3163 4652/5209/3168 4643/5203/3162
f 4641/5202/3161 4640/5201/3160 4645/5204/3163
f 4645/5204/3163 4640/5201/3160 4648/5210/3169
f 4638/5199/3158 4646/5211/3170 4640/5201/3160
f 4646/5211/3170 4648/5210/3169 4640/5201/3160
f 4646/5211/3170 4647/5212/3171 4648/5210/3169
f 4645/5204/3163 4648/5210/3169 4658/5213/3172
f 4645/5204/3163 4658/5213/3172 4649/5214/3173
f 4650/5215/3174 4645/5204/3163 4649/5214/3173
f 4649/5214/3173 4651/5216/3175 4650/5215/3174
f 4652/5209/3168 4645/5204/3163 4650/5215/3174
f 4653/5208/3167 4652/5209/3168 4650/5215/3174
f 4656/5217/3176 4653/5208/3167 4650/5215/3174
f 4654/5218/3177 4656/5217/3176 4650/5215/3174
f 4650/5215/3174 4651/5216/3175 4654/5218/3177
f 4656/5217/3176 4654/5218/3177 4655/5219/3178
f 4651/5216/3175 4655/5219/3178 4654/5218/3177
f 4655/5219/3178 4651/5216/3175 4710/5220/3179
f 4657/5221/3180 4651/5216/3175 4649/5214/3173
f 4651/5216/3175 4657/5221/3180 4679/5222/3181
f 4649/5214/3173 4673/5223/3182 4657/5221/3180
f 4649/5214/3173 4658/5213/3172 4673/5223/3182
f 4661/5224/3183 4648/5210/3169 4647/5212/3171
f 4661/5224/3183 4658/5213/3172 4648/5210/3169
f 4673/5223/3182 4658/5213/3172 4666/5225/3184
f 4659/5226/3185 4662/5227/3186 4647/5212/3171
f 4647/5212/3171 4662/5227/3186 4661/5224/3183
f 4660/5228/3187 4662/5227/3186 4659/5226/3185
f 4660/5228/3187 4663/5229/3188 4662/5227/3186
f 4663/5229/3188 4664/5230/3189 4662/5227/3186
f 4664/5230/3189 4665/5231/3190 4662/5227/3186
f 4666/5225/3184 4661/5224/3183 4662/5227/3186
f 4666/5225/3184 4662/5227/3186 4665/5231/3190
f 4666/5225/3184 4658/5213/3172 4661/5224/3183
f 4668/5232/3191 4665/5231/3190 4667/5233/3192
f 4667/5233/3192 4669/5234/3193 4668/5232/3191
f 4668/5232/3191 4666/5225/3184 4665/5231/3190
f 4668/5232/3191 4669/5234/3193 4671/5235/3194
f 4671/5235/3194 4672/5236/3195 4668/5232/3191
f 4670/5237/3196 4675/5238/3197 4669/5234/3193
f 4670/5237/3196 4660/5239/3187 4675/5238/3197
f 4659/5240/3185 4675/5238/3197 4660/5239/3187
f 4671/5235/3194 4669/5234/3193 4675/5238/3197
f 4668/5232/3191 4673/5223/3182 4666/5225/3184
f 4672/5236/3195 4673/5223/3182 4668/5232/3191
f 4657/5221/3180 4673/5223/3182 4672/5236/3195
f 4674/5241/3198 4657/5221/3180 4672/5236/3195
f 4657/5221/3180 4674/5241/3198 4677/5242/3199
f 4674/5241/3198 4672/5236/3195 4671/5235/3194
f 4675/5238/3197 4674/5241/3198 4671/5235/3194
f 4677/5242/3199 4674/5241/3198 4675/5238/3197
f 4675/5238/3197 4659/5240/3185 4677/5242/3199
f 4659/5240/3185 4647/5243/3171 4676/5244/3200
f 4646/5245/3170 4676/5244/3200 4647/5243/3171
f 4676/5244/3200 4677/5242/3199 4659/5240/3185
f 4638/5246/3158 4676/5244/3200 4646/5245/3170
f 4677/5242/3199 4676/5244/3200 4678/5247/3201
f 4677/5242/3199 4678/5247/3201 4657/5221/3180
f 4657/5221/3180 4678/5247/3201 4679/5222/3181
f 4676/5244/3200 4638/5246/3158 4678/5247/3201
f 4680/5248/3202 4678/5247/3201 4638/5246/3158
f 4710/5220/3179 4679/5222/3181 4678/5247/3201
f 4678/5247/3201 4680/5248/3202 4710/5220/3179
f 4710/5220/3179 4680/5248/3202 4686/5249/3203
f 4685/5250/3204 4686/5249/3203 4680/5248/3202
f 4680/5248/3202 4681/5251/3205 4685/5250/3204
f 4681/5251/3205 4680/5248/3202 4682/5252/3206
f 4638/5246/3158 4682/5252/3206 4680/5248/3202
f 4683/5253/3207 4682/5252/3206 4638/5246/3158
f 4684/5254/3208 4683/5253/3207 4638/5246/3158
f 4684/5254/3208 4638/5246/3158 4637/5255/3157
f 4685/5250/3204 4681/5251/3205 4686/5249/3203
f 4686/5249/3203 4681/5251/3205 4687/5256/3209
f 4686/5249/3203 4687/5256/3209 4688/5257/3210
f 4710/5220/3179 4686/5249/3203 4688/5257/3210
f 4710/5220/3179 4688/5257/3210 4709/5258/3211
f 4709/5258/3211 4688/5257/3210 4689/5259/3212
f 4687/5256/3209 4691/5260/3213 4688/5257/3210
f 4691/5260/3213 4689/5259/3212 4688/5257/3210
f 4689/5259/3212 4691/5260/3213 4692/5261/3214
f 4692/5261/3214 4691/5260/3213 4690/5262/3215
f 4693/5263/3216 4695/5264/3217 4690/5262/3215
f 4690/5262/3215 4695/5264/3217 4692/5261/3214
f 4695/5264/3217 4697/5265/3218 4692/5261/3214
f 4693/5263/3216 4694/5266/3219 4695/5264/3217
f 4694/5266/3219 4696/5267/3220 4695/5264/3217
f 4695/5264/3217 4696/5267/3220 4701/5268/3221
f 4701/5268/3221 4697/5265/3218 4695/5264/3217
f 4696/5267/3220 4694/5266/3219 4698/5269/3222
f 4699/5270/3223 4700/5271/3224 4698/5269/3222
f 4696/5267/3220 4698/5269/3222 4700/5271/3224
f 4700/5271/3224 5361/5272/3225 4696/5267/3220
f 4696/5267/3220 5361/5272/3225 4701/5268/3221
f 4701/5268/3221 5361/5272/3225 5360/5273/3226
f 5360/5273/3226 4702/5274/3227 4701/5268/3221
f 4697/5265/3218 4701/5268/3221 4702/5274/3227
f 4702/5274/3227 4705/5275/3228 4697/5265/3218
f 4702/5274/3227 4703/5276/3229 4705/5275/3228
f 5360/5273/3226 5359/5277/3230 4702/5274/3227
f 5358/5278/3231 4703/5276/3229 4702/5274/3227
f 4702/5274/3227 5359/5277/3230 5358/5278/3231
f 4704/5279/3232 4703/5276/3229 5362/5280/3233
f 4704/5279/3232 4705/5275/3228 4703/5276/3229
f 4697/5265/3218 4705/5275/3228 4692/5261/3214
f 4704/5279/3232 4706/5281/3234 4705/5275/3228
f 4706/5281/3234 4704/5279/3232 4712/5282/3235
f 4705/5275/3228 4707/5283/3236 4692/5261/3214
f 4689/5259/3212 4692/5261/3214 4707/5283/3236
f 4706/5281/3234 4707/5283/3236 4705/5275/3228
f 4709/5258/3211 4689/5259/3212 4707/5283/3236
f 4709/5258/3211 4707/5283/3236 4708/5284/3237
f 4651/5216/3175 4679/5222/3181 4710/5220/3179
f 4655/5219/3178 4710/5220/3179 4709/5258/3211
f 4709/5258/3211 4708/5284/3237 4655/5219/3178
f 4708/5284/3237 4656/5217/3176 4655/5219/3178
f 4708/5284/3237 4711/5285/3238 4656/5217/3176
f 4708/5284/3237 4707/5283/3236 4711/5285/3238
f 4711/5285/3238 4707/5283/3236 4706/5281/3234
f 4706/5281/3234 4712/5282/3235 4711/5285/3238
f 4712/5282/3235 4713/5207/3166 4714/5286/3239
f 4713/5207/3166 4644/5206/3165 4714/5286/3239
f 4653/5208/3167 4714/5286/3239 4644/5206/3165
f 4714/5286/3239 4653/5208/3167 4711/5285/3238
f 4656/5217/3176 4711/5285/3238 4653/5208/3167
f 4711/5285/3238 4712/5282/3235 4714/5286/3239
f 4715/5287/3240 4717/5288/3241 4765/5289/3242
f 4716/5290/3243 4717/5288/3241 4715/5287/3240
f 4716/5290/3243 5357/5291/3244 4717/5288/3241
f 4716/5290/3243 4715/5287/3240 4718/5292/3245
f 4716/5290/3243 4718/5292/3245 4719/5293/3246
f 4719/5293/3246 4718/5292/3245 4720/5294/3247
f 4716/5290/3243 5355/5295/3248 5357/5291/3244
f 4719/5293/3246 5355/5295/3248 4716/5290/3243
f 4700/5271/3224 5355/5295/3248 4719/5293/3246
f 5361/5272/3225 4700/5271/3224 4719/5293/3246
f 5361/5272/3225 4719/5293/3246 4720/5294/3247
f 4721/5296/3249 5361/5272/3225 4720/5294/3247
f 4724/5297/3250 4721/5296/3249 4720/5294/3247
f 4723/5298/3251 4724/5297/3250 4720/5294/3247
f 4723/5298/3251 4720/5294/3247 4718/5292/3245
f 4718/5292/3245 4715/5299/3240 4726/5300/3252
f 4726/5300/3252 4723/5298/3251 4718/5292/3245
f 4715/5299/3240 4722/5301/3253 4726/5300/3252
f 4722/5301/3253 4725/5302/3254 4726/5300/3252
f 4729/5303/3255 4721/5296/3249 4724/5297/3250
f 5359/5277/3230 4721/5296/3249 4729/5303/3255
f 4726/5300/3252 4727/5304/3256 4723/5298/3251
f 4727/5304/3256 4724/5297/3250 4723/5298/3251
f 4727/5304/3256 4728/5305/3257 4724/5297/3250
f 4729/5303/3255 4724/5297/3250 4728/5305/3257
f 4732/5306/3258 5359/5277/3230 4729/5303/3255
f 4730/5307/3259 4729/5303/3255 4728/5305/3257
f 4730/5307/3259 4728/5305/3257 4766/5308/3260
f 4728/5305/3257 4727/5304/3256 4766/5308/3260
f 4730/5307/3259 4731/5309/3261 4732/5306/3258
f 4730/5307/3259 4732/5306/3258 4729/5303/3255
f 4764/5310/3262 4727/5304/3256 4726/5300/3252
f 4732/5306/3258 4731/5309/3261 4717/5311/3241
f 4765/5312/3242 4717/5311/3241 4731/5309/3261
f 4765/5312/3242 4731/5309/3261 4761/5313/3263
f 4761/5313/3263 4731/5309/3261 4733/5314/3264
f 4733/5314/3264 4731/5309/3261 4730/5307/3259
f 4761/5313/3263 4733/5314/3264 4734/5315/3265
f 4740/5316/3266 4761/5313/3263 4734/5315/3265
f 4730/5307/3259 4734/5315/3265 4733/5314/3264
f 4735/5317/3267 4734/5315/3265 4730/5307/3259
f 4734/5315/3265 4739/5318/3268 4740/5316/3266
f 4735/5317/3267 4738/5319/3269 4734/5315/3265
f 4739/5318/3268 4734/5315/3265 4738/5319/3269
f 4735/5317/3267 4736/5320/3270 4738/5319/3269
f 4736/5320/3270 4744/5321/3271 4738/5319/3269
f 4737/5322/3272 4744/5321/3271 4736/5320/3270
f 4741/5323/3273 4739/5318/3268 4738/5319/3269
f 4739/5318/3268 4743/5324/3274 4740/5316/3266
f 4741/5323/3273 4743/5324/3274 4739/5318/3268
f 4743/5324/3274 4741/5323/3273 4742/5325/3275
f 4738/5319/3269 4744/5321/3271 4741/5323/3273
f 4747/5326/3276 4743/5324/3274 4742/5325/3275
f 4745/5327/3277 4742/5325/3275 4741/5323/3273
f 4744/5321/3271 4745/5327/3277 4741/5323/3273
f 4747/5326/3276 4742/5325/3275 4746/5328/3278
f 4746/5328/3278 4742/5325/3275 4745/5327/3277
f 4747/5326/3276 4746/5328/3278 4748/5329/3279
f 4749/5330/3280 4746/5328/3278 4745/5327/3277
f 4746/5328/3278 5506/5331/3281 4748/5329/3279
f 4745/5327/3277 4751/5332/3282 4749/5330/3280
f 4751/5332/3282 4750/5333/3283 4749/5330/3280
f 4751/5332/3282 4745/5327/3277 4744/5321/3271
f 4751/5332/3282 4753/5334/3284 4750/5333/3283
f 4751/5332/3282 4744/5321/3271 4753/5334/3284
f 4750/5333/3283 4754/5335/3285 4752/5336/3286
f 4753/5334/3284 4754/5335/3285 4750/5333/3283
f 4753/5334/3284 4744/5321/3271 4737/5322/3272
f 4754/5335/3285 4753/5334/3284 4755/5337/3287
f 4755/5337/3287 4753/5334/3284 4737/5322/3272
f 4755/5337/3287 4756/5338/3288 4754/5335/3285
f 4743/5339/3274 4754/5335/3285 4756/5338/3288
f 4757/5340/3289 4754/5335/3285 4743/5339/3274
f 4747/5341/3276 4757/5340/3289 4743/5339/3274
f 4740/5342/3266 4743/5339/3274 4756/5338/3288
f 4740/5342/3266 4756/5338/3288 4758/5343/3290
f 4758/5343/3290 4756/5338/3288 4755/5337/3287
f 4755/5337/3287 4737/5322/3272 4760/5344/3291
f 4760/5344/3291 4758/5343/3290 4755/5337/3287
f 4758/5343/3290 4761/5345/3263 4740/5342/3266
f 4760/5344/3291 4759/5346/3292 4758/5343/3290
f 4759/5346/3292 4761/5345/3263 4758/5343/3290
f 4759/5346/3292 4762/5347/3293 4761/5345/3263
f 4763/5348/3294 4759/5346/3292 4760/5344/3291
f 4760/5344/3291 4737/5322/3272 4763/5348/3294
f 4759/5346/3292 4764/5310/3262 4762/5347/3293
f 4762/5349/3293 4765/5350/3242 4761/5351/3263
f 4726/5300/3252 4725/5302/3254 4764/5310/3262
f 4764/5310/3262 4759/5346/3292 4727/5304/3256
f 4759/5346/3292 4763/5348/3294 4727/5304/3256
f 4763/5348/3294 4766/5308/3260 4727/5304/3256
f 4737/5322/3272 4736/5320/3270 4763/5348/3294
f 4766/5308/3260 4763/5348/3294 4736/5320/3270
f 4736/5320/3270 4735/5317/3267 4766/5308/3260
f 4730/5307/3259 4766/5308/3260 4735/5317/3267
f 4767/5352/3295 4771/5353/3296 4768/5354/3297
f 4769/5355/3298 4771/5353/3296 4767/5352/3295
f 4770/5356/3299 4771/5353/3296 4769/5355/3298
f 4771/5353/3300 4772/5357/3301 4773/5358/3302
f 4773/5358/3302 4772/5357/3301 4774/5359/3303
f 4773/5358/3302 4774/5359/3303 4776/5360/3304
f 4776/5360/3304 4774/5359/3303 4775/5361/3305
f 4776/5360/3304 4775/5361/3305 4777/5362/3306
f 4778/5363/3307 4776/5364/3304 4777/5365/3306
f 4777/5365/3306 4779/5366/3308 4778/5363/3307
f 5616/5367/3309 4781/5368/3310 4780/5369/3311
f 5617/5370/3312 4781/5371/3310 5616/5372/3309
f 4781/5371/3310 5617/5370/3312 4783/5373/3313
f 5616/5374/3309 4780/5375/3311 4774/5359/3303
f 4775/5376/3305 4774/5359/3303 4780/5375/3311
f 4785/5377/3314 4783/5373/3313 5617/5370/3312
f 4782/5378/3315 4785/5377/3314 5617/5370/3312
f 4785/5377/3314 4784/5379/3316 4783/5373/3313
f 4789/5380/3317 4784/5381/3316 4785/5377/3314
f 4784/5382/3316 4789/5383/3317 4786/5384/3318
f 5609/5385/3319 4785/5377/3314 4782/5378/3315
f 4785/5377/3314 4788/5386/3320 4789/5380/3317
f 5609/5385/3319 4788/5386/3320 4785/5377/3314
f 4786/5387/3318 4789/5380/3317 4787/5388/3321
f 4789/5380/3317 4791/5389/3322 4787/5388/3321
f 4788/5386/3320 4791/5389/3322 4789/5380/3317
f 4790/5390/3323 4791/5389/3322 4788/5386/3320
f 4790/5390/3323 4792/5391/3324 4791/5389/3322
f 4794/5392/3325 4791/5389/3322 4792/5391/3324
f 4790/5390/3323 4793/5393/3326 4792/5391/3324
f 4795/5394/3327 4792/5391/3324 4793/5393/3326
f 4794/5392/3325 4792/5391/3324 4795/5394/3327
f 4797/5395/3328 4794/5392/3325 4795/5394/3327
f 4796/5396/3329 4797/5395/3328 4795/5394/3327
f 4797/5395/3328 4796/5396/3329 4798/5397/3330
f 4800/5398/3331 4798/5397/3330 4799/5399/3332
f 4802/5400/3333 4797/5395/3328 4798/5397/3330
f 4800/5398/3331 4802/5400/3333 4798/5397/3330
f 4801/5401/3334 4800/5398/3331 4799/5399/3332
f 4799/5399/3332 4793/5402/3326 4801/5401/3334
f 4790/5403/3323 4801/5401/3334 4793/5402/3326
f 4801/5401/3334 4790/5403/3323 4788/5404/3320
f 5607/5405/3335 4800/5398/3331 4801/5401/3334
f 4802/5400/3333 4800/5398/3331 4803/5406/3336
f 5607/5405/3335 4803/5406/3336 4800/5398/3331
f 4802/5400/3333 4803/5406/3336 4797/5395/3328
f 4794/5392/3325 4797/5395/3328 4804/5407/3337
f 4803/5406/3336 4804/5407/3337 4797/5395/3328
f 4805/5408/3338 4791/5389/3322 4794/5392/3325
f 4804/5407/3337 4805/5408/3338 4794/5392/3325
f 4805/5408/3338 4787/5388/3321 4791/5389/3322
f 4807/5409/3339 4805/5408/3338 4804/5407/3337
f 4804/5407/3337 4806/5410/3340 4807/5409/3339
f 4787/5388/3321 4805/5408/3338 4807/5409/3339
f 4807/5409/3339 4808/5411/3341 4787/5388/3321
f 4808/5411/3341 4807/5409/3339 4811/5412/3342
f 4810/5413/3343 4811/5412/3342 4807/5409/3339
f 4809/5414/3344 4810/5413/3343 4807/5409/3339
f 4806/5410/3340 4809/5414/3344 4807/5409/3339
f 5607/5405/3335 5610/5415/3345 4806/5410/3340
f 4810/5413/3343 4812/5416/3346 4811/5412/3342
f 4810/5413/3343 4809/5414/3344 4813/5417/3347
f 4810/5413/3343 4813/5417/3347 4812/5416/3346
f 4813/5417/3347 4809/5414/3344 5612/5418/3348
f 5612/5418/3348 5615/5419/3349 4813/5417/3347
f 4815/5420/3350 4778/5421/3307 4814/5422/3351
f 4779/5423/3308 4814/5422/3351 4778/5421/3307
f 4815/5420/3350 4814/5422/3351 4816/5424/3352
f 4816/5424/3352 4814/5422/3351 4812/5416/3346
f 4816/5424/3352 4812/5416/3346 4817/5425/3353
f 4817/5425/3353 4812/5416/3346 4813/5417/3347
f 4813/5417/3347 4818/5426/3354 4817/5425/3353
f 4818/5426/3354 4819/5427/3355 4817/5425/3353
f 4818/5426/3354 4820/5428/3356 4819/5427/3355
f 4821/5429/3357 4847/5430/3358 4820/5428/3356
f 4822/5431/3359 4820/5428/3356 4818/5426/3354
f 4820/5428/3356 4822/5431/3359 4821/5429/3357
f 4818/5426/3354 4813/5417/3347 4822/5431/3359
f 4822/5431/3359 4829/5432/3360 4821/5429/3357
f 4829/5432/3360 4822/5431/3359 5613/5433/3361
f 4829/5432/3360 5613/5433/3361 4823/5434/3362
f 4824/5435/3363 4823/5434/3362 5614/5436/3364
f 5614/5436/3364 4774/5437/3303 4824/5435/3363
f 4824/5435/3363 4774/5437/3303 4772/5438/3301
f 5616/5439/3309 4774/5437/3303 5614/5436/3364
f 4771/5440/3300 4826/5441/3365 4772/5438/3301
f 4826/5441/3365 4824/5435/3363 4772/5438/3301
f 4825/5442/3366 4826/5441/3365 4771/5440/3300
f 4825/5442/3366 4769/5440/3298 4826/5441/3365
f 4769/5440/3298 4767/5443/3295 4826/5441/3365
f 4826/5441/3365 4828/5444/3367 4824/5435/3363
f 4823/5434/3362 4824/5435/3363 4827/5445/3368
f 4830/5446/3369 4823/5434/3362 4827/5445/3368
f 4824/5435/3363 4828/5444/3367 4827/5445/3368
f 4830/5446/3369 4829/5432/3360 4823/5434/3362
f 4830/5446/3369 4846/5447/3370 4829/5432/3360
f 4821/5429/3357 4829/5432/3360 4846/5447/3370
f 4846/5447/3370 4847/5430/3358 4821/5429/3357
f 4830/5446/3369 4845/5448/3371 4846/5447/3370
f 4845/5448/3371 4830/5446/3369 4827/5445/3368
f 4845/5448/3371 4827/5445/3368 4828/5444/3367
f 4767/5443/3295 4915/5449/3372 4826/5441/3365
f 5606/5450/3373 4826/5441/3365 4915/5449/3372
f 4828/5444/3367 4826/5441/3365 5606/5450/3373
f 5606/5450/3373 4915/5449/3372 4831/5451/3374
f 4828/5444/3367 5606/5450/3373 4845/5448/3371
f 4832/5452/3375 5606/5450/3373 4831/5451/3374
f 4834/5453/3376 4832/5452/3375 4831/5451/3374
f 4833/5454/3377 4842/5455/3378 4832/5452/3375
f 4833/5454/3377 4832/5452/3375 4834/5453/3376
f 4834/5453/3376 4835/5456/3379 4833/5454/3377
f 4835/5456/3379 4836/5457/3380 4833/5454/3377
f 4836/5457/3380 4837/5458/3381 4833/5454/3377
f 4837/5458/3381 4839/5459/3382 4833/5454/3377
f 4842/5455/3378 4833/5454/3377 4839/5459/3382
f 4839/5459/3382 4837/5458/3381 4838/5460/3383
f 4838/5460/3383 4841/5461/3384 4839/5459/3382
f 4840/5462/3385 4839/5459/3382 4841/5461/3384
f 4843/5463/3386 4839/5459/3382 4840/5462/3385
f 4844/5464/3387 4843/5463/3386 4840/5462/3385
f 4843/5463/3386 4842/5455/3378 4839/5459/3382
f 4845/5448/3371 4842/5455/3378 4843/5463/3386
f 4846/5447/3370 4843/5463/3386 4844/5464/3387
f 4843/5463/3386 4846/5447/3370 4845/5448/3371
f 4846/5447/3370 4844/5464/3387 4847/5430/3358
f 4820/5428/3356 4847/5430/3358 4844/5464/3387
f 4820/5428/3356 4844/5464/3387 4848/5465/3388
f 4849/5466/3389 4866/5467/3390 4869/5468/3391
f 4851/5469/3392 4849/5466/3389 4850/5470/3393
f 4866/5467/3390 4849/5466/3389 4865/5471/3394
f 4849/5466/3389 4851/5469/3392 4865/5471/3394
f 5006/5472/3395 4865/5471/3394 4851/5469/3392
f 4851/5469/3392 4852/5473/3396 5006/5472/3395
f 4852/5473/3396 4853/5474/3397 4863/5475/3398
f 4855/5476/3399 4853/5474/3397 4852/5473/3396
f 4858/5477/3400 4853/5474/3397 4855/5476/3399
f 4851/5469/3392 4855/5476/3399 4852/5473/3396
f 4851/5469/3392 4850/5470/3393 4855/5476/3399
f 4854/5478/3401 4855/5476/3399 4850/5470/3393
f 4855/5476/3399 4854/5479/3401 4857/5480/3402
f 4854/5479/3401 4856/5481/3403 4857/5480/3402
f 4857/5480/3402 4858/5477/3400 4855/5476/3399
f 4857/5480/3402 4859/5482/3404 4858/5477/3400
f 4858/5477/3400 4859/5482/3404 4860/5483/3405
f 4858/5477/3400 4860/5483/3405 4861/5484/3406
f 4858/5477/3400 4862/5485/3407 4853/5474/3397
f 4862/5485/3407 4858/5477/3400 4861/5484/3406
f 4863/5475/3398 4853/5474/3397 4862/5485/3407
f 4861/5484/3406 4860/5483/3405 4864/5486/3408
f 4860/5483/3405 4867/5487/3409 4864/5486/3408
f 4865/5488/3394 4864/5486/3408 4867/5487/3409
f 4864/5486/3408 4865/5488/3394 5003/5489/3410
f 5003/5489/3410 4861/5484/3406 4864/5486/3408
f 5004/5490/3411 5003/5489/3410 4865/5488/3394
f 4865/5488/3394 4867/5487/3409 4866/5491/3390
f 4859/5482/3404 4867/5487/3409 4860/5483/3405
f 4859/5482/3404 4868/5492/3412 4867/5487/3409
f 4868/5492/3412 4866/5491/3390 4867/5487/3409
f 4866/5491/3390 4868/5492/3412 4869/5493/3391
f 4859/5482/3404 4878/5494/3413 4868/5492/3412
f 4868/5492/3412 4878/5494/3413 4869/5493/3391
f 4857/5480/3402 4872/5495/3414 4859/5482/3404
f 4874/5496/3415 4859/5482/3404 4872/5495/3414
f 4857/5480/3402 4856/5481/3403 4870/5497/3416
f 4857/5480/3402 4870/5497/3416 4872/5495/3414
f 4872/5495/3414 4870/5497/3416 4871/5498/3417
f 4872/5495/3414 4873/5499/3418 4874/5496/3415
f 4872/5495/3414 4871/5498/3417 4885/5500/3419
f 4873/5499/3418 4872/5495/3414 4885/5500/3419
f 4874/5496/3415 4876/5501/3420 4875/5502/3421
f 4874/5496/3415 4877/5503/3422 4876/5501/3420
f 4878/5494/3413 4874/5496/3415 4875/5502/3421
f 4875/5502/3421 4879/5504/3423 4878/5494/3413
f 4874/5496/3415 4878/5494/3413 4859/5482/3404
f 4879/5504/3423 4869/5493/3391 4878/5494/3413
f 4880/5505/3424 4877/5503/3422 4874/5496/3415
f 4874/5496/3415 4873/5499/3418 4886/5506/3425
f 4886/5506/3425 4880/5505/3424 4874/5496/3415
f 4886/5506/3425 4873/5499/3418 4885/5500/3419
f 4881/5507/3426 4871/5498/3417 4870/5497/3416
f 4871/5498/3417 4881/5507/3426 4882/5508/3427
f 4882/5508/3427 4884/5509/3428 4871/5498/3417
f 4885/5500/3419 4871/5498/3417 4884/5509/3428
f 4883/5510/3429 4884/5509/3428 4882/5508/3427
f 4906/5511/3430 4880/5505/3424 4886/5506/3425
f 4908/5512/3431 4880/5505/3424 4906/5511/3430
f 4887/5513/3432 4880/5505/3424 4908/5512/3431
f 4887/5513/3432 4909/5514/3433 4888/5515/3434
f 4887/5513/3432 4908/5512/3431 4909/5514/3433
f 4889/5516/3435 4891/5517/3436 4890/5518/3437
f 4911/5519/3438 4892/5520/3439 4891/5517/3436
f 4911/5519/3438 4893/5521/3440 4892/5520/3439
f 4898/5522/3441 4893/5521/3440 4894/5523/3442
f 4895/5524/3443 4893/5521/3440 4898/5522/3441
f 4896/5525/3444 4895/5524/3443 4899/5526/3445
f 4894/5523/3442 4897/5527/3446 4898/5522/3441
f 4897/5527/3446 4894/5523/3442 4893/5521/3440
f 4898/5522/3441 4899/5526/3445 4895/5524/3443
f 4901/5528/3447 4899/5526/3445 4898/5522/3441
f 4899/5526/3445 4901/5528/3447 4900/5529/3448
f 4900/5529/3448 4901/5528/3447 4907/5530/3449
f 4902/5531/3450 4899/5526/3445 4900/5529/3448
f 4904/5532/3451 4903/5533/3452 4902/5531/3450
f 4902/5531/3450 4900/5529/3448 4904/5532/3451
f 4903/5533/3452 4904/5532/3451 5281/5534/3453
f 4905/5535/3454 4904/5532/3451 4900/5529/3448
f 4900/5529/3448 4907/5530/3449 4905/5535/3454
f 4901/5528/3447 4906/5511/3430 4907/5530/3449
f 4901/5528/3447 4898/5522/3441 4906/5511/3430
f 4897/5527/3446 4906/5511/3430 4898/5522/3441
f 4907/5530/3449 4906/5511/3430 4886/5506/3425
f 4885/5500/3419 4907/5530/3449 4886/5506/3425
f 4885/5500/3419 4884/5509/3428 4907/5530/3449
f 4908/5512/3431 4906/5511/3430 4897/5527/3446
f 4897/5527/3446 4909/5514/3433 4908/5512/3431
f 4888/5515/3434 4909/5514/3433 4889/5516/3435
f 4897/5527/3446 4910/5536/3455 4909/5514/3433
f 4910/5536/3455 4889/5516/3435 4909/5514/3433
f 4889/5516/3435 4910/5536/3455 4891/5517/3436
f 4891/5517/3436 4910/5536/3455 4911/5519/3438
f 4911/5519/3438 4910/5536/3455 4897/5527/3446
f 4911/5519/3438 4897/5527/3446 4893/5521/3440
f 4912/5537/3456 4831/5538/3374 4915/5539/3372
f 4912/5537/3456 4913/5540/3457 4831/5538/3374
f 4914/5541/3458 4841/5461/3384 4838/5460/3383
f 4914/5541/3458 4838/5460/3383 4916/5542/3459
f 4914/5541/3458 4916/5542/3459 4913/5540/3457
f 4838/5460/3383 4917/5543/3460 4916/5542/3459
f 4918/5544/3461 4913/5540/3457 4916/5542/3459
f 4831/5538/3374 4913/5540/3457 4918/5544/3461
f 4838/5460/3383 4837/5458/3381 4917/5543/3460
f 4918/5544/3461 4834/5545/3376 4831/5538/3374
f 4834/5545/3376 4918/5544/3461 4926/5546/3462
f 4920/5547/3463 4926/5546/3462 4918/5544/3461
f 4918/5544/3461 4919/5548/3464 4920/5547/3463
f 4919/5548/3464 4921/5549/3465 4920/5547/3463
f 4919/5548/3464 4922/5550/3466 4921/5549/3465
f 4937/5551/3467 4921/5549/3465 4922/5550/3466
f 4919/5548/3464 4923/5552/3468 4922/5550/3466
f 4917/5543/3460 4935/5553/3469 4923/5552/3468
f 4916/5542/3459 4919/5548/3464 4918/5544/3461
f 4919/5548/3464 4916/5542/3459 4923/5552/3468
f 4923/5552/3468 4916/5542/3459 4917/5543/3460
f 4917/5543/3460 4925/5554/3470 4935/5553/3469
f 4837/5458/3381 4925/5554/3470 4917/5543/3460
f 4925/5554/3470 4837/5458/3381 4836/5457/3380
f 4836/5457/3380 4835/5456/3379 4924/5555/3471
f 4836/5457/3380 4924/5555/3471 4925/5554/3470
f 4927/5556/3472 4924/5555/3471 4835/5456/3379
f 4835/5456/3379 4834/5453/3376 4927/5556/3472
f 4926/5557/3462 4927/5556/3472 4834/5453/3376
f 4924/5555/3471 4927/5556/3472 4936/5558/3473
f 4936/5558/3473 4935/5553/3469 4924/5555/3471
f 4927/5556/3472 4930/5559/3474 4936/5558/3473
f 4926/5557/3462 4920/5560/3463 4927/5556/3472
f 4921/5561/3465 4929/5562/3475 4920/5560/3463
f 4920/5560/3463 4928/5563/3476 4927/5556/3472
f 4927/5556/3472 4928/5563/3476 4930/5559/3474
f 4929/5562/3475 4928/5563/3476 4920/5560/3463
f 4931/5564/3477 4930/5559/3474 4928/5563/3476
f 4930/5559/3474 4931/5564/3477 4933/5565/3478
f 4969/5566/3479 4931/5564/3477 4928/5563/3476
f 4929/5562/3475 4969/5566/3479 4928/5563/3476
f 4921/5561/3465 4937/5567/3467 4929/5562/3475
f 4931/5564/3477 4932/5568/3480 4933/5565/3478
f 4934/5569/3481 4933/5565/3478 4932/5568/3480
f 4934/5569/3481 4935/5553/3469 4933/5565/3478
f 4933/5565/3478 4936/5558/3473 4930/5559/3474
f 4933/5565/3478 4935/5553/3469 4936/5558/3473
f 4922/5550/3466 4923/5552/3468 4935/5553/3469
f 4922/5550/3466 4935/5553/3469 4934/5569/3481
f 4935/5553/3469 4925/5554/3470 4924/5555/3471
f 4922/5550/3466 4934/5569/3481 4938/5570/3482
f 4937/5551/3467 4922/5550/3466 4938/5570/3482
f 4967/5571/3483 4937/5551/3467 4939/5572/3484
f 4934/5569/3481 4932/5568/3480 4938/5570/3482
f 4938/5570/3482 4939/5572/3484 4937/5551/3467
f 4939/5572/3484 4940/5573/3485 4967/5571/3483
f 4939/5572/3484 4938/5570/3482 4940/5573/3485
f 4941/5574/3486 4940/5573/3485 4938/5570/3482
f 4941/5574/3486 4952/5575/3487 4940/5573/3485
f 4942/5576/3488 4941/5574/3486 4938/5570/3482
f 4938/5570/3482 4932/5568/3480 4942/5576/3488
f 4932/5568/3480 4943/5577/3489 4942/5576/3488
f 4946/5578/3490 4942/5576/3488 4943/5577/3489
f 4932/5568/3480 4931/5564/3477 4943/5577/3489
f 4931/5564/3477 4944/5579/3491 4943/5577/3489
f 4945/5580/3492 4943/5577/3489 4944/5579/3491
f 4945/5580/3492 4946/5578/3490 4943/5577/3489
f 4946/5578/3490 4945/5580/3492 4948/5581/3493
f 4947/5582/3494 4945/5580/3492 4944/5579/3491
f 4946/5578/3490 4950/5583/3495 4942/5576/3488
f 4949/5584/3496 4942/5576/3488 4950/5583/3495
f 4941/5574/3486 4942/5576/3488 4949/5584/3496
f 4941/5574/3486 4949/5584/3496 4952/5575/3487
f 4952/5575/3487 4949/5584/3496 4953/5585/3497
f 4953/5585/3497 4949/5584/3496 4950/5583/3495
f 4948/5581/3493 4950/5583/3495 4946/5578/3490
f 4953/5585/3497 4951/5586/3498 4952/5575/3487
f 4952/5575/3487 4951/5586/3498 4956/5587/3499
f 4954/5588/3500 4956/5587/3499 4951/5586/3498
f 4954/5588/3500 4951/5586/3498 4953/5585/3497
f 4955/5589/3501 4953/5585/3497 4950/5583/3495
f 4957/5590/3502 4954/5588/3500 4953/5585/3497
f 4957/5590/3502 4953/5585/3497 4955/5589/3501
f 4954/5588/3500 4959/5591/3503 4956/5587/3499
f 4958/5592/3504 4957/5590/3502 4955/5589/3501
f 4954/5588/3500 4960/5593/3505 4959/5591/3503
f 4957/5590/3502 4958/5592/3504 4954/5588/3500
f 4965/5594/3506 4961/5595/3507 4962/5596/3508
f 4961/5595/3507 4965/5594/3506 5254/5597/3509
f 4962/5596/3508 4955/5589/3501 4950/5583/3495
f 4950/5583/3495 4948/5581/3493 4962/5596/3508
f 4965/5594/3506 4962/5596/3508 4948/5581/3493
f 4965/5594/3506 4948/5581/3493 4947/5582/3494
f 4964/5598/3510 4965/5594/3506 4963/5599/3511
f 4963/5599/3511 4965/5594/3506 4966/5600/3512
f 4964/5598/3510 4963/5599/3511 4956/5601/3499
f 4963/5599/3511 4952/5602/3487 4956/5601/3499
f 4966/5600/3512 4952/5602/3487 4963/5599/3511
f 4947/5582/3494 4966/5600/3512 4965/5594/3506
f 4947/5582/3494 4948/5581/3493 4945/5580/3492
f 4944/5579/3491 4966/5600/3512 4947/5582/3494
f 4940/5603/3485 4952/5602/3487 4966/5600/3512
f 4966/5600/3512 4944/5579/3491 4968/5604/3513
f 4966/5600/3512 4967/5605/3483 4940/5603/3485
f 4968/5604/3513 4967/5605/3483 4966/5600/3512
f 4969/5566/3479 4968/5604/3513 4944/5579/3491
f 4967/5605/3483 4968/5604/3513 4929/5562/3475
f 4929/5562/3475 4968/5604/3513 4969/5566/3479
f 4929/5562/3475 4937/5567/3467 4967/5605/3483
f 4944/5579/3491 4931/5564/3477 4969/5566/3479
f 5013/5606/3514 5015/5607/3515 4970/5608/3516
f 5013/5606/3514 4970/5608/3516 4971/5609/3517
f 4972/5610/3518 5013/5606/3514 4971/5609/3517
f 4970/5608/3516 4975/5611/3519 4971/5609/3517
f 4975/5611/3519 4970/5608/3516 4973/5612/3520
f 4973/5612/3520 4970/5608/3516 4974/5613/3521
f 4975/5611/3519 4973/5612/3520 4978/5614/3522
f 4977/5615/3523 4978/5614/3522 4973/5612/3520
f 4974/5613/3521 4977/5615/3523 4973/5612/3520
f 4977/5615/3523 4974/5613/3521 4976/5616/3524
f 4978/5614/3522 4977/5615/3523 4981/5617/3525
f 4980/5618/3526 4981/5617/3525 4977/5615/3523
f 4977/5615/3523 4976/5616/3524 4980/5618/3526
f 4982/5619/3527 4980/5618/3526 4976/5616/3524
f 5122/5620/3528 4981/5617/3525 4980/5618/3526
f 5122/5620/3528 4980/5618/3526 4982/5619/3527
f 4983/5621/3529 4982/5619/3527 4976/5616/3524
f 4979/5622/3530 4983/5621/3529 4976/5616/3524
f 4983/5621/3529 4979/5622/3530 4987/5623/3531
f 4984/5624/3532 4987/5623/3531 4979/5622/3530
f 4986/5625/3533 4984/5624/3532 4985/5626/3534
f 4984/5624/3532 4986/5625/3533 4987/5623/3531
f 4987/5623/3531 4986/5625/3533 4988/5627/3535
f 4978/5628/3522 4981/5629/3525 4988/5627/3535
f 4978/5628/3522 4988/5627/3535 4989/5630/3536
f 4989/5630/3536 4988/5627/3535 4986/5625/3533
f 4989/5630/3536 4975/5631/3519 4978/5628/3522
f 4985/5626/3534 4989/5630/3536 4986/5625/3533
f 4989/5630/3536 4971/5632/3517 4975/5631/3519
f 4990/5633/3537 4971/5632/3517 4989/5630/3536
f 4989/5630/3536 4985/5626/3534 4990/5633/3537
f 4984/5624/3532 4991/5634/3538 4985/5626/3534
f 4991/5634/3538 4990/5633/3537 4985/5626/3534
f 4991/5634/3538 4992/5635/3539 4990/5633/3537
f 4971/5632/3517 4990/5633/3537 4994/5636/3540
f 4993/5637/3541 4990/5633/3537 4992/5635/3539
f 4995/5638/3542 4994/5636/3540 4990/5633/3537
f 4997/5639/3543 4994/5636/3540 4995/5638/3542
f 4990/5633/3537 4993/5637/3541 4995/5638/3542
f 4992/5635/3539 4996/5640/3544 4993/5637/3541
f 4996/5640/3544 5017/5641/3545 4993/5637/3541
f 4996/5640/3544 4998/5642/3546 5017/5641/3545
f 5012/5643/3547 5017/5641/3545 4998/5642/3546
f 5016/5644/3548 4993/5637/3541 5017/5641/3545
f 4999/5645/3549 4995/5638/3542 4993/5637/3541
f 5016/5644/3548 4999/5645/3549 4993/5637/3541
f 4999/5645/3549 5000/5646/3550 4995/5638/3542
f 5001/5647/3551 4997/5639/3543 4995/5638/3542
f 5001/5647/3551 4995/5638/3542 5002/5648/3552
f 5001/5647/3551 5002/5648/3552 5004/5490/3411
f 4995/5638/3542 5000/5646/3550 5002/5648/3552
f 4999/5645/3549 5016/5644/3548 5000/5646/3550
f 5005/5649/3553 5002/5648/3552 5000/5646/3550
f 5000/5646/3550 5016/5644/3548 5005/5649/3553
f 5003/5489/3410 5004/5490/3411 5002/5648/3552
f 5002/5648/3552 5005/5649/3553 5003/5489/3410
f 5005/5649/3553 4861/5484/3406 5003/5489/3410
f 4861/5484/3406 5005/5649/3553 4862/5485/3407
f 5005/5649/3553 4863/5475/3398 4862/5485/3407
f 5006/5472/3395 4852/5473/3396 4863/5475/3398
f 4863/5475/3398 5007/5650/3554 5006/5472/3395
f 5004/5651/3411 4865/5471/3394 5006/5472/3395
f 5007/5650/3554 5008/5652/3555 5006/5472/3395
f 5004/5651/3411 5006/5472/3395 5009/5653/3556
f 5009/5653/3556 5006/5472/3395 5008/5652/3555
f 5009/5653/3556 5010/5654/3557 5004/5651/3411
f 5001/5655/3551 5004/5651/3411 5010/5654/3557
f 5009/5653/3556 5011/5656/3558 5010/5654/3557
f 5008/5652/3555 5011/5656/3558 5009/5653/3556
f 5012/5643/3547 5010/5654/3557 5011/5656/3558
f 4997/5657/3543 5001/5655/3551 5010/5654/3557
f 4997/5657/3543 5010/5654/3557 4994/5658/3540
f 4994/5658/3540 5010/5654/3557 5013/5606/3514
f 5010/5654/3557 5012/5643/3547 5013/5606/3514
f 5012/5643/3547 4998/5659/3546 5013/5606/3514
f 4972/5610/3518 4994/5658/3540 5013/5606/3514
f 4998/5660/3546 5014/5661/3559 5013/5606/3514
f 5012/5643/3547 5011/5656/3558 5017/5641/3545
f 5011/5656/3558 5008/5652/3555 5017/5641/3545
f 5016/5644/3548 5017/5641/3545 5005/5649/3553
f 5007/5650/3554 5017/5641/3545 5008/5652/3555
f 5007/5650/3554 5005/5649/3553 5017/5641/3545
f 5005/5649/3553 5007/5650/3554 4863/5475/3398
f 5019/5662/3560 5020/5663/3561 5018/5664/3562
f 5019/5662/3560 5021/5665/3563 5020/5663/3561
f 5020/5663/3561 5021/5665/3563 5022/5666/3564
f 5023/5667/3565 5022/5666/3564 5021/5665/3563
f 5023/5667/3565 5025/5668/3566 5022/5666/3564
f 5024/5669/3567 5025/5668/3566 5023/5667/3565
f 5026/5670/3568 5025/5668/3566 5024/5669/3567
f 5027/5671/3569 5026/5670/3568 5024/5669/3567
f 5027/5671/3569 5024/5669/3567 5028/5672/3570
f 5027/5671/3569 5028/5672/3570 5029/5673/3571
f 5028/5672/3570 5030/5674/3572 5029/5673/3571
f 5028/5672/3570 5031/5675/3573 5030/5674/3572
f 5033/5676/3574 5030/5674/3572 5031/5675/3573
f 5032/5677/3575 5033/5676/3574 5031/5675/3573
f 5032/5677/3575 5031/5675/3573 5034/5678/3576
f 5032/5677/3575 5034/5678/3576 5035/5679/3575
f 5032/5677/3575 5036/5680/3577 5033/5676/3574
f 5038/5681/3578 5040/5682/3579 5037/5683/3580
f 5038/5681/3578 5039/5684/3578 5040/5682/3579
f 5039/5684/3578 5041/5685/3581 5040/5682/3579
f 5040/5682/3579 5041/5685/3581 5042/5686/3582
f 5044/5687/3583 5043/5688/3583 5041/5685/3581
f 5041/5685/3581 5043/5688/3583 5045/5689/3584
f 5045/5689/3584 5046/5690/3585 5041/5685/3581
f 5041/5685/3581 5046/5690/3585 5042/5686/3582
f 5042/5686/3582 5046/5690/3585 5047/5691/3586
f 5046/5690/3585 5048/5692/3587 5047/5691/3586
f 5047/5691/3586 5048/5692/3587 5050/5693/3588
f 5049/5694/3589 5050/5693/3588 5048/5692/3587
f 5050/5693/3588 5049/5694/3589 5051/5695/3590
f 5049/5694/3589 5052/5696/3591 5051/5695/3590
f 5052/5696/3591 5053/5697/3592 5051/5695/3590
f 5052/5696/3591 5055/5698/3593 5053/5697/3592
f 5052/5696/3591 5054/5699/3594 5055/5698/3593
f 5055/5698/3593 5054/5699/3594 5056/5700/3595
f 5057/5701/3596 5056/5700/3595 5054/5699/3594
f 5056/5700/3595 5057/5701/3596 5058/5702/3597
f 5058/5702/3597 5057/5701/3596 5059/5703/3598
f 5061/5704/3599 5062/5705/3600 5060/5706/3601
f 5062/5705/3600 5061/5704/3599 5063/5707/3602
f 5063/5707/3602 5061/5704/3599 5064/5708/3603
f 5063/5707/3602 5064/5708/3603 5065/5709/3604
f 5068/5710/3605 5066/5711/3606 5067/5712/3607
f 5068/5710/3605 5069/5713/3608 5066/5711/3606
f 5071/5714/3609 5066/5711/3606 5069/5713/3608
f 5070/5715/3610 5071/5714/3609 5069/5713/3608
f 5071/5714/3609 5070/5715/3610 5072/5716/3611
f 5073/5717/3612 5072/5716/3611 5070/5715/3610
f 5072/5716/3611 5073/5717/3612 5075/5718/3613
f 5075/5718/3613 5073/5717/3612 5074/5719/3614
f 5075/5718/3613 5074/5719/3614 5076/5720/3615
f 5076/5720/3615 5074/5719/3614 5077/5721/3616
f 5077/5721/3616 5078/5722/3617 5076/5720/3615
f 5078/5722/3617 5077/5721/3616 5079/5723/3618
f 5081/5724/3619 5080/5725/3620 5083/5726/3621
f 5082/5727/3622 5083/5726/3621 5080/5725/3620
f 5084/5728/3623 5083/5726/3621 5082/5727/3622
f 5086/5729/3624 5084/5728/3623 5082/5727/3622
f 5086/5729/3624 5082/5727/3622 5085/5730/3625
f 5085/5730/3625 5087/5731/3626 5086/5729/3624
f 5086/5729/3624 5087/5731/3626 5088/5732/3627
f 5088/5732/3627 5087/5731/3626 5090/5733/3628
f 5089/5734/3629 5090/5733/3628 5087/5731/3626
f 5090/5733/3628 5089/5734/3629 5091/5735/3629
f 5092/5736/3629 5091/5735/3629 5089/5734/3629
f 5093/5737/3630 5094/5738/3631 5095/5739/3632
f 5095/5739/3632 5094/5738/3631 5096/5740/3633
f 5106/5741/3634 5096/5740/3633 5094/5738/3631
f 5098/5742/3635 5095/5739/3632 5096/5740/3633
f 5097/5743/3636 5100/5744/3637 5099/5745/3638
f 5103/5746/3639 5101/5747/3640 5099/5745/3638
f 5102/5748/3641 5101/5747/3640 5103/5746/3639
f 5102/5748/3641 5103/5746/3639 5104/5749/3642
f 5102/5748/3641 5104/5749/3642 5105/5750/3643
f 5104/5749/3642 5103/5746/3639 5112/5751/3644
f 5103/5746/3639 5099/5745/3638 5100/5744/3637
f 5112/5751/3644 5103/5746/3639 5100/5744/3637
f 5110/5752/3645 5100/5744/3637 5109/5753/3646
f 5097/5743/3636 5109/5753/3646 5100/5744/3637
f 5098/5742/3635 5109/5753/3646 5097/5743/3636
f 5109/5753/3646 5098/5742/3635 5107/5754/3647
f 5098/5742/3635 5096/5740/3633 5107/5754/3647
f 5096/5740/3633 5106/5741/3634 5107/5754/3647
f 5094/5738/3631 5102/5755/3641 5106/5741/3634
f 5094/5738/3631 5101/5756/3640 5102/5755/3641
f 5106/5741/3634 5102/5755/3641 5108/5757/3648
f 5106/5741/3634 5108/5757/3648 5107/5754/3647
f 5105/5758/3643 5108/5757/3648 5102/5755/3641
f 5108/5757/3648 5111/5759/3649 5107/5754/3647
f 5107/5754/3647 5111/5759/3649 5109/5753/3646
f 5115/5760/3650 5105/5758/3643 5104/5761/3642
f 5108/5757/3648 5105/5758/3643 5115/5760/3650
f 5104/5761/3642 5112/5762/3644 5115/5760/3650
f 5108/5757/3648 5113/5763/3651 5111/5759/3649
f 5115/5760/3650 5112/5762/3644 5114/5764/3652
f 5115/5760/3650 5117/5765/3653 5108/5757/3648
f 5118/5766/3654 5115/5760/3650 5114/5764/3652
f 5115/5760/3650 5118/5766/3654 5117/5765/3653
f 5116/5767/3655 5118/5766/3654 5114/5764/3652
f 5117/5765/3653 5118/5766/3654 5121/5768/3656
f 5118/5766/3654 5116/5767/3655 5119/5769/3657
f 5121/5768/3656 5118/5766/3654 5119/5769/3657
f 4982/5619/3527 5119/5769/3657 5122/5620/3528
f 5123/5770/3658 5121/5768/3656 5119/5769/3657
f 5123/5770/3658 5119/5769/3657 4982/5619/3527
f 5124/5771/3659 5123/5770/3658 4982/5619/3527
f 4983/5621/3529 5124/5771/3659 4982/5619/3527
f 5129/5772/3660 5124/5771/3659 4983/5621/3529
f 4983/5621/3529 4987/5623/3531 5129/5772/3660
f 5129/5772/3660 4987/5623/3531 5125/5773/3661
f 4988/5627/3535 5126/5774/3662 4987/5623/3531
f 4988/5627/3535 4981/5629/3525 5126/5774/3662
f 5122/5775/3528 5126/5774/3662 4981/5629/3525
f 5128/5776/3663 5126/5774/3662 5122/5775/3528
f 5126/5774/3662 5127/5777/3664 4987/5623/3531
f 5126/5774/3662 5128/5776/3663 5127/5777/3664
f 5127/5777/3664 5125/5773/3661 4987/5623/3531
f 5122/5775/3528 5119/5778/3657 5128/5776/3663
f 5127/5777/3664 5128/5776/3663 5138/5779/3665
f 5125/5773/3661 5127/5777/3664 5131/5780/3666
f 5138/5779/3665 5128/5776/3663 5130/5781/3667
f 5130/5781/3667 5128/5776/3663 5119/5778/3657
f 5138/5779/3665 5131/5780/3666 5127/5777/3664
f 5116/5782/3655 5130/5781/3667 5119/5778/3657
f 5131/5780/3666 5138/5779/3665 5137/5783/3668
f 5116/5782/3655 5136/5784/3669 5130/5781/3667
f 5114/5785/3652 5132/5786/3670 5116/5782/3655
f 5132/5786/3670 5114/5785/3652 5112/5751/3644
f 5100/5744/3637 5110/5752/3645 5112/5751/3644
f 5112/5751/3644 5110/5752/3645 5132/5786/3670
f 5109/5753/3646 5133/5787/3671 5110/5752/3645
f 5133/5787/3671 5109/5753/3646 5111/5759/3649
f 5113/5763/3651 5133/5787/3671 5111/5759/3649
f 5133/5787/3671 5134/5788/3672 5110/5752/3645
f 5134/5788/3672 5136/5784/3669 5110/5752/3645
f 5132/5786/3670 5110/5752/3645 5136/5784/3669
f 5134/5788/3672 5133/5787/3671 5113/5763/3651
f 5117/5765/3653 5113/5763/3651 5108/5757/3648
f 5117/5765/3653 5120/5789/3673 5113/5763/3651
f 5120/5789/3673 5134/5788/3672 5113/5763/3651
f 5136/5784/3669 5134/5788/3672 5135/5790/3674
f 5136/5784/3669 5116/5782/3655 5132/5786/3670
f 5135/5790/3674 5134/5788/3672 5137/5783/3668
f 5138/5779/3665 5136/5784/3669 5135/5790/3674
f 5138/5779/3665 5135/5790/3674 5137/5783/3668
f 5138/5779/3665 5130/5781/3667 5136/5784/3669
f 5139/5791/3675 5137/5783/3668 5134/5788/3672
f 5139/5791/3675 5134/5788/3672 5120/5789/3673
f 5117/5765/3653 5121/5768/3656 5120/5789/3673
f 5139/5791/3675 5120/5789/3673 5121/5768/3656
f 5123/5770/3658 5139/5791/3675 5121/5768/3656
f 5139/5791/3675 5123/5770/3658 5140/5792/3676
f 5140/5792/3676 5137/5783/3668 5139/5791/3675
f 5140/5792/3676 5131/5780/3666 5137/5783/3668
f 5140/5792/3676 5123/5770/3658 5124/5771/3659
f 5124/5771/3659 5129/5772/3660 5140/5792/3676
f 5129/5772/3660 5125/5773/3661 5140/5792/3676
f 5131/5780/3666 5140/5792/3676 5125/5773/3661
f 5143/5793/3677 5141/5794/3678 5142/5795/3679
f 5141/5794/3678 5144/5796/3680 5142/5795/3679
f 5144/5796/3680 5141/5794/3678 5146/5797/3681
f 5145/5798/3682 5146/5797/3681 5141/5794/3678
f 5146/5797/3681 5145/5798/3682 5149/5799/3683
f 5145/5798/3682 5147/5800/3684 5149/5799/3683
f 5148/5801/3685 5149/5799/3683 5147/5800/3684
f 5149/5799/3683 5148/5801/3685 5152/5802/3686
f 5150/5803/3687 5152/5802/3686 5148/5801/3685
f 5150/5803/3687 5151/5804/3688 5152/5802/3686
f 5152/5802/3686 5151/5804/3688 5154/5805/3689
f 5151/5804/3688 5153/5806/3690 5154/5805/3689
f 5154/5805/3689 5153/5806/3690 5156/5807/3691
f 5153/5806/3690 5155/5808/3692 5156/5807/3691
f 5156/5807/3691 5155/5808/3692 5157/5809/3693
f 5157/5809/3693 5155/5808/3692 5160/5810/3694
f 5160/5810/3694 5155/5808/3692 5158/5811/3695
f 5159/5812/3696 5160/5810/3694 5158/5811/3695
f 5161/5813/3697 5327/5814/3698 5329/5815/3699
f 5161/5813/3697 5329/5815/3699 5325/5816/3700
f 5162/5817/3701 5332/5818/3702 5329/5815/3699
f 5332/5818/3702 5163/5819/3703 5329/5815/3699
f 5325/5816/3700 5329/5815/3699 5164/5820/3704
f 5164/5820/3704 5329/5815/3699 5163/5819/3703
f 5325/5816/3700 5164/5820/3704 5324/5821/3705
f 5324/5821/3705 5164/5820/3704 5323/5822/3706
f 5164/5820/3704 5321/5823/3707 5165/5824/3708
f 5321/5823/3707 5163/5819/3703 5318/5825/3709
f 5163/5819/3703 5321/5823/3707 5164/5820/3704
f 5166/5826/3710 5167/5827/3711 5168/5828/3712
f 5170/5829/3713 5169/5830/3714 5168/5828/3712
f 5176/5831/3715 5169/5830/3714 5170/5829/3713
f 5168/5828/3712 5171/5832/3716 5170/5829/3713
f 5172/5833/3717 5171/5832/3716 5188/5834/3718
f 5170/5829/3713 5171/5832/3716 5176/5831/3715
f 5171/5832/3716 5173/5835/3719 5176/5831/3715
f 5171/5832/3716 5172/5833/3717 5173/5835/3719
f 5174/5836/3720 5173/5835/3719 5172/5833/3717
f 5172/5833/3717 5175/5837/3721 5174/5836/3720
f 5176/5831/3715 5173/5835/3719 5177/5838/3722
f 5177/5838/3722 5169/5830/3714 5176/5831/3715
f 5372/5839/3723 5177/5838/3722 5173/5835/3719
f 5177/5838/3722 5372/5839/3723 5384/5840/3724
f 5174/5836/3720 5175/5837/3721 5178/5841/3725
f 5178/5841/3725 5175/5837/3721 5364/5842/3726
f 5364/5842/3726 5179/5843/3727 5363/5844/3728
f 5364/5842/3726 5175/5837/3721 5179/5843/3727
f 5180/5845/3729 5179/5843/3727 5175/5837/3721
f 5363/5844/3728 5179/5843/3727 5182/5846/3730
f 5181/5847/3731 5182/5846/3730 5179/5843/3727
f 5181/5847/3731 5179/5843/3727 5184/5848/3732
f 5182/5846/3730 5183/5849/3733 5363/5844/3728
f 5184/5848/3732 5179/5843/3727 5185/5850/3734
f 5180/5845/3729 5185/5850/3734 5179/5843/3727
f 5175/5837/3721 5186/5851/3735 5180/5845/3729
f 5175/5837/3721 5172/5833/3717 5186/5851/3735
f 5186/5851/3735 5185/5850/3734 5180/5845/3729
f 5186/5851/3735 5172/5833/3717 5188/5834/3718
f 5188/5834/3718 5187/5852/3736 5186/5851/3735
f 5189/5853/3737 5187/5852/3736 5188/5834/3718
f 5190/5854/3738 5189/5853/3737 5188/5834/3718
f 5188/5834/3718 5171/5832/3716 5190/5854/3738
f 5191/5855/3739 5190/5854/3738 5171/5832/3716
f 5168/5828/3712 5167/5827/3711 5171/5832/3716
f 5171/5832/3716 5167/5827/3711 5191/5855/3739
f 5193/5856/3740 5192/5857/3741 5532/5858/3742
f 5543/5859/3743 5212/5860/3744 5193/5856/3740
f 5195/5861/3745 5193/5856/3740 5194/5862/3746
f 5194/5862/3746 5193/5856/3740 5212/5860/3744
f 5195/5861/3745 5192/5857/3741 5193/5856/3740
f 5196/5863/3747 5192/5857/3741 5195/5861/3745
f 5195/5861/3745 5197/5864/3748 5196/5863/3747
f 5197/5864/3748 5195/5861/3745 5194/5862/3746
f 5212/5860/3744 5213/5865/3749 5194/5862/3746
f 5198/5866/3750 5194/5862/3746 5213/5865/3749
f 5194/5862/3746 5200/5867/3751 5197/5864/3748
f 5194/5862/3746 5198/5866/3750 5201/5868/3752
f 5201/5868/3752 5197/5864/3748 5200/5867/3751
f 5197/5864/3748 5201/5868/3752 5202/5869/3753
f 5200/5867/3751 5194/5862/3746 5201/5868/3752
f 5202/5869/3753 5201/5868/3752 5203/5870/3754
f 5205/5871/3755 5203/5870/3754 5201/5868/3752
f 5204/5872/3756 5203/5870/3754 5205/5871/3755
f 5207/5873/3757 5205/5871/3755 5201/5868/3752
f 5207/5873/3757 5201/5868/3752 5198/5866/3750
f 5199/5874/3758 5207/5873/3757 5198/5866/3750
f 5199/5874/3758 5208/5875/3759 5207/5873/3757
f 5207/5873/3757 5541/5876/3760 5205/5871/3755
f 5204/5872/3756 5205/5871/3755 5541/5876/3760
f 5541/5876/3760 5207/5873/3757 5208/5875/3759
f 5209/5877/3761 5199/5874/3758 5198/5866/3750
f 5213/5865/3749 5209/5877/3761 5198/5866/3750
f 5212/5860/3744 5543/5859/3743 5544/5878/3762
f 5209/5877/3761 5213/5865/3749 5214/5879/3763
f 5211/5880/3764 5544/5878/3762 5210/5881/3765
f 5544/5878/3762 5211/5880/3764 5212/5860/3744
f 5211/5880/3764 5210/5881/3765 5232/5882/3766
f 5214/5879/3763 5213/5865/3749 5212/5860/3744
f 5214/5879/3763 5212/5860/3744 5211/5880/3764
f 5215/5883/3767 5214/5879/3763 5211/5880/3764
f 5230/5884/3768 5214/5879/3763 5215/5883/3767
f 5215/5883/3767 5211/5880/3764 5217/5885/3769
f 5232/5882/3766 5216/5886/3770 5211/5880/3764
f 5216/5886/3770 5217/5885/3769 5211/5880/3764
f 5216/5886/3770 5219/5887/3771 5217/5885/3769
f 5218/5888/3772 5219/5887/3771 5216/5886/3770
f 5218/5888/3772 5222/5889/3773 5219/5887/3771
f 5222/5889/3773 5220/5890/3774 5219/5887/3771
f 5218/5888/3772 5272/5891/3775 5222/5889/3773
f 5221/5892/3776 5272/5891/3775 5218/5888/3772
f 5272/5891/3775 5221/5892/3776 5237/5893/3777
f 5223/5894/3778 5222/5889/3773 5270/5895/3779
f 5270/5895/3779 5271/5896/3780 5223/5894/3778
f 5222/5889/3773 5223/5894/3778 5220/5890/3774
f 5224/5897/3781 5223/5894/3778 5271/5896/3780
f 5224/5897/3781 5271/5896/3780 5225/5898/3782
f 5224/5897/3781 5226/5899/3783 5223/5894/3778
f 5220/5890/3774 5223/5894/3778 5226/5899/3783
f 5228/5900/3784 5226/5899/3783 5224/5897/3781
f 5217/5885/3769 5219/5887/3771 5215/5883/3767
f 5230/5884/3768 5215/5883/3767 5219/5887/3771
f 5219/5887/3771 5220/5890/3774 5230/5884/3768
f 5220/5890/3774 5226/5899/3783 5230/5884/3768
f 5226/5899/3783 5229/5901/3785 5230/5884/3768
f 5228/5900/3784 5229/5901/3785 5226/5899/3783
f 5228/5900/3784 5231/5902/3786 5229/5901/3785
f 5233/5903/3787 5229/5901/3785 5231/5902/3786
f 5232/5904/3766 5233/5903/3787 5231/5902/3786
f 5232/5904/3766 5210/5905/3765 5233/5903/3787
f 5216/5906/3770 5232/5904/3766 5218/5907/3772
f 5227/5908/3788 5228/5900/3784 5224/5897/3781
f 5235/5909/3789 5218/5907/3772 5232/5904/3766
f 5231/5902/3786 5228/5900/3784 5234/5910/3790
f 5227/5908/3788 5234/5910/3790 5228/5900/3784
f 5232/5904/3766 5231/5902/3786 5234/5910/3790
f 5232/5904/3766 5234/5910/3790 5235/5909/3789
f 5227/5908/3788 5224/5897/3781 5225/5898/3782
f 5236/5911/3791 5235/5909/3789 5234/5910/3790
f 5234/5910/3790 5227/5908/3788 5236/5911/3791
f 5236/5911/3791 5227/5908/3788 5225/5898/3782
f 5235/5909/3789 5221/5912/3776 5218/5907/3772
f 5237/5913/3777 5221/5912/3776 5235/5909/3789
f 5237/5913/3777 5235/5909/3789 5236/5911/3791
f 5225/5898/3782 5240/5914/3792 5236/5911/3791
f 5238/5915/3793 5237/5913/3777 5236/5911/3791
f 5238/5915/3793 5239/5916/3794 5237/5913/3777
f 5240/5914/3792 5238/5915/3793 5236/5911/3791
f 5239/5916/3794 5238/5915/3793 5241/5917/3795
f 5239/5916/3794 5241/5917/3795 5242/5918/3796
f 5242/5918/3796 5245/5919/3797 5239/5916/3794
f 5240/5914/3792 5241/5917/3795 5238/5915/3793
f 5243/5920/3798 5242/5918/3796 5241/5917/3795
f 5245/5919/3797 5242/5918/3796 5244/5921/3799
f 5244/5921/3799 5248/5922/3800 5245/5919/3797
f 5242/5918/3796 5246/5923/3801 5244/5921/3799
f 5247/5924/3802 5244/5921/3799 5246/5923/3801
f 5247/5924/3802 5248/5922/3800 5244/5921/3799
f 5247/5924/3802 5249/5925/3803 5248/5922/3800
f 5247/5924/3802 4960/5926/3505 5249/5925/3803
f 5251/5927/3804 4960/5926/3505 5247/5924/3802
f 5247/5924/3802 5250/5928/3805 5251/5927/3804
f 5250/5928/3805 5252/5929/3806 5251/5927/3804
f 5251/5927/3804 5254/5597/3509 4960/5926/3505
f 4959/5930/3503 4960/5926/3505 5254/5597/3509
f 5251/5927/3804 5252/5929/3806 4961/5595/3507
f 5251/5927/3804 4961/5595/3507 5254/5597/3509
f 5252/5929/3806 5253/5931/3807 4961/5595/3507
f 4956/5601/3499 4959/5930/3503 5254/5597/3509
f 4964/5598/3510 4956/5601/3499 5254/5597/3509
f 4962/5596/3508 4961/5595/3507 5253/5931/3807
f 4955/5589/3501 4962/5596/3508 5253/5931/3807
f 4955/5589/3501 5255/5932/3808 4958/5592/3504
f 5255/5932/3808 4955/5589/3501 5253/5931/3807
f 4958/5592/3504 5255/5932/3808 4954/5588/3500
f 5255/5932/3808 5256/5933/3809 4954/5588/3500
f 5256/5933/3809 4960/5593/3505 4954/5588/3500
f 5257/5934/3810 4960/5593/3505 5256/5933/3809
f 5249/5935/3803 4960/5593/3505 5257/5934/3810
f 5255/5932/3808 5257/5934/3810 5256/5933/3809
f 5253/5931/3807 5252/5929/3806 5250/5928/3805
f 5258/5936/3811 5253/5931/3807 5250/5928/3805
f 5255/5932/3808 5253/5931/3807 5258/5936/3811
f 5258/5936/3811 5259/5937/3812 5255/5932/3808
f 5259/5937/3812 5257/5934/3810 5255/5932/3808
f 5257/5934/3810 5248/5938/3800 5249/5935/3803
f 5259/5937/3812 5260/5939/3813 5257/5934/3810
f 5260/5939/3813 5259/5937/3812 5261/5940/3814
f 5257/5934/3810 5262/5941/3815 5248/5938/3800
f 5257/5934/3810 5260/5939/3813 5262/5941/3815
f 5262/5941/3815 5245/5942/3797 5248/5938/3800
f 5262/5941/3815 5260/5939/3813 5263/5943/3816
f 5263/5943/3816 5260/5939/3813 5261/5940/3814
f 5245/5942/3797 5262/5941/3815 5264/5944/3817
f 5262/5941/3815 5263/5943/3816 5264/5944/3817
f 5239/5945/3794 5245/5942/3797 5264/5944/3817
f 5265/5946/3818 5264/5944/3817 5263/5943/3816
f 5264/5944/3817 5269/5947/3819 5239/5945/3794
f 5264/5944/3817 5268/5948/3820 5269/5947/3819
f 5265/5946/3818 5268/5948/3820 5264/5944/3817
f 5265/5946/3818 5263/5943/3816 5266/5949/3821
f 5605/5950/3822 5266/5949/3821 5263/5943/3816
f 5605/5950/3822 5263/5943/3816 5261/5940/3814
f 5605/5950/3822 5243/5920/3798 5266/5949/3821
f 5605/5950/3822 5242/5918/3796 5243/5920/3798
f 5605/5950/3822 5246/5923/3801 5242/5918/3796
f 5266/5949/3821 5243/5920/3798 5241/5917/3795
f 5241/5917/3795 5240/5914/3792 5266/5949/3821
f 5266/5949/3821 5267/5951/3823 5265/5946/3818
f 5267/5951/3823 5268/5948/3820 5265/5946/3818
f 5239/5945/3794 5269/5947/3819 5237/5893/3777
f 5237/5893/3777 5269/5947/3819 5272/5891/3775
f 5272/5891/3775 5269/5947/3819 5270/5895/3779
f 5269/5947/3819 5268/5948/3820 5270/5895/3779
f 5271/5896/3780 5270/5895/3779 5268/5948/3820
f 5222/5889/3773 5272/5891/3775 5270/5895/3779
f 5271/5896/3780 5267/5951/3823 5225/5898/3782
f 5225/5898/3782 5273/5952/3824 5240/5914/3792
f 5273/5952/3824 5225/5898/3782 5267/5951/3823
f 5268/5948/3820 5267/5951/3823 5271/5896/3780
f 5273/5952/3824 5267/5951/3823 5266/5949/3821
f 5240/5914/3792 5273/5952/3824 5266/5949/3821
f 5276/5953/3825 5274/5954/3826 4888/5955/3434
f 4888/5955/3434 4889/5956/3435 5276/5953/3825
f 5274/5954/3826 5276/5953/3825 5275/5957/3827
f 5274/5954/3826 5275/5957/3827 5277/5958/3828
f 5275/5957/3827 4905/5535/3454 5277/5958/3828
f 4907/5530/3449 5277/5958/3828 4905/5535/3454
f 4907/5530/3449 4884/5509/3428 5277/5958/3828
f 5278/5959/3829 5274/5954/3826 5277/5958/3828
f 5277/5958/3828 4883/5510/3429 5278/5959/3829
f 5277/5958/3828 4884/5509/3428 4883/5510/3429
f 4905/5535/3454 5275/5957/3827 4904/5532/3451
f 5279/5960/3830 4904/5532/3451 5275/5957/3827
f 5275/5957/3827 5276/5953/3825 5279/5960/3830
f 4904/5532/3451 5279/5960/3830 5281/5534/3453
f 5282/5961/3831 5281/5534/3453 5279/5960/3830
f 5280/5962/3832 5282/5961/3831 5279/5960/3830
f 5282/5961/3831 5280/5962/3832 5283/5963/3833
f 5283/5963/3833 5280/5962/3832 5284/5964/3834
f 5279/5960/3830 5276/5953/3825 5280/5962/3832
f 5280/5962/3832 4890/5965/3437 5284/5964/3834
f 5280/5962/3832 4889/5956/3435 4890/5965/3437
f 5276/5953/3825 4889/5956/3435 5280/5962/3832
f 5353/5966/3835 5287/5967/3836 5348/5968/3837
f 5353/5966/3835 5285/5969/3838 5287/5967/3836
f 5286/5970/3839 5287/5967/3836 5285/5969/3838
f 5286/5970/3839 5285/5969/3838 5288/5971/3840
f 5285/5969/3838 5352/5972/3841 5288/5971/3840
f 5289/5973/3842 5288/5971/3840 5352/5972/3841
f 5287/5967/3836 5286/5970/3839 5291/5974/3843
f 5288/5971/3840 5289/5973/3842 5350/5975/3844
f 5289/5973/3842 5290/5976/3845 5350/5975/3844
f 5351/5977/3846 5286/5970/3839 5288/5971/3840
f 5346/5978/3847 5291/5974/3843 5292/5979/3848
f 5291/5974/3843 5286/5970/3839 5292/5979/3848
f 5293/5980/3849 5292/5979/3848 5286/5970/3839
f 5351/5977/3846 5293/5980/3849 5286/5970/3839
f 5346/5978/3847 5292/5979/3848 5294/5981/3850
f 5294/5981/3850 5300/5982/3851 5305/5983/3852
f 5300/5982/3851 5294/5981/3850 5292/5979/3848
f 5300/5982/3851 5292/5979/3848 5293/5980/3849
f 5350/5975/3844 5293/5980/3849 5351/5977/3846
f 5296/5984/3853 5295/5985/3854 5350/5975/3844
f 5350/5975/3844 5295/5985/3854 5293/5980/3849
f 5293/5980/3849 5295/5985/3854 5298/5986/3855
f 5293/5980/3849 5298/5986/3855 5299/5987/3856
f 5299/5987/3856 5300/5982/3851 5293/5980/3849
f 5299/5987/3856 5303/5988/3857 5300/5982/3851
f 5301/5989/3858 5303/5988/3857 5299/5987/3856
f 5299/5987/3856 5298/5986/3855 5301/5989/3858
f 5302/5990/3859 5301/5989/3858 5298/5986/3855
f 5303/5988/3857 5304/5991/3860 5300/5982/3851
f 5304/5991/3860 5305/5983/3852 5300/5982/3851
f 5305/5983/3852 5306/5992/3861 5294/5981/3850
f 5307/5993/3862 5294/5981/3850 5306/5992/3861
f 5339/5994/3863 5308/5995/3864 5313/5996/3865
f 5307/5993/3862 5309/5997/3866 5308/5995/3864
f 5309/5997/3866 5313/5996/3865 5308/5995/3864
f 5309/5997/3866 5310/5998/3867 5313/5996/3865
f 5310/5998/3867 5309/5997/3866 5311/5999/3868
f 5311/5999/3868 5309/5997/3866 5341/6000/3869
f 5312/6001/3870 5311/5999/3868 5341/6000/3869
f 5313/5996/3865 5310/5998/3867 5314/6002/3871
f 5315/6003/3872 5314/6002/3871 5310/5998/3867
f 5311/5999/3868 5315/6003/3872 5310/5998/3867
f 5316/6004/3873 5311/5999/3868 5312/6001/3870
f 5316/6004/3873 5315/6003/3872 5311/5999/3868
f 5315/6003/3872 5317/6005/3874 5318/6006/3709
f 5314/6002/3871 5315/6003/3872 5318/6006/3709
f 5318/6006/3709 5319/6007/3875 5314/6002/3871
f 5318/6006/3709 5320/6008/3876 5319/6007/3875
f 5317/6005/3874 5321/6009/3707 5318/6006/3709
f 5317/6005/3874 5322/6010/3877 5321/6009/3707
f 5317/6005/3874 5315/6003/3872 5322/6010/3877
f 5322/6010/3877 5315/6003/3872 5323/6011/3706
f 5315/6003/3872 5316/6004/3873 5323/6011/3706
f 5316/6004/3873 5324/6012/3705 5323/6011/3706
f 5327/6013/3698 5161/6014/3697 5326/6015/3878
f 5326/6015/3878 5328/6016/3879 5327/6013/3698
f 5329/6017/3699 5327/6013/3698 5333/6018/3880
f 5329/6017/3699 5333/6018/3880 5330/6019/3881
f 5333/6018/3880 5331/6020/3882 5330/6019/3881
f 5330/6019/3881 5331/6020/3882 5332/6021/3702
f 5163/6022/3703 5332/6021/3702 5319/6023/3875
f 5319/6023/3875 5332/6021/3702 5314/6024/3871
f 5331/6020/3882 5314/6024/3871 5332/6021/3702
f 5328/6016/3879 5333/6018/3880 5327/6013/3698
f 5334/6025/3883 5314/6024/3871 5331/6020/3882
f 5313/6026/3865 5314/6024/3871 5334/6025/3883
f 5331/6020/3882 5333/6018/3880 5334/6025/3883
f 5334/6025/3883 5333/6018/3880 5335/6027/3884
f 5335/6027/3884 5333/6018/3880 5328/6016/3879
f 5336/6028/3885 5335/6027/3884 5328/6016/3879
f 5335/6027/3884 5337/6029/3886 5334/6025/3883
f 5337/6029/3886 5313/6026/3865 5334/6025/3883
f 5338/6030/3887 5337/6029/3886 5335/6027/3884
f 5337/6029/3886 5338/6030/3887 5339/6031/3863
f 5339/6031/3863 5313/6026/3865 5337/6029/3886
f 5340/6032/3888 5339/6031/3863 5338/6030/3887
f 5343/6033/3889 5308/6034/3864 5339/6031/3863
f 5340/6032/3888 5343/6033/3889 5339/6031/3863
f 5338/6030/3887 5335/6027/3884 5336/6028/3885
f 5336/6028/3885 5316/6004/3873 5312/6001/3870
f 5316/6004/3873 5336/6028/3885 5328/6016/3879
f 5316/6004/3873 5328/6016/3879 5324/6012/3705
f 5326/6015/3878 5324/6012/3705 5328/6016/3879
f 5338/6030/3887 5336/6028/3885 5340/6032/3888
f 5342/6035/3890 5340/6032/3888 5336/6028/3885
f 5336/6028/3885 5312/6001/3870 5342/6035/3890
f 5341/6000/3869 5342/6035/3890 5312/6001/3870
f 5342/6035/3890 5341/6000/3869 5304/5991/3860
f 5341/6000/3869 5309/5997/3866 5307/5993/3862
f 5341/6000/3869 5307/5993/3862 5304/5991/3860
f 5307/5993/3862 5306/5992/3861 5304/5991/3860
f 5304/5991/3860 5306/5992/3861 5305/5983/3852
f 5304/5991/3860 5303/5988/3857 5342/6035/3890
f 5303/5988/3857 5340/6032/3888 5342/6035/3890
f 5303/5988/3857 5301/5989/3858 5340/6032/3888
f 5301/5989/3858 5343/6033/3889 5340/6032/3888
f 5301/5989/3858 5302/5990/3859 5343/6033/3889
f 5344/6036/3891 5308/6034/3864 5343/6033/3889
f 5302/5990/3859 5344/6036/3891 5343/6033/3889
f 5307/6037/3862 5308/6034/3864 5344/6036/3891
f 5307/6037/3862 5344/6036/3891 5294/6038/3850
f 5345/6039/3892 5294/6038/3850 5344/6036/3891
f 5302/5990/3859 5345/6039/3892 5344/6036/3891
f 5298/5986/3855 5297/6040/3893 5302/5990/3859
f 5302/5990/3859 5297/6040/3893 5345/6039/3892
f 5295/5985/3854 5297/6040/3893 5298/5986/3855
f 5294/6038/3850 5345/6039/3892 5346/6041/3847
f 5297/6040/3893 5347/6042/3894 5345/6039/3892
f 5346/6041/3847 5345/6039/3892 5347/6042/3894
f 5297/6040/3893 5295/5985/3854 5296/5984/3853
f 5347/6042/3894 5291/6043/3843 5346/6041/3847
f 5347/6042/3894 5287/6044/3836 5291/6043/3843
f 5296/5984/3853 5347/6042/3894 5297/6040/3893
f 5287/6044/3836 5347/6042/3894 5348/6045/3837
f 5349/6046/3895 5290/5976/3845 5348/6045/3837
f 5349/6046/3895 5350/5975/3844 5290/5976/3845
f 5347/6042/3894 5296/5984/3853 5348/6045/3837
f 5349/6046/3895 5348/6045/3837 5296/5984/3853
f 5350/5975/3844 5349/6046/3895 5296/5984/3853
f 5351/5977/3846 5288/5971/3840 5350/5975/3844
f 5352/6047/3896 5348/6048/3837 5290/6049/3845
f 5352/6047/3896 5353/6050/3835 5348/6048/3837
f 4699/6051/3223 5354/6052/3897 4700/6053/3224
f 5355/6054/3248 4700/6053/3224 5354/6052/3897
f 5354/6052/3897 5356/6055/3898 5355/6054/3248
f 5356/6055/3898 5357/6056/3244 5355/6054/3248
f 5357/6056/3244 4732/5306/3258 4717/5311/3241
f 5357/6056/3244 5356/6055/3898 4732/5306/3258
f 5356/6055/3898 5358/5278/3231 4732/5306/3258
f 5359/5277/3230 4732/5306/3258 5358/5278/3231
f 5360/5273/3226 5361/5272/3225 4721/5296/3249
f 5360/5273/3226 4721/5296/3249 5359/5277/3230
f 5356/6055/3898 4703/5276/3229 5358/5278/3231
f 5362/5280/3233 4703/5276/3229 5356/6055/3898
f 5354/6052/3897 5362/5280/3233 5356/6055/3898
f 5363/5844/3728 5183/5849/3733 5166/6057/3710
f 5363/5844/3728 5166/6057/3710 5168/6058/3712
f 5168/6058/3712 5169/6059/3714 5363/5844/3728
f 5169/6059/3714 5365/6060/3899 5363/5844/3728
f 5365/6060/3899 5364/5842/3726 5363/5844/3728
f 5177/6061/3722 5365/6060/3899 5169/6059/3714
f 5366/6062/3900 5365/6060/3899 5177/6061/3722
f 5367/6063/3901 5365/6060/3899 5366/6062/3900
f 5365/6060/3899 5367/6063/3901 5368/6064/3902
f 5367/6063/3901 5370/6065/3903 5368/6064/3902
f 5369/6066/3904 5370/6065/3903 5367/6063/3901
f 5368/6064/3902 5370/6065/3903 5371/6067/3905
f 5371/6067/3905 5365/6060/3899 5368/6064/3902
f 5364/5842/3726 5365/6060/3899 5371/6067/3905
f 5364/5842/3726 5371/6067/3905 5178/5841/3725
f 5373/6068/3906 5178/5841/3725 5371/6067/3905
f 5174/5836/3720 5178/5841/3725 5373/6068/3906
f 5174/5836/3720 5373/6068/3906 5173/5835/3719
f 5372/5839/3723 5173/5835/3719 5373/6068/3906
f 5373/6068/3906 5371/6067/3905 5370/6065/3903
f 5370/6065/3903 5374/6069/3907 5373/6068/3906
f 5374/6069/3907 5372/5839/3723 5373/6068/3906
f 5383/6070/3908 5372/5839/3723 5374/6069/3907
f 5370/6065/3903 5375/6071/3909 5374/6069/3907
f 5369/6066/3904 5375/6071/3909 5370/6065/3903
f 5375/6071/3909 5369/6066/3904 5565/6072/3910
f 5381/6073/3911 5563/6074/3912 5369/6066/3904
f 5563/6074/3912 5565/6072/3910 5369/6066/3904
f 5565/6072/3910 5377/6075/3913 5375/6071/3909
f 5375/6071/3909 5377/6075/3913 5376/6076/3914
f 5375/6071/3909 5376/6076/3914 5383/6070/3908
f 5377/6075/3913 5380/6077/3915 5376/6076/3914
f 5378/6078/3916 5376/6076/3914 5380/6077/3915
f 5379/6079/3917 5376/6076/3914 5378/6078/3916
f 5379/6079/3917 5383/6070/3908 5376/6076/3914
f 5379/6079/3917 5378/6078/3916 5382/6080/3918
f 5381/6081/3911 5369/6082/3904 5382/6080/3918
f 5381/6081/3911 5382/6080/3918 5378/6078/3916
f 5382/6080/3918 5369/6082/3904 5367/6083/3901
f 5383/6070/3908 5379/6079/3917 5382/6080/3918
f 5367/6083/3901 5366/6084/3900 5382/6080/3918
f 5382/6080/3918 5366/6084/3900 5383/6070/3908
f 5384/5840/3724 5383/6070/3908 5366/6084/3900
f 5384/5840/3724 5372/5839/3723 5383/6070/3908
f 5383/6070/3908 5374/6069/3907 5375/6071/3909
f 5366/6084/3900 5177/5838/3722 5384/5840/3724
f 5387/6085/3919 5385/6086/3920 5386/6087/3921
f 5409/6088/3922 5386/6087/3921 5385/6086/3920
f 5387/6085/3919 5392/6089/3923 5404/6090/3924
f 5389/6091/3925 5388/6092/3926 5412/6093/3927
f 5388/6092/3926 5390/6094/3928 5387/6085/3919
f 5390/6094/3928 5392/6089/3923 5387/6085/3919
f 5388/6092/3926 5389/6091/3925 5391/6095/3929
f 5390/6094/3928 5393/6096/3930 5392/6089/3923
f 5393/6096/3930 5390/6094/3928 5562/6097/3931
f 5390/6094/3928 5394/6098/3932 5562/6099/3931
f 5395/6100/3933 5551/6101/3934 5394/6098/3932
f 5394/6098/3932 5396/6102/3935 5395/6100/3933
f 5391/6095/3929 5396/6102/3935 5394/6098/3932
f 5394/6098/3932 5390/6094/3928 5391/6095/3929
f 5396/6102/3935 5391/6095/3929 5398/6103/3936
f 5398/6103/3936 5397/6104/3937 5396/6102/3935
f 5388/6092/3926 5391/6095/3929 5390/6094/3928
f 5398/6103/3936 5391/6095/3929 5389/6091/3925
f 5397/6104/3937 5398/6103/3936 5399/6105/3938
f 5408/6106/3939 5399/6105/3938 5398/6103/3936
f 5408/6106/3939 5398/6103/3936 5389/6091/3925
f 5393/6107/3930 5562/6108/3931 5400/6109/3940
f 5392/6110/3923 5393/6107/3930 5400/6109/3940
f 5401/6111/3941 5392/6110/3923 5400/6109/3940
f 5400/6109/3940 5402/6112/3942 5401/6111/3941
f 5400/6109/3940 5399/6105/3938 5402/6112/3942
f 5401/6111/3941 5403/6113/3943 5392/6110/3923
f 5403/6113/3943 5404/6114/3924 5392/6110/3923
f 5404/6114/3924 5403/6113/3943 5405/6115/3944
f 5405/6115/3944 5387/6116/3919 5404/6114/3924
f 5401/6111/3941 5406/6117/3945 5403/6113/3943
f 5402/6112/3942 5406/6117/3945 5401/6111/3941
f 5407/6118/3946 5402/6112/3942 5408/6106/3939
f 5402/6112/3942 5407/6118/3946 5406/6117/3945
f 5414/6119/3947 5406/6117/3945 5407/6118/3946
f 5389/6091/3925 5407/6118/3946 5408/6106/3939
f 5408/6106/3939 5402/6112/3942 5399/6105/3938
f 5412/6093/3927 5413/6120/3948 5389/6091/3925
f 5389/6091/3925 5413/6120/3948 5407/6118/3946
f 5412/6093/3927 5388/6092/3926 5386/6087/3921
f 5387/6085/3919 5386/6087/3921 5388/6092/3926
f 5409/6088/3922 5411/6121/3949 5386/6087/3921
f 5386/6087/3921 5411/6121/3949 5412/6093/3927
f 5409/6088/3922 5410/6122/3950 5411/6121/3949
f 5410/6122/3950 5418/6123/3951 5411/6121/3949
f 5412/6093/3927 5411/6121/3949 5418/6123/3951
f 5414/6119/3947 5407/6118/3946 5413/6120/3948
f 5414/6119/3947 5413/6120/3948 5415/6124/3952
f 5414/6119/3947 5415/6124/3952 5422/6125/3953
f 5415/6124/3952 5413/6120/3948 5416/6126/3954
f 5416/6126/3954 5417/6127/3955 5415/6124/3952
f 5416/6126/3954 5413/6120/3948 5418/6123/3951
f 5412/6093/3927 5418/6123/3951 5413/6120/3948
f 5415/6124/3952 5417/6127/3955 5422/6125/3953
f 5419/6128/3956 5422/6125/3953 5417/6127/3955
f 5420/6129/3957 5421/6130/3958 5419/6128/3956
f 5419/6128/3956 5421/6130/3958 5422/6125/3953
f 5422/6125/3953 5421/6130/3958 5405/6115/3944
f 5421/6130/3958 5420/6129/3957 5405/6115/3944
f 5385/6131/3920 5387/6116/3919 5420/6129/3957
f 5387/6116/3919 5405/6115/3944 5420/6129/3957
f 5403/6113/3943 5422/6125/3953 5405/6115/3944
f 5406/6117/3945 5422/6125/3953 5403/6113/3943
f 5422/6125/3953 5406/6117/3945 5414/6119/3947
f 5423/6132/3959 5466/6133/3960 5428/6134/3961
f 5424/6135/3962 5428/6134/3961 5466/6133/3960
f 5427/6136/3963 5428/6134/3961 5424/6135/3962
f 5428/6134/3961 5429/6137/3964 5423/6132/3959
f 5427/6136/3963 5424/6135/3962 5426/6138/3965
f 5425/6139/3966 5426/6138/3965 5424/6135/3962
f 5433/6140/3967 5429/6137/3964 5428/6134/3961
f 5428/6134/3961 5427/6136/3963 5430/6141/3968
f 5430/6141/3968 5427/6136/3963 5426/6138/3965
f 5426/6138/3965 5431/6142/3969 5430/6141/3968
f 5428/6134/3961 5430/6141/3968 5434/6143/3970
f 5434/6143/3970 5433/6140/3967 5428/6134/3961
f 5433/6140/3967 5434/6143/3970 5435/6144/3971
f 5436/6145/3972 5435/6144/3971 5434/6143/3970
f 5443/6146/3973 5436/6145/3972 5434/6143/3970
f 5437/6147/3974 5435/6144/3971 5436/6145/3972
f 5436/6145/3972 5438/6148/3975 5437/6147/3974
f 5439/6149/3976 5437/6147/3974 5438/6148/3975
f 5437/6147/3974 5439/6149/3976 5440/6150/3977
f 5477/6151/3978 5437/6147/3974 5440/6150/3977
f 5440/6150/3977 5439/6149/3976 5441/6152/3979
f 5439/6149/3976 5442/6153/3980 5441/6152/3979
f 5439/6149/3976 5456/6154/3981 5442/6153/3980
f 5442/6153/3980 5457/6155/3982 5441/6152/3979
f 5442/6153/3980 5456/6154/3981 5457/6155/3982
f 5456/6154/3981 5439/6149/3976 5438/6148/3975
f 5443/6146/3973 5438/6148/3975 5436/6145/3972
f 5430/6141/3968 5443/6146/3973 5434/6143/3970
f 5443/6146/3973 5430/6141/3968 5432/6156/3983
f 5452/6157/3984 5443/6146/3973 5432/6156/3983
f 5438/6148/3975 5443/6146/3973 5452/6157/3984
f 5431/6142/3969 5432/6156/3983 5430/6141/3968
f 5426/6138/3965 5445/6158/3985 5431/6142/3969
f 5425/6139/3966 5445/6158/3985 5426/6138/3965
f 5444/6159/3986 5445/6158/3985 5425/6139/3966
f 5445/6158/3985 5444/6159/3986 5446/6160/3987
f 5444/6159/3986 5447/6161/3988 5446/6160/3987
f 5445/6158/3985 5432/6156/3983 5431/6142/3969
f 5446/6160/3987 5432/6156/3983 5445/6158/3985
f 5448/6162/3989 5446/6160/3987 5447/6161/3988
f 5449/6163/3990 5448/6162/3989 5447/6161/3988
f 5432/6156/3983 5446/6160/3987 5450/6164/3991
f 5432/6156/3983 5450/6164/3991 5452/6157/3984
f 5452/6157/3984 5450/6164/3991 5454/6165/3992
f 5448/6162/3989 5450/6164/3991 5446/6160/3987
f 5454/6165/3992 5450/6164/3991 5448/6162/3989
f 5451/6166/3993 5453/6167/3994 5448/6162/3989
f 5454/6165/3992 5448/6162/3989 5460/6168/3995
f 5448/6162/3989 5453/6167/3994 5460/6168/3995
f 5455/6169/3996 5454/6165/3992 5460/6168/3995
f 5452/6157/3984 5456/6154/3981 5438/6148/3975
f 5454/6165/3992 5456/6154/3981 5452/6157/3984
f 5457/6155/3982 5456/6154/3981 5454/6165/3992
f 5457/6155/3982 5454/6165/3992 5455/6169/3996
f 5455/6169/3996 5474/6170/3997 5457/6155/3982
f 5455/6169/3996 5458/6171/3998 5473/6172/3999
f 5473/6172/3999 5474/6170/3997 5455/6169/3996
f 5458/6171/3998 5459/6173/4000 5473/6172/3999
f 5459/6173/4000 5458/6171/3998 5468/6174/4001
f 5459/6173/4000 5470/6175/4002 5473/6172/3999
f 5470/6175/4002 5459/6173/4000 5468/6174/4001
f 5460/6168/3995 5458/6171/3998 5455/6169/3996
f 5460/6168/3995 5467/6176/4003 5458/6171/3998
f 5467/6176/4003 5468/6174/4001 5458/6171/3998
f 5467/6176/4003 5460/6168/3995 5453/6167/3994
f 5467/6176/4003 5453/6167/3994 5464/6177/4004
f 5463/6178/4005 5464/6177/4004 5453/6167/3994
f 5451/6166/3993 5463/6178/4005 5453/6167/3994
f 5451/6166/3993 5448/6162/3989 5449/6163/3990
f 5451/6166/3993 5449/6163/3990 5462/6179/4006
f 5449/6163/3990 5461/6180/4007 5462/6179/4006
f 5463/6178/4005 5451/6166/3993 5462/6179/4006
f 5462/6179/4006 5461/6180/4007 5463/6178/4005
f 5463/6178/4005 5461/6180/4007 5464/6177/4004
f 5465/6181/4008 5464/6177/4004 5461/6180/4007
f 5429/6182/3964 5464/6177/4004 5465/6181/4008
f 5429/6182/3964 5465/6181/4008 5423/6183/3959
f 5466/6184/3960 5423/6183/3959 5465/6181/4008
f 5464/6177/4004 5429/6182/3964 5467/6176/4003
f 5433/6185/3967 5467/6176/4003 5429/6182/3964
f 5467/6176/4003 5433/6185/3967 5435/6186/3971
f 5435/6186/3971 5468/6174/4001 5467/6176/4003
f 5437/6187/3974 5468/6174/4001 5435/6186/3971
f 5468/6174/4001 5437/6187/3974 5477/6188/3978
f 5477/6188/3978 5470/6175/4002 5468/6174/4001
f 5477/6188/3978 5469/6189/4009 5470/6175/4002
f 5469/6189/4009 5471/6190/4010 5470/6175/4002
f 5470/6175/4002 5471/6190/4010 5472/6191/4011
f 5472/6191/4011 5473/6172/3999 5470/6175/4002
f 5475/6192/4012 5474/6170/3997 5473/6172/3999
f 5474/6170/3997 5475/6192/4012 5457/6155/3982
f 5475/6192/4012 5441/6152/3979 5457/6155/3982
f 5441/6152/3979 5476/6193/4013 5440/6150/3977
f 5440/6150/3977 5476/6193/4013 5477/6151/3978
f 5469/6194/4009 5477/6151/3978 5478/6195/4014
f 5476/6193/4013 5478/6195/4014 5477/6151/3978
f 5478/6195/4014 5471/6196/4010 5469/6194/4009
f 5441/6152/3979 5479/6197/4015 5476/6193/4013
f 5441/6152/3979 5475/6192/4012 5479/6197/4015
f 5476/6193/4013 5481/6198/4016 5478/6195/4014
f 5478/6195/4014 5480/6199/4017 5471/6196/4010
f 5481/6198/4016 5480/6199/4017 5478/6195/4014
f 5480/6199/4017 5483/6200/4018 5471/6196/4010
f 5483/6200/4018 5480/6199/4017 5482/6201/4019
f 5480/6199/4017 5481/6198/4016 5482/6201/4019
f 5479/6197/4015 5481/6198/4016 5476/6193/4013
f 5481/6198/4016 5479/6197/4015 5484/6202/4020
f 5479/6197/4015 5485/6203/4021 5484/6202/4020
f 5485/6203/4021 5479/6197/4015 5475/6192/4012
f 5473/6172/3999 5487/6204/4022 5475/6192/4012
f 5485/6203/4021 5475/6192/4012 5487/6204/4022
f 5473/6172/3999 5472/6191/4011 5487/6204/4022
f 5483/6205/4018 5472/6191/4011 5471/6190/4010
f 5483/6205/4018 5487/6204/4022 5472/6191/4011
f 5483/6205/4018 5482/6206/4019 5486/6207/4023
f 5483/6205/4018 5486/6207/4023 5488/6208/4024
f 5488/6208/4024 5487/6204/4022 5483/6205/4018
f 5486/6207/4023 5491/6209/4025 5488/6208/4024
f 5488/6208/4024 5491/6209/4025 5489/6210/4026
f 5490/6211/4027 5491/6209/4025 5486/6207/4023
f 5494/6212/4028 5489/6210/4026 5491/6209/4025
f 5491/6209/4025 5490/6211/4027 5493/6213/4029
f 5491/6209/4025 5493/6213/4029 5495/6214/4030
f 5495/6214/4030 5494/6212/4028 5491/6209/4025
f 5490/6211/4027 5492/6215/4031 5493/6213/4029
f 5494/6212/4028 5495/6214/4030 5496/6216/4032
f 5495/6214/4030 5501/6217/4033 5496/6216/4032
f 5497/6218/4034 5496/6216/4032 5501/6217/4033
f 5495/6214/4030 5493/6213/4029 5501/6217/4033
f 5501/6217/4033 5519/6219/4035 5497/6218/4034
f 5499/6220/4036 5501/6217/4033 5493/6213/4029
f 5499/6220/4036 5493/6213/4029 5498/6221/4037
f 5492/6215/4031 5498/6221/4037 5493/6213/4029
f 5503/6222/4038 5499/6220/4036 5498/6221/4037
f 5503/6222/4038 5498/6221/4037 5500/6223/4039
f 5499/6220/4036 5503/6222/4038 5502/6224/4040
f 5502/6224/4040 5501/6217/4033 5499/6220/4036
f 5505/6225/4041 5502/6224/4040 5503/6222/4038
f 5505/6225/4041 5501/6217/4033 5502/6224/4040
f 5500/6223/4039 5504/6226/4042 5503/6222/4038
f 5503/6222/4038 5504/6226/4042 5507/6227/4043
f 5506/5331/3281 5507/6227/4043 5504/6226/4042
f 5507/6227/4043 5506/5331/3281 4746/5328/3278
f 5507/6227/4043 5508/6228/4044 5503/6222/4038
f 5505/6225/4041 5503/6222/4038 5508/6228/4044
f 5508/6228/4044 5507/6227/4043 4746/5328/3278
f 4749/5330/3280 5508/6228/4044 4746/5328/3278
f 5520/6229/4045 5505/6225/4041 5508/6228/4044
f 5508/6228/4044 4749/5330/3280 4750/5333/3283
f 5508/6228/4044 4750/5333/3283 5513/6230/4046
f 4752/5336/3286 4754/5335/3285 5509/6231/4047
f 4757/5340/3289 5509/6231/4047 4754/5335/3285
f 4757/5340/3289 4747/5341/3276 5509/6231/4047
f 4748/6232/3279 5509/6231/4047 4747/5341/3276
f 5506/6233/3281 5509/6231/4047 4748/6232/3279
f 5506/6233/3281 5512/6234/4048 5509/6231/4047
f 5512/6234/4048 4752/5336/3286 5509/6231/4047
f 5512/6234/4048 5511/6235/4049 4752/5336/3286
f 4752/5336/3286 5511/6235/4049 4750/5333/3283
f 5513/6230/4046 4750/5333/3283 5511/6235/4049
f 5510/6236/4050 5512/6234/4048 5506/6233/3281
f 5510/6236/4050 5504/6237/4042 5512/6234/4048
f 5517/6238/4051 5511/6235/4049 5512/6234/4048
f 5513/6230/4046 5511/6235/4049 5517/6238/4051
f 5513/6230/4046 5514/6239/4052 5508/6228/4044
f 5517/6238/4051 5514/6239/4052 5513/6230/4046
f 5520/6229/4045 5508/6228/4044 5514/6239/4052
f 5515/6240/4053 5517/6238/4051 5512/6234/4048
f 5504/6237/4042 5515/6240/4053 5512/6234/4048
f 5500/6241/4039 5515/6240/4053 5504/6237/4042
f 5516/6242/4054 5517/6238/4051 5515/6240/4053
f 5500/6241/4039 5516/6242/4054 5515/6240/4053
f 5500/6241/4039 5498/6243/4037 5516/6242/4054
f 5516/6242/4054 5518/6244/4055 5517/6238/4051
f 5492/6245/4031 5516/6242/4054 5498/6243/4037
f 5492/6245/4031 5518/6244/4055 5516/6242/4054
f 5517/6238/4051 5518/6244/4055 5514/6239/4052
f 5518/6244/4055 5519/6219/4035 5514/6239/4052
f 5518/6244/4055 5492/6245/4031 5522/6246/4056
f 5514/6239/4052 5519/6219/4035 5501/6217/4033
f 5520/6229/4045 5514/6239/4052 5501/6217/4033
f 5505/6225/4041 5520/6229/4045 5501/6217/4033
f 5518/6244/4055 5521/6247/4057 5519/6219/4035
f 5497/6218/4034 5519/6219/4035 5521/6247/4057
f 5518/6244/4055 5522/6246/4056 5521/6247/4057
f 5522/6246/4056 5492/6245/4031 5490/6248/4027
f 5490/6248/4027 5523/6249/4058 5522/6246/4056
f 5522/6246/4056 5523/6249/4058 5521/6247/4057
f 5521/6247/4057 5524/6250/4059 5497/6218/4034
f 5524/6250/4059 5521/6247/4057 5523/6249/4058
f 5523/6249/4058 5490/6248/4027 5486/6251/4023
f 5524/6250/4059 5523/6249/4058 5525/6252/4060
f 5523/6249/4058 5486/6251/4023 5526/6253/4061
f 5482/6201/4019 5526/6253/4061 5486/6251/4023
f 5526/6253/4061 5482/6201/4019 5481/6198/4016
f 5526/6253/4061 5525/6252/4060 5523/6249/4058
f 5525/6252/4060 5526/6253/4061 5527/6254/4062
f 5481/6198/4016 5484/6202/4020 5526/6253/4061
f 5526/6253/4061 5484/6202/4020 5527/6254/4062
f 5527/6254/4062 5484/6202/4020 5485/6203/4021
f 5485/6203/4021 5528/6255/4063 5527/6254/4062
f 5487/6204/4022 5528/6255/4063 5485/6203/4021
f 5528/6255/4063 5487/6204/4022 5489/6210/4026
f 5487/6204/4022 5488/6208/4024 5489/6210/4026
f 5494/6212/4028 5528/6255/4063 5489/6210/4026
f 5529/6256/4064 5528/6255/4063 5494/6212/4028
f 5528/6255/4063 5529/6256/4064 5527/6254/4062
f 5527/6254/4062 5530/6257/4065 5525/6252/4060
f 5530/6257/4065 5527/6254/4062 5529/6256/4064
f 5496/6216/4032 5529/6256/4064 5494/6212/4028
f 5497/6218/4034 5529/6256/4064 5496/6216/4032
f 5529/6256/4064 5497/6218/4034 5530/6257/4065
f 5524/6250/4059 5530/6257/4065 5497/6218/4034
f 5524/6250/4059 5525/6252/4060 5530/6257/4065
f 5532/6258/3742 5531/6259/4066 5538/6260/4067
f 5538/6260/4067 5531/6259/4066 5537/6261/4068
f 5533/6262/4069 5537/6261/4068 5531/6259/4066
f 5534/6263/4070 5537/6261/4068 5533/6262/4069
f 5534/6263/4070 5536/6264/4071 5537/6261/4068
f 5534/6263/4070 5535/6265/4072 5536/6264/4071
f 5538/6260/4067 5193/5437/3740 5532/6258/3742
f 5193/5437/3740 5538/6260/4067 5539/6266/4073
f 5539/6266/4073 5543/6267/3743 5193/5437/3740
f 5539/6266/4073 5538/6260/4067 5537/6261/4068
f 5537/6261/4068 5536/6264/4071 5539/6266/4073
f 5540/6268/4074 5539/6266/4073 5536/6264/4071
f 5542/6269/4075 5539/6266/4073 5540/6268/4074
f 5543/6267/3743 5539/6266/4073 5544/6270/3762
f 5545/6271/4076 5544/6270/3762 5539/6266/4073
f 5545/6271/4076 5539/6266/4073 5542/6269/4075
f 5542/6269/4075 5540/6268/4074 5546/6272/4077
f 5541/5876/3760 5546/6272/4077 5540/6268/4074
f 5542/6269/4075 5546/6272/4077 5545/6271/4076
f 5208/5875/3759 5546/6272/4077 5541/5876/3760
f 5548/6273/4078 5546/6272/4077 5208/5875/3759
f 5540/6268/4074 5547/6274/4079 5541/5876/3760
f 5540/6268/4074 5536/6264/4071 5547/6274/4079
f 5547/6274/4079 5204/5872/3756 5541/5876/3760
f 5547/6274/4079 5536/6264/4071 5535/6265/4072
f 5535/6265/4072 5206/6275/4080 5547/6274/4079
f 5547/6274/4079 5206/6275/4080 5204/5872/3756
f 5199/5874/3758 5548/6273/4078 5208/5875/3759
f 5546/6272/4077 5548/6273/4078 5545/6271/4076
f 5548/6273/4078 5199/5874/3758 5549/6276/4081
f 5549/6276/4081 5199/5874/3758 5209/5877/3761
f 5209/5877/3761 5214/5879/3763 5230/5884/3768
f 5549/6276/4081 5209/5877/3761 5230/5884/3768
f 5230/5884/3768 5229/5901/3785 5549/6276/4081
f 5550/6277/4082 5233/5903/3787 5210/5905/3765
f 5550/6277/4082 5229/5901/3785 5233/5903/3787
f 5210/5905/3765 5544/6270/3762 5545/6271/4076
f 5550/6277/4082 5210/5905/3765 5545/6271/4076
f 5545/6271/4076 5548/6273/4078 5550/6277/4082
f 5229/5901/3785 5550/6277/4082 5548/6273/4078
f 5549/6276/4081 5229/5901/3785 5548/6273/4078
f 5561/6278/4083 5395/6100/3933 5558/6279/4084
f 5552/6280/4085 5395/6100/3933 5396/6102/3935
f 5397/6104/3937 5552/6280/4085 5396/6102/3935
f 5554/6281/4086 5397/6104/3937 5553/6282/4087
f 5552/6280/4085 5397/6104/3937 5554/6281/4086
f 5553/6282/4087 5555/6283/4088 5554/6281/4086
f 5552/6280/4085 5554/6281/4086 5556/6284/4089
f 5557/6285/4090 5556/6284/4089 5554/6281/4086
f 5556/6284/4089 5558/6279/4084 5552/6280/4085
f 5558/6279/4084 5395/6100/3933 5552/6280/4085
f 5557/6285/4090 5554/6281/4086 5555/6283/4088
f 5557/6285/4090 5555/6283/4088 5559/6286/4091
f 5555/6283/4088 5560/6287/4092 5559/6286/4091
f 5560/6287/4092 5551/6288/3934 5395/6289/3933
f 5560/6287/4092 5395/6289/3933 5561/6290/4083
f 5559/6286/4091 5560/6287/4092 5561/6290/4083
f 5562/6108/3931 5551/6288/3934 5560/6287/4092
f 5551/6288/3934 5562/6108/3931 5394/6291/3932
f 5560/6287/4092 5555/6283/4088 5553/6282/4087
f 5553/6282/4087 5562/6108/3931 5560/6287/4092
f 5553/6282/4087 5400/6109/3940 5562/6108/3931
f 5553/6282/4087 5399/6105/3938 5400/6109/3940
f 5397/6104/3937 5399/6105/3938 5553/6282/4087
f 4964/5598/3510 5254/5597/3509 4965/5594/3506
f 5564/6292/4093 5563/6074/3912 5381/6073/3911
f 5564/6292/4093 5566/6293/4094 5563/6074/3912
f 5563/6074/3912 5566/6293/4094 5565/6072/3910
f 5566/6293/4094 5570/6294/4095 5565/6072/3910
f 5570/6294/4095 5566/6293/4094 5569/6295/4096
f 5566/6293/4094 5564/6292/4093 5567/6296/4097
f 5568/6297/4098 5567/6296/4097 5564/6292/4093
f 5566/6293/4094 5567/6296/4097 5569/6295/4096
f 5569/6295/4096 5571/6298/4099 5570/6294/4095
f 5571/6298/4099 5573/6299/4100 5570/6294/4095
f 5569/6295/4096 5575/6300/4101 5571/6298/4099
f 5575/6300/4101 5569/6295/4096 5567/6296/4097
f 5567/6296/4097 5568/6297/4098 5574/6301/4102
f 5574/6301/4102 5575/6300/4101 5567/6296/4097
f 5575/6300/4101 5576/6302/4103 5571/6298/4099
f 5572/6303/4104 5574/6301/4102 5568/6297/4098
f 5576/6302/4103 5573/6299/4100 5571/6298/4099
f 5574/6301/4102 5572/6303/4104 5579/6304/4105
f 5576/6302/4103 5575/6300/4101 5574/6301/4102
f 5579/6304/4105 5577/6305/4106 5574/6301/4102
f 5577/6305/4106 5576/6302/4103 5574/6301/4102
f 5578/6306/4107 5579/6304/4105 5572/6303/4104
f 5579/6304/4105 5581/6307/4108 5577/6305/4106
f 5578/6306/4107 5580/6308/4109 5579/6304/4105
f 5579/6304/4105 5580/6308/4109 5583/6309/4110
f 5579/6304/4105 5583/6309/4110 5581/6307/4108
f 5582/6310/4111 5583/6309/4110 5580/6308/4109
f 5585/6311/4112 5581/6307/4108 5583/6309/4110
f 5583/6309/4110 5582/6310/4111 5586/6312/4113
f 5586/6312/4113 5582/6310/4111 5584/6313/4114
f 5585/6311/4112 5583/6309/4110 5586/6312/4113
f 5588/6314/4115 5585/6311/4112 5586/6312/4113
f 5584/6313/4114 5587/6315/4116 5586/6312/4113
f 5584/6313/4114 5621/6316/4117 5587/6315/4116
f 5586/6312/4113 5587/6315/4116 5588/6314/4115
f 5585/6311/4112 5588/6314/4115 5589/6317/4118
f 5590/6318/4119 5585/6311/4112 5589/6317/4118
f 5591/6319/4120 5585/6311/4112 5590/6318/4119
f 5591/6319/4120 5590/6318/4119 5595/6320/4121
f 5592/6321/4122 5595/6320/4121 5590/6318/4119
f 5593/6322/4123 5595/6320/4121 5582/6323/4111
f 5580/6324/4109 5595/6320/4121 5593/6322/4123
f 5582/6323/4111 5595/6320/4121 5594/6325/4124
f 5595/6320/4121 5592/6321/4122 5594/6325/4124
f 5594/6325/4124 5584/6326/4114 5582/6323/4111
f 5591/6319/4120 5595/6320/4121 5597/6327/4125
f 5580/6324/4109 5596/6328/4126 5595/6320/4121
f 5596/6328/4126 5597/6327/4125 5595/6320/4121
f 5578/6329/4107 5596/6328/4126 5580/6324/4109
f 5603/6330/4127 5591/6319/4120 5597/6327/4125
f 5585/6311/4112 5591/6319/4120 5603/6330/4127
f 5578/6329/4107 5572/6331/4104 5596/6328/4126
f 5597/6327/4125 5596/6328/4126 5599/6332/4128
f 5597/6327/4125 5599/6332/4128 5603/6330/4127
f 5596/6328/4126 5598/6333/4129 5599/6332/4128
f 5598/6333/4129 5596/6328/4126 5572/6331/4104
f 5572/6331/4104 5568/6334/4098 5598/6333/4129
f 5568/6334/4098 5600/6335/4130 5598/6333/4129
f 5600/6335/4130 5599/6332/4128 5598/6333/4129
f 5568/6334/4098 5602/6336/4131 5600/6335/4130
f 5602/6336/4131 5601/6337/4132 5600/6335/4130
f 5602/6336/4131 5568/6334/4098 5564/6338/4093
f 5576/6302/4103 5601/6337/4132 5573/6299/4100
f 5576/6302/4103 5600/6335/4130 5601/6337/4132
f 5576/6302/4103 5599/6332/4128 5600/6335/4130
f 5576/6302/4103 5603/6330/4127 5599/6332/4128
f 5577/6305/4106 5603/6330/4127 5576/6302/4103
f 5577/6305/4106 5581/6307/4108 5603/6330/4127
f 5603/6330/4127 5581/6307/4108 5585/6311/4112
f 5573/6299/4100 5601/6337/4132 5604/6339/4133
f 5602/6336/4131 5604/6339/4133 5601/6337/4132
f 5381/6081/3911 5602/6336/4131 5564/6338/4093
f 5602/6336/4131 5378/6078/3916 5604/6339/4133
f 5602/6336/4131 5381/6081/3911 5378/6078/3916
f 5604/6339/4133 5378/6078/3916 5380/6077/3915
f 5377/6075/3913 5570/6294/4095 5380/6077/3915
f 5377/6075/3913 5565/6072/3910 5570/6294/4095
f 5570/6294/4095 5573/6299/4100 5380/6077/3915
f 5380/6077/3915 5573/6299/4100 5604/6339/4133
f 5605/5950/3822 5250/5928/3805 5246/5923/3801
f 5247/5924/3802 5246/5923/3801 5250/5928/3805
f 5605/5950/3822 5261/5940/3814 5258/5936/3811
f 5258/5936/3811 5250/5928/3805 5605/5950/3822
f 5258/5936/3811 5261/5940/3814 5259/5937/3812
f 4832/5452/3375 4842/5455/3378 4845/5448/3371
f 4845/5448/3371 5606/5450/3373 4832/5452/3375
f 4806/5410/3340 4804/5407/3337 4803/5406/3336
f 5607/5405/3335 5608/6340/4134 5610/5415/3345
f 5608/6340/4134 5607/5405/3335 4782/6341/3315
f 4782/6341/3315 5607/5405/3335 5609/6342/3319
f 5607/5405/3335 4806/5410/3340 4803/5406/3336
f 5609/6342/3319 4801/5401/3334 4788/5404/3320
f 5607/5405/3335 4801/5401/3334 5609/6342/3319
f 5608/6340/4134 4782/6341/3315 5617/6343/3312
f 5608/6340/4134 5617/6343/3312 5611/6344/4135
f 5610/5415/3345 5608/6340/4134 5612/5418/3348
f 5608/6340/4134 5611/6344/4135 5612/5418/3348
f 4806/5410/3340 5610/5415/3345 5612/5418/3348
f 4806/5410/3340 5612/5418/3348 4809/5414/3344
f 5613/5433/3361 5612/5418/3348 5611/6344/4135
f 5613/5433/3361 5615/5419/3349 5612/5418/3348
f 5614/5436/3364 5613/5433/3361 5611/6344/4135
f 4822/5431/3359 4813/5417/3347 5615/5419/3349
f 5615/5419/3349 5613/5433/3361 4822/5431/3359
f 4823/5434/3362 5613/5433/3361 5614/5436/3364
f 5617/6343/3312 5616/5439/3309 5614/5436/3364
f 5611/6344/4135 5617/6343/3312 5614/5436/3364
f 5584/6326/4114 5594/6325/4124 5621/6345/4117
f 5618/6346/4136 5621/6345/4117 5594/6325/4124
f 5594/6325/4124 5592/6321/4122 5618/6346/4136
f 5619/6347/4137 5592/6321/4122 5590/6318/4119
f 5619/6347/4137 5618/6346/4136 5592/6321/4122
f 5619/6347/4137 5590/6318/4119 5620/6348/4138
f 5590/6318/4119 5589/6317/4118 5620/6348/4138
f 5589/6317/4118 5588/6314/4115 5620/6348/4138
f 5621/6345/4117 5618/6346/4136 5622/6349/4139
f 5628/6350/4140 5622/6349/4139 5618/6346/4136
f 5619/6347/4137 5628/6350/4140 5618/6346/4136
f 5628/6350/4140 5561/6290/4083 5622/6349/4139
f 5619/6347/4137 5620/6348/4138 5625/6351/4141
f 5625/6351/4141 5620/6348/4138 5624/6352/4142
f 5624/6352/4142 5620/6348/4138 5623/6353/4143
f 5587/6315/4116 5623/6353/4143 5620/6348/4138
f 5620/6348/4138 5588/6314/4115 5587/6315/4116
f 5587/6315/4116 5621/6316/4117 5623/6353/4143
f 5621/6316/4117 5622/6354/4139 5623/6353/4143
f 5624/6352/4142 5623/6353/4143 5622/6354/4139
f 5624/6352/4142 5622/6354/4139 5627/6355/4144
f 5624/6352/4142 5627/6355/4144 5625/6351/4141
f 5627/6355/4144 5622/6354/4139 5558/6279/4084
f 5558/6279/4084 5622/6354/4139 5561/6278/4083
f 5627/6355/4144 5558/6279/4084 5556/6284/4089
f 5626/6356/4145 5627/6355/4144 5556/6284/4089
f 5556/6284/4089 5557/6285/4090 5626/6356/4145
f 5625/6351/4141 5627/6355/4144 5626/6356/4145
f 5619/6347/4137 5625/6351/4141 5626/6356/4145
f 5619/6347/4137 5626/6356/4145 5628/6350/4140
f 5626/6356/4145 5559/6286/4091 5628/6350/4140
f 5559/6286/4091 5561/6290/4083 5628/6350/4140
f 5557/6285/4090 5559/6286/4091 5626/6356/4145
l 270 271
l 646 647
l 684 683
l 688 686
l 691 690
l 695 692
l 2442 2443
l 2457 2456
l 2480 2481
l 4625 4626
l 4628 4629
l 4619 4633
l 4634 4635
l 5326 5325
