# Blender 5.0.0
# www.blender.org
g SM_NewYorkH01BuildingIND001Af.001_SM_NewYorkH01BuildingIND001Af
v 13.783730 3.130741 58.796173
v -31.815487 3.130736 61.369884
v -27.323822 3.130743 66.614067
v 19.122868 3.130741 49.796772
v 45.987144 3.130737 20.141338
v -44.238640 3.130753 51.925880
v 39.392952 3.130738 31.901846
v -3.916050 3.130742 69.787056
v 6.360645 3.130742 65.758774
v 25.663696 3.130740 42.874958
v -36.399548 3.130745 57.577751
v -31.816025 1.504921 61.360382
v 19.122868 1.504898 49.796772
v 13.784786 1.504899 58.795807
v -27.324799 1.504909 66.614059
v -44.238644 1.504910 51.925880
v 45.987144 1.504894 20.141335
v 39.392952 1.504895 31.901846
v 6.366261 1.504909 65.759750
v -3.911175 1.504910 69.786987
v 25.663696 1.504897 42.874958
v -36.399548 1.504902 57.577751
v -31.815487 3.130736 61.369884
v -27.324799 1.504909 66.614059
v -27.323822 3.130742 66.614067
v -31.816025 1.504921 61.360382
v 19.122868 3.130741 49.796772
v 13.783730 3.130741 58.796173
v 13.784786 1.504899 58.795807
v 19.122868 1.504898 49.796772
v 6.360645 3.130742 65.758774
v -3.916050 3.130742 69.787056
v -3.911343 1.504909 69.787048
v 6.366261 1.504909 65.759750
v -27.323822 3.130742 66.614067
v -27.324799 1.504909 66.614059
v -3.911331 1.504909 69.786987
v 13.783730 3.130741 58.796173
v 6.360645 3.130742 65.758774
v 6.366261 1.504909 65.759750
v 13.784786 1.504899 58.795807
v -36.399548 3.130745 57.577751
v -31.816025 1.504921 61.360382
v -31.815487 3.130736 61.369884
v -36.399548 1.504902 57.577751
v 31.841026 4.119147 -48.707512
v 28.676498 4.119146 -54.879135
v -20.390179 4.119258 -73.885742
v -22.181213 4.119259 -73.715492
v -26.761246 3.956625 -42.246094
v 12.998749 3.956630 -36.940872
v -28.817081 3.956628 -45.334511
v -24.319771 3.956622 -39.452328
v 9.910259 3.956629 -34.885014
v 6.579857 3.956623 -33.249851
v -21.534605 3.956625 -37.001266
v 3.064674 3.956622 -32.063450
v -18.453304 3.956625 -34.934540
v -0.575592 3.956622 -31.345898
v -4.278046 3.956621 -31.109722
v -15.128633 3.956622 -33.287746
v -11.617399 3.956621 -32.088985
v -4.278046 3.956621 -31.109722
v -11.617399 3.956621 -32.088985
v -7.979858 3.956621 -31.358826
v 15.792450 3.956625 -39.382271
v -30.452206 3.956627 -48.664970
v -31.638672 3.956626 -52.180233
v 18.243748 3.956626 -42.167511
v 33.020226 4.119147 -50.052135
v 29.599617 4.119147 -46.741852
v 24.185341 4.119145 -59.167744
v 27.120827 4.119147 -45.085575
v 24.447044 4.119146 -43.767010
v 21.624046 4.119145 -42.808735
v 18.700104 4.119144 -42.227123
v 15.725258 4.119143 -42.032143
v 12.750423 4.119143 -42.227123
v 9.826481 4.119148 -42.808727
v 15.810322 4.119142 -65.242302
v 19.166481 4.119143 -63.099663
v -70.466980 3.130777 -21.210228
v -72.238983 1.504934 -3.166233
v -72.238983 3.130777 -3.166234
v -70.466980 1.504934 -21.210230
v 43.796669 3.130791 -35.634270
v 32.706390 1.504952 -50.966648
v 32.706390 3.130795 -50.966648
v 43.796669 1.504948 -35.634270
v -70.466980 3.130777 -21.210228
v -65.055931 3.130802 -38.300709
v -65.055931 1.504959 -38.300713
v -70.466980 1.504934 -21.210230
v 32.706390 3.130795 -50.966648
v 18.046543 1.504977 -63.145996
v 18.046543 3.130820 -63.145996
v 32.706390 1.504952 -50.966648
v -44.238640 3.130753 51.925880
v -54.182793 3.130769 45.750134
v -54.182793 1.504926 45.750134
v -44.238644 1.504910 51.925880
v 45.987144 3.130737 20.141338
v 39.392952 3.130738 31.901846
v 39.392952 1.504895 31.901846
v 45.987144 1.504894 20.141335
v 49.325684 1.504936 4.022837
v 50.548538 3.130787 -16.485275
v 49.325684 3.130779 4.022839
v 50.548538 1.504944 -16.485275
v -64.591621 3.130759 33.014568
v -71.275925 3.130790 15.511236
v -71.275925 1.504947 15.511236
v -64.591621 1.504916 33.014568
v 0.494904 3.130820 -70.421638
v -18.830378 1.504977 -72.062080
v -18.830378 3.130820 -72.062080
v 0.494904 1.504977 -70.421638
v -18.830378 3.130820 -72.062080
v -38.894379 1.504979 -66.214333
v -38.894379 3.130822 -66.214333
v -18.830378 1.504977 -72.062080
v -54.061234 3.130816 -54.423565
v -38.894379 3.130822 -66.214333
v -38.894379 1.504979 -66.214333
v -54.061234 1.504973 -54.423565
v -54.061234 3.130816 -54.423565
v -65.055931 1.504959 -38.300713
v -65.055931 3.130802 -38.300709
v -54.061234 1.504973 -54.423565
v 0.494904 3.130820 -70.421638
v 18.046543 3.130820 -63.145996
v 18.046543 1.504977 -63.145996
v 0.494904 1.504977 -70.421638
v 50.548538 3.130787 -16.485275
v 43.796669 1.504948 -35.634270
v 43.796669 3.130791 -35.634270
v 50.548538 1.504944 -16.485275
v -72.238983 3.130777 -3.166234
v -71.275925 1.504947 15.511236
v -71.275925 3.130790 15.511236
v -72.238983 1.504934 -3.166233
v 45.987144 3.130737 20.141338
v 49.325684 1.504936 4.022837
v 49.325684 3.130779 4.022839
v 45.987144 1.504894 20.141335
v -64.591621 3.130759 33.014568
v -54.182793 1.504926 45.750134
v -54.182793 3.130769 45.750134
v -64.591621 1.504916 33.014568
v -3.916042 3.130743 69.787010
v -36.399548 3.130745 57.577751
v -44.238640 3.130753 51.925880
v -44.238644 1.504910 51.925880
v -36.399548 1.504902 57.577751
v 39.392952 3.130738 31.901846
v 25.663696 3.130740 42.874958
v 25.663696 1.504897 42.874958
v 39.392952 1.504895 31.901846
v 25.663696 3.130740 42.874958
v 19.122868 3.130741 49.796772
v 19.122868 1.504898 49.796772
v 25.663696 1.504897 42.874958
v -84.917458 0.601098 74.126945
v -80.875008 -0.862158 78.433327
v -80.875008 0.601101 78.433327
v -84.917458 -0.862160 74.126945
v -87.863495 0.601097 76.714798
v -84.917458 -0.862160 74.126945
v -84.917458 0.601098 74.126945
v -87.863495 -0.862162 76.714798
v -45.918324 0.695968 56.251953
v -130.661591 -0.862182 0.576364
v -68.121727 -0.862151 -17.950754
v -72.238960 -0.862148 -3.166186
v -134.925385 -0.862184 7.278340
v -72.251190 -0.862147 7.499184
v -136.793427 -0.862185 16.989714
v -71.275925 -0.862145 15.511111
v -137.006195 -0.862184 25.529673
v -64.591614 -0.862143 33.014641
v -136.258698 -0.862183 60.670555
v -123.268524 -0.862178 63.886635
v -54.182808 -0.862141 45.749996
v -87.863495 -0.862162 76.714798
v -84.917458 -0.862160 74.126945
v -57.364731 -0.862148 77.807083
v -80.875008 -0.862158 78.433327
v -36.399551 -0.862139 57.577770
v -54.182793 3.130769 45.750134
v -64.591621 3.130759 33.014568
v 49.325684 3.130779 4.022839
v -71.275925 3.130790 15.511236
v 50.548538 3.130787 -16.485275
v -72.238983 3.130777 -3.166234
v 43.796669 3.130791 -35.634270
v -70.466980 3.130777 -21.210228
v 32.706390 3.130795 -50.966648
v -65.055931 3.130802 -38.300709
v 18.046543 3.130820 -63.145996
v 0.494904 3.130820 -70.421638
v -54.061234 3.130816 -54.423565
v -18.830378 3.130820 -72.062080
v -38.894379 3.130822 -66.214333
v -54.182793 1.504926 45.750134
v -64.591621 1.504916 33.014568
v 49.325684 1.504936 4.022837
v -71.275925 1.504947 15.511236
v 50.548538 1.504944 -16.485275
v -72.238983 1.504934 -3.166233
v 43.796669 1.504948 -35.634270
v -70.466980 1.504934 -21.210230
v 32.706390 1.504952 -50.966648
v -65.055931 1.504959 -38.300713
v 18.046543 1.504977 -63.145996
v 0.494904 1.504977 -70.421638
v -54.061234 1.504973 -54.423565
v -18.830378 1.504977 -72.062080
v -38.894379 1.504979 -66.214333
v -130.661591 0.601076 0.576364
v -72.238960 0.601110 -3.166186
v -68.121727 0.601108 -17.950754
v -134.925385 0.601075 7.278340
v -72.251190 0.601112 7.499184
v -136.793427 0.601074 16.989714
v -71.275925 0.601113 15.511111
v -137.006195 0.601075 25.529673
v -64.591614 0.601116 33.014641
v -136.258698 0.601076 60.670555
v -123.268524 0.601081 63.886635
v -54.182808 0.601117 45.749996
v -84.917458 0.601098 74.126945
v -87.863495 0.601097 76.714798
v -57.364731 0.601111 77.807083
v -80.875008 0.601101 78.433327
v -36.399551 0.601120 57.577770
v -68.121727 0.601108 -17.950754
v -72.238960 -0.862148 -3.166186
v -68.121727 -0.862151 -17.950754
v -72.238960 0.601110 -3.166186
v -72.251190 -0.862147 7.499184
v -72.251190 0.601112 7.499184
v -71.275925 -0.862145 15.511111
v -71.275925 0.601113 15.511111
v -64.591614 -0.862143 33.014641
v -64.591614 0.601116 33.014641
v -54.182808 -0.862141 45.749996
v -54.182808 0.601117 45.749996
v -36.399551 -0.862139 57.577770
v -36.399551 0.601120 57.577770
v -130.661591 0.601076 0.576364
v -68.121727 0.601108 -17.950754
v -68.121727 -0.862151 -17.950754
v -130.661591 -0.862182 0.576364
v -134.925385 0.601075 7.278340
v -134.925385 -0.862184 7.278340
v -136.793427 0.601074 16.989714
v -136.793427 -0.862185 16.989714
v -137.006195 -0.862184 25.529673
v -137.006195 0.601075 25.529673
v -136.258698 -0.862183 60.670555
v -136.258698 0.601076 60.670555
v -57.364731 -0.862148 77.807083
v -80.875008 0.601101 78.433327
v -80.875008 -0.862158 78.433327
v -57.364731 0.601111 77.807083
v -36.399551 -0.862139 57.577770
v -36.399551 0.601120 57.577770
v -123.268524 -0.862178 63.886635
v -136.258698 0.601076 60.670555
v -136.258698 -0.862183 60.670555
v -123.268524 0.601081 63.886635
v -87.863495 -0.862162 76.714798
v -87.863495 0.601097 76.714798
v -46.135265 2.202440 56.706005
v -46.211704 2.189042 56.890907
v -46.163235 1.379893 56.723061
v -45.225647 2.251791 55.235558
v -44.279705 0.707740 54.107624
v -44.146690 2.999853 54.013451
v -44.266670 3.064078 54.168076
v -44.160538 2.253749 54.018425
v -43.449070 3.130935 53.353394
v -42.599564 0.698740 52.735538
v -41.862030 3.123892 52.285110
v -40.929119 0.699636 51.816521
v -74.012047 0.698697 -6.441412
v -72.457870 2.252393 -6.876134
v -75.833755 0.698714 -6.276627
v -74.719849 2.252442 -6.317411
v -75.939529 1.377995 -6.282249
v -75.939369 2.125468 -6.293483
v -76.159882 2.252393 -6.293299
v -76.159889 2.125468 -6.293653
v -72.698410 3.126792 -6.797819
v -72.461304 2.999853 -6.885749
v -72.698456 2.999853 -6.797921
v -71.690308 3.126800 -7.179607
v -72.326309 0.698701 -6.918364
v -69.675468 3.126791 -8.364096
v -70.383751 0.698697 -7.881023
v -77.640823 0.698698 -6.420310
v -79.404953 0.698709 -6.886764
v -78.346886 1.378055 -6.545432
v -79.399246 1.251069 -6.902030
v -79.605385 1.377995 -6.978556
v -79.605255 1.251069 -6.978879
v -46.845249 0.702954 58.264294
v -47.118950 1.381123 59.291698
v -47.243401 1.251069 60.106091
v -47.257015 0.694167 60.109745
v -47.246841 1.314565 60.321411
v -26.256905 4.119258 -72.866837
v -29.218601 4.119257 -72.123344
v -34.601761 4.119257 -70.279221
v -39.813755 4.119257 -67.888130
v -42.610809 4.119257 -66.220543
v -41.652554 4.119257 -63.397621
v -40.334038 4.119265 -60.723934
v -38.677811 4.119266 -58.245216
v -36.712215 4.119260 -56.003891
v -34.470886 4.119260 -54.038292
v -31.992176 4.119261 -52.382072
v -29.318485 4.119263 -51.063549
v -26.495569 4.119264 -50.105301
v -23.571724 4.119259 -49.523712
v -68.244247 3.126791 -9.718475
v -68.207863 0.698396 -9.727710
v 17.927906 5.055759 -63.621948
v 18.172146 5.055759 -62.382805
v 14.013935 5.055760 -66.125557
v 18.360249 5.055761 -59.434036
v 18.161850 5.055761 -56.486134
v 8.455284 5.055766 -68.978363
v 17.580368 5.055760 -53.588951
v 16.625690 5.055760 -50.792770
v 15.314228 5.055768 -48.144844
v 4.843609 5.055762 -70.405754
v 13.668343 5.055768 -45.691010
v 11.716255 5.055765 -43.473026
v 9.491348 5.055765 -41.528427
v 2.472675 5.055763 -71.284882
v 7.031666 5.055765 -39.891109
v 4.379372 5.055766 -38.588978
v -0.663654 5.055765 -72.131851
v 1.579716 5.055763 -37.644279
v -1.319263 5.055765 -37.072521
v -3.489807 5.055762 -72.873390
v -4.268082 5.055762 -36.884544
v -7.216187 5.055763 -37.082779
v -10.113155 5.055768 -37.664513
v -6.017651 5.055763 -73.246727
v -12.909491 5.055765 -38.619152
v -15.557236 5.055763 -39.930599
v -9.624153 5.055764 -73.755524
v -18.011169 5.055765 -41.576366
v -20.229303 5.055762 -43.528790
v -15.785498 5.055760 -73.942574
v -22.173645 5.055768 -45.753654
v -23.810925 5.055767 -48.213207
v -25.113161 5.055761 -50.865566
v -18.413273 5.055759 -73.707680
v -26.058052 5.055759 -53.665108
v -22.037840 5.055758 -73.355766
v -26.629438 5.055759 -56.564220
v -23.771481 5.055758 -70.802185
v -26.817560 5.055759 -59.512791
v -25.082981 5.055758 -68.154266
v -26.619156 5.055759 -62.461197
v -26.037657 5.055758 -65.357880
v -40.921494 3.229326 51.734451
v -40.935879 0.601149 51.734779
v -46.276573 1.475546 56.751175
v -46.476345 1.470781 57.122059
v -46.819839 1.475546 57.923168
v -47.091160 1.475546 58.793419
v -47.278763 1.475546 59.652683
v -47.376472 1.475546 60.384483
v -46.276649 2.027918 56.751137
v -46.378387 2.349944 56.942490
v -46.378464 2.027918 56.942455
v -47.345890 1.153519 60.155991
v -47.345829 0.601147 60.156021
v -44.304981 2.902303 54.035614
v -44.306068 2.351974 54.032265
v -47.376457 1.153519 60.384495
v -45.013680 2.349944 54.817776
v -45.549305 2.349944 55.533428
v -46.033524 2.349944 56.295643
v -44.466625 3.224342 54.195660
v -44.466568 2.902303 54.195694
v -76.378777 1.377995 -6.293674
v -76.055252 1.475546 -6.196591
v -75.939392 1.377995 -6.293335
v -76.391113 1.475546 -6.196822
v -77.276474 1.377995 -6.374201
v -77.289749 1.475546 -6.277469
v -78.164291 1.377995 -6.531374
v -78.185760 1.475546 -6.436130
v -79.060440 1.475546 -6.669309
v -79.035873 1.377995 -6.763694
v -79.605385 1.377995 -6.978556
v -79.714935 1.475546 -6.916300
v -76.055229 2.027918 -6.196714
v -75.939369 2.125468 -6.293483
v -76.159889 2.125468 -6.293653
v -76.275749 2.027918 -6.196886
v -72.461304 2.999853 -6.885749
v -72.572464 2.902303 -6.747740
v -72.698456 2.999853 -6.797921
v -72.809616 2.902303 -6.659913
v -68.219452 0.601147 -9.639507
v -68.219460 3.224342 -9.639492
v -79.714935 1.153519 -6.916255
v -79.605255 1.251069 -6.978879
v -79.508926 1.153519 -6.839404
v -79.399246 1.251069 -6.902030
v -79.399429 0.698697 -6.901491
v -79.508942 0.601147 -6.839294
v -72.809631 3.224342 -6.659857
v -72.698410 3.126792 -6.797819
v -76.275734 2.349944 -6.196940
v -76.159882 2.252393 -6.293299
v -72.461319 2.252394 -6.885649
v -72.572502 2.349944 -6.747561
v -72.833603 2.252394 -6.747777
v -72.872948 2.349944 -6.636020
v -73.693726 2.252394 -6.514415
v -73.673126 2.349944 -6.418947
v -74.582314 2.252393 -6.363887
v -74.570549 2.349944 -6.266957
v -75.470490 2.349944 -6.193168
v -75.480911 2.252393 -6.290174
v -47.089970 0.601147 58.788948
v -46.818222 0.601147 57.918751
v -47.278019 0.601147 59.648369
v -46.454208 0.601148 57.085629
v -46.028690 0.601148 56.287189
v -45.543785 0.601148 55.525360
v -45.008400 0.601149 54.811184
v -44.429127 0.601149 54.153393
v -43.797855 0.601149 53.539104
v -43.086975 0.601149 52.968834
v -42.333286 0.601149 52.457424
v -41.635746 0.601149 52.061241
v -44.466625 3.224342 54.195660
v -44.481819 2.902303 54.224686
v -45.653988 3.224342 53.575462
v -50.352356 2.902303 50.500179
v -50.352360 3.224342 50.500179
v -54.725559 2.902301 46.980396
v -54.725563 3.224341 46.980396
v -58.734779 3.224342 43.046635
v -58.734791 2.902303 43.046635
v -62.337639 2.902303 38.740513
v -62.337639 3.224342 38.740513
v -65.501266 2.902303 34.101830
v -65.501266 3.224342 34.101830
v -68.195160 3.224342 29.175083
v -68.195160 2.902303 29.175081
v -70.393234 3.224342 24.007923
v -70.393234 2.902303 24.007923
v -72.074066 2.902303 18.650642
v -72.074051 3.224342 18.650642
v -73.221832 2.902303 13.154033
v -73.221832 3.224342 13.154033
v -73.825211 2.902303 7.572079
v -73.825195 3.224342 7.572079
v -73.878586 2.902303 1.957003
v -73.878586 3.224342 1.957003
v -73.381287 2.902303 -3.636093
v -73.381287 3.224342 -3.636099
v -72.809631 3.224342 -6.659857
v -72.809616 2.902303 -6.659913
v -47.345890 1.153519 60.155991
v -49.005672 0.601147 59.288933
v -47.345829 0.601147 60.156021
v -49.005672 1.153519 59.288933
v -54.247547 0.601147 55.857910
v -54.247547 1.153519 55.857910
v -59.128956 0.601147 51.928864
v -59.128956 1.153519 51.928864
v -63.599678 0.601147 47.542156
v -63.599678 1.153519 47.542156
v -67.620407 1.153519 42.736656
v -67.620407 0.601147 42.736656
v -71.150490 0.601147 37.560677
v -71.150490 1.153519 37.560677
v -74.156128 0.601147 32.063671
v -74.156128 1.153519 32.063667
v -76.608429 1.153519 26.298851
v -76.608429 0.601147 26.298847
v -78.484055 1.153519 20.320812
v -78.484055 0.601147 20.320807
v -79.764572 1.153519 14.188053
v -79.764572 0.601147 14.188053
v -80.437897 1.153519 7.958601
v -80.437897 0.601147 7.958593
v -80.497345 1.153519 1.694040
v -80.497345 0.601147 1.694034
v -79.942459 1.153519 -4.546127
v -79.942459 0.601147 -4.546127
v -79.508942 0.601147 -6.839294
v -79.508926 1.153519 -6.839404
v -73.166267 2.902303 -3.606832
v -72.809616 2.902303 -6.659913
v -72.572464 2.902303 -6.747740
v -73.381287 2.902303 -3.636093
v -73.661697 2.902303 1.964892
v -73.878586 2.902303 1.957003
v -73.608627 2.902303 7.558087
v -73.825211 2.902303 7.572079
v -73.007446 2.902303 13.120238
v -73.221832 2.902303 13.154033
v -71.864128 2.902303 18.595531
v -72.074066 2.902303 18.650642
v -70.189499 2.902303 23.933075
v -70.393234 2.902303 24.007923
v -67.999969 2.902303 29.080166
v -68.195160 2.902303 29.175081
v -65.316437 2.902303 33.988037
v -65.501266 2.902303 34.101830
v -62.164593 2.902303 38.609497
v -62.337639 2.902303 38.740513
v -58.734791 2.902303 43.046635
v -58.574669 2.902303 42.900108
v -54.583191 2.902301 46.816578
v -54.725559 2.902301 46.980396
v -50.224724 2.902303 50.324638
v -50.352356 2.902303 50.500179
v -45.544609 2.902303 53.388042
v -45.653988 2.902303 53.575462
v -44.466568 2.902303 54.195694
v -44.304981 2.902303 54.035614
v -43.721268 0.601152 50.279675
v -40.935879 3.224343 51.734783
v -40.935879 0.601149 51.734779
v -43.721275 3.224346 50.279675
v -48.105675 0.601147 47.410133
v -48.105679 3.224342 47.410133
v -52.187725 0.601147 44.124489
v -52.187729 3.224342 44.124489
v -55.928078 0.601147 40.454517
v -55.928082 3.224342 40.454517
v -59.290665 3.224342 36.435566
v -59.290665 0.601147 36.435566
v -62.243187 0.601147 32.106369
v -62.243187 3.224342 32.106369
v -64.757126 0.601147 27.508570
v -64.757133 3.224342 27.508570
v -66.808304 0.601147 22.686850
v -66.808304 3.224342 22.686844
v -68.377022 0.601147 17.686918
v -68.377022 3.224342 17.686918
v -69.448082 0.601147 12.557432
v -69.448082 3.224342 12.557432
v -70.011200 0.601147 7.347811
v -70.011200 3.224342 7.347811
v -70.060959 3.224342 2.107893
v -70.060959 0.601147 2.107893
v -69.596901 0.601147 -3.111526
v -69.596901 3.224342 -3.111526
v -68.623474 0.601147 -8.260651
v -68.253204 3.224342 -9.649271
v -68.219452 0.601147 -9.639507
v -44.305073 2.349944 54.035564
v -44.320900 2.902303 54.065868
v -45.544609 2.349944 53.388042
v -50.224724 2.902303 50.324638
v -50.224724 2.349944 50.324638
v -54.583191 2.902301 46.816578
v -54.583191 2.349941 46.816578
v -58.574661 2.349944 42.900108
v -58.574669 2.902303 42.900108
v -62.164593 2.349944 38.609497
v -62.164593 2.902303 38.609497
v -65.316437 2.349944 33.988037
v -65.316437 2.902303 33.988037
v -67.999969 2.902303 29.080166
v -67.999969 2.349944 29.080164
v -70.189499 2.902303 23.933075
v -70.189499 2.349944 23.933075
v -71.864120 2.349944 18.595531
v -71.864128 2.902303 18.595531
v -73.007446 2.902303 13.120238
v -73.007446 2.349944 13.120232
v -73.608627 2.349944 7.558094
v -73.608627 2.902303 7.558087
v -73.661697 2.349944 1.964904
v -73.661697 2.902303 1.964892
v -73.166267 2.349944 -3.606838
v -73.166267 2.902303 -3.606832
v -72.572502 2.349944 -6.747561
v -72.572464 2.902303 -6.747740
v -46.390682 2.349943 56.965862
v -46.398159 2.027918 56.979897
v -52.306892 2.349944 53.188713
v -52.306892 2.027918 53.188717
v -56.934166 2.349944 49.464180
v -56.934177 2.027918 49.464188
v -61.176224 2.349944 45.302059
v -61.176224 2.027918 45.302059
v -64.988388 2.027918 40.745689
v -64.988388 2.349944 40.745689
v -68.335785 2.349944 35.837685
v -68.335793 2.027918 35.837685
v -71.186195 2.349944 30.624758
v -71.186195 2.027918 30.624758
v -73.511932 2.027918 25.157448
v -73.511932 2.349944 25.157448
v -75.290421 2.349944 19.488905
v -75.290421 2.027918 19.488903
v -76.504852 2.349944 13.672795
v -76.504868 2.027918 13.672795
v -77.143265 2.027918 7.766763
v -77.143265 2.349944 7.766763
v -77.199753 2.027918 1.825456
v -77.199753 2.349944 1.825450
v -76.673584 2.027918 -4.092524
v -76.673576 2.349944 -4.092524
v -76.275749 2.027918 -6.196886
v -76.275734 2.349944 -6.196940
v -76.458557 2.027918 -4.063306
v -76.055229 2.027918 -6.196714
v -76.055252 1.475546 -6.196591
v -76.458557 1.475546 -4.063306
v -76.982864 2.027918 1.833345
v -76.982864 1.475546 1.833345
v -76.926682 1.475546 7.752771
v -76.926682 2.027918 7.752771
v -76.290474 2.027918 13.639000
v -76.290466 1.475546 13.639003
v -75.080505 2.027918 19.433796
v -75.080505 1.475546 19.433796
v -73.308197 2.027918 25.082611
v -73.308197 1.475546 25.082611
v -70.991013 2.027918 30.529840
v -70.991013 1.475546 30.529840
v -68.150970 2.027918 35.723896
v -68.150970 1.475546 35.723896
v -64.815353 2.027918 40.614677
v -64.815353 1.475546 40.614677
v -61.016109 1.475546 45.155533
v -61.016109 2.027918 45.155533
v -56.791805 2.027918 49.300362
v -56.791805 1.475546 49.300365
v -52.179249 2.027918 53.013187
v -52.179245 1.475546 53.013187
v -46.288765 1.475546 56.774357
v -46.296185 2.027918 56.788269
v -79.714935 1.153519 -6.916255
v -80.157486 1.475546 -4.575302
v -79.714935 1.475546 -6.916300
v -80.157486 1.153519 -4.575295
v -80.714218 1.475546 1.686157
v -80.714226 1.153519 1.686157
v -80.654465 1.475546 7.972579
v -80.654480 1.153519 7.972592
v -79.978973 1.475546 14.221845
v -79.978973 1.153519 14.221848
v -78.693985 1.475546 20.375916
v -78.693985 1.153519 20.375916
v -76.812172 1.153519 26.373680
v -76.812172 1.475546 26.373680
v -74.351326 1.153519 32.158592
v -74.351318 1.475546 32.158592
v -71.335327 1.153519 37.674461
v -71.335304 1.475546 37.674461
v -67.793442 1.475546 42.867676
v -67.793442 1.153519 42.867676
v -63.759796 1.153519 47.688683
v -63.759796 1.475546 47.688683
v -59.271320 1.153519 52.092693
v -59.271320 1.475546 52.092693
v -54.375198 1.475546 56.033443
v -54.375198 1.153519 56.033443
v -49.115131 1.153519 59.476299
v -49.115131 1.475546 59.476299
v -47.376472 1.475546 60.384483
v -47.376457 1.153519 60.384495
v -49.115131 1.153519 59.476299
v -47.345890 1.153519 60.155991
v -47.376457 1.153519 60.384495
v -49.005672 1.153519 59.288933
v -54.375198 1.153519 56.033443
v -54.247547 1.153519 55.857910
v -59.271320 1.153519 52.092693
v -59.128956 1.153519 51.928864
v -63.759796 1.153519 47.688683
v -63.599678 1.153519 47.542156
v -67.620407 1.153519 42.736656
v -67.793442 1.153519 42.867676
v -71.335327 1.153519 37.674461
v -71.150490 1.153519 37.560677
v -74.351326 1.153519 32.158592
v -74.156128 1.153519 32.063667
v -76.812172 1.153519 26.373680
v -76.608429 1.153519 26.298851
v -78.693985 1.153519 20.375916
v -78.484055 1.153519 20.320812
v -79.978973 1.153519 14.221848
v -79.764572 1.153519 14.188053
v -80.654480 1.153519 7.972592
v -80.437897 1.153519 7.958601
v -80.714226 1.153519 1.686157
v -80.497345 1.153519 1.694040
v -80.157486 1.153519 -4.575295
v -79.942459 1.153519 -4.546127
v -79.508926 1.153519 -6.839404
v -79.714935 1.153519 -6.916255
v -41.635750 3.224343 52.061245
v -42.333286 3.224343 52.457424
v -43.086960 3.224342 52.968826
v -43.782135 3.224342 53.526520
v -76.458557 2.027918 -4.063306
v -76.275749 2.027918 -6.196886
v -76.055229 2.027918 -6.196714
v -76.673584 2.027918 -4.092524
v -76.982864 2.027918 1.833345
v -77.199753 2.027918 1.825456
v -76.926682 2.027918 7.752771
v -77.143265 2.027918 7.766763
v -76.290474 2.027918 13.639000
v -76.504868 2.027918 13.672795
v -75.080505 2.027918 19.433796
v -75.290421 2.027918 19.488903
v -73.308197 2.027918 25.082611
v -73.511932 2.027918 25.157448
v -70.991013 2.027918 30.529840
v -71.186195 2.027918 30.624758
v -68.150970 2.027918 35.723896
v -68.335793 2.027918 35.837685
v -64.815353 2.027918 40.614677
v -64.988388 2.027918 40.745689
v -61.176224 2.027918 45.302059
v -61.016109 2.027918 45.155533
v -56.791805 2.027918 49.300362
v -56.934177 2.027918 49.464188
v -52.179249 2.027918 53.013187
v -52.306892 2.027918 53.188717
v -47.226231 2.027918 56.255100
v -47.335655 2.027918 56.442490
v -46.378464 2.027918 56.942455
v -46.276649 2.027918 56.751137
v -71.993202 0.698697 -7.057948
v -72.800484 0.601147 -6.655813
v -72.830429 0.698697 -6.748755
v -71.955376 0.601147 -6.967928
v -73.666550 0.601147 -6.420374
v -73.687927 0.698697 -6.515673
v -71.130753 0.601147 -7.357119
v -71.176125 0.698697 -7.443573
v -70.557632 0.601147 -7.689511
v -70.391769 0.698697 -7.898481
v -69.540710 0.601147 -8.401208
v -69.648697 0.698697 -8.417757
v -74.563599 0.601147 -6.267841
v -74.576202 0.698697 -6.364665
v -75.470520 0.601147 -6.192857
v -75.474770 0.698697 -6.290407
v -76.380219 0.601147 -6.195982
v -76.376091 0.698697 -6.293536
v -77.286285 0.601147 -6.276984
v -77.273819 0.698697 -6.373828
v -78.182373 0.601147 -6.435345
v -78.161667 0.698697 -6.530768
v -79.057106 0.601147 -6.668225
v -79.033310 0.698697 -6.762861
v -68.951683 0.698697 -8.997618
v -68.918053 0.601147 -8.922108
v -68.244232 0.698697 -9.718490
v -68.623482 3.224342 -8.260651
v -68.219460 3.224342 -9.639492
v -68.918053 3.224342 -8.922107
v -69.540710 3.224342 -8.401208
v -70.557632 3.224342 -7.689511
v -69.596901 3.224342 -3.111526
v -71.130760 3.224342 -7.357114
v -71.890877 3.224342 -6.998471
v -73.381287 3.224342 -3.636099
v -72.809631 3.224342 -6.659857
v -70.060959 3.224342 2.107893
v -73.878586 3.224342 1.957003
v -70.011200 3.224342 7.347811
v -73.825195 3.224342 7.572079
v -69.448082 3.224342 12.557432
v -73.221832 3.224342 13.154033
v -68.377022 3.224342 17.686918
v -72.074051 3.224342 18.650642
v -66.808304 3.224342 22.686844
v -70.393234 3.224342 24.007923
v -64.757133 3.224342 27.508570
v -68.195160 3.224342 29.175083
v -62.243187 3.224342 32.106369
v -65.501266 3.224342 34.101830
v -59.290665 3.224342 36.435566
v -62.337639 3.224342 38.740513
v -58.734779 3.224342 43.046635
v -55.928082 3.224342 40.454517
v -52.187729 3.224342 44.124489
v -54.725563 3.224341 46.980396
v -48.105679 3.224342 47.410133
v -50.352360 3.224342 50.500179
v -43.721275 3.224346 50.279675
v -45.653988 3.224342 53.575462
v -44.466625 3.224342 54.195660
v -43.782135 3.224342 53.526520
v -43.086960 3.224342 52.968826
v -42.333286 3.224343 52.457424
v -41.635750 3.224343 52.061245
v -40.935879 3.224343 51.734783
v -47.335648 2.349944 56.442490
v -46.378387 2.349944 56.942490
v -46.033524 2.349944 56.295643
v -45.549305 2.349944 55.533428
v -45.544609 2.349944 53.388042
v -45.013680 2.349944 54.817776
v -44.310516 2.349944 54.033646
v -52.306892 2.349944 53.188713
v -50.224724 2.349944 50.324638
v -56.934166 2.349944 49.464180
v -54.583191 2.349941 46.816578
v -61.176224 2.349944 45.302059
v -58.574661 2.349944 42.900108
v -62.164593 2.349944 38.609497
v -64.988388 2.349944 40.745689
v -68.335785 2.349944 35.837685
v -65.316437 2.349944 33.988037
v -71.186195 2.349944 30.624758
v -67.999969 2.349944 29.080164
v -73.511932 2.349944 25.157448
v -70.189499 2.349944 23.933075
v -75.290421 2.349944 19.488905
v -71.864120 2.349944 18.595531
v -76.504852 2.349944 13.672795
v -73.007446 2.349944 13.120232
v -77.143265 2.349944 7.766763
v -73.608627 2.349944 7.558094
v -77.199753 2.349944 1.825450
v -73.661697 2.349944 1.964904
v -76.673576 2.349944 -4.092524
v -73.166267 2.349944 -3.606838
v -76.275734 2.349944 -6.196940
v -75.470490 2.349944 -6.193168
v -74.570549 2.349944 -6.266957
v -73.673126 2.349944 -6.418947
v -72.872948 2.349944 -6.636020
v -72.572502 2.349944 -6.747561
v -69.540710 0.601147 -8.401208
v -68.918053 0.601147 -8.922108
v -68.623474 0.601147 -8.260651
v -68.219452 0.601147 -9.639507
v -70.557632 0.601147 -7.689511
v -69.596901 0.601147 -3.111526
v -71.130753 0.601147 -7.357119
v -71.955376 0.601147 -6.967928
v -72.800484 0.601147 -6.655813
v -73.666550 0.601147 -6.420374
v -74.563599 0.601147 -6.267841
v -75.470520 0.601147 -6.192857
v -79.942459 0.601147 -4.546127
v -76.380219 0.601147 -6.195982
v -77.286285 0.601147 -6.276984
v -78.182373 0.601147 -6.435345
v -79.057106 0.601147 -6.668225
v -79.508942 0.601147 -6.839294
v -80.497345 0.601147 1.694034
v -70.060959 0.601147 2.107893
v -80.437897 0.601147 7.958593
v -70.011200 0.601147 7.347811
v -79.764572 0.601147 14.188053
v -69.448082 0.601147 12.557432
v -68.377022 0.601147 17.686918
v -78.484055 0.601147 20.320807
v -66.808304 0.601147 22.686850
v -76.608429 0.601147 26.298847
v -74.156128 0.601147 32.063671
v -64.757126 0.601147 27.508570
v -71.150490 0.601147 37.560677
v -62.243187 0.601147 32.106369
v -67.620407 0.601147 42.736656
v -59.290665 0.601147 36.435566
v -55.928078 0.601147 40.454517
v -63.599678 0.601147 47.542156
v -59.128956 0.601147 51.928864
v -52.187725 0.601147 44.124489
v -54.247547 0.601147 55.857910
v -48.105675 0.601147 47.410133
v -49.005672 0.601147 59.288933
v -43.721268 0.601152 50.279675
v -47.345829 0.601147 60.156021
v -47.278019 0.601147 59.648369
v -47.089970 0.601147 58.788948
v -46.818222 0.601147 57.918751
v -46.454208 0.601148 57.085629
v -46.028690 0.601148 56.287189
v -45.543785 0.601148 55.525360
v -45.008400 0.601149 54.811184
v -44.429127 0.601149 54.153393
v -43.797855 0.601149 53.539104
v -43.086975 0.601149 52.968834
v -42.333286 0.601149 52.457424
v -41.635746 0.601149 52.061241
v -40.935879 0.601149 51.734779
v -71.890877 3.224342 -6.998471
v -71.994202 3.126792 -7.057580
v -71.176125 3.126792 -7.443573
v -71.130760 3.224342 -7.357114
v -70.557632 3.224342 -7.689511
v -70.391769 3.126791 -7.898481
v -69.540710 3.224342 -8.401208
v -69.648697 3.126791 -8.417757
v -68.951683 3.126791 -8.997618
v -68.918053 3.224342 -8.922107
v -68.244247 3.126791 -9.718475
v -49.115131 1.475546 59.476299
v -47.376472 1.475546 60.384483
v -47.278763 1.475546 59.652683
v -47.091160 1.475546 58.793419
v -46.819839 1.475546 57.923168
v -47.226231 1.475546 56.255100
v -46.456276 1.475546 57.090050
v -46.276573 1.475546 56.751175
v -54.375198 1.475546 56.033443
v -52.179245 1.475546 53.013187
v -59.271320 1.475546 52.092693
v -56.791805 1.475546 49.300365
v -63.759796 1.475546 47.688683
v -61.016109 1.475546 45.155533
v -64.815353 1.475546 40.614677
v -67.793442 1.475546 42.867676
v -71.335304 1.475546 37.674461
v -68.150970 1.475546 35.723896
v -74.351318 1.475546 32.158592
v -70.991013 1.475546 30.529840
v -73.308197 1.475546 25.082611
v -76.812172 1.475546 26.373680
v -78.693985 1.475546 20.375916
v -75.080505 1.475546 19.433796
v -79.978973 1.475546 14.221845
v -76.290466 1.475546 13.639003
v -80.654465 1.475546 7.972579
v -76.926682 1.475546 7.752771
v -80.714218 1.475546 1.686157
v -76.982864 1.475546 1.833345
v -80.157486 1.475546 -4.575302
v -76.458557 1.475546 -4.063306
v -79.714935 1.475546 -6.916300
v -79.060440 1.475546 -6.669309
v -78.185760 1.475546 -6.436130
v -77.289749 1.475546 -6.277469
v -76.391113 1.475546 -6.196822
v -76.055252 1.475546 -6.196591
v -35.259762 3.571936 51.374794
v -34.484039 3.583156 51.143909
v -35.371555 3.583156 50.991776
v -46.953358 -0.482845 64.195961
v -47.161396 -0.481108 63.323963
v -46.906586 -0.531505 64.181564
v -47.113594 -0.528313 63.313095
v -42.742958 2.046267 53.353447
v -46.949383 1.537419 61.541470
v -25.995274 3.583157 63.110321
v -25.883181 3.583156 62.215996
v -46.728256 1.027388 63.382397
v -28.399738 3.583156 54.730991
v -27.843113 3.583156 55.436256
v -45.818916 1.053576 66.670753
v -46.256229 1.053576 65.884735
v -26.544674 3.583156 57.794247
v -26.905897 3.583156 56.968998
v -26.039698 1.997869 59.522926
v -25.898212 1.997869 60.413879
v -44.343029 3.581224 54.274605
v -44.045887 3.584277 54.457813
v -43.701355 3.583224 53.649490
v -29.673174 3.583156 53.464169
v -30.382599 3.583156 52.911278
v -40.660152 3.583156 51.757736
v -39.817806 3.583156 51.443089
v -26.528135 3.599732 57.788239
v -42.428879 3.566850 53.130863
v -42.255787 3.583156 52.581795
v -42.999672 3.583156 53.086529
v -31.933506 3.583156 52.003349
v -32.759750 3.583156 51.649166
v -26.434784 3.594029 64.859894
v -26.791924 3.593343 65.688011
v -45.387058 3.001715 56.222031
v -45.173344 1.576128 55.901173
v -42.255787 1.997869 52.581795
v -42.999672 1.997869 53.086529
v -42.281734 2.046645 52.540325
v -30.382584 1.997869 52.911289
v -29.641745 2.046644 53.426723
v -29.673155 1.997869 53.464180
v -38.065208 3.583156 51.040565
v -37.172562 3.534381 50.907112
v -38.072113 3.534382 50.992138
v -37.169800 3.583156 50.955948
v -46.701317 2.461375 58.025955
v -46.963432 2.237888 58.883244
v -46.614769 2.207652 59.030941
v -26.801842 1.997870 65.683701
v -26.445629 1.997869 64.855934
v -26.757570 2.046645 65.704430
v -26.499199 2.046644 57.776318
v -26.905897 1.997869 56.968998
v -26.862139 2.046644 56.947220
v -47.279850 1.795601 60.644936
v -47.320473 1.546032 61.541363
v -46.369194 0.903323 58.195602
v -44.382595 2.041378 54.243580
v -44.888710 1.779942 54.896141
v -44.928230 1.828500 54.867241
v -44.345818 1.991014 54.278286
v -46.868305 -0.249830 62.333496
v -46.777954 -0.523402 63.248165
v -46.530888 -0.482071 64.073212
v -42.264603 3.599623 52.566711
v -44.673668 3.325273 55.226669
v -44.039387 2.046172 54.522964
v -39.832733 2.046644 51.396511
v -38.962936 2.046644 51.148987
v -46.912262 -0.000550 61.473408
v -46.867657 0.249905 60.613518
v -46.312122 0.916402 58.124870
v -46.568459 0.710044 58.919674
v -44.586342 1.827881 55.144115
v -26.161913 1.997990 60.881397
v -25.995279 1.997870 63.110344
v -25.883181 1.997869 62.216015
v -26.445629 1.997869 64.855934
v -26.801842 1.997870 65.683701
v -26.544674 1.997869 57.794247
v -26.905897 1.997869 56.968998
v -28.399731 1.997869 54.730995
v -27.843111 1.997869 55.436256
v -38.530945 3.568342 51.482471
v -37.169800 3.583156 50.955948
v -38.065208 3.583156 51.040565
v -43.733097 2.046722 53.612198
v -44.345928 1.994399 54.277336
v -43.700634 1.997938 53.648785
v -45.818916 -0.531711 66.670753
v -46.256229 -0.531711 65.884735
v -46.945633 0.661593 58.816467
v -46.875031 0.332867 60.144695
v -47.138210 0.439957 59.692173
v -46.677105 0.885454 57.959713
v -43.414429 2.034983 53.931473
v -42.255787 1.997869 52.581795
v -42.999672 1.997869 53.086529
v -40.660133 1.997869 51.757725
v -39.817783 1.997869 51.443085
v -38.065201 1.997869 51.040565
v -37.169800 1.997869 50.955948
v -36.707699 1.997886 51.270267
v -35.371555 1.997869 50.991776
v -34.484039 1.997869 51.143909
v -32.759750 1.997869 51.649166
v -31.933506 1.997869 52.003349
v -46.979919 2.255800 58.877140
v -46.712170 2.472566 58.022724
v -47.268673 1.296739 62.437759
v -47.257607 -0.298272 62.370293
v -47.306011 -0.249826 62.377792
v -47.113586 -0.529984 63.312817
v -38.072105 2.046644 50.992138
v -37.172562 2.046644 50.907112
v -38.065201 1.997869 51.040565
v -37.169800 1.997869 50.955948
v -30.376373 3.593510 52.902218
v -29.662533 3.599623 53.450283
v -34.484039 1.997869 51.143909
v -35.371555 1.997869 50.991776
v -34.474384 2.046644 51.095989
v -35.368660 3.600328 50.973763
v -34.481750 3.595537 51.130970
v -47.138210 0.439957 59.692173
v -46.993576 0.710022 58.806438
v -46.945633 0.661593 58.816467
v -47.186863 0.488396 59.686489
v -43.713707 3.600000 53.636696
v -44.323708 3.595692 54.239845
v -46.677105 0.885454 57.959713
v -46.723972 0.933872 57.945457
v -26.908016 3.568641 65.036140
v -26.801842 3.583157 65.683701
v -26.445625 3.583157 64.855927
v -26.039698 3.583156 59.522926
v -25.898212 3.583156 60.413879
v -46.790794 -0.518856 63.180592
v -46.868305 -0.249830 62.333496
v -46.731407 -0.479860 63.240128
v -46.961056 -0.167244 61.864998
v -45.345570 1.472176 56.033192
v -45.095680 1.605361 55.822411
v -45.558323 1.379582 56.547531
v -38.010029 2.046644 51.427650
v -37.147743 2.046644 51.346325
v -44.940575 3.375390 54.933418
v -29.673155 1.997869 53.464180
v -31.276810 1.997909 52.716614
v -30.382584 1.997869 52.911289
v -46.911556 0.138006 61.000362
v -46.738823 2.020389 57.986088
v -47.004498 1.796885 58.847401
v -44.343765 3.142406 54.205437
v -43.733540 3.141889 53.612633
v -46.849125 1.883644 60.238110
v -46.753220 0.488416 59.760689
v -46.660210 0.612233 65.075851
v -46.918629 1.069711 64.205383
v -31.137831 1.997869 52.422466
v -43.700634 1.997938 53.648785
v -47.257607 -0.298272 62.370293
v -26.255295 3.583156 58.647732
v -26.182186 3.583157 63.992508
v -45.896454 1.331172 56.351112
v -46.317417 1.105187 57.138992
v -45.940308 1.379561 56.329277
v -46.362907 1.153587 57.120804
v -45.471718 3.149577 55.649189
v -47.303299 -0.048996 61.475128
v -47.306232 0.249902 60.578850
v -47.257263 0.201456 60.580128
v -47.352177 -0.000547 61.478249
v -46.660210 -0.482935 65.075851
v -46.614655 -0.531711 65.058044
v -46.256229 -0.531711 65.884735
v -28.976410 2.046644 54.037380
v -29.010822 1.997869 54.072090
v -36.269264 3.597844 50.923492
v -36.269234 2.046644 50.890163
v -36.270638 1.997869 50.939045
v -38.962936 2.046644 51.148987
v -38.951950 1.997869 51.196651
v -33.598068 2.046644 51.315464
v -33.611725 1.997869 51.362400
v -47.166737 1.010976 63.298248
v -46.357861 2.691109 57.200626
v -33.611725 1.997869 51.362400
v -35.396645 2.034903 51.393009
v -36.270638 1.997869 50.939045
v -39.249901 1.997969 51.587658
v -38.951950 1.997869 51.196651
v -41.705666 1.997888 52.639786
v -41.474407 1.997869 52.137997
v -44.888710 1.779942 54.896141
v -45.896454 1.331172 56.351112
v -46.317417 1.105187 57.138992
v -47.257263 0.201456 60.580128
v -47.303299 -0.048996 61.475128
v -46.906586 -0.531505 64.181564
v -46.153870 -0.531756 65.310234
v -46.614655 -0.531711 65.058044
v -45.458797 1.605354 55.574024
v -45.416836 1.556969 55.599316
v -45.416836 1.556969 55.599316
v -38.951965 3.583156 51.196655
v -29.010822 1.997869 54.072090
v -29.618313 1.997883 53.956253
v -27.355579 1.997971 56.767181
v -27.343285 1.997869 56.183022
v -26.563601 1.998033 64.270088
v -26.182190 1.997869 63.992519
v -27.221130 3.583157 66.479050
v -25.845392 1.997869 61.314930
v -29.583000 3.566788 54.031731
v -36.707138 3.564902 51.306122
v -46.916702 1.313681 62.281147
v -47.115623 1.060692 63.359985
v -46.227863 2.535559 57.821602
v -44.928097 3.357749 54.945366
v -44.120113 3.574001 54.537842
v -45.964222 1.153610 57.306808
v -46.753220 0.488416 59.760689
v -38.962936 2.046644 51.148987
v -38.072105 2.046644 50.992138
v -25.991737 3.141813 59.513470
v -26.208395 3.141813 58.633949
v -44.395123 3.133443 54.259396
v -44.952408 2.916760 54.897461
v -43.006336 3.593368 53.077984
v -46.736061 -0.476719 63.206573
v -46.411747 -0.482903 64.500923
v -47.156036 0.611717 63.352348
v -46.950146 0.611606 64.208054
v -36.269234 2.046644 50.890163
v -37.172562 2.046644 50.907112
v -46.272602 1.070449 65.892014
v -46.631226 1.070180 65.064034
v -26.134956 2.046645 64.005112
v -26.182190 1.997869 63.992519
v -25.883181 1.997869 62.216015
v -25.845392 1.997869 61.314930
v -25.834448 2.046644 62.219818
v -45.932690 2.906413 56.414513
v -46.347866 2.680711 57.204224
v -39.817806 3.583156 51.443089
v -38.951965 3.583156 51.196655
v -39.832760 3.534381 51.396515
v -38.962952 3.534382 51.148994
v -33.607487 3.599602 51.345451
v -31.137831 1.997869 52.422466
v -30.354389 2.046644 52.871357
v -28.999016 3.599619 54.059189
v -27.210360 3.594896 66.485397
v -25.827459 3.600053 61.313793
v -25.865740 3.599674 62.217827
v -44.030910 2.037657 54.525566
v -27.221130 1.997870 66.479050
v -27.178738 2.046645 66.503387
v -26.165379 3.599769 63.997940
v -33.611721 3.583156 51.362400
v -41.474411 3.583156 52.138004
v -41.247601 3.562584 52.444592
v -31.137840 3.583156 52.422466
v -45.458393 3.132051 55.660061
v -27.221130 1.997870 66.479050
v -27.566101 2.039568 66.281189
v -26.255295 1.997869 58.647732
v -27.343285 3.583156 56.183014
v -46.901367 1.053006 64.201210
v -46.614655 1.053576 65.058044
v -29.010838 3.583156 54.072071
v -47.149715 2.016503 59.759327
v -47.262596 1.778142 60.647499
v -47.302551 1.527734 61.542542
v -47.250797 1.278404 62.437572
v -46.960426 1.527739 61.538761
v -25.845392 3.583157 61.314911
v -47.113594 -0.528313 63.313095
v -33.684307 3.562857 51.718971
v -36.270638 3.583156 50.939045
v -44.401127 3.525433 54.266266
v -44.330128 2.048954 54.191040
v -44.381733 2.039912 54.245068
v -44.111622 3.585765 54.548607
v -47.114685 -0.532268 63.312683
v -47.112648 1.054842 63.324390
v -47.169277 0.620171 63.285168
v -47.156036 0.611717 63.352348
v -46.777733 -0.527711 63.247856
v -83.831551 -0.536971 -10.622158
v -83.269600 -0.540624 -9.953034
v -75.478729 2.970732 -6.682561
v -74.693665 1.582908 -6.770482
v -82.653381 1.086173 -9.336626
v -82.180443 0.658691 -8.431166
v -81.443558 -0.242763 -7.911077
v -81.478798 0.890660 -7.933911
v -82.153854 -0.481694 -8.410988
v -71.946648 3.628756 -25.191044
v -71.792221 3.604526 -25.541126
v -72.762985 3.628754 -25.502813
v -83.269600 1.090311 -9.953037
v -83.831551 1.093963 -10.622158
v -82.181892 1.085835 -8.459703
v -81.489761 1.317595 -7.959352
v -66.996277 3.628761 -20.454836
v -66.649796 3.628761 -19.653267
v -67.088982 3.620021 -21.420258
v -84.752686 1.099951 -12.104576
v -85.456161 1.092056 -12.762046
v -85.112831 1.102291 -12.899691
v -67.903099 3.628759 -21.946207
v -68.455269 3.628758 -22.622715
v -70.203575 2.030912 -24.683878
v -70.421928 1.997823 -24.341780
v -69.719063 1.997823 -23.824421
v -76.413162 2.724630 -6.308511
v -74.663658 3.180978 -6.747686
v -75.527946 2.957583 -6.679671
v -66.179558 3.628758 -17.973852
v -66.061691 3.628756 -17.108719
v -70.401535 3.620073 -7.913820
v -69.886719 3.628762 -8.727965
v -70.602066 3.628762 -8.228106
v -67.903099 3.628759 -21.946207
v -68.429237 3.632019 -22.587526
v -73.743279 1.782040 -6.903784
v -72.931000 1.998323 -7.125856
v -66.073776 3.628757 -15.362913
v -66.215408 3.628760 -14.500475
v -72.766861 3.640485 -25.490917
v -71.957291 3.638145 -25.184837
v -66.110405 2.046597 -17.104624
v -66.179565 1.997823 -17.973873
v -66.061691 1.997821 -17.108732
v -66.227661 2.046598 -17.965151
v -66.215408 3.628760 -14.500475
v -66.071358 3.630783 -15.412630
v -68.030930 3.628762 -10.567902
v -78.948769 2.058751 -7.146545
v -79.759750 1.833947 -7.455157
v -72.763008 1.997821 -25.502823
v -71.966370 2.046597 -25.146317
v -72.778702 2.046596 -25.456528
v -71.946671 1.997821 -25.191053
v -67.942444 2.046600 -21.917194
v -68.455269 1.997823 -22.622715
v -67.903099 1.997824 -21.946209
v -82.685303 1.089777 -9.371671
v -81.988083 1.099765 -8.789707
v -84.220352 -0.485656 -11.222082
v -83.819145 1.103323 -10.622373
v -72.947838 2.047167 -7.172276
v -73.661980 1.830156 -6.521304
v -73.719025 3.349979 -6.505894
v -74.548866 1.606543 -6.368145
v -82.920776 -0.509595 -9.031232
v -79.007111 0.485439 -6.754340
v -79.852036 0.260855 -7.069525
v -79.906082 1.820933 -7.104459
v -73.667603 1.812674 -6.505910
v -74.548866 1.606543 -6.368145
v -72.633453 2.034278 -25.884022
v -71.946671 1.997821 -25.191053
v -72.763008 1.997821 -25.502823
v -68.144333 2.030802 -22.883770
v -67.903099 1.997824 -21.946209
v -68.455269 1.997823 -22.622715
v -66.649803 1.997826 -19.653273
v -66.996277 1.997826 -20.454836
v -67.212326 3.616569 -11.080561
v -68.593010 3.628762 -9.898901
v -68.030930 3.628762 -10.567902
v -75.464111 1.383477 -6.731071
v -74.595825 1.558410 -6.756354
v -75.459625 1.335009 -6.682294
v -74.604614 1.606907 -6.804540
v -85.112831 -0.528643 -12.899691
v -84.752678 -0.530984 -12.104576
v -80.479935 -0.044430 -7.801170
v -79.696793 0.211414 -7.428428
v -78.883728 0.436202 -7.125408
v -72.967110 3.627033 -7.114620
v -73.815720 3.413241 -6.898032
v -66.074707 2.046597 -16.729265
v -69.886703 1.997827 -8.727981
v -69.645668 2.028131 -8.398168
v -70.602058 1.997827 -8.228115
v -68.593002 1.997827 -9.898909
v -68.030930 1.997828 -10.567902
v -66.073776 1.997823 -15.362913
v -66.044159 2.030655 -13.546138
v -66.215408 1.997825 -14.500473
v -79.759750 1.833947 -7.455157
v -80.495728 1.595143 -7.813167
v -83.269600 1.090311 -9.953037
v -83.269600 -0.540624 -9.953034
v -83.792603 -0.488449 -10.651748
v -83.233383 -0.492084 -9.985897
v -83.831551 -0.536971 -10.622158
v -66.122375 2.046598 -15.368164
v -66.215408 1.997825 -14.500473
v -66.263298 2.046600 -14.510317
v -66.073776 1.997823 -15.362913
v -68.628998 2.046602 -9.932025
v -68.030930 1.997828 -10.567902
v -68.593002 1.997827 -9.898909
v -68.069656 2.046603 -10.597772
v -66.061691 3.628756 -17.108719
v -66.175125 3.631562 -17.930607
v -80.479935 -0.044430 -7.801170
v -79.680084 0.259744 -7.474472
v -79.696793 0.211414 -7.428428
v -80.459290 0.003875 -7.845590
v -74.663658 3.180978 -6.747686
v -78.871101 0.484559 -7.172731
v -78.883728 0.436202 -7.125408
v -70.421928 3.628758 -24.341780
v -69.719055 3.628758 -23.824419
v -70.211250 3.616371 -24.657576
v -77.246521 0.933950 -6.370012
v -76.348572 1.158120 -6.292144
v -74.613205 3.168102 -6.370861
v -66.061691 1.997821 -17.108732
v -65.778236 2.030607 -18.036537
v -66.179565 1.997823 -17.973873
v -85.067429 -0.480163 -12.917898
v -85.105911 1.109046 -12.902019
v -82.264404 1.034329 -8.494619
v -82.901306 -0.493733 -9.033692
v -82.225128 -0.493925 -8.465894
v -82.912781 0.646498 -9.044053
v -79.603577 0.283381 -7.431349
v -78.951523 2.066773 -7.157720
v -67.952110 2.046600 -21.972446
v -66.879456 2.046601 -20.107294
v -66.638123 3.631959 -19.611731
v -66.323776 2.046599 -18.463171
v -71.176125 3.579986 -7.443574
v -72.000633 3.619407 -7.064905
v -71.176125 3.187814 -7.443573
v -66.742828 2.046603 -12.851664
v -65.665009 2.028252 -15.341745
v -66.024651 1.997822 -16.235821
v -71.176125 2.046602 -7.443573
v -71.961807 2.028493 -7.051745
v -75.463074 1.360451 -6.273728
v -81.228714 -0.292597 -8.237805
v -82.102432 -0.528623 -8.418708
v -83.559227 -0.489965 -9.690312
v -69.062035 3.628758 -23.250118
v -78.044434 0.660680 -6.905020
v -77.185814 0.933555 -6.805744
v -77.189972 0.885144 -6.756941
v -78.035995 0.709064 -6.953271
v -77.257698 2.507713 -6.766376
v -76.401276 2.740101 -6.696046
v -82.634727 -0.543698 -9.319798
v -81.920517 -0.491269 -8.784645
v -82.602196 -0.495117 -9.356309
v -81.228714 -0.292597 -8.237805
v -81.204300 -0.244317 -8.280274
v -66.376465 1.997824 -18.824247
v -66.423531 2.046599 -18.811037
v -67.568367 3.633646 -11.238894
v -67.081802 3.632152 -12.081277
v -67.532402 1.997828 -11.285058
v -67.573601 2.046602 -11.311408
v -67.097572 1.997828 -12.042035
v -67.140945 2.046603 -12.064601
v -72.226151 3.647318 -7.404333
v -71.393600 3.632190 -7.775657
v -70.602066 3.628762 -8.228106
v -69.062035 3.628758 -23.250118
v -66.024651 3.628756 -16.235813
v -71.379578 2.046602 -7.833612
v -70.602058 1.997827 -8.228115
v -71.356964 1.997826 -7.790244
v -71.994720 3.188323 -7.057390
v -72.773315 2.049346 -6.766958
v -71.990334 2.047210 -7.059003
v -72.794960 3.188520 -6.760169
v -68.491943 2.046598 -22.590391
v -69.062035 1.997823 -23.250118
v -82.874832 -0.494297 -9.602721
v -78.068176 2.298024 -6.914974
v -66.435349 1.997827 -13.655353
v -66.730583 1.997828 -12.833923
v -67.532402 1.997828 -11.285058
v -66.730270 2.027957 -11.862731
v -67.097572 1.997828 -12.042035
v -69.215530 1.997827 -9.286180
v -72.139832 1.997992 -7.420283
v -71.356964 1.997826 -7.790244
v -74.595825 1.558410 -6.756354
v -78.044434 0.660680 -6.905020
v -77.189972 0.885144 -6.756941
v -82.634727 -0.543698 -9.319798
v -81.946541 -0.540028 -8.743669
v -84.324219 -0.533769 -11.343740
v -76.326523 1.157977 -6.731532
v -76.326355 1.109538 -6.682551
v -69.215538 3.628762 -9.286168
v -68.306168 3.597250 -9.608900
v -66.376465 1.997824 -18.824247
v -67.412125 1.997825 -21.223333
v -71.166061 1.997822 -24.798496
v -73.701523 2.964208 -6.512724
v -72.859161 2.038274 -6.739315
v -72.890610 3.567339 -6.728935
v -81.287811 1.337185 -8.287714
v -75.510330 2.909029 -6.289060
v -78.147278 0.688261 -6.509857
v -80.665215 -0.008521 -7.440510
v -81.443558 -0.242763 -7.911077
v -72.810898 2.036979 -6.744073
v -82.191010 -0.490796 -8.438745
v -82.918648 1.037089 -9.048192
v -83.559227 -0.489965 -9.690312
v -83.559227 0.651247 -9.690313
v -84.655167 1.050543 -11.135467
v -85.100899 -0.479945 -11.926664
v -84.655167 -0.482843 -11.135469
v -81.919403 -0.491836 -8.785770
v -76.326355 1.109538 -6.682551
v -75.459625 1.335009 -6.682294
v -78.111069 2.283241 -6.920379
v -66.024651 1.997822 -16.235821
v -66.073532 2.046597 -16.236395
v -66.376465 3.628759 -18.824234
v -73.743279 1.782040 -6.903784
v -73.756218 1.830565 -6.951025
v -72.158836 2.046707 -7.465364
v -72.930496 1.998315 -7.126307
v -72.139832 1.997992 -7.420283
v -66.435349 3.628762 -13.655357
v -66.730583 3.628763 -12.833923
v -66.073349 3.617148 -13.544491
v -73.807663 3.405220 -6.889789
v -72.967957 3.627489 -7.114374
v -72.146942 3.628819 -7.417665
v -71.356964 3.628761 -7.790243
v -66.024651 3.628756 -16.235813
v -76.394653 2.732111 -6.685976
v -77.257698 2.507713 -6.766376
v -68.786865 2.028146 -23.552065
v -69.062035 1.997823 -23.250118
v -67.412125 3.628760 -21.223330
v -84.137131 1.071048 -10.390205
v -84.324219 1.097165 -11.343739
v -66.376465 3.628759 -18.824234
v -66.300163 3.620767 -19.787474
v -80.540329 1.578089 -7.833257
v -71.166054 3.628757 -24.798487
v -80.835999 -0.119833 -8.045688
v -80.721497 1.530828 -7.486718
v -72.946976 2.046875 -7.172517
v -81.948372 -0.540113 -8.744872
v -67.532402 3.628762 -11.285061
v -67.097572 3.628763 -12.042035
v -82.180443 0.658691 -8.431166
v -82.251579 0.646614 -8.486279
v -72.810287 3.615524 -6.770137
v -72.880859 3.177426 -6.732724
v -81.286110 1.329900 -8.275000
v -81.991402 1.090348 -8.778037
v -81.478798 0.890660 -7.933911
v -82.180443 0.658691 -8.431166
v -71.789017 2.046597 -25.548897
v -72.639618 3.610283 -25.866728
v -69.474548 3.187812 -24.129574
v -70.204651 2.046598 -24.666889
v -69.648697 3.579987 -8.417758
v -70.391769 2.046602 -7.898481
v -69.648697 2.046602 -8.417757
v -69.648697 2.046602 -8.417757
v -68.951683 2.046602 -8.997618
v -71.176125 2.046602 -7.443573
v -67.721313 2.046602 -10.329117
v -67.203003 2.046602 -11.074382
v -66.750702 3.187817 -11.861556
v -67.203003 3.187816 -11.074382
v -69.474556 3.579984 -24.129576
v -69.474541 2.046598 -24.129570
v -71.789017 3.187809 -25.548901
v -65.633644 3.187809 -16.231220
v -65.685013 2.046598 -15.320908
v -82.180443 0.658691 -8.431166
v -82.251579 0.646614 -8.486279
v -44.343765 3.142406 54.205437
v -43.733540 3.141889 53.612633
v -43.733097 2.046722 53.612198
v -45.484280 2.691097 55.611271
v -44.928230 1.828500 54.867241
v -45.458797 1.605354 55.574024
v -46.660210 -0.482935 65.075851
v -46.953358 -0.482845 64.195961
v -47.306011 -0.249826 62.377792
v -47.174355 -0.471247 63.256943
v -44.952408 2.916760 54.897461
v -44.395123 3.133443 54.259396
v -47.301834 0.837390 62.419071
v -47.352177 -0.000547 61.478249
v -46.950146 0.611606 64.208054
v -47.156036 0.611717 63.352348
v -47.161304 -0.479775 63.324104
v -43.028954 3.141813 53.047352
v -43.028954 2.046645 53.047356
v -47.156036 0.611717 63.352348
v -47.169277 0.620171 63.285168
v -32.473141 3.533673 52.178654
v -47.351719 1.086717 61.519608
v -26.313341 3.534335 62.622437
v -28.646442 3.562586 55.021759
v -27.883602 3.566879 56.017700
v -28.371853 2.046644 55.370956
v -27.391169 2.046644 56.864460
v -27.062227 3.568606 57.494110
v -29.592165 2.046644 54.041821
v -31.129778 3.570215 52.841011
v -31.033257 2.046644 52.934071
v -32.567505 2.046644 52.138966
v -34.801456 2.046644 51.451973
v -45.493065 1.030511 66.474930
v -46.092648 1.038767 65.372162
v -45.502510 -0.482935 66.479660
v -26.756081 2.046644 58.341312
v -26.632456 3.562585 58.699341
v -26.339903 2.046644 60.001984
v -26.310429 3.566736 60.081596
v -26.231123 2.046644 61.615074
v -26.211924 3.571903 61.519379
v -26.440006 2.046644 63.409241
v -26.449131 3.567519 63.539444
v -26.891239 3.598246 56.962505
v -26.244812 3.593467 58.644581
v -26.022575 3.599694 59.519039
v -25.880470 3.600015 60.411434
v -25.978083 3.599699 63.113987
v -43.028954 2.046645 53.047352
v -41.496849 2.046644 52.094540
v -41.474407 1.997869 52.137997
v -40.660133 1.997869 51.757725
v -40.678909 2.046644 51.712559
v -39.817783 1.997869 51.443085
v -39.832733 2.046644 51.396511
v -31.929802 3.590795 51.996132
v -32.752842 3.599613 51.633106
v -25.995279 1.997870 63.110344
v -25.947092 2.046645 63.118568
v -26.399731 2.046645 64.872757
v -25.796511 2.046644 61.314312
v -25.849586 2.046644 60.408852
v -25.898212 1.997869 60.413879
v -25.991739 2.046644 59.513470
v -26.039698 1.997869 59.522926
v -26.208395 2.046645 58.633949
v -26.255295 1.997869 58.647732
v -26.544674 1.997869 57.794247
v -34.474384 2.046644 51.095989
v -35.365993 2.046644 50.943203
v -35.365993 3.141813 50.943203
v -33.598064 3.141813 51.315464
v -33.598068 2.046644 51.315464
v -34.474384 3.141813 51.095989
v -32.742218 2.046644 51.603539
v -32.742218 3.141813 51.603539
v -31.912252 2.046644 51.959324
v -36.269234 3.141813 50.890163
v -40.666199 3.599618 51.741337
v -32.103508 2.046644 52.355495
v -32.899994 2.046644 52.014179
v -33.284557 1.997888 51.812389
v -33.720982 2.046644 51.737850
v -26.812769 2.046644 64.721359
v -26.560024 2.046644 63.891800
v -27.155958 2.046644 65.517853
v -26.380733 2.046644 63.044552
v -26.273024 2.046644 62.185574
v -26.236391 2.046644 61.319832
v -26.287165 2.046644 60.454094
v -26.423351 2.046644 59.598511
v -26.636929 2.039495 58.759853
v -26.908461 2.046644 57.937656
v -27.255949 2.046644 57.143265
v -28.160191 2.046644 55.665092
v -28.702164 2.039493 54.989357
v -29.286144 2.046644 54.349766
v -29.924431 2.046644 53.763790
v -30.608131 2.046644 53.230713
v -27.677853 2.046644 56.385426
v -45.905685 -0.482935 65.711464
v -45.477993 -0.490016 66.466011
v -46.250439 -0.482935 64.915741
v -32.742218 2.046644 51.603539
v -31.933506 1.997869 52.003349
v -32.759750 1.997869 51.649166
v -31.912252 2.046644 51.959324
v -35.365993 2.046644 50.943203
v -45.860840 -0.482935 66.695953
v -45.818916 -0.531711 66.670753
v -46.300079 -0.482935 65.906403
v -31.336271 2.046644 52.759399
v -40.678909 2.046644 51.712559
v -40.678921 3.141813 51.712566
v -41.482975 3.599617 52.122776
v -42.281734 3.141813 52.540325
v -41.496853 3.141813 52.094540
v -41.496849 2.046644 52.094540
v -42.281734 2.046645 52.540325
v -39.832733 2.046644 51.396511
v -40.115051 3.566861 51.935371
v -39.136681 2.046644 51.637173
v -26.862139 2.046644 56.947220
v -26.499199 2.046644 57.776318
v -26.499199 3.141813 57.776318
v -25.991739 2.046644 59.513470
v -25.849586 3.141813 60.408852
v -25.849586 2.046644 60.408852
v -25.796511 3.141813 61.314304
v -25.796511 2.046644 61.314312
v -25.834448 2.046644 62.219818
v -25.947092 2.046645 63.118568
v -26.134956 2.046645 64.005112
v -26.399731 2.046645 64.872757
v -26.757570 2.046645 65.704430
v -27.178738 2.046645 66.503387
v -26.208395 2.046645 58.633949
v -45.946392 2.922347 56.406521
v -37.160446 2.046644 51.330090
v -40.840656 2.046644 52.255344
v -28.976410 2.046644 54.037380
v -28.362568 3.141813 54.699242
v -27.803474 2.046644 55.407654
v -27.301460 2.046644 56.157715
v -27.803474 3.141813 55.407654
v -28.362564 2.046644 54.699242
v -27.301460 3.141813 56.157715
v -29.641745 2.046644 53.426723
v -28.976418 3.141813 54.037365
v -29.641758 3.141813 53.426712
v -31.113026 2.046644 52.380344
v -30.354389 2.046644 52.871357
v -45.962532 2.465452 56.368149
v -46.381584 2.239738 57.160816
v -46.381584 2.239738 57.160816
v -46.738823 2.020389 57.986088
v -42.048370 2.046644 52.913242
v -41.295010 2.046644 52.485413
v -40.510059 2.046644 52.118778
v -39.698280 2.046644 51.815376
v -38.864151 2.046644 51.577671
v -28.362564 2.046644 54.699242
v -28.399731 1.997869 54.730995
v -27.843111 1.997869 55.436256
v -27.803474 2.046644 55.407654
v -31.113026 2.046644 52.380344
v -27.343285 1.997869 56.183022
v -27.301460 2.046644 56.157715
v -31.128208 3.599815 52.407616
v -28.386040 3.599610 54.720139
v -27.834274 3.593331 55.430050
v -27.333891 3.593402 56.177536
v -34.561283 2.046644 51.527233
v -31.912252 3.141813 51.959324
v -31.113029 3.141813 52.380341
v -30.354401 3.141813 52.871349
v -27.545296 3.563819 66.292900
v -27.560246 2.046644 66.284355
v -26.897354 2.046644 64.961685
v -42.765591 2.046644 53.399727
v -36.281887 2.046644 51.329891
v -47.193920 1.575491 59.727699
v -47.309502 1.337127 60.620186
v -47.165607 2.032572 59.756428
v -65.832390 3.579985 -14.421747
v -65.633644 3.579981 -16.231220
v -77.288101 2.067437 -6.375825
v -76.348572 1.158120 -6.292144
v -76.390495 2.291612 -6.294266
v -77.246521 0.933950 -6.370012
v -66.996277 3.628761 -20.454836
v -67.390961 3.628970 -21.186659
v -69.095772 2.046598 -23.214748
v -69.719063 1.997823 -23.824421
v -69.749626 2.046598 -23.786272
v -70.449081 2.046598 -24.301136
v -70.421928 1.997823 -24.341780
v -84.729767 1.105860 -12.074776
v -79.007111 0.485439 -6.754340
v -79.066238 2.002784 -6.770218
v -79.852036 0.260855 -7.069525
v -68.072845 2.046603 -10.561508
v -85.090683 1.089753 -11.931565
v -85.475754 -0.477509 -12.754121
v -83.550728 1.078863 -9.697773
v -84.142914 -0.486172 -10.385598
v -69.469276 2.046598 -23.563931
v -76.390495 2.291612 -6.294266
v -77.288101 2.067437 -6.375825
v -65.832390 2.046600 -14.421747
v -67.588394 3.579984 -22.178295
v -68.173050 3.618001 -22.871403
v -67.588394 2.046600 -22.178305
v -85.486420 -0.489819 -12.749456
v -85.110336 -0.495684 -11.912512
v -69.886703 1.997827 -8.727981
v -69.916473 2.046602 -8.766786
v -70.628365 2.046602 -8.269349
v -69.691849 3.632313 -23.797155
v -70.457573 3.634881 -24.357283
v -69.920326 3.632572 -8.707945
v -66.730583 1.997828 -12.833923
v -66.775818 2.046603 -12.852462
v -66.730583 3.628763 -12.833923
v -66.996277 1.997826 -20.454836
v -66.649803 1.997826 -19.653273
v -67.040131 2.046601 -20.433233
v -66.695435 2.046601 -19.635756
v -67.453865 2.046600 -21.197891
v -67.412125 1.997825 -21.223333
v -84.752678 -0.530984 -12.104576
v -85.112831 -0.528643 -12.899691
v -84.709129 -0.482492 -12.126830
v -85.067429 -0.480163 -12.917898
v -84.148300 -0.493322 -10.381497
v -67.721313 2.046602 -10.329117
v -68.306168 2.029340 -9.608900
v -71.786293 2.039445 -25.555065
v -70.977798 2.046597 -25.141220
v -65.672043 2.046597 -17.141582
v -66.153496 2.046599 -15.058004
v -70.877365 2.046597 -24.584179
v -72.770821 2.046596 -25.476967
v -77.309158 0.901812 -6.799560
v -80.702805 1.138657 -7.476786
v -79.852036 0.260855 -7.069525
v -79.890678 1.394315 -7.085931
v -80.665741 0.005213 -7.457089
v -81.478798 0.890660 -7.933911
v -80.702805 1.138657 -7.476786
v -71.290154 2.045975 -7.854520
v -68.622276 3.629504 -9.869462
v -69.512917 2.046602 -9.080153
v -65.633644 2.046597 -16.231220
v -68.799583 3.618472 -23.524918
v -84.324219 -0.533769 -11.343740
v -84.282822 -0.485263 -11.369793
v -69.215530 1.997827 -9.286180
v -69.248535 2.046602 -9.322275
v -66.482094 2.046602 -13.669639
v -66.435349 1.997827 -13.655353
v -68.951683 2.046602 -8.997618
v -70.391769 2.046602 -7.898481
v -65.999985 2.046600 -18.929909
v -67.721313 3.579988 -10.329117
v -66.765495 3.620741 -11.869238
v -67.053711 2.029012 -21.418900
v -65.999985 3.579983 -18.929895
v -67.196083 2.030694 -11.057412
v -74.590515 2.740029 -6.362844
v -75.489182 2.516858 -6.289861
v -84.142914 0.655041 -10.385598
v -84.655167 0.658370 -11.135468
v -85.100899 0.661268 -11.926664
v -78.175720 1.843186 -6.534013
v -77.307480 2.451506 -6.375557
v -78.134811 0.709704 -6.524571
v -79.047028 1.618912 -6.767323
v -78.194260 2.268939 -6.547315
v -84.324219 1.097165 -11.343739
v -71.166061 1.997822 -24.798496
v -71.189590 2.046597 -24.755650
v -69.215538 3.628762 -9.286168
v -66.431061 3.632574 -13.684648
v -71.166054 3.628757 -24.798487
v -75.489182 2.516858 -6.289861
v -74.590515 2.740029 -6.362844
v -75.447235 1.383367 -6.291451
v -76.390495 2.291612 -6.294266
v -75.489182 2.516858 -6.289861
v -70.977806 3.579981 -25.141226
v -80.702805 1.138657 -7.476786
v -81.478798 0.890660 -7.933911
v -65.807014 3.617166 -18.041677
v -65.672043 3.187810 -17.141582
v -65.794807 2.046598 -18.043638
v -65.999985 3.187812 -18.929899
v -65.794807 3.187812 -18.043638
v -65.672043 2.046597 -17.141582
v -65.633644 2.046597 -16.231220
v -65.672043 3.579981 -17.141582
v -65.692444 3.618632 -15.321943
v -65.832390 2.046600 -14.421747
v -67.721313 3.579988 -10.329117
v -68.305267 2.046603 -9.634164
v -67.721313 2.046602 -10.329117
v -68.305267 3.579988 -9.634164
v -68.951683 2.046602 -8.997618
v -68.305267 2.046603 -9.634164
v -68.305267 3.579988 -9.634165
v -68.951683 3.579987 -8.997619
v -66.284737 2.046600 -19.793388
v -65.999992 2.046600 -18.929909
v -79.890678 1.394315 -7.085931
v -80.702805 1.138657 -7.476786
v -66.368767 2.046602 -12.685636
v -66.368759 3.579988 -12.685636
v -66.750702 2.046603 -11.861556
v -65.832390 3.187814 -14.421747
v -66.061386 2.046602 -13.541073
v -70.977798 2.046597 -25.141220
v -70.204674 3.187811 -24.666903
v -70.977798 3.187811 -25.141222
v -68.792130 2.046598 -23.533058
v -68.161942 3.187812 -22.881292
v -68.161942 2.046598 -22.881292
v -67.588394 3.187813 -22.178297
v -67.078232 2.046600 -21.426853
v -66.645508 2.046600 -20.627644
v -66.645493 3.579984 -20.627617
v -66.284729 3.187814 -19.793371
v -66.645493 3.187815 -20.627625
v -67.078224 3.187814 -21.426842
v -67.588394 2.046600 -22.178305
v -68.792130 3.187812 -23.533066
v -75.489182 2.516858 -6.289861
v -76.390495 2.291612 -6.294266
v -47.306232 0.249902 60.578850
v -47.004498 1.796885 58.847401
v -46.723972 0.933872 57.945457
v -46.993576 0.710022 58.806438
v -46.738823 2.020389 57.986088
v -45.940308 1.379561 56.329277
v -46.381584 2.239738 57.160816
v -46.362907 1.153587 57.120804
v -45.962532 2.465452 56.368149
v -46.738823 2.020389 57.986088
v -46.381584 2.239738 57.160816
v -47.186863 0.488396 59.686489
v -47.309502 1.337127 60.620186
v -47.193920 1.575491 59.727699
v -68.951683 3.579987 -8.997618
v -69.474541 2.046598 -24.129570
v -72.637459 2.046595 -25.873148
v -68.951683 3.579987 -8.997619
v -69.648697 3.579987 -8.417758
v -66.368759 3.187817 -12.685636
v -66.061386 3.187816 -13.541076
v -65.685013 3.187811 -15.320910
v -37.172562 3.534381 50.907112
v -38.072113 3.534382 50.992138
v -37.172562 2.046644 50.907116
v -38.072105 2.046644 50.992138
v -66.368759 2.046602 -12.685636
v -66.264412 2.027878 -19.789684
v -66.645508 2.046600 -20.627644
v -84.655167 -0.482843 -11.135469
v -70.391769 3.187815 -7.898481
v -26.862139 3.141813 56.947220
v -25.834446 3.141813 62.219807
v -25.947092 3.141814 63.118553
v -26.134954 3.141814 64.005112
v -26.399731 3.141814 64.872757
v -26.757570 3.141814 65.704430
v -39.832760 3.534382 51.396519
v -38.962952 3.534382 51.148994
v -45.835827 1.072294 66.681297
v -45.860840 -0.482935 66.695953
v -46.300079 -0.482935 65.906403
v -46.300079 0.612233 65.906403
v -38.962952 3.534382 51.148994
v -38.072113 3.534382 50.992138
v -26.890676 4.119203 -42.147083
v -24.319771 3.956622 -39.452328
v -26.761246 3.956625 -42.246094
v -24.435173 4.119195 -39.337326
v -21.534605 3.956625 -37.001266
v -21.634008 4.119201 -36.872116
v -18.453304 3.956625 -34.934540
v -18.535017 4.119201 -34.793606
v -15.191250 4.119201 -33.137371
v -15.128633 3.956622 -33.287746
v -11.659861 4.119201 -31.931774
v -11.617399 3.956621 -32.088985
v -8.001411 4.119201 -31.197392
v -7.979858 3.956621 -31.358826
v -4.278336 4.119201 -30.946846
v -4.278046 3.956621 -31.109722
v -0.575592 3.956622 -31.345898
v -0.554607 4.119202 -31.184395
v 3.064674 3.956622 -32.063450
v 3.106571 4.119203 -31.905998
v 6.579857 3.956623 -33.249851
v 6.641960 4.119203 -33.099262
v 9.910259 3.956629 -34.885014
v 9.991482 4.119209 -34.743801
v 12.998749 3.956630 -36.940872
v 13.097706 4.119210 -36.811478
v 15.792450 3.956625 -39.382271
v 15.907463 4.119204 -39.266880
v 18.372833 4.119205 -42.068073
v 18.243748 3.956626 -42.167511
v -28.958326 4.119208 -45.253273
v -28.817081 3.956628 -45.334511
v -30.602844 4.119207 -48.602806
v -30.452206 3.956627 -48.664970
v -31.796127 4.119206 -52.138325
v -31.638672 3.956626 -52.180233
v 31.672630 4.119147 -48.857464
v 32.964333 4.281728 -50.083736
v 32.868690 4.119148 -50.221260
v 31.787849 4.281727 -48.742249
v 29.451118 4.119147 -46.908989
v 29.550301 4.281727 -46.779736
v 27.075768 4.281727 -45.126347
v 26.994301 4.119147 -45.267448
v 24.406624 4.281727 -43.810207
v 24.344269 4.119147 -43.960739
v 21.588440 4.281726 -42.853680
v 21.546272 4.119145 -43.011055
v 18.648289 4.119145 -42.434265
v 18.669556 4.281731 -42.272724
v 15.699818 4.281730 -42.078297
v 15.699818 4.119144 -42.241222
v 12.751366 4.119144 -42.434265
v 12.730099 4.281729 -42.272724
v 9.811211 4.281728 -42.853481
v 9.853386 4.119149 -43.010849
v 18.172146 5.055759 -62.382805
v 18.127678 5.218340 -63.449066
v 17.927658 5.055759 -63.623207
v 18.333721 5.218340 -62.403763
v 18.360249 5.055761 -59.434036
v 18.523182 5.218340 -59.433701
v 18.161850 5.055761 -56.486134
v 18.323357 5.218341 -56.464531
v 17.580368 5.055760 -53.588951
v 17.737679 5.218341 -53.546494
v 16.776123 5.218341 -50.730164
v 16.625690 5.055760 -50.792770
v 15.455181 5.218346 -48.063171
v 15.314228 5.055768 -48.144844
v 13.797436 5.218346 -45.591602
v 13.668343 5.055768 -45.691010
v 11.716255 5.055765 -43.473026
v 11.831284 5.218345 -43.357571
v 9.491348 5.055765 -41.528427
v 9.590309 5.218345 -41.398968
v 7.112892 5.218345 -39.749905
v 7.031666 5.055765 -39.891109
v 4.441456 5.218345 -38.438423
v 4.379372 5.055766 -38.588978
v 1.621616 5.218344 -37.486816
v 1.579716 5.055763 -37.644279
v -1.319263 5.055765 -37.072521
v -1.298283 5.218348 -36.910954
v -4.268360 5.218348 -36.721710
v -4.268082 5.055762 -36.884544
v -7.216187 5.055763 -37.082779
v -7.237736 5.218347 -36.921318
v -10.155598 5.218346 -37.507168
v -10.113155 5.055768 -37.664513
v -12.909491 5.055765 -38.619152
v -12.972107 5.218345 -38.468815
v -15.557236 5.055763 -39.930599
v -15.638941 5.218344 -39.789608
v -18.011169 5.055765 -41.576366
v -18.110588 5.218343 -41.447308
v -20.344715 5.218341 -43.413727
v -20.229303 5.055762 -43.528790
v -22.303078 5.218348 -45.654602
v -22.173645 5.055768 -45.753654
v -23.952171 5.218347 -48.131958
v -23.810925 5.055767 -48.213207
v -25.113161 5.055761 -50.865566
v -25.263792 5.218340 -50.803520
v -26.058052 5.055759 -53.665108
v -26.215511 5.218340 -53.623211
v -26.629438 5.055759 -56.564220
v -26.791016 5.218339 -56.543266
v -26.817560 5.055759 -59.512791
v -26.980486 5.218338 -59.513123
v -26.619156 5.055759 -62.461197
v -26.780653 5.218338 -62.482704
v -26.194950 5.218338 -65.400345
v -26.037657 5.055758 -65.357880
v -25.082981 5.055758 -68.154266
v -25.233402 5.218338 -68.216873
v -23.912439 5.218338 -70.883858
v -23.771481 5.055758 -70.802185
v -22.341896 5.218338 -73.225449
v -22.037840 5.055758 -73.355766
v -23.570879 4.119260 -49.730114
v -26.511030 4.281844 -50.149334
v -23.592146 4.281845 -49.568573
v -26.468861 4.119265 -50.306702
v -29.329212 4.281843 -51.106060
v -29.266859 4.119263 -51.256588
v -31.916885 4.119261 -52.563301
v -31.998350 4.281842 -52.422199
v -34.373703 4.119261 -54.204838
v -34.472885 4.281841 -54.075581
v -36.710434 4.281839 -56.038105
v -36.595230 4.119260 -56.153313
v -38.672710 4.281846 -58.275555
v -38.543453 4.119266 -58.374744
v -40.185024 4.119265 -60.831482
v -40.326122 4.281845 -60.750023
v -41.642406 4.281838 -63.419296
v -41.491882 4.119258 -63.481659
v -42.577126 4.281838 -66.172752
v -42.441666 4.119257 -66.279495
v 19.379330 4.037844 -41.292641
v 16.827534 3.130714 -38.343601
v 19.405533 3.130715 -41.272785
v 16.827534 3.956626 -38.343597
v 13.889389 3.130714 -35.776005
v 16.712521 4.119209 -38.459011
v 18.372833 4.119205 -42.068073
v 15.907463 4.119204 -39.266880
v 13.889389 3.956626 -35.776005
v 13.790424 4.119210 -35.905441
v 13.097706 4.119210 -36.811478
v 10.641232 3.956625 -33.613846
v 10.641232 3.130714 -33.613850
v 10.560017 4.119209 -33.755096
v 9.991482 4.119209 -34.743801
v 6.641960 4.119203 -33.099262
v 7.076565 4.119203 -32.044811
v 3.106571 4.119203 -31.905998
v 7.138649 3.956618 -31.894169
v 7.138649 3.130714 -31.894169
v 3.441734 3.130715 -30.646385
v 3.426029 4.058233 -30.705429
v -0.407722 4.119201 -30.053387
v -0.554607 4.119202 -31.184395
v -0.386734 3.956617 -29.891811
v -0.386734 3.130715 -29.891815
v -4.280605 3.130715 -29.643406
v -4.278336 4.119201 -30.946846
v -4.280605 3.956617 -29.643406
v -8.173798 3.130715 -29.905403
v -4.280323 4.119201 -29.806339
v -8.152248 4.119201 -30.066902
v -8.001411 4.119201 -31.197392
v -8.173798 3.956617 -29.905403
v -11.956972 4.119199 -30.830643
v -11.659861 4.119201 -31.931774
v -15.191250 4.119201 -33.137371
v -11.999420 3.956616 -30.673332
v -11.999420 3.130714 -30.673332
v -15.692156 3.130714 -31.934017
v -15.629539 4.119199 -32.084438
v -15.692156 3.956616 -31.934017
v -19.188711 3.130714 -33.665932
v -19.106998 4.119199 -33.806892
v -18.535017 4.119201 -34.793606
v -19.188711 3.956616 -33.665928
v -22.429295 3.130715 -35.839409
v -22.329878 4.119201 -35.968502
v -21.634008 4.119201 -36.872116
v -22.429295 3.956617 -35.839409
v -25.243040 4.119195 -38.532276
v -24.435173 4.119195 -39.337326
v -26.890676 4.119203 -42.147083
v -27.796717 4.119203 -41.454365
v -25.358459 3.956611 -38.417263
v -25.358459 3.130714 -38.417267
v -27.926147 3.956618 -41.355404
v -27.926147 3.130715 -41.355400
v -30.088274 3.130714 -44.603516
v -30.088268 3.956623 -44.603516
v -31.807938 3.130714 -48.106098
v -31.807938 3.956623 -48.106102
v -33.055744 3.130714 -51.803169
v -33.006878 4.048038 -51.816334
v -29.947041 4.119208 -44.684738
v -28.958326 4.119208 -45.253273
v -31.657288 4.119207 -48.168190
v -31.796127 4.119206 -52.138325
v -30.602844 4.119207 -48.602806
v 31.787849 4.281727 -48.742249
v 32.964333 4.281728 -50.083736
v 33.636688 4.282895 -49.075951
v 33.713524 4.119144 -48.965378
v 29.550301 4.281727 -46.779736
v 32.709534 3.130867 -47.820576
v 33.755554 3.130867 -49.013294
v 32.709534 4.119144 -47.820576
v 30.244606 4.281727 -45.874901
v 30.343773 4.119143 -45.745640
v 30.343773 3.130867 -45.745640
v 27.727486 3.130868 -43.997528
v 27.646019 4.281727 -44.138641
v 27.075768 4.281727 -45.126347
v 27.727486 4.119143 -43.997528
v 24.905426 3.130868 -42.605984
v 24.843071 4.281727 -42.756516
v 24.406624 4.281727 -43.810207
v 24.905426 4.119143 -42.605984
v 21.925804 4.119142 -41.594646
v 21.925804 3.130867 -41.594646
v 18.839684 3.130868 -40.980431
v 21.883636 4.281726 -41.752029
v 21.588440 4.281726 -42.853680
v 18.669556 4.281731 -42.272724
v 18.839684 4.119146 -40.980431
v 15.699818 3.130868 -40.774845
v 18.818420 4.281731 -41.141972
v 15.699810 4.119145 -40.774853
v 12.559967 3.130867 -40.980431
v 15.699810 4.281731 -40.937782
v 15.699818 4.281730 -42.078297
v 12.730099 4.281729 -42.272724
v 12.559959 4.119144 -40.980431
v 9.473862 3.130868 -41.594448
v 12.581230 4.281729 -41.141968
v 9.490437 4.236193 -41.657104
v 9.811211 4.281728 -42.853481
v 18.333721 5.218340 -62.403763
v 19.456692 5.218334 -62.591431
v 18.127678 5.218340 -63.449066
v 19.663692 5.218336 -59.431713
v 18.523182 5.218340 -59.433701
v 19.631168 5.055749 -62.495361
v 19.826618 3.956549 -59.431431
v 19.626305 3.956549 -62.571640
v 19.826618 5.055751 -59.431431
v 19.615345 3.956549 -56.292141
v 19.453850 5.218336 -56.313694
v 18.323357 5.218341 -56.464531
v 19.615353 5.055751 -56.292141
v 17.737679 5.218341 -53.546494
v 18.996120 3.956549 -53.206947
v 18.937130 5.157372 -53.222874
v 17.979481 5.055757 -50.229267
v 17.979485 3.956549 -50.229256
v 17.829060 5.218341 -50.291874
v 16.776123 5.218341 -50.730164
v 15.455181 5.218346 -48.063171
v 16.582859 5.055762 -47.409477
v 16.582859 3.956549 -47.409477
v 16.441898 5.218347 -47.491196
v 14.830135 5.055762 -44.796318
v 14.830135 3.956549 -44.796310
v 14.701050 5.218347 -44.895721
v 13.797436 5.218346 -45.591602
v 12.751350 5.055762 -42.434292
v 12.751350 3.956549 -42.434292
v 12.636337 5.218345 -42.549706
v 11.831284 5.218345 -43.357571
v 9.590309 5.218345 -41.398968
v 10.283031 5.218345 -40.492924
v 10.381989 5.055760 -40.363491
v 10.381989 3.956549 -40.363491
v 7.762650 3.956549 -38.619949
v 7.681427 5.218345 -38.761204
v 7.112892 5.218345 -39.749905
v 7.762646 5.055760 -38.619949
v 4.938168 3.956549 -37.233334
v 4.876072 5.218345 -37.383968
v 4.938160 5.055760 -37.233334
v 1.956772 3.956549 -36.227196
v 4.441456 5.218345 -38.438423
v 1.956772 5.055759 -36.227196
v -1.130405 3.956549 -35.618366
v 1.914875 5.218344 -36.384651
v 1.621616 5.218344 -37.486816
v -1.298283 5.218348 -36.910954
v -1.130405 5.055765 -35.618370
v -4.270630 3.956549 -35.418259
v -1.151394 5.218348 -35.779942
v -4.270638 5.055763 -35.418262
v -7.410118 3.956549 -35.629326
v -4.270351 5.218348 -35.581196
v -4.268360 5.218348 -36.721710
v -7.237736 5.218347 -36.921318
v -7.410122 5.055762 -35.629326
v -10.495148 3.956549 -36.248730
v -7.388573 5.218347 -35.790825
v -10.495148 5.055762 -36.248730
v -13.473007 3.956549 -37.265465
v -10.452705 5.218346 -36.406033
v -10.155598 5.218346 -37.507168
v -13.473011 5.055760 -37.265465
v -16.292633 3.956549 -38.661930
v -13.410397 5.218345 -37.415882
v -12.972107 5.218345 -38.468815
v -15.638941 5.218344 -39.789608
v -16.210922 5.218344 -38.802898
v -18.110588 5.218343 -41.447308
v -16.292635 5.055759 -38.661930
v -18.905878 3.956549 -40.414600
v -18.806463 5.218343 -40.543694
v -18.905878 5.055759 -40.414600
v -21.267990 3.956549 -42.493664
v -21.152582 5.218347 -42.608673
v -20.344715 5.218341 -43.413727
v -22.303078 5.218348 -45.654602
v -21.267994 5.055763 -42.493664
v -23.338549 3.956549 -44.862919
v -23.209116 5.218348 -44.961884
v -23.952171 5.218347 -48.131958
v -23.338554 5.055763 -44.862919
v -25.082121 5.055762 -47.482204
v -25.082121 3.956549 -47.482204
v -24.940878 5.218347 -47.563419
v -26.468884 5.055755 -50.306831
v -26.468884 3.956549 -50.306831
v -26.318247 5.218340 -50.368923
v -25.263792 5.218340 -50.803520
v -27.475121 3.956549 -53.288055
v -26.215511 5.218340 -53.623211
v -27.416080 5.157370 -53.303776
v -27.922028 5.218338 -56.396374
v -26.791016 5.218339 -56.543266
v -26.980486 5.218338 -59.513123
v -28.083601 5.055754 -56.375389
v -28.083601 3.956549 -56.375389
v -28.283928 3.956549 -59.515392
v -28.120995 5.218338 -59.515114
v -26.780653 5.218338 -62.482704
v -28.283928 5.055754 -59.515392
v -28.072641 3.956549 -62.655090
v -28.012077 5.157369 -62.647011
v -27.453390 5.055754 -65.739899
v -27.453390 3.956549 -65.739899
v -26.436752 3.956549 -68.717789
v -27.296083 5.218337 -65.697456
v -26.194950 5.218338 -65.400345
v -25.233402 5.218338 -68.216873
v -26.436752 5.055754 -68.717789
v -26.286331 5.218337 -68.655167
v -23.912439 5.218338 -70.883858
v -25.040113 3.956549 -71.537552
v -24.987251 5.157366 -71.506927
v -22.341896 5.218338 -73.225449
v -23.932358 5.218338 -72.897278
v -24.106960 5.055754 -72.928833
v -23.751251 3.956549 -73.459167
v -42.846630 3.130844 -62.920509
v -43.742516 4.119253 -65.559570
v -43.858070 3.130844 -65.899963
v -42.846630 4.119253 -62.920509
v -41.454941 3.130844 -60.098301
v -43.575718 4.281837 -65.573990
v -41.454941 4.119260 -60.098301
v -39.706799 3.130844 -57.482063
v -42.696106 4.281838 -62.982857
v -41.642406 4.281838 -63.419296
v -42.577126 4.281838 -66.172752
v -40.326122 4.281845 -60.750023
v -41.313839 4.281845 -60.179764
v -39.706806 4.119261 -57.482063
v -39.577541 4.281846 -57.581253
v -38.672710 4.281846 -58.275555
v -37.632111 4.119261 -55.116421
v -37.632111 3.130844 -55.116421
v -37.516899 4.281845 -55.231632
v -36.710434 4.281839 -56.038105
v -34.472885 4.281841 -54.075581
v -35.266373 4.119257 -53.041492
v -35.266373 3.130844 -53.041492
v -35.167187 4.281841 -53.170750
v -32.650074 4.119257 -51.293381
v -32.650070 3.130844 -51.293381
v -32.568604 4.281842 -51.434490
v -31.998350 4.281842 -52.422199
v -29.828016 4.119258 -49.901833
v -29.828012 3.130844 -49.901833
v -29.765663 4.281843 -50.052364
v -29.329212 4.281843 -51.106060
v -26.511030 4.281844 -50.149334
v -26.806217 4.281844 -49.047680
v -23.592146 4.281845 -49.568573
v -26.848385 4.119260 -48.890301
v -23.758244 4.200481 -48.308918
v -26.848385 3.130844 -48.890301
v -23.762276 3.130844 -48.276283
v -27.566374 3.484520 64.332153
v -27.296398 3.484520 63.389473
v -36.573170 3.484513 61.439846
v -27.132092 3.484520 62.422756
v -27.076693 3.484520 61.443745
v -27.131323 3.484520 60.464695
v -27.294876 3.484520 59.497856
v -27.564135 3.484518 58.554970
v -27.934124 3.484517 57.646870
v -28.398596 3.484517 56.783276
v -28.950521 3.484517 55.972778
v -29.582504 3.484517 55.223026
v -30.287014 3.484515 54.540970
v -31.056450 3.484515 53.933102
v -31.883049 3.484514 53.405594
v -32.758701 3.484514 52.964272
v -33.674770 3.484513 52.614494
v -34.621983 3.484513 52.360878
v -35.590412 3.484513 52.207012
v -36.569618 3.484513 52.155197
v -37.548870 3.484510 52.206207
v -38.517426 3.484510 52.359276
v -39.464844 3.484510 52.612114
v -40.381195 3.484509 52.961163
v -41.257198 3.484509 53.401783
v -42.084217 3.484509 53.928635
v -42.854137 3.484509 54.535889
v -43.559193 3.484509 55.217381
v -44.191776 3.484509 55.966629
v -44.744362 3.484509 56.776680
v -45.209538 3.484509 57.639893
v -45.580273 3.484509 58.547680
v -45.850323 3.484509 59.490345
v -46.014717 3.484509 60.457039
v -46.070251 3.484509 61.436043
v -46.015816 3.484509 62.415104
v -45.852493 3.484509 63.381989
v -45.583443 3.484509 64.324928
v -45.213512 3.484510 65.233047
v -44.748840 3.484510 66.096542
v -44.196388 3.484510 66.906677
v -73.154510 3.484520 -24.727364
v -74.054359 3.484520 -24.968298
v -75.986389 3.484518 -11.256166
v -72.284241 3.484520 -24.395073
v -71.452370 3.484520 -23.975817
v -70.667099 3.484522 -23.474684
v -69.936142 3.484523 -22.897211
v -69.266861 3.484524 -22.249258
v -68.666473 3.484524 -21.536993
v -68.142143 3.484524 -20.767017
v -67.700897 3.484524 -19.946604
v -67.349403 3.484525 -19.083912
v -67.093605 3.484525 -18.188173
v -66.938232 3.484525 -17.269674
v -66.886330 3.484525 -16.339573
v -66.938965 3.484525 -15.409512
v -67.095055 3.484525 -14.491137
v -67.351532 3.484525 -13.595592
v -67.703667 3.484525 -12.733161
v -68.145508 3.484525 -11.913067
v -68.670395 3.484525 -11.143471
v -69.271286 3.484525 -10.431638
v -69.941040 3.484525 -9.784173
v -70.672424 3.484525 -9.207235
v -71.458054 3.484525 -8.706658
v -72.290199 3.484525 -8.287957
v -73.160667 3.484524 -7.956197
v -74.060654 3.484524 -7.715777
v -74.980759 3.484524 -7.570171
v -75.911041 3.484523 -7.521662
v -76.841278 3.484523 -7.571129
v -77.761185 3.484522 -7.717915
v -78.660782 3.484520 -7.959785
v -79.530678 3.484520 -8.293052
v -80.362259 3.484520 -8.712879
v -81.147545 3.484520 -9.213992
v -81.878922 3.484518 -9.790937
v -82.548935 3.484518 -10.438136
v -83.150040 3.484517 -11.149789
v -83.674873 3.484517 -11.919423
v -84.116318 3.484517 -12.739735
v -32.282578 6.516097 -2.049373
v -33.389446 6.516091 1.170084
v -33.389446 3.147609 1.170084
v -32.427502 3.147614 -1.709090
v -33.817486 3.147620 3.790404
v -33.817486 6.516102 3.790406
v -30.289513 6.516097 -5.655490
v -33.835831 3.147613 7.856990
v -30.496187 3.147615 -5.348424
v -33.845093 6.516094 7.751166
v -27.611908 6.516096 -8.845292
v -33.389446 6.516093 10.614849
v -33.389446 3.147611 10.614850
v -27.872913 3.147614 -8.585472
v -32.427513 3.147617 13.494004
v -24.380745 6.516098 -11.437964
v -32.282585 6.516098 13.834288
v -24.686062 3.147615 -11.235305
v -30.496174 3.147616 17.133381
v -20.720016 6.516097 -13.334785
v -30.289501 6.516098 17.440443
v -21.057951 3.147615 -13.197013
v -27.872900 3.147617 20.370420
v -16.645855 6.516098 -14.489487
v -27.611897 6.516100 20.630243
v -16.997847 3.147617 -14.426178
v -24.686073 3.147619 23.020235
v -13.346497 3.147622 -14.747618
v -13.346497 6.516104 -14.747618
v -24.380760 6.516101 23.222895
v -10.047134 6.516100 -14.489485
v -21.057999 3.147619 24.981932
v -9.695156 3.147619 -14.426178
v -20.720064 6.516101 25.119703
v -5.972969 6.516099 -13.334782
v -16.997847 3.147620 26.211117
v -5.635040 3.147617 -13.197011
v -16.645859 6.516102 26.274426
v -2.312229 6.516099 -11.437949
v -13.346504 3.147625 26.532555
v -2.006908 3.147617 -11.235289
v -13.346504 6.516107 26.532555
v 0.918922 6.516100 -8.845286
v -9.695168 3.147621 26.211119
v 1.179920 3.147619 -8.585468
v -10.047146 6.516102 26.274426
v 3.596497 6.516102 -5.655521
v -5.635052 3.147621 24.981956
v 3.803169 3.147620 -5.348457
v -5.972984 6.516104 25.119724
v 5.589603 6.516103 -2.049332
v -2.006935 3.147621 23.020245
v 5.734524 3.147621 -1.709058
v -2.312244 6.516103 23.222900
v 6.696445 6.516097 1.170090
v 1.179916 3.147621 20.370415
v 6.696445 3.147615 1.170089
v 0.918915 6.516104 20.630234
v 7.152103 6.516098 4.033765
v 3.803173 3.147621 17.133396
v 7.142838 3.147617 3.927962
v 7.124493 3.147628 7.994537
v 3.596493 6.516104 17.440470
v 7.124493 6.516109 7.994534
v 6.696445 6.516097 10.614855
v 5.734516 3.147621 13.494031
v 6.696445 3.147615 10.614855
v 5.589592 6.516104 13.834302
v -32.746754 6.516102 -0.832798
v -33.389446 6.516091 1.170084
v 7.155155 6.516103 5.892472
v -31.932245 6.516091 -2.765632
v -33.817486 6.516102 3.790406
v -30.937466 6.516103 -4.607213
v -33.848148 6.516086 5.892466
v -29.771721 6.516091 -6.339710
v -33.817486 6.516103 7.994527
v -28.446526 6.516101 -7.946704
v -33.389446 6.516093 10.614849
v -26.974401 6.516091 -9.412607
v -32.746758 6.516104 12.617731
v -25.369717 6.516102 -10.723639
v -31.932247 6.516093 14.550562
v -23.647711 6.516093 -11.867005
v -30.937466 6.516104 16.392147
v -21.825071 6.516102 -12.832054
v -29.771725 6.516093 18.124643
v -19.919151 6.516093 -13.609266
v -28.446529 6.516105 19.731634
v -17.948324 6.516104 -14.191511
v -26.974407 6.516094 21.197540
v -15.931396 6.516093 -14.572886
v -25.369720 6.516107 22.508575
v -13.346497 6.516104 -14.747618
v -23.647717 6.516095 23.651941
v -10.761597 6.516093 -14.572884
v -21.825079 6.516106 24.616991
v -8.744671 6.516107 -14.191507
v -19.919157 6.516096 25.394201
v -6.773842 6.516094 -13.609263
v -17.948328 6.516107 25.976448
v -4.867916 6.516105 -12.832051
v -15.931404 6.516097 26.357824
v -3.045280 6.516095 -11.867002
v -13.346504 6.516107 26.532555
v -1.323273 6.516104 -10.723636
v -10.761597 6.516097 26.357824
v 0.281410 6.516095 -9.412603
v -8.744675 6.516107 25.976448
v 1.753532 6.516106 -7.946699
v -6.773849 6.516098 25.394205
v 3.078728 6.516096 -6.339706
v -4.867924 6.516108 24.616991
v 4.244469 6.516108 -4.607208
v -3.045284 6.516097 23.651945
v 5.239254 6.516098 -2.765625
v -1.323277 6.516109 22.508577
v 6.053764 6.516107 -0.832793
v 0.281406 6.516098 21.197546
v 6.696445 6.516097 1.170090
v 1.753532 6.516109 19.731640
v 7.124493 6.516107 3.790412
v 3.078728 6.516098 18.124649
v 4.244469 6.516109 16.392151
v 7.124493 6.516109 7.994534
v 5.239254 6.516098 14.550572
v 6.696445 6.516097 10.614855
v 6.053764 6.516109 12.617737
v -33.848148 3.147615 5.892483
v -33.389446 3.147609 1.170084
v -32.746754 3.147620 -0.832798
v -31.932245 3.147609 -2.765632
v -33.817486 3.147620 3.790404
v -30.937466 3.147621 -4.607213
v -29.771721 3.147609 -6.339709
v -33.817486 3.147621 7.994530
v -28.446526 3.147619 -7.946704
v -33.389446 3.147611 10.614850
v -26.974401 3.147609 -9.412607
v -32.746758 3.147622 12.617731
v -25.369717 3.147620 -10.723639
v -31.932247 3.147610 14.550562
v -23.647711 3.147610 -11.867005
v -30.937466 3.147621 16.392147
v -21.825071 3.147620 -12.832054
v -29.771725 3.147611 18.124643
v -19.919149 3.147610 -13.609266
v -28.446529 3.147623 19.731634
v -17.948324 3.147622 -14.191511
v -26.974407 3.147612 21.197540
v -15.931396 3.147611 -14.572886
v -25.369720 3.147625 22.508575
v -13.346497 3.147622 -14.747618
v -23.647717 3.147613 23.651941
v -10.761593 3.147611 -14.572884
v -21.825079 3.147624 24.616991
v -8.744671 3.147625 -14.191507
v -19.919155 3.147614 25.394201
v -6.773842 3.147612 -13.609263
v -17.948328 3.147625 25.976448
v -4.867916 3.147623 -12.832051
v -15.931404 3.147614 26.357824
v -3.045280 3.147613 -11.867002
v -13.346504 3.147625 26.532555
v -1.323273 3.147622 -10.723636
v -10.761597 3.147615 26.357824
v 0.281410 3.147613 -9.412602
v -8.744675 3.147626 25.976448
v 1.753532 3.147624 -7.946699
v -6.773849 3.147616 25.394205
v 3.078728 3.147614 -6.339705
v -4.867924 3.147626 24.616991
v 4.244469 3.147626 -4.607207
v -3.045284 3.147614 23.651945
v 5.239254 3.147616 -2.765625
v -1.323277 3.147627 22.508577
v 6.053764 3.147625 -0.832793
v 0.281406 3.147616 21.197546
v 6.696445 3.147615 1.170089
v 1.753532 3.147627 19.731640
v 7.124493 3.147625 3.790409
v 3.078728 3.147616 18.124649
v 7.155155 3.147609 5.892473
v 4.244469 3.147627 16.392151
v 7.124493 3.147628 7.994537
v 5.239254 3.147616 14.550572
v 6.696445 3.147615 10.614855
v 6.053764 3.147627 12.617737
v -36.573280 4.174622 51.306198
v -37.641605 4.174622 51.361488
v -36.573845 4.174622 52.158836
v -37.553108 4.174622 52.209621
v -43.562603 4.174622 55.220913
v -43.426479 4.174622 53.906414
v -44.193695 4.174622 54.651905
v -42.857990 4.174622 54.538967
v -41.261673 4.174622 53.403999
v -40.731754 4.174622 52.183865
v -41.686951 4.174622 52.665512
v -40.385746 4.174622 52.963230
v -29.719772 4.174622 53.906883
v -29.584492 4.174622 55.220570
v -28.952595 4.174622 54.652412
v -30.289150 4.174622 54.538670
v -27.131725 4.174622 62.419621
v -26.460527 4.174622 63.563942
v -26.281475 4.174622 62.509277
v -27.295687 4.174622 63.386398
v -28.400248 4.174622 56.780575
v -28.264606 4.174622 55.471596
v -28.952366 4.174622 55.970207
v -27.663689 4.174622 56.356628
v -27.935516 4.174622 57.644028
v -27.157675 4.174622 57.299145
v -30.558168 4.174622 53.242447
v -31.058807 4.174622 53.931084
v -46.015190 4.174622 62.419979
v -46.865570 4.174622 62.508469
v -46.686611 4.174622 63.563148
v -45.851189 4.174622 63.386742
v -44.746864 4.174622 56.780903
v -44.881783 4.174622 55.471004
v -45.482819 4.174622 56.355957
v -44.194733 4.174622 55.970547
v -31.459473 4.174622 52.666229
v -31.885752 4.174622 53.404118
v -27.295601 4.174622 59.494778
v -26.754187 4.174622 58.289883
v -27.565212 4.174622 58.551994
v -26.460169 4.174622 59.318447
v -45.482792 4.174622 66.524849
v -44.881710 4.174622 67.409760
v -44.746265 4.174622 66.100830
v -44.193993 4.174622 66.911102
v -38.521759 4.174622 52.362068
v -38.698376 4.174622 51.527676
v -46.392509 4.174622 64.591690
v -45.581501 4.174622 64.329506
v -33.414566 4.174622 51.804241
v -32.761868 4.174622 52.963718
v -32.414818 4.174622 52.184879
v -33.678429 4.174622 52.615223
v -45.851460 4.174622 59.495125
v -46.686638 4.174622 59.317654
v -46.015331 4.174622 60.461918
v -46.865589 4.174622 60.372334
v -45.581886 4.174622 58.552334
v -45.211597 4.174622 57.644360
v -45.988945 4.174622 57.298409
v -46.392536 4.174622 58.289116
v -34.448299 4.174622 51.528965
v -34.626015 4.174622 52.363022
v -42.588135 4.174622 53.241924
v -42.088444 4.174622 53.931240
v -46.070278 4.174622 61.440948
v -46.925667 4.174622 61.440403
v -27.131680 4.174622 60.461563
v -26.281298 4.174622 60.373142
v -27.076683 4.174622 61.440594
v -26.221294 4.174622 61.441212
v -45.988930 4.174622 65.582397
v -45.211109 4.174622 65.237442
v -39.732109 4.174622 51.802952
v -39.469318 4.174622 52.614388
v -69.397263 4.174629 -23.499592
v -69.268745 4.174629 -22.251587
v -68.668442 4.174629 -22.791336
v -69.938164 4.174629 -22.899393
v -66.938614 4.174629 -15.412491
v -66.300980 4.174629 -14.325384
v -66.130875 4.174629 -15.327316
v -67.094383 4.174629 -14.494059
v -68.143707 4.174629 -20.769588
v -68.014854 4.174629 -22.013117
v -68.668228 4.174629 -21.539438
v -67.443985 4.174629 -21.172338
v -67.702217 4.174629 -19.949305
v -66.963272 4.174629 -20.276949
v -70.193733 4.174629 -24.130808
v -70.669342 4.174629 -23.476599
v -69.398773 4.174629 -9.185171
v -69.269241 4.174629 -10.433826
v -69.938766 4.174629 -9.786128
v -68.669762 4.174629 -9.893223
v -75.908112 4.174629 -7.521947
v -74.893791 4.174629 -6.764835
v -74.977844 4.174629 -7.570810
v -75.908669 4.174629 -6.711632
v -68.015930 4.174629 -10.671246
v -68.143959 4.174629 -11.915635
v -68.668587 4.174629 -11.145864
v -67.444839 4.174629 -11.511871
v -71.049973 4.174629 -24.678215
v -71.454941 4.174629 -23.977217
v -67.094299 4.174629 -18.191092
v -66.579956 4.174629 -19.335741
v -67.350426 4.174629 -19.086735
v -66.300636 4.174629 -18.358610
v -84.372131 4.174629 -11.512531
v -83.801102 4.174629 -10.671859
v -83.672432 4.174629 -11.915343
v -83.147766 4.174629 -11.145592
v -71.051483 4.174629 -8.006508
v -70.669952 4.174629 -9.208932
v -71.455414 4.174629 -8.708095
v -70.195328 4.174629 -8.554056
v -78.658401 4.174629 -7.957097
v -77.927292 4.174629 -6.923941
v -77.758453 4.174629 -7.716545
v -78.909065 4.174629 -7.186495
v -72.908241 4.174629 -7.186255
v -72.287445 4.174629 -8.289160
v -73.157837 4.174629 -7.957206
v -71.958801 4.174629 -7.548722
v -82.735611 4.174629 -9.460217
v -81.281654 0.601150 -8.308525
v -68.951553 0.601156 -9.585939
v -82.418365 4.174629 -9.185680
v -82.547089 4.174629 -10.433578
v -83.147339 4.174629 -9.893788
v -81.877533 4.174629 -9.785905
v -67.702385 4.174629 -12.735878
v -66.963936 4.174629 -12.407157
v -79.528809 4.174629 -8.289021
v -79.858459 4.174629 -7.549038
v -72.907318 4.174629 -25.497108
v -72.287247 4.174629 -24.395597
v -71.957558 4.174629 -25.135498
v -73.157982 4.174629 -24.726667
v -81.621857 4.174629 -8.554506
v -81.146332 4.174629 -9.208736
v -80.360855 4.174629 -8.707927
v -80.765747 4.174629 -8.006894
v -73.889359 4.174629 -25.758614
v -74.058189 4.174629 -24.966257
v -66.938568 4.174629 -17.272650
v -66.130707 4.174629 -17.356647
v -67.350548 4.174629 -13.598425
v -66.580460 4.174629 -13.348298
v -73.890030 4.174629 -6.923783
v -74.057785 4.174629 -7.716618
v -66.886322 4.174629 -16.342569
v -66.073708 4.174629 -16.341978
v -84.114029 4.174629 -12.735567
v -84.852966 4.174629 -12.407856
v -26.892088 4.174622 57.880215
v -27.992680 0.601118 55.825996
v -27.886026 4.174622 55.983257
v -29.386440 0.601117 54.195850
v -29.250143 4.174622 54.327877
v -31.078911 0.601117 52.879452
v -30.917818 4.174621 52.982182
v -32.909538 0.601114 51.971600
v -32.903339 4.174620 51.965267
v -30.727520 4.174621 54.163033
v -29.189816 3.484519 55.652573
v -29.303509 4.174621 55.517319
v -28.100561 3.484517 57.286316
v -30.589405 3.484515 54.272522
v -32.391949 4.174623 53.123375
v -32.236206 3.484507 53.201286
v -34.230450 4.174625 52.443584
v -34.063194 3.484502 52.485676
v -27.083172 4.174622 60.864597
v -27.202780 3.484520 62.991817
v -35.067364 4.174623 51.404835
v -36.572937 0.601113 51.302231
v -36.573280 4.174622 51.306198
v -26.754713 4.174622 64.592461
v -27.565338 4.174622 64.329163
v -27.073353 3.484520 61.040649
v -36.572426 4.174575 52.133389
v -46.015190 4.174622 62.419979
v -46.073658 3.484508 61.839451
v -46.541809 0.601106 58.710846
v -46.254570 4.174622 57.879391
v -38.269035 4.174619 51.433708
v -39.125523 0.601111 51.612949
v -41.131138 0.601109 52.356655
v -40.326984 4.174620 52.001854
v -45.260498 4.174622 55.982723
v -45.717789 0.601109 56.737511
v -39.083481 4.174611 52.486923
v -36.571026 3.484495 52.129753
v -26.358278 0.601116 59.751842
v -26.326563 4.174622 59.939686
v -28.183964 4.174622 57.131004
v -45.766312 4.174621 59.105709
v -44.961029 3.484510 57.127338
v -26.358425 4.174622 63.129707
v -26.221294 4.174622 61.441212
v -26.221300 0.601116 61.440388
v -27.428162 4.174622 58.939114
v -46.865467 0.601103 60.371243
v -46.820286 4.174622 59.938843
v -36.567356 3.484565 52.114544
v -46.929169 0.601102 61.878399
v -46.918533 4.174622 62.068871
v -26.963667 0.601121 57.703770
v -36.573280 4.174622 51.306198
v -36.574474 0.601109 51.274593
v -45.717518 3.484510 58.934776
v -46.073475 4.174621 61.037457
v -46.014717 3.484509 60.457039
v -36.576099 4.174686 52.118004
v -34.882000 0.601112 51.430393
v -45.045013 4.174622 57.283775
v -27.379850 3.484519 59.108578
v -35.504993 4.174622 51.362278
v -35.594616 4.174622 52.210228
v -36.573280 4.174622 51.306198
v -36.573845 4.174622 52.158836
v -75.909721 0.601166 -6.688614
v -75.911057 4.174622 -6.669280
v -79.023064 4.174640 -8.072086
v -79.175064 3.484516 -8.132666
v -66.883316 4.174629 -15.959633
v -67.087463 3.484526 -14.380041
v -80.695755 4.174632 -8.895309
v -80.835190 3.484523 -8.988593
v -77.219009 4.174636 -7.607920
v -77.382370 3.484522 -7.634200
v -66.938568 4.174629 -17.272650
v -66.883163 3.484526 -16.722479
v -78.507584 4.174631 -7.053431
v -72.421684 4.174628 -25.344141
v -72.427597 0.601149 -25.338139
v -70.535400 4.174629 -24.378056
v -70.688522 0.601152 -24.475704
v -68.951111 4.174629 -23.099648
v -69.080597 0.601152 -23.225079
v -67.655205 4.174629 -21.527039
v -67.756500 0.601154 -21.676399
v -75.907211 4.174628 -6.685478
v -75.908249 0.601152 -6.714704
v -74.298538 0.601156 -6.835166
v -66.203842 0.601152 -17.946899
v -66.173714 4.174629 -17.768450
v -67.859009 3.484524 -20.289125
v -67.938248 4.174629 -20.436686
v -82.291756 3.484529 -10.159181
v -75.911041 3.484523 -7.521662
v -75.908112 4.174629 -7.521947
v -66.080528 4.174629 -15.744942
v -66.073708 0.601150 -16.342764
v -82.169647 4.174626 -10.037795
v -67.220238 4.174629 -18.718994
v -82.865524 0.601148 -9.585967
v -66.778961 0.601155 -19.892551
v -78.335220 0.601151 -7.011065
v -66.710968 4.174629 -19.724957
v -79.858566 0.601149 -7.551129
v -80.773582 4.174630 -7.981846
v -67.174347 3.484526 -18.558023
v -73.889145 0.601149 -25.761675
v -73.889359 4.174629 -25.758614
v -74.044464 3.484560 -25.005041
v -74.051880 4.174633 -24.989695
v -76.923538 4.174629 -6.764917
v -76.838379 4.174629 -7.570773
v -75.908669 4.174629 -6.711632
v -75.908112 4.174629 -7.521947
v -26.754713 4.174622 64.592461
v -26.754446 0.601121 64.591675
v -26.326689 0.601117 62.941944
v -43.840923 3.484509 55.514587
v -43.955093 4.174623 55.650021
v -42.415653 3.484508 54.160500
v -42.554737 4.174623 54.269897
v -40.748745 3.484509 53.119858
v -40.908100 4.174618 53.199753
v -38.909283 3.484513 52.439236
v -83.480972 3.484524 -11.594948
v -83.385292 4.174628 -11.453765
v -84.114029 4.174629 -12.735567
v -84.116318 3.484517 -12.739735
v -73.483772 4.174629 -7.006805
v -72.343140 0.601155 -7.375430
v -71.577904 4.174629 -7.713630
v -70.536346 0.601155 -8.306849
v -69.853287 4.174629 -8.794337
v -68.379623 4.174629 -10.200703
v -67.655640 0.601156 -11.158090
v -67.221184 4.174629 -11.875158
v -66.711288 0.601157 -12.959760
v -66.438347 4.174629 -13.749916
v -66.173828 0.601152 -14.916296
v -27.565338 4.174622 64.329163
v -27.566374 3.484520 64.332153
v -27.173351 4.174622 62.817947
v -45.718307 4.174622 66.142227
v -44.882561 0.601112 67.409019
v -44.881710 4.174622 67.409760
v -45.808132 0.601110 65.974579
v -46.542091 4.174622 64.168823
v -46.594254 0.601108 63.985455
v -42.946896 0.601109 53.494331
v -42.228226 4.174622 52.981392
v -44.498341 0.601109 54.974888
v -43.896320 4.174623 54.327595
v -44.196388 3.484510 66.906677
v -44.193993 4.174622 66.911102
v -45.046715 3.484514 65.594238
v -44.962223 4.174622 65.751167
v -45.767414 3.484508 63.772095
v -45.718616 4.174623 63.942356
v -75.905960 4.174637 -7.483159
v -75.909698 3.484520 -7.497307
v -73.525406 4.174628 -7.835443
v -73.687561 3.484524 -7.792026
v -71.790771 4.174628 -8.514293
v -71.940430 3.484526 -8.439095
v -70.226318 4.174629 -9.531078
v -70.357651 3.484525 -9.427496
v -68.896111 4.174629 -10.841647
v -69.003960 3.484526 -10.713676
v -67.860619 4.174629 -12.393441
v -67.939873 3.484526 -12.245909
v -67.175262 4.174629 -14.124281
v -70.354614 4.174628 -23.256248
v -70.223396 3.484523 -23.152227
v -71.935837 4.174630 -24.243933
v -71.787849 3.484513 -24.169905
v -84.059975 4.174629 -11.009098
v -84.161400 0.601146 -11.158439
v -84.852966 4.174629 -12.407856
v -84.853378 0.601146 -12.408792
v -68.893791 3.484525 -21.841179
v -69.001785 4.174628 -21.969658
v -33.414639 0.601114 51.802128
v -32.415268 0.601116 52.183758
v -36.573387 0.601114 61.439724
v -31.460234 0.601116 52.665730
v -44.882561 0.601112 67.409019
v -45.483433 0.601111 66.523964
v -45.989380 0.601111 65.581413
v -46.392815 0.601109 64.590645
v -46.686798 0.601107 63.562073
v -46.865658 0.601104 62.507374
v -30.559071 0.601118 53.242168
v -29.720654 0.601118 53.906582
v -28.953335 0.601118 54.651970
v -28.265169 0.601118 55.471001
v -27.664099 0.601119 56.355930
v -27.157974 0.601121 57.298378
v -26.754408 0.601119 58.289089
v -26.460325 0.601118 59.317635
v -35.504654 0.601114 51.358337
v -34.448074 0.601114 51.525745
v -36.572937 0.601113 51.302231
v -37.641232 0.601112 51.358227
v -38.697826 0.601111 51.525520
v -39.731293 0.601110 51.801796
v -40.730701 0.601109 52.183323
v -41.685783 0.601109 52.665192
v -42.587006 0.601109 53.241543
v -43.425491 0.601109 53.905865
v -44.192886 0.601109 54.651176
v -44.881134 0.601109 55.470139
v -45.482300 0.601109 56.355003
v -45.988525 0.601109 57.297401
v -46.392208 0.601107 58.288067
v -46.686405 0.601105 59.316574
v -46.865467 0.601103 60.371243
v -46.925652 0.601102 61.439304
v -26.460342 0.601119 63.563137
v -26.754446 0.601121 64.591675
v -26.281385 0.601116 62.508457
v -26.221300 0.601116 61.440388
v -26.281380 0.601116 60.372322
v -84.372734 0.601146 -11.513370
v -84.853378 0.601146 -12.408792
v -75.908195 0.601148 -16.343393
v -83.801903 0.601147 -10.672562
v -83.148308 0.601148 -9.894350
v -82.419388 0.601148 -9.186192
v -81.622742 0.601148 -8.555194
v -80.766296 0.601149 -8.008107
v -79.858566 0.601149 -7.551129
v -78.908783 0.601150 -7.189595
v -77.926834 0.601151 -6.927697
v -76.923088 0.601152 -6.768670
v -75.908249 0.601152 -6.714704
v -74.893318 0.601153 -6.766809
v -73.889397 0.601154 -6.924748
v -72.907433 0.601154 -7.186582
v -71.957909 0.601155 -7.548800
v -71.050598 0.601155 -8.006618
v -70.194550 0.601155 -8.554330
v -69.398132 0.601156 -9.185616
v -68.669243 0.601156 -9.893795
v -68.015503 0.601156 -10.671894
v -67.444473 0.601156 -11.512563
v -66.963623 0.601157 -12.407877
v -66.580200 0.601156 -13.349042
v -66.300797 0.601154 -14.326151
v -66.130791 0.601151 -15.328098
v -66.073708 0.601150 -16.342764
v -66.130783 0.601150 -17.357430
v -66.300781 0.601152 -18.359379
v -66.580162 0.601154 -19.336494
v -66.963554 0.601155 -20.277672
v -67.444366 0.601154 -21.173004
v -68.015388 0.601153 -22.013683
v -68.669144 0.601152 -22.791761
v -69.398094 0.601152 -23.499882
v -70.194595 0.601152 -24.131063
v -71.050697 0.601151 -24.678692
v -71.957977 0.601150 -25.136559
v -72.907379 0.601149 -25.499113
v -73.889145 0.601149 -25.761675
v -22.529533 3.130780 -14.441126
v -20.410185 3.130805 -16.476793
v -20.055565 3.130780 -15.382801
v -23.011724 3.130786 -15.486553
v -20.410185 4.690710 -16.476793
v -23.011724 4.690732 -15.486553
v -22.529537 4.690710 -14.441126
v -20.055569 4.690750 -15.382803
v -22.529537 4.690710 -14.441126
v -20.055565 3.130780 -15.382801
v -20.055569 4.690750 -15.382803
v -22.529533 3.130780 -14.441126
v -20.410185 4.690710 -16.476793
v -23.011724 3.130786 -15.486553
v -23.011724 4.690732 -15.486553
v -20.410185 3.130805 -16.476793
v -20.055569 4.690750 -15.382803
v -20.055565 3.130780 -15.382801
v -20.410185 4.690710 -16.476793
v -20.410185 3.130805 -16.476793
v -22.529537 4.690710 -14.441126
v -23.011724 4.690732 -15.486553
v -23.011724 3.130786 -15.486553
v -22.529533 3.130780 -14.441126
v -35.509323 3.130666 -2.212334
v -35.300968 3.130641 2.007073
v -36.577305 3.130641 1.786130
v -34.291302 3.130641 -1.773067
v -35.300972 4.753351 2.007073
v -34.291306 4.753393 -1.773067
v -35.509323 4.753351 -2.212333
v -36.577305 4.753376 1.786130
v -30.891560 4.728801 -7.891828
v -30.891560 3.130692 -7.891828
v -31.901234 4.728761 -8.675080
v -31.901234 3.130711 -8.675080
v -32.991974 4.728760 -4.677177
v -34.121517 4.728783 -5.276968
v -34.121517 3.130692 -5.276968
v -32.991974 3.130691 -4.677176
v -31.901234 3.130711 -8.675080
v -32.991974 3.130691 -4.677176
v -34.121517 3.130692 -5.276968
v -30.891560 3.130692 -7.891828
v -32.991974 4.728760 -4.677177
v -30.891560 4.728801 -7.891828
v -31.901234 4.728761 -8.675080
v -34.121517 4.728783 -5.276968
v -35.300972 4.753351 2.007073
v -34.291302 3.130641 -1.773067
v -34.291306 4.753393 -1.773067
v -35.300968 3.130641 2.007073
v -35.509323 4.753351 -2.212333
v -36.577305 3.130641 1.786130
v -36.577305 4.753376 1.786130
v -35.509323 3.130666 -2.212334
v -32.991974 3.130691 -4.677176
v -30.891560 3.130692 -7.891828
v -32.991974 4.728760 -4.677177
v -30.891560 4.728801 -7.891828
v -31.901234 4.728761 -8.675080
v -34.121517 3.130692 -5.276968
v -34.121517 4.728783 -5.276968
v -31.901234 3.130711 -8.675080
v -34.291306 4.753393 -1.773067
v -34.291302 3.130641 -1.773067
v -35.509323 4.753351 -2.212333
v -35.509323 3.130666 -2.212334
v -35.300972 4.753351 2.007073
v -36.577305 4.753376 1.786130
v -36.577305 3.130641 1.786130
v -35.300968 3.130641 2.007073
v -34.082901 3.130692 -5.256228
v -34.291309 3.130667 -1.773046
v -35.453823 3.130667 -2.192103
v -32.991982 3.130666 -4.677155
v -34.082901 4.780380 -5.256228
v -34.291313 4.780380 -1.773044
v -32.991982 4.780423 -4.677155
v -35.453823 4.780405 -2.192103
v -34.291309 3.130667 -1.773046
v -32.991982 3.130666 -4.677155
v -34.291313 4.780380 -1.773044
v -32.991982 4.780423 -4.677155
v -34.082901 3.130692 -5.256228
v -35.453823 4.780405 -2.192103
v -34.082901 4.780380 -5.256228
v -35.453823 3.130667 -2.192103
v -32.991982 4.780423 -4.677155
v -32.991982 3.130666 -4.677155
v -34.082901 4.780380 -5.256228
v -34.082901 3.130692 -5.256228
v -34.291313 4.780380 -1.773044
v -35.453823 4.780405 -2.192103
v -35.453823 3.130667 -2.192103
v -34.291309 3.130667 -1.773046
v -28.911438 3.130711 -10.096087
v -30.891560 3.130711 -7.891828
v -29.714455 3.130735 -10.908981
v -31.795626 3.130711 -8.592232
v -29.714455 4.596662 -10.908981
v -30.891560 4.596662 -7.891828
v -28.911440 4.596705 -10.096087
v -31.795626 4.596687 -8.592232
v -30.891560 4.596662 -7.891828
v -28.911438 3.130711 -10.096087
v -28.911440 4.596705 -10.096087
v -30.891560 3.130711 -7.891828
v -31.795626 4.596687 -8.592232
v -29.714455 4.596662 -10.908981
v -29.714455 3.130735 -10.908981
v -31.795626 3.130711 -8.592232
v -28.911440 4.596705 -10.096087
v -28.911438 3.130711 -10.096087
v -29.714455 4.596662 -10.908981
v -29.714455 3.130735 -10.908981
v -30.891560 4.596662 -7.891828
v -31.795626 4.596687 -8.592232
v -31.795626 3.130711 -8.592232
v -30.891560 3.130711 -7.891828
v -36.441734 3.130641 1.809835
v -35.600391 3.130616 4.637234
v -36.756592 3.130622 4.575597
v -35.300976 3.130616 2.007097
v -36.441734 4.690651 1.809835
v -35.600395 4.690651 4.637234
v -35.300976 4.690691 2.007098
v -36.756592 4.690674 4.575597
v -35.600395 4.690651 4.637234
v -35.300976 3.130616 2.007097
v -35.300976 4.690691 2.007098
v -35.600391 3.130616 4.637234
v -36.441734 4.690651 1.809835
v -36.756592 3.130622 4.575597
v -36.756592 4.690674 4.575597
v -36.441734 3.130641 1.809835
v -35.300976 4.690691 2.007098
v -35.300976 3.130616 2.007097
v -36.441734 4.690651 1.809835
v -36.441734 3.130641 1.809835
v -35.600395 4.690651 4.637234
v -36.756592 4.690674 4.575597
v -36.756592 3.130622 4.575597
v -35.600391 3.130616 4.637234
v -20.055565 3.130805 -15.382801
v -16.408979 3.130830 -17.495319
v -16.233871 3.130805 -16.221573
v -20.451393 3.130805 -16.608105
v -16.401466 3.130830 -17.436729
v -13.049974 3.130855 -17.625811
v -16.233896 3.130830 -16.221569
v -13.057421 3.130830 -16.400782
v -13.049974 4.780439 -17.625811
v -16.401470 4.780464 -17.436728
v -16.233898 4.780439 -16.221571
v -13.057423 4.780482 -16.400782
v -20.055569 4.753411 -15.382803
v -16.408981 4.753411 -17.495319
v -20.451397 4.753436 -16.608105
v -16.233875 4.753453 -16.221575
v -9.237225 4.728859 -16.010937
v -9.237225 3.130855 -16.010937
v -9.011086 4.728818 -17.257544
v -9.011086 3.130873 -17.257544
v -13.057398 4.728818 -16.400780
v -13.049278 4.728841 -17.669640
v -13.049278 3.130855 -17.669640
v -13.057394 3.130855 -16.400780
v -13.049278 3.130855 -17.669640
v -9.011086 3.130873 -17.257544
v -13.057394 3.130855 -16.400780
v -9.237225 3.130855 -16.010937
v -9.011086 4.728818 -17.257544
v -13.049278 4.728841 -17.669640
v -13.057398 4.728818 -16.400780
v -9.237225 4.728859 -16.010937
v -16.233896 3.130830 -16.221569
v -13.057421 3.130830 -16.400782
v -16.233898 4.780439 -16.221571
v -13.057423 4.780482 -16.400782
v -13.049974 4.780439 -17.625811
v -16.401466 3.130830 -17.436729
v -16.401470 4.780464 -17.436728
v -13.049974 3.130855 -17.625811
v -20.055569 4.753411 -15.382803
v -16.233871 3.130805 -16.221573
v -16.233875 4.753453 -16.221575
v -20.055565 3.130805 -15.382801
v -16.408981 4.753411 -17.495319
v -20.451393 3.130805 -16.608105
v -20.451397 4.753436 -16.608105
v -16.408979 3.130830 -17.495319
v -13.057394 3.130855 -16.400780
v -9.237225 3.130855 -16.010937
v -13.057398 4.728818 -16.400780
v -9.237225 4.728859 -16.010937
v -9.011086 4.728818 -17.257544
v -13.049278 3.130855 -17.669640
v -13.049278 4.728841 -17.669640
v -9.011086 3.130873 -17.257544
v -13.057423 4.780482 -16.400782
v -13.057421 3.130830 -16.400782
v -13.049974 4.780439 -17.625811
v -13.049974 3.130855 -17.625811
v -16.233898 4.780439 -16.221571
v -16.401470 4.780464 -17.436728
v -16.401466 3.130830 -17.436729
v -16.233896 3.130830 -16.221569
v -16.233875 4.753453 -16.221575
v -16.233871 3.130805 -16.221573
v -16.408981 4.753411 -17.495319
v -16.408979 3.130830 -17.495319
v -20.055569 4.753411 -15.382803
v -20.451397 4.753436 -16.608105
v -20.451393 3.130805 -16.608105
v -20.055565 3.130805 -15.382801
v -6.022522 3.130898 -16.340658
v -9.237247 3.130873 -16.010937
v -9.036217 3.130873 -17.125690
v -6.369884 3.130873 -15.264027
v -6.022526 4.596721 -16.340658
v -9.036217 4.596746 -17.125690
v -9.237247 4.596721 -16.010939
v -6.369888 4.596764 -15.264027
v -9.237247 4.596721 -16.010939
v -6.369884 3.130873 -15.264027
v -6.369888 4.596764 -15.264027
v -9.237247 3.130873 -16.010937
v -6.022526 4.596721 -16.340658
v -9.036217 3.130873 -17.125690
v -9.036217 4.596746 -17.125690
v -6.022522 3.130898 -16.340658
v -6.369888 4.596764 -15.264027
v -6.369884 3.130873 -15.264027
v -6.022526 4.596721 -16.340658
v -6.022522 3.130898 -16.340658
v -9.237247 4.596721 -16.010939
v -9.036217 4.596746 -17.125690
v -9.036217 3.130873 -17.125690
v -9.237247 3.130873 -16.010937
v -23.052717 3.130786 -15.577555
v -25.688608 3.130761 -12.696840
v -26.388868 3.130761 -13.735491
v -22.529533 3.130761 -14.441126
v -23.052717 4.700617 -15.577555
v -26.388872 4.700642 -13.735492
v -25.688612 4.700617 -12.696838
v -22.529537 4.700660 -14.441126
v -25.688612 4.700617 -12.696838
v -22.529533 3.130761 -14.441126
v -22.529537 4.700660 -14.441126
v -25.688608 3.130761 -12.696840
v -23.052717 4.700617 -15.577555
v -26.388868 3.130761 -13.735491
v -26.388872 4.700642 -13.735492
v -23.052717 3.130786 -15.577555
v -22.529537 4.700660 -14.441126
v -22.529533 3.130761 -14.441126
v -23.052717 4.700617 -15.577555
v -23.052717 3.130786 -15.577555
v -25.688612 4.700617 -12.696838
v -26.388872 4.700642 -13.735492
v -26.388868 3.130761 -13.735491
v -25.688608 3.130761 -12.696840
v -26.392094 3.130760 -13.740350
v -28.911438 3.130735 -10.096087
v -29.796413 3.130735 -10.993133
v -25.688608 3.130735 -12.696840
v -26.392097 4.700624 -13.740350
v -29.796417 4.700649 -10.993133
v -28.911440 4.700624 -10.096087
v -25.688612 4.700667 -12.696838
v -28.911440 4.700624 -10.096087
v -25.688608 3.130735 -12.696840
v -25.688612 4.700667 -12.696838
v -28.911438 3.130735 -10.096087
v -26.392097 4.700624 -13.740350
v -29.796413 3.130735 -10.993133
v -29.796417 4.700649 -10.993133
v -26.392094 3.130760 -13.740350
v -25.688612 4.700667 -12.696838
v -25.688608 3.130735 -12.696840
v -26.392097 4.700624 -13.740350
v -26.392094 3.130760 -13.740350
v -29.796417 4.700649 -10.993133
v -29.796413 3.130735 -10.993133
v -28.911440 4.700624 -10.096087
v -28.911438 3.130735 -10.096087
v -6.369884 3.130898 -15.264027
v -1.981762 3.130923 -14.689310
v -2.579697 3.130898 -13.595205
v -5.985405 3.130898 -16.452112
v -6.369888 4.700682 -15.264027
v -1.981762 4.700682 -14.689310
v -5.985409 4.700707 -16.452112
v -2.579697 4.700725 -13.595207
v -6.369888 4.700682 -15.264027
v -2.579697 3.130898 -13.595205
v -2.579697 4.700725 -13.595207
v -6.369884 3.130898 -15.264027
v -1.981762 4.700682 -14.689310
v -5.985405 3.130898 -16.452112
v -5.985409 4.700707 -16.452112
v -1.981762 3.130923 -14.689310
v -2.579697 4.700725 -13.595207
v -2.579697 3.130898 -13.595205
v -1.981762 4.700682 -14.689310
v -1.981762 3.130923 -14.689310
v -6.369888 4.700682 -15.264027
v -5.985409 4.700707 -16.452112
v -5.985405 3.130898 -16.452112
v -6.369884 3.130898 -15.264027
v -30.345150 3.130789 21.953529
v -31.210976 3.130783 19.140303
v -29.503353 3.130783 21.163000
v -32.140823 3.130808 19.826530
v -30.345154 4.690733 21.953531
v -31.210976 4.690752 19.140305
v -32.140827 4.690711 19.826532
v -29.503357 4.690711 21.163002
v -29.503357 4.690711 21.163002
v -31.210976 3.130783 19.140303
v -31.210976 4.690752 19.140305
v -29.503353 3.130783 21.163000
v -32.140827 4.690711 19.826532
v -30.345150 3.130789 21.953529
v -30.345154 4.690733 21.953531
v -32.140823 3.130808 19.826530
v -31.210976 4.690752 19.140305
v -31.210976 3.130783 19.140303
v -32.140827 4.690711 19.826532
v -32.140823 3.130808 19.826530
v -30.345154 4.690733 21.953531
v -30.345150 3.130789 21.953529
v -29.503357 4.690711 21.163002
v -29.503353 3.130783 21.163000
v -9.555424 3.130643 29.035757
v -13.681980 3.130668 29.351746
v -13.655771 3.130643 28.067553
v -9.754532 3.130643 27.768820
v -13.655773 4.753394 28.067556
v -9.555424 4.753376 29.035757
v -9.754536 4.753352 27.768820
v -13.681980 4.753352 29.351746
v -20.555023 4.728801 26.885235
v -20.555023 3.130694 26.885235
v -20.974791 4.728761 28.086710
v -20.974791 3.130713 28.086708
v -16.826279 4.728761 27.802946
v -17.033247 4.728783 29.056801
v -17.033247 3.130694 29.056801
v -16.826279 3.130693 27.802942
v -17.033247 3.130694 29.056801
v -20.555023 3.130694 26.885235
v -16.826279 3.130693 27.802942
v -20.974791 3.130713 28.086708
v -20.555023 4.728801 26.885235
v -17.033247 4.728783 29.056801
v -16.826279 4.728761 27.802946
v -20.974791 4.728761 28.086710
v -9.754536 4.753352 27.768820
v -13.655771 3.130643 28.067553
v -13.655773 4.753394 28.067556
v -9.754532 3.130643 27.768820
v -9.555424 4.753376 29.035757
v -13.681980 4.753352 29.351746
v -13.681980 3.130668 29.351746
v -9.555424 3.130643 29.035757
v -16.826279 3.130693 27.802942
v -20.555023 3.130694 26.885235
v -16.826279 4.728761 27.802946
v -20.555023 4.728801 26.885235
v -20.974791 4.728761 28.086710
v -17.033247 3.130694 29.056801
v -17.033247 4.728783 29.056801
v -20.974791 3.130713 28.086708
v -13.655773 4.753394 28.067556
v -13.655771 3.130643 28.067553
v -13.681980 4.753352 29.351746
v -13.681980 3.130668 29.351746
v -9.754536 4.753352 27.768820
v -9.555424 4.753376 29.035757
v -9.555424 3.130643 29.035757
v -9.754532 3.130643 27.768820
v -13.681263 3.130669 29.292675
v -16.826252 3.130669 27.802946
v -13.655745 3.130669 28.067553
v -17.026463 3.130694 29.013493
v -16.826252 4.780424 27.802946
v -13.681269 4.780406 29.292681
v -13.655748 4.780381 28.067556
v -17.026463 4.780381 29.013493
v -13.655745 3.130669 28.067553
v -16.826252 3.130669 27.802946
v -13.655748 4.780381 28.067556
v -16.826252 4.780424 27.802946
v -17.026463 3.130694 29.013493
v -13.681269 4.780406 29.292681
v -17.026463 4.780381 29.013493
v -13.681263 3.130669 29.292675
v -16.826252 4.780424 27.802946
v -16.826252 3.130669 27.802946
v -17.026463 4.780381 29.013493
v -17.026463 3.130694 29.013493
v -13.655748 4.780381 28.067556
v -13.681269 4.780406 29.292681
v -13.681263 3.130669 29.292675
v -13.655745 3.130669 28.067553
v -23.290524 3.130713 25.746529
v -20.931580 3.130713 27.959623
v -23.806683 3.130738 26.762814
v -20.555023 3.130713 26.885235
v -23.290524 4.596706 25.746529
v -20.931580 4.596688 27.959627
v -20.555023 4.596663 26.885235
v -23.806683 4.596664 26.762814
v -20.555023 4.596663 26.885235
v -23.290524 3.130713 25.746529
v -23.290524 4.596706 25.746529
v -20.555023 3.130713 26.885235
v -20.931580 4.596688 27.959627
v -23.806683 4.596664 26.762814
v -23.806683 3.130738 26.762814
v -20.931580 3.130713 27.959623
v -23.290524 4.596706 25.746529
v -23.290524 3.130713 25.746529
v -23.806683 4.596664 26.762814
v -23.806683 3.130738 26.762814
v -20.555023 4.596663 26.885235
v -20.931580 4.596688 27.959627
v -20.931580 3.130713 27.959623
v -20.555023 3.130713 26.885235
v -6.863911 3.130624 28.281433
v -9.577938 3.130643 28.899984
v -9.754509 3.130618 27.768810
v -7.173565 3.130618 27.180603
v -9.754513 4.690692 27.768814
v -6.863911 4.690674 28.281435
v -7.173565 4.690652 27.180603
v -9.577938 4.690652 28.899984
v -7.173565 4.690652 27.180603
v -9.754509 3.130618 27.768810
v -9.754513 4.690692 27.768814
v -7.173565 3.130618 27.180603
v -9.577938 4.690652 28.899984
v -6.863911 3.130624 28.281433
v -6.863911 4.690674 28.281435
v -9.577938 3.130643 28.899984
v -9.754513 4.690692 27.768814
v -9.754509 3.130618 27.768810
v -9.577938 4.690652 28.899984
v -9.577938 3.130643 28.899984
v -7.173565 4.690652 27.180603
v -6.863911 4.690674 28.281435
v -6.863911 3.130624 28.281433
v -7.173565 3.130618 27.180603
v -33.267677 3.130808 15.811807
v -31.210976 3.130808 19.140303
v -32.251091 3.130808 19.908897
v -34.426575 3.130833 16.388161
v -34.373775 3.130833 16.361675
v -34.488377 3.130833 12.873810
v -33.267662 3.130833 15.811831
v -35.661758 3.130858 13.261774
v -34.373775 4.780465 16.361675
v -34.488380 4.780484 12.873810
v -35.661758 4.780441 13.261776
v -33.267662 4.780441 15.811831
v -32.251091 4.753436 19.908897
v -33.267677 4.753455 15.811807
v -34.426575 4.753412 16.388161
v -31.210976 4.753412 19.140305
v -35.385254 4.728860 9.139973
v -35.385254 3.130859 9.139973
v -36.651390 4.728820 9.328728
v -36.651386 3.130877 9.328726
v -34.488392 4.728820 12.873787
v -35.703346 4.728842 13.275630
v -35.703346 3.130858 13.275627
v -34.488388 3.130858 12.873785
v -35.703346 3.130858 13.275627
v -35.385254 3.130859 9.139973
v -34.488388 3.130858 12.873785
v -36.651386 3.130877 9.328726
v -35.703346 4.728842 13.275630
v -35.385254 4.728860 9.139973
v -36.651390 4.728820 9.328728
v -34.488392 4.728820 12.873787
v -33.267662 3.130833 15.811831
v -34.488377 3.130833 12.873810
v -33.267662 4.780441 15.811831
v -34.488380 4.780484 12.873810
v -35.661758 4.780441 13.261776
v -34.373775 3.130833 16.361675
v -34.373775 4.780465 16.361675
v -35.661758 3.130858 13.261774
v -31.210976 4.753412 19.140305
v -33.267677 3.130808 15.811807
v -33.267677 4.753455 15.811807
v -31.210976 3.130808 19.140303
v -32.251091 4.753436 19.908897
v -34.426575 4.753412 16.388161
v -34.426575 3.130833 16.388161
v -32.251091 3.130808 19.908897
v -34.488388 3.130858 12.873785
v -35.385254 3.130859 9.139973
v -34.488392 4.728820 12.873787
v -35.385254 4.728860 9.139973
v -36.651390 4.728820 9.328728
v -35.703346 3.130858 13.275627
v -35.703346 4.728842 13.275630
v -36.651386 3.130877 9.328726
v -34.488380 4.780484 12.873810
v -34.488377 3.130833 12.873810
v -35.661758 4.780441 13.261776
v -35.661758 3.130858 13.261774
v -33.267662 4.780441 15.811831
v -34.373775 4.780465 16.361675
v -34.373775 3.130833 16.361675
v -33.267662 3.130833 15.811831
v -33.267677 4.753455 15.811807
v -33.267677 3.130808 15.811807
v -34.426575 4.753412 16.388161
v -34.426575 3.130833 16.388161
v -31.210976 4.753412 19.140305
v -32.251091 4.753436 19.908897
v -32.251091 3.130808 19.908897
v -31.210976 3.130808 19.140303
v -36.518646 3.130877 9.308790
v -35.629730 3.130877 6.187059
v -35.385254 3.130877 9.139997
v -36.775608 3.130903 6.205152
v -35.629738 4.596766 6.187059
v -36.518650 4.596747 9.308790
v -35.385254 4.596723 9.139997
v -36.775612 4.596723 6.205152
v -35.385254 4.596723 9.139997
v -35.629730 3.130877 6.187059
v -35.629738 4.596766 6.187059
v -35.385254 3.130877 9.139997
v -36.518650 4.596747 9.308790
v -36.775612 4.596723 6.205152
v -36.775608 3.130903 6.205152
v -36.518646 3.130877 9.308790
v -35.629738 4.596766 6.187059
v -35.629730 3.130877 6.187059
v -36.775612 4.596723 6.205152
v -36.775608 3.130903 6.205152
v -35.385254 4.596723 9.139997
v -36.518650 4.596747 9.308790
v -36.518646 3.130877 9.308790
v -35.385254 3.130877 9.139997
v -7.173565 3.130598 27.180603
v -3.802479 3.130598 25.892937
v -3.275925 3.130598 27.017416
v -6.835972 3.130623 28.377251
v -7.173565 4.700601 27.180603
v -3.275925 4.700583 27.017416
v -3.802483 4.700558 25.892942
v -6.835972 4.700558 28.377254
v -3.802483 4.700558 25.892942
v -7.173565 3.130598 27.180603
v -7.173565 4.700601 27.180603
v -3.802479 3.130598 25.892937
v -6.835972 3.130623 28.377251
v -3.275925 4.700583 27.017416
v -6.835972 4.700558 28.377254
v -3.275925 3.130598 27.017416
v -7.173565 4.700601 27.180603
v -7.173565 3.130598 27.180603
v -6.835972 4.700558 28.377254
v -6.835972 3.130623 28.377251
v -3.802483 4.700558 25.892942
v -3.275925 4.700583 27.017416
v -3.275925 3.130598 27.017416
v -3.802479 3.130598 25.892937
v -27.574787 3.130764 24.560524
v -29.503353 3.130764 21.163000
v -26.811573 3.130764 23.566462
v -30.417448 3.130789 22.022339
v -27.574787 4.700643 24.560526
v -29.503357 4.700661 21.163002
v -30.417450 4.700619 22.022339
v -26.811577 4.700619 23.566462
v -26.811577 4.700619 23.566462
v -29.503353 3.130764 21.163000
v -29.503357 4.700661 21.163002
v -26.811573 3.130764 23.566462
v -30.417448 3.130789 22.022339
v -27.574787 4.700643 24.560526
v -30.417450 4.700619 22.022339
v -27.574787 3.130764 24.560524
v -29.503357 4.700661 21.163002
v -29.503353 3.130764 21.163000
v -30.417450 4.700619 22.022339
v -30.417448 3.130789 22.022339
v -26.811577 4.700619 23.566462
v -27.574787 4.700643 24.560526
v -27.574787 3.130764 24.560524
v -26.811573 3.130764 23.566462
v -26.811573 3.130738 23.566462
v -23.858950 3.130738 26.868013
v -27.578297 3.130763 24.565172
v -23.290524 3.130738 25.746529
v -23.858953 4.700649 26.868013
v -26.811577 4.700667 23.566462
v -27.578300 4.700625 24.565172
v -23.290524 4.700625 25.746529
v -23.290524 4.700625 25.746529
v -26.811573 3.130738 23.566462
v -26.811577 4.700667 23.566462
v -23.290524 3.130738 25.746529
v -27.578297 3.130763 24.565172
v -23.858953 4.700649 26.868013
v -27.578300 4.700625 24.565172
v -23.858950 3.130738 26.868013
v -26.811577 4.700667 23.566462
v -26.811573 3.130738 23.566462
v -27.578300 4.700625 24.565172
v -27.578297 3.130763 24.565172
v -23.290524 4.700625 25.746529
v -23.858953 4.700649 26.868013
v -23.858950 3.130738 26.868013
v -23.290524 3.130738 25.746529
v -35.629730 3.130902 6.187059
v -36.775623 3.130903 6.205163
v -35.600376 3.130903 4.637229
v -36.756695 3.130928 4.575585
v -35.600376 4.690695 4.637229
v -36.775623 4.690677 6.205163
v -35.629738 4.690652 6.187059
v -36.756695 4.690653 4.575585
v -35.629738 4.690652 6.187059
v -35.600376 3.130903 4.637229
v -35.600376 4.690695 4.637229
v -35.629730 3.130902 6.187059
v -36.756695 3.130928 4.575585
v -36.775623 4.690677 6.205163
v -36.756695 4.690653 4.575585
v -36.775623 3.130903 6.205163
v -35.600376 4.690695 4.637229
v -35.600376 3.130903 4.637229
v -36.756695 4.690653 4.575585
v -36.756695 3.130928 4.575585
v -35.629738 4.690652 6.187059
v -36.775623 4.690677 6.205163
v -36.775623 3.130903 6.205163
v -35.629730 3.130902 6.187059
v 9.539234 3.130786 10.327526
v 7.762653 3.130780 12.669971
v 8.425205 3.130780 10.107103
v 8.842510 3.130804 13.022549
v 9.539234 4.690732 10.327526
v 7.762653 4.690750 12.669971
v 8.842510 4.690710 13.022549
v 8.425205 4.690710 10.107103
v 8.425205 4.690710 10.107103
v 7.762653 3.130780 12.669971
v 7.762653 4.690750 12.669971
v 8.425205 3.130780 10.107103
v 8.842510 4.690710 13.022549
v 9.539234 3.130786 10.327526
v 9.539234 4.690732 10.327526
v 8.842510 3.130804 13.022549
v 7.762653 4.690750 12.669971
v 7.762653 3.130780 12.669971
v 8.842510 4.690710 13.022549
v 8.842510 3.130804 13.022549
v 8.425205 4.690710 10.107103
v 9.539234 4.690732 10.327526
v 9.539234 3.130786 10.327526
v 8.425205 3.130780 10.107103
v 5.937889 3.130666 -7.544946
v 2.392910 3.130642 -9.824384
v 3.293594 3.130642 -10.728652
v 4.892822 3.130642 -6.814512
v 2.392906 4.753352 -9.824384
v 4.892822 4.753394 -6.814512
v 5.937889 4.753352 -7.544948
v 3.293598 4.753376 -10.728654
v 7.918324 4.728801 -0.502314
v 7.918324 3.130692 -0.502314
v 9.123535 4.728761 -0.863845
v 9.123535 3.130711 -0.863845
v 6.510551 4.728761 -4.074974
v 7.635410 4.728783 -4.640396
v 7.635410 3.130692 -4.640396
v 6.510551 3.130692 -4.074975
v 9.123535 3.130711 -0.863845
v 6.510551 3.130692 -4.074975
v 7.635410 3.130692 -4.640396
v 7.918324 3.130692 -0.502314
v 6.510551 4.728761 -4.074974
v 7.918324 4.728801 -0.502314
v 9.123535 4.728761 -0.863845
v 7.635410 4.728783 -4.640396
v 2.392906 4.753352 -9.824384
v 4.892822 3.130642 -6.814512
v 4.892822 4.753394 -6.814512
v 2.392910 3.130642 -9.824384
v 5.937889 4.753352 -7.544948
v 3.293594 3.130642 -10.728652
v 3.293598 4.753376 -10.728654
v 5.937889 3.130666 -7.544946
v 6.510551 3.130692 -4.074975
v 7.918324 3.130692 -0.502314
v 6.510551 4.728761 -4.074974
v 7.918324 4.728801 -0.502314
v 9.123535 4.728761 -0.863845
v 7.635410 3.130692 -4.640396
v 7.635410 4.728783 -4.640396
v 9.123535 3.130711 -0.863845
v 4.892822 4.753394 -6.814512
v 4.892822 3.130642 -6.814512
v 5.937889 4.753352 -7.544948
v 5.937889 3.130666 -7.544946
v 3.293598 4.753376 -10.728654
v 3.293594 3.130642 -10.728652
v 2.392906 4.753352 -9.824384
v 2.392910 3.130642 -9.824384
v 7.596157 3.130692 -4.620892
v 4.892811 3.130667 -6.814533
v 5.889294 3.130667 -7.511374
v 6.510536 3.130667 -4.074994
v 7.596157 4.780380 -4.620890
v 4.892807 4.780380 -6.814533
v 6.510536 4.780423 -4.074994
v 5.889294 4.780405 -7.511374
v 6.510536 4.780423 -4.074994
v 4.892807 4.780380 -6.814533
v 6.510536 3.130667 -4.074994
v 4.892811 3.130667 -6.814533
v 7.596157 3.130692 -4.620892
v 5.889294 4.780405 -7.511374
v 7.596157 4.780380 -4.620890
v 5.889294 3.130667 -7.511374
v 6.510536 4.780423 -4.074994
v 6.510536 3.130667 -4.074994
v 7.596157 4.780380 -4.620890
v 7.596157 3.130692 -4.620892
v 4.892807 4.780380 -6.814533
v 5.889294 4.780405 -7.511374
v 5.889294 3.130667 -7.511374
v 4.892811 3.130667 -6.814533
v 8.571388 3.130711 2.387863
v 7.918324 3.130711 -0.502314
v 9.681263 3.130735 2.212070
v 8.994862 3.130711 -0.825603
v 9.681263 4.596662 2.212070
v 7.918324 4.596662 -0.502314
v 8.571388 4.596705 2.387863
v 8.994862 4.596687 -0.825605
v 7.918324 4.596662 -0.502314
v 8.571388 3.130711 2.387863
v 8.571388 4.596705 2.387863
v 7.918324 3.130711 -0.502314
v 9.681263 4.596662 2.212070
v 8.994862 3.130711 -0.825603
v 8.994862 4.596687 -0.825605
v 9.681263 3.130735 2.212070
v 8.571388 4.596705 2.387863
v 8.571388 3.130711 2.387863
v 9.681263 4.596662 2.212070
v 9.681263 3.130735 2.212070
v 7.918324 4.596662 -0.502314
v 8.994862 4.596687 -0.825605
v 8.994862 3.130711 -0.825603
v 7.918324 3.130711 -0.502314
v 3.195847 3.130642 -10.631763
v 0.420387 3.130617 -11.589760
v 1.121632 3.130623 -12.488153
v 2.392891 3.130617 -9.824400
v 3.195850 4.690651 -10.631763
v 0.420383 4.690651 -11.589760
v 2.392891 4.690691 -9.824400
v 1.121632 4.690674 -12.488155
v 0.420383 4.690651 -11.589760
v 2.392891 3.130617 -9.824400
v 2.392891 4.690691 -9.824400
v 0.420387 3.130617 -11.589760
v 3.195850 4.690651 -10.631763
v 1.121632 3.130623 -12.488153
v 1.121632 4.690674 -12.488155
v 3.195847 3.130642 -10.631763
v 2.392891 4.690691 -9.824400
v 2.392891 3.130617 -9.824400
v 3.195850 4.690651 -10.631763
v 3.195847 3.130642 -10.631763
v 1.121632 4.690674 -12.488155
v 1.121632 3.130623 -12.488153
v 0.420383 4.690651 -11.589760
v 0.420387 3.130617 -11.589760
v 6.236710 3.130804 16.272799
v 7.762653 3.130804 12.669971
v 8.973473 3.130804 13.064867
v 7.359398 3.130829 16.875782
v 7.307259 3.130829 16.848022
v 4.545860 3.130829 18.967794
v 6.236721 3.130829 16.272779
v 5.523232 3.130854 19.691528
v 7.307255 4.780464 16.848022
v 4.545860 4.780482 18.967794
v 5.523232 4.780439 19.691530
v 6.236721 4.780439 16.272779
v 8.973473 4.753436 13.064867
v 6.236710 4.753453 16.272800
v 7.359398 4.753411 16.875782
v 7.762653 4.753411 12.669971
v 2.018475 4.728859 21.858856
v 2.018475 3.130854 21.858854
v 2.886978 4.728818 22.773478
v 2.886978 3.130873 22.773476
v 4.545845 4.728818 18.967815
v 5.558578 4.728841 19.717443
v 5.558582 3.130854 19.717443
v 4.545845 3.130854 18.967815
v 5.558582 3.130854 19.717443
v 2.018475 3.130854 21.858854
v 4.545845 3.130854 18.967815
v 2.886978 3.130873 22.773476
v 5.558578 4.728841 19.717443
v 2.018475 4.728859 21.858856
v 2.886978 4.728818 22.773478
v 4.545845 4.728818 18.967815
v 4.545860 4.780482 18.967794
v 6.236721 4.780439 16.272779
v 4.545860 3.130829 18.967794
v 6.236721 3.130829 16.272779
v 5.523232 3.130854 19.691528
v 7.307255 4.780464 16.848022
v 5.523232 4.780439 19.691530
v 7.307259 3.130829 16.848022
v 7.762653 4.753411 12.669971
v 6.236710 3.130804 16.272799
v 6.236710 4.753453 16.272800
v 7.762653 3.130804 12.669971
v 8.973473 4.753436 13.064867
v 7.359398 4.753411 16.875782
v 7.359398 3.130829 16.875782
v 8.973473 3.130804 13.064867
v 4.545845 3.130854 18.967815
v 2.018475 3.130854 21.858854
v 4.545845 4.728818 18.967815
v 2.018475 4.728859 21.858856
v 2.886978 4.728818 22.773478
v 5.558582 3.130854 19.717443
v 5.558578 4.728841 19.717443
v 2.886978 3.130873 22.773476
v 4.545860 4.780482 18.967794
v 4.545860 3.130829 18.967794
v 5.523232 4.780439 19.691530
v 5.523232 3.130854 19.691528
v 6.236721 4.780439 16.272779
v 7.307255 4.780464 16.848022
v 7.307259 3.130829 16.848022
v 6.236721 3.130829 16.272779
v 6.236710 4.753453 16.272800
v 6.236710 3.130804 16.272799
v 7.359398 4.753411 16.875782
v 7.359398 3.130829 16.875782
v 7.762653 4.753411 12.669971
v 8.973473 4.753436 13.064867
v 8.973473 3.130804 13.064867
v 7.762653 3.130804 12.669971
v 2.793938 3.130873 22.676716
v -0.249130 3.130873 23.766064
v 2.018494 3.130873 21.858833
v 0.410591 3.130898 24.681276
v 2.793938 4.596746 22.676718
v -0.249130 4.596764 23.766066
v 0.410595 4.596721 24.681278
v 2.018494 4.596721 21.858837
v 2.018494 4.596721 21.858837
v -0.249130 3.130873 23.766064
v -0.249130 4.596764 23.766066
v 2.018494 3.130873 21.858833
v 0.410595 4.596721 24.681278
v 2.793938 3.130873 22.676716
v 2.793938 4.596746 22.676718
v 0.410591 3.130898 24.681276
v -0.249130 4.596764 23.766066
v -0.249130 3.130873 23.766064
v 0.410595 4.596721 24.681278
v 0.410591 3.130898 24.681276
v 2.793938 4.596746 22.676718
v 2.793938 3.130873 22.676716
v 2.018494 4.596721 21.858837
v 2.018494 3.130873 21.858833
v -2.579697 3.130598 -13.595205
v 1.183647 3.130623 -12.566356
v 0.420387 3.130598 -11.589760
v -1.984596 3.130598 -14.684217
v 1.183647 4.700558 -12.566358
v -2.579697 4.700558 -13.595207
v 0.420383 4.700601 -11.589760
v -1.984596 4.700583 -14.684217
v -2.579697 4.700558 -13.595207
v 0.420387 3.130598 -11.589760
v 0.420383 4.700601 -11.589760
v -2.579697 3.130598 -13.595205
v 1.183647 4.700558 -12.566358
v -1.984596 3.130598 -14.684217
v -1.984596 4.700583 -14.684217
v 1.183647 3.130623 -12.566356
v 0.420383 4.700601 -11.589760
v 0.420387 3.130598 -11.589760
v 1.183647 4.700558 -12.566358
v 1.183647 3.130623 -12.566356
v -2.579697 4.700558 -13.595207
v -1.984596 4.700583 -14.684217
v -1.984596 3.130598 -14.684217
v -2.579697 3.130598 -13.595205
v 10.063835 3.130761 6.559745
v 8.425205 3.130761 10.107103
v 8.829220 3.130761 6.521148
v 9.637180 3.130786 10.346709
v 10.063835 4.700642 6.559746
v 8.425205 4.700660 10.107103
v 9.637180 4.700617 10.346709
v 8.829220 4.700617 6.521148
v 8.829220 4.700617 6.521148
v 8.425205 3.130761 10.107103
v 8.425205 4.700660 10.107103
v 8.829220 3.130761 6.521148
v 9.637180 3.130786 10.346709
v 10.063835 4.700642 6.559746
v 9.637180 4.700617 10.346709
v 10.063835 3.130761 6.559745
v 8.425205 4.700660 10.107103
v 8.425205 3.130761 10.107103
v 9.637180 4.700617 10.346709
v 9.637180 3.130786 10.346709
v 8.829220 4.700617 6.521148
v 10.063835 4.700642 6.559746
v 10.063835 3.130761 6.559745
v 8.829220 3.130761 6.521148
v 10.069664 3.130760 6.559925
v 8.571388 3.130735 2.387863
v 9.797318 3.130735 2.193870
v 8.829220 3.130735 6.521148
v 10.069664 4.700624 6.559926
v 9.797318 4.700649 2.193870
v 8.571388 4.700624 2.387863
v 8.829220 4.700666 6.521148
v 8.571388 4.700624 2.387863
v 8.829220 3.130735 6.521148
v 8.829220 4.700666 6.521148
v 8.571388 3.130735 2.387863
v 10.069664 3.130760 6.559925
v 9.797318 4.700649 2.193870
v 10.069664 4.700624 6.559926
v 9.797318 3.130735 2.193870
v 8.829220 4.700666 6.521148
v 8.829220 3.130735 6.521148
v 10.069664 4.700624 6.559926
v 10.069664 3.130760 6.559925
v 8.571388 4.700624 2.387863
v 9.797318 4.700649 2.193870
v 9.797318 3.130735 2.193870
v 8.571388 3.130735 2.387863
v -3.802544 3.130898 25.892971
v -0.249130 3.130898 23.766064
v 0.480053 3.130898 24.776014
v -3.273483 3.130923 27.022705
v -3.802544 4.700725 25.892975
v 0.480053 4.700707 24.776018
v -0.249130 4.700682 23.766066
v -3.273483 4.700682 27.022707
v -0.249130 4.700682 23.766066
v -3.802544 3.130898 25.892971
v -3.802544 4.700725 25.892975
v -0.249130 3.130898 23.766064
v -3.273483 3.130923 27.022705
v 0.480053 4.700707 24.776018
v -3.273483 4.700682 27.022707
v 0.480053 3.130898 24.776014
v -3.802544 4.700725 25.892975
v -3.802544 3.130898 25.892971
v -3.273483 4.700682 27.022707
v -3.273483 3.130923 27.022705
v -0.249130 4.700682 23.766066
v 0.480053 4.700707 24.776018
v 0.480053 3.130898 24.776014
v -0.249130 3.130898 23.766064
v -29.725679 3.130696 18.069790
v -32.637486 3.130696 16.664198
v -31.168892 3.130696 15.842770
v -31.075340 3.130696 19.074732
v -32.637486 7.160103 16.664198
v -31.075342 7.160166 19.074732
v -29.725679 7.160102 18.069790
v -31.168896 7.160214 15.842772
v -29.725679 7.160102 18.069790
v -31.168892 3.130696 15.842770
v -31.168896 7.160214 15.842772
v -29.725679 3.130696 18.069790
v -32.637486 7.160103 16.664198
v -31.075340 3.130696 19.074732
v -31.075342 7.160166 19.074732
v -32.637486 3.130696 16.664198
v -31.168896 7.160214 15.842772
v -31.168892 3.130696 15.842770
v -32.637486 7.160103 16.664198
v -32.637486 3.130696 16.664198
v -31.075342 7.160166 19.074732
v -31.075340 3.130696 19.074732
v -29.725679 7.160102 18.069790
v -29.725679 3.130696 18.069790
v -21.363092 7.265759 24.616062
v -21.363089 3.130696 24.616060
v -22.088505 7.265647 26.312006
v -22.088501 3.130696 26.312002
v -18.097973 7.265709 27.589396
v -18.097969 3.130696 27.589396
v -17.703693 7.265647 25.787457
v -17.703693 3.130696 25.787457
v -17.703693 3.130696 25.787457
v -22.088501 3.130696 26.312002
v -21.363089 3.130696 24.616060
v -18.097969 3.130696 27.589396
v -17.703693 7.265647 25.787457
v -21.363092 7.265759 24.616062
v -22.088505 7.265647 26.312006
v -18.097973 7.265709 27.589396
v -21.363092 7.265759 24.616062
v -17.703693 7.265647 25.787457
v -21.363089 3.130696 24.616060
v -17.703693 3.130696 25.787457
v -22.088505 7.265647 26.312006
v -18.097969 3.130696 27.589396
v -18.097973 7.265709 27.589396
v -22.088501 3.130696 26.312002
v -14.656181 3.130696 28.019529
v -17.706118 3.130696 25.798645
v -14.550610 3.130696 26.234455
v -18.088345 3.130696 27.545517
v -14.550611 7.408830 26.234455
v -17.706118 7.408947 25.798645
v -18.088345 7.408831 27.545517
v -14.656181 7.408897 28.019529
v -17.706118 7.408947 25.798645
v -14.550611 7.408830 26.234455
v -17.706118 3.130696 25.798645
v -14.550610 3.130696 26.234455
v -18.088345 7.408831 27.545517
v -14.656181 3.130696 28.019529
v -14.656181 7.408897 28.019529
v -18.088345 3.130696 27.545517
v -17.706118 7.408947 25.798645
v -17.706118 3.130696 25.798645
v -18.088345 7.408831 27.545517
v -18.088345 3.130696 27.545517
v -14.656181 7.408897 28.019529
v -14.656181 3.130696 28.019529
v -14.550611 7.408830 26.234455
v -14.550610 3.130696 26.234455
v -21.374146 3.130696 24.641907
v -24.889133 3.130696 24.710243
v -24.011902 3.130696 23.278721
v -22.034391 3.130696 26.185507
v -21.374146 6.982979 24.641907
v -24.889133 6.982979 24.710243
v -22.034395 6.983047 26.185507
v -24.011906 6.983097 23.278721
v -21.374146 6.982979 24.641907
v -24.011902 3.130696 23.278721
v -24.011906 6.983097 23.278721
v -21.374146 3.130696 24.641907
v -24.889133 6.982979 24.710243
v -22.034391 3.130696 26.185507
v -22.034395 6.983047 26.185507
v -24.889133 3.130696 24.710243
v -24.011906 6.983097 23.278721
v -24.011902 3.130696 23.278721
v -24.889133 6.982979 24.710243
v -24.889133 3.130696 24.710243
v -22.034395 6.983047 26.185507
v -22.034391 3.130696 26.185507
v -21.374146 6.982979 24.641907
v -21.374146 3.130696 24.641907
v -32.760605 3.130696 16.733067
v -32.667103 3.130696 12.225932
v -31.096500 3.130696 15.802280
v -34.478443 3.130696 12.821424
v -34.420914 3.130696 12.802545
v -33.477684 3.130696 9.149500
v -32.722164 3.130696 12.244064
v -35.242672 3.130696 9.436664
v -34.420914 7.409062 12.802545
v -33.477684 7.409111 9.149500
v -35.242672 7.408994 9.436664
v -32.722168 7.408994 12.244064
v -32.760605 7.334090 16.733067
v -32.667103 7.334139 12.225929
v -34.478443 7.334023 12.821425
v -31.096504 7.334022 15.802282
v -33.723251 7.265920 5.313922
v -33.723251 3.130696 5.313922
v -35.567123 7.265808 5.263227
v -35.567120 3.130696 5.263227
v -35.287018 7.265870 9.443852
v -35.287018 3.130696 9.443851
v -33.466389 7.265808 9.147636
v -33.466389 3.130696 9.147636
v -35.287018 3.130696 9.443851
v -33.723251 3.130696 5.313922
v -33.466389 3.130696 9.147636
v -35.567120 3.130696 5.263227
v -33.723251 7.265920 5.313922
v -35.287018 7.265870 9.443852
v -33.466389 7.265808 9.147636
v -35.567123 7.265808 5.263227
v -33.477684 7.409111 9.149500
v -32.722168 7.408994 12.244064
v -33.477684 3.130696 9.149500
v -32.722164 3.130696 12.244064
v -35.242672 7.408994 9.436664
v -34.420914 3.130696 12.802545
v -34.420914 7.409062 12.802545
v -35.242672 3.130696 9.436664
v -31.096504 7.334022 15.802282
v -32.667103 3.130696 12.225932
v -32.667103 7.334139 12.225929
v -31.096500 3.130696 15.802280
v -34.478443 7.334023 12.821425
v -32.760605 3.130696 16.733067
v -32.760605 7.334090 16.733067
v -34.478443 3.130696 12.821424
v -33.723251 7.265920 5.313922
v -33.466389 7.265808 9.147636
v -33.723251 3.130696 5.313922
v -33.466389 3.130696 9.147636
v -35.567123 7.265808 5.263227
v -35.287018 3.130696 9.443851
v -35.287018 7.265870 9.443852
v -35.567120 3.130696 5.263227
v -33.477684 7.409111 9.149500
v -33.477684 3.130696 9.149500
v -35.242672 7.408994 9.436664
v -35.242672 3.130696 9.436664
v -34.420914 7.409062 12.802545
v -34.420914 3.130696 12.802545
v -32.722168 7.408994 12.244064
v -32.722164 3.130696 12.244064
v -32.667103 7.334139 12.225929
v -32.667103 3.130696 12.225932
v -34.478443 7.334023 12.821425
v -34.478443 3.130696 12.821424
v -32.760605 7.334090 16.733067
v -32.760605 3.130696 16.733067
v -31.096504 7.334022 15.802282
v -31.096500 3.130696 15.802280
v -35.429585 3.130696 5.267036
v -35.107899 3.130696 2.069780
v -33.751343 3.130696 5.313173
v -33.454052 3.130696 2.358907
v -33.751343 6.899398 5.313173
v -33.454056 6.899516 2.358907
v -35.107899 6.899399 2.069781
v -35.429588 6.899467 5.267036
v -33.751343 6.899398 5.313173
v -33.454052 3.130696 2.358907
v -33.454056 6.899516 2.358907
v -33.751343 3.130696 5.313173
v -35.107899 6.899399 2.069781
v -35.429585 3.130696 5.267036
v -35.429588 6.899467 5.267036
v -35.107899 3.130696 2.069780
v -33.454056 6.899516 2.358907
v -33.454052 3.130696 2.358907
v -35.107899 6.899399 2.069781
v -35.107899 3.130696 2.069780
v -35.429588 6.899467 5.267036
v -35.429585 3.130696 5.267036
v -33.751343 6.899398 5.313173
v -33.751343 3.130696 5.313173
v -27.258789 3.130696 20.706547
v -31.157400 3.130696 19.135826
v -29.657600 3.130696 18.019100
v -28.538017 3.130696 22.070383
v -31.157400 7.187585 19.135826
v -28.538017 7.187653 22.070383
v -27.258789 7.187585 20.706549
v -29.657600 7.187702 18.019102
v -27.258789 7.187585 20.706549
v -29.657600 3.130696 18.019100
v -29.657600 7.187702 18.019102
v -27.258789 3.130696 20.706547
v -31.157400 7.187585 19.135826
v -28.538017 3.130696 22.070383
v -28.538017 7.187653 22.070383
v -31.157400 3.130696 19.135826
v -29.657600 7.187702 18.019102
v -29.657600 3.130696 18.019100
v -31.157400 7.187585 19.135826
v -31.157400 3.130696 19.135826
v -28.538017 7.187653 22.070383
v -28.538017 3.130696 22.070383
v -27.258789 7.187585 20.706549
v -27.258789 3.130696 20.706547
v -24.952047 3.130696 24.812914
v -27.245617 3.130696 20.692516
v -23.961870 3.130696 23.197062
v -28.542105 3.130696 22.074739
v -28.542105 7.187602 22.074739
v -24.952047 7.187671 24.812914
v -23.961870 7.187602 23.197063
v -27.245621 7.187720 20.692516
v -23.961870 7.187602 23.197063
v -27.245617 3.130696 20.692516
v -27.245621 7.187720 20.692516
v -23.961870 3.130696 23.197062
v -28.542105 7.187602 22.074739
v -24.952047 3.130696 24.812914
v -24.952047 7.187671 24.812914
v -28.542105 3.130696 22.074739
v -27.245621 7.187720 20.692516
v -27.245617 3.130696 20.692516
v -28.542105 7.187602 22.074739
v -28.542105 3.130696 22.074739
v -24.952047 7.187671 24.812914
v -24.952047 3.130696 24.812914
v -23.961870 7.187602 23.197063
v -23.961870 3.130696 23.197062
v -35.226505 3.130696 2.049047
v -34.000946 3.130696 -2.296534
v -32.238724 3.130696 -1.599416
v -33.359722 3.130696 2.375399
v -32.238724 7.187882 -1.599416
v -35.226509 7.187834 2.049047
v -33.359722 7.187765 2.375399
v -34.000946 7.187765 -2.296534
v -33.359722 7.187765 2.375399
v -32.238724 3.130696 -1.599416
v -32.238724 7.187882 -1.599416
v -33.359722 3.130696 2.375399
v -34.000946 7.187765 -2.296534
v -35.226505 3.130696 2.049047
v -35.226509 7.187834 2.049047
v -34.000946 3.130696 -2.296534
v -32.238724 7.187882 -1.599416
v -32.238724 3.130696 -1.599416
v -34.000946 7.187765 -2.296534
v -34.000946 3.130696 -2.296534
v -35.226509 7.187834 2.049047
v -35.226505 3.130696 2.049047
v -33.359722 7.187765 2.375399
v -33.359722 3.130696 2.375399
v -2.223259 3.130696 22.999702
v -1.306694 3.130696 24.410870
v -4.538017 3.130696 24.297546
v -3.812187 3.130696 25.815657
v -4.538017 7.160218 24.297548
v -1.306694 7.160169 24.410870
v -2.223259 7.160107 22.999702
v -3.812187 7.160107 25.815660
v -2.223259 7.160107 22.999702
v -4.538017 3.130696 24.297546
v -4.538017 7.160218 24.297548
v -2.223259 3.130696 22.999702
v -3.812187 7.160107 25.815660
v -1.306694 3.130696 24.410870
v -1.306694 7.160169 24.410870
v -3.812187 3.130696 25.815657
v -4.538017 7.160218 24.297548
v -4.538017 3.130696 24.297546
v -3.812187 7.160107 25.815660
v -3.812187 3.130696 25.815657
v -1.306694 7.160169 24.410870
v -1.306694 3.130696 24.410870
v -2.223259 7.160107 22.999702
v -2.223259 3.130696 22.999702
v 8.729893 3.130696 8.604803
v 6.942623 3.130696 4.466129
v 8.844769 3.130696 4.334126
v 6.837597 3.130696 8.370739
v 8.844761 7.333926 4.334126
v 6.837597 7.333977 8.370739
v 8.729893 7.333858 8.604803
v 6.942623 7.333858 4.466129
v 4.844402 7.265761 15.072869
v 4.844402 3.130696 15.072866
v 6.490482 7.265650 15.905257
v 6.490482 3.130696 15.905256
v 8.020458 7.265711 12.004580
v 8.020462 3.130696 12.004580
v 6.247421 7.265649 11.495873
v 6.247421 3.130696 11.495873
v 4.844402 3.130696 15.072866
v 8.020462 3.130696 12.004580
v 6.490482 3.130696 15.905256
v 6.247421 3.130696 11.495873
v 8.020458 7.265711 12.004580
v 4.844402 7.265761 15.072869
v 6.490482 7.265650 15.905257
v 6.247421 7.265649 11.495873
v 6.942623 7.333858 4.466129
v 6.837597 3.130696 8.370739
v 6.837597 7.333977 8.370739
v 6.942623 3.130696 4.466129
v 8.729893 7.333858 8.604803
v 8.844769 3.130696 4.334126
v 8.844761 7.333926 4.334126
v 8.729893 3.130696 8.604803
v 4.844402 7.265761 15.072869
v 6.247421 7.265649 11.495873
v 4.844402 3.130696 15.072866
v 6.247421 3.130696 11.495873
v 6.490482 7.265650 15.905257
v 8.020462 3.130696 12.004580
v 8.020458 7.265711 12.004580
v 6.490482 3.130696 15.905256
v 6.837597 7.333977 8.370739
v 6.837597 3.130696 8.370739
v 8.729893 7.333858 8.604803
v 8.729893 3.130696 8.604803
v 8.844761 7.333926 4.334126
v 8.844769 3.130696 4.334126
v 6.942623 7.333858 4.466129
v 6.942623 3.130696 4.466129
v 6.258430 3.130696 11.499006
v 6.895145 3.130696 8.377832
v 7.977280 3.130696 11.992163
v 8.669815 3.130696 8.597343
v 7.977276 7.408833 11.992163
v 8.669815 7.408900 8.597343
v 6.895142 7.408833 8.377834
v 6.258430 7.408950 11.499006
v 6.258430 7.408950 11.499006
v 6.895142 7.408833 8.377834
v 6.258430 3.130696 11.499006
v 6.895145 3.130696 8.377832
v 7.977276 7.408833 11.992163
v 8.669815 3.130696 8.597343
v 8.669815 7.408900 8.597343
v 7.977280 3.130696 11.992163
v 6.258430 7.408950 11.499006
v 6.258430 3.130696 11.499006
v 7.977276 7.408833 11.992163
v 7.977280 3.130696 11.992163
v 8.669815 7.408900 8.597343
v 8.669815 3.130696 8.597343
v 6.895142 7.408833 8.377834
v 6.895145 3.130696 8.377832
v 4.869484 3.130696 15.085549
v 4.712894 3.130696 18.597715
v 3.340408 3.130696 17.630739
v 6.367699 3.130696 15.843163
v 4.712894 6.982981 18.597717
v 6.367699 6.983049 15.843163
v 4.869480 6.982981 15.085549
v 3.340408 6.983100 17.630739
v 4.869480 6.982981 15.085549
v 3.340408 3.130696 17.630739
v 3.340408 6.983100 17.630739
v 4.869484 3.130696 15.085549
v 4.712894 6.982981 18.597717
v 6.367699 3.130696 15.843163
v 6.367699 6.983049 15.843163
v 4.712894 3.130696 18.597715
v 3.340408 6.983100 17.630739
v 3.340408 3.130696 17.630739
v 4.712894 6.982981 18.597717
v 4.712894 3.130696 18.597715
v 6.367699 6.983049 15.843163
v 6.367699 3.130696 15.843163
v 4.869480 6.982981 15.085549
v 4.869484 3.130696 15.085549
v 8.704029 3.130696 4.343865
v 6.670006 3.130696 1.830489
v 8.319389 3.130696 1.497287
v 7.025364 3.130696 4.460361
v 6.670006 7.159942 1.830488
v 7.025364 7.160054 4.460361
v 8.704029 7.159942 4.343865
v 8.319389 7.160004 1.497287
v 6.670006 7.159942 1.830488
v 7.025364 3.130696 4.460361
v 7.025364 7.160054 4.460361
v 6.670006 3.130696 1.830489
v 8.704029 7.159942 4.343865
v 8.319389 3.130696 1.497287
v 8.319389 7.160004 1.497287
v 8.704029 3.130696 4.343865
v 7.025364 7.160054 4.460361
v 7.025364 3.130696 4.460361
v 8.704029 7.159942 4.343865
v 8.704029 3.130696 4.343865
v 8.319389 7.160004 1.497287
v 8.319389 3.130696 1.497287
v 6.670006 7.159942 1.830488
v 6.670006 3.130696 1.830489
v -8.243259 3.130696 25.561377
v -3.751335 3.130696 25.942930
v -7.764824 3.130696 27.407104
v -4.573795 3.130696 24.222715
v -11.191532 3.130696 27.953310
v -8.228687 3.130696 25.617508
v -7.779991 3.130696 27.348484
v -11.365236 3.130696 26.173569
v -11.191532 7.408998 27.953310
v -8.228691 7.408997 25.617508
v -11.365236 7.409116 26.173569
v -7.779991 7.409065 27.348484
v -8.243263 7.334143 25.561380
v -3.751335 7.334093 25.942930
v -4.573795 7.334025 24.222715
v -7.764824 7.334025 27.407104
v -14.550600 7.265924 26.234470
v -14.550598 3.130696 26.234467
v -14.656195 7.265812 28.019533
v -14.656191 3.130696 28.019529
v -11.187191 7.265875 27.998028
v -11.187191 3.130696 27.998024
v -11.366375 7.265812 26.162182
v -11.366371 3.130696 26.162180
v -14.656191 3.130696 28.019529
v -11.366371 3.130696 26.162180
v -11.187191 3.130696 27.998024
v -14.550598 3.130696 26.234467
v -14.656195 7.265812 28.019533
v -11.366375 7.265812 26.162182
v -14.550600 7.265924 26.234470
v -11.187191 7.265875 27.998028
v -11.365236 7.409116 26.173569
v -8.228691 7.408997 25.617508
v -11.365236 3.130696 26.173569
v -8.228687 3.130696 25.617508
v -11.191532 7.408998 27.953310
v -7.779991 3.130696 27.348484
v -7.779991 7.409065 27.348484
v -11.191532 3.130696 27.953310
v -4.573795 7.334025 24.222715
v -8.243259 3.130696 25.561377
v -8.243263 7.334143 25.561380
v -4.573795 3.130696 24.222715
v -7.764824 7.334025 27.407104
v -3.751335 3.130696 25.942930
v -3.751335 7.334093 25.942930
v -7.764824 3.130696 27.407104
v -14.550600 7.265924 26.234470
v -11.366375 7.265812 26.162182
v -14.550598 3.130696 26.234467
v -11.366371 3.130696 26.162180
v -14.656195 7.265812 28.019533
v -11.187191 3.130696 27.998024
v -11.187191 7.265875 27.998028
v -14.656191 3.130696 28.019529
v -11.365236 7.409116 26.173569
v -11.365236 3.130696 26.173569
v -11.191532 7.408998 27.953310
v -11.191532 3.130696 27.953310
v -7.779991 7.409065 27.348484
v -7.779991 3.130696 27.348484
v -8.228691 7.408997 25.617508
v -8.228687 3.130696 25.617508
v -8.243263 7.334143 25.561380
v -8.243259 3.130696 25.561377
v -7.764824 7.334025 27.407104
v -7.764824 3.130696 27.407104
v -3.751335 7.334093 25.942930
v -3.751335 3.130696 25.942930
v -4.573795 7.334025 24.222715
v -4.573795 3.130696 24.222715
v 6.586811 3.130696 1.847296
v 7.302330 3.130696 -2.294486
v 8.419670 3.130696 1.477030
v 5.563557 3.130696 -1.606633
v 6.586807 7.187539 1.847296
v 7.302330 7.187490 -2.294487
v 5.563557 7.187421 -1.606633
v 8.419670 7.187422 1.477030
v 5.563557 7.187421 -1.606633
v 6.586811 3.130696 1.847296
v 6.586807 7.187539 1.847296
v 5.563557 3.130696 -1.606633
v 8.419670 7.187422 1.477030
v 7.302330 3.130696 -2.294486
v 7.302330 7.187490 -2.294487
v 8.419670 3.130696 1.477030
v 6.586807 7.187539 1.847296
v 6.586811 3.130696 1.847296
v 8.419670 7.187422 1.477030
v 8.419670 3.130696 1.477030
v 7.302330 7.187490 -2.294487
v 7.302330 3.130696 -2.294486
v 5.563557 7.187421 -1.606633
v 5.563557 3.130696 -1.606633
v -2.269493 3.130696 22.928518
v 0.565861 3.130696 20.706480
v 1.845093 3.130696 22.070307
v -1.250965 3.130696 24.496664
v 0.565857 7.187588 20.706482
v -1.250965 7.187588 24.496666
v 1.845093 7.187656 22.070309
v -2.269493 7.187706 22.928518
v 0.565857 7.187588 20.706482
v -2.269493 3.130696 22.928518
v -2.269493 7.187706 22.928518
v 0.565861 3.130696 20.706480
v -1.250965 7.187588 24.496666
v 1.845093 3.130696 22.070307
v 1.845093 7.187656 22.070309
v -1.250965 3.130696 24.496664
v -2.269493 7.187706 22.928518
v -2.269493 3.130696 22.928518
v -1.250965 7.187588 24.496666
v -1.250965 3.130696 24.496664
v 1.845093 7.187656 22.070309
v 1.845093 3.130696 22.070307
v 0.565857 7.187588 20.706482
v 0.565861 3.130696 20.706480
v 0.552692 3.130696 20.692446
v 3.262115 3.130696 17.575584
v 4.811329 3.130696 18.667068
v 1.849182 3.130696 22.074667
v 1.849182 7.187606 22.074667
v 4.811329 7.187673 18.667068
v 3.262115 7.187605 17.575584
v 0.552692 7.187723 20.692446
v 3.262115 7.187605 17.575584
v 0.552692 3.130696 20.692446
v 0.552692 7.187723 20.692446
v 3.262115 3.130696 17.575584
v 1.849182 7.187606 22.074667
v 4.811329 3.130696 18.667068
v 4.811329 7.187673 18.667068
v 1.849182 3.130696 22.074667
v 0.552692 7.187723 20.692446
v 0.552692 3.130696 20.692446
v 1.849182 7.187606 22.074667
v 1.849182 3.130696 22.074667
v 4.811329 7.187673 18.667068
v 4.811329 3.130696 18.667068
v 3.262115 7.187605 17.575584
v 3.262115 3.130696 17.575584
v -7.167187 3.130696 -13.589362
v -9.743382 3.130696 -14.226341
v -9.446480 3.130696 -15.882645
v -6.658005 3.130696 -15.193180
v -9.446480 7.160164 -15.882647
v -7.167187 7.160214 -13.589361
v -6.658005 7.160102 -15.193180
v -9.743382 7.160102 -14.226341
v -9.743382 7.160102 -14.226341
v -7.167187 3.130696 -13.589362
v -7.167187 7.160214 -13.589361
v -9.743382 3.130696 -14.226341
v -6.658005 7.160102 -15.193180
v -9.446480 3.130696 -15.882645
v -9.446480 7.160164 -15.882647
v -6.658005 3.130696 -15.193180
v -7.167187 7.160214 -13.589361
v -7.167187 3.130696 -13.589362
v -6.658005 7.160102 -15.193180
v -6.658005 3.130696 -15.193180
v -9.446480 7.160164 -15.882647
v -9.446480 3.130696 -15.882645
v -9.743382 7.160102 -14.226341
v -9.743382 3.130696 -14.226341
v -27.580135 3.130696 -11.220530
v -29.107929 3.130696 -6.979207
v -30.585590 3.130696 -8.184229
v -26.360086 3.130696 -9.755246
v -26.360088 7.333975 -9.755246
v -30.585590 7.333926 -8.184232
v -29.107929 7.333858 -6.979207
v -27.580135 7.333858 -11.220530
v -20.321228 7.265759 -13.279949
v -20.321228 3.130696 -13.279948
v -20.952364 7.265647 -15.013186
v -20.952360 3.130696 -15.013186
v -24.736824 7.265709 -13.214865
v -24.736824 3.130696 -13.214863
v -23.791647 7.265647 -11.630853
v -23.791641 3.130696 -11.630852
v -20.321228 3.130696 -13.279948
v -23.791641 3.130696 -11.630852
v -20.952360 3.130696 -15.013186
v -24.736824 3.130696 -13.214863
v -24.736824 7.265709 -13.214865
v -20.321228 7.265759 -13.279949
v -20.952364 7.265647 -15.013186
v -23.791647 7.265647 -11.630853
v -29.107929 7.333858 -6.979207
v -26.360086 3.130696 -9.755246
v -26.360088 7.333975 -9.755246
v -29.107929 3.130696 -6.979207
v -27.580135 7.333858 -11.220530
v -30.585590 3.130696 -8.184229
v -30.585590 7.333926 -8.184232
v -27.580135 3.130696 -11.220530
v -20.321228 7.265759 -13.279949
v -23.791647 7.265647 -11.630853
v -20.321228 3.130696 -13.279948
v -23.791641 3.130696 -11.630852
v -20.952364 7.265647 -15.013186
v -24.736824 3.130696 -13.214863
v -24.736824 7.265709 -13.214865
v -20.952360 3.130696 -15.013186
v -26.360088 7.333975 -9.755246
v -26.360086 3.130696 -9.755246
v -27.580135 7.333858 -11.220530
v -27.580135 3.130696 -11.220530
v -30.585590 7.333926 -8.184232
v -30.585590 3.130696 -8.184229
v -29.107929 7.333858 -6.979207
v -29.107929 3.130696 -6.979207
v -23.797541 3.130696 -11.640673
v -27.541405 3.130696 -11.173985
v -24.713825 3.130696 -13.176266
v -26.397202 3.130696 -9.799785
v -23.797541 7.408948 -11.640673
v -27.541412 7.408898 -11.173983
v -26.397205 7.408831 -9.799785
v -24.713825 7.408831 -13.176267
v -23.797541 7.408948 -11.640673
v -26.397205 7.408831 -9.799785
v -23.797541 3.130696 -11.640673
v -26.397202 3.130696 -9.799785
v -24.713825 7.408831 -13.176267
v -27.541405 3.130696 -11.173985
v -27.541412 7.408898 -11.173983
v -24.713825 3.130696 -13.176266
v -23.797541 7.408948 -11.640673
v -23.797541 3.130696 -11.640673
v -24.713825 7.408831 -13.176267
v -24.713825 3.130696 -13.176266
v -27.541412 7.408898 -11.173983
v -27.541405 3.130696 -11.173985
v -26.397205 7.408831 -9.799785
v -26.397202 3.130696 -9.799785
v -20.330839 3.130696 -13.306357
v -17.813871 3.130696 -15.760883
v -17.474356 3.130696 -14.116650
v -20.905291 3.130696 -14.883904
v -20.330843 6.982979 -13.306359
v -17.813873 6.982979 -15.760883
v -20.905291 6.983047 -14.883904
v -17.474358 6.983097 -14.116650
v -20.330843 6.982979 -13.306359
v -17.474356 3.130696 -14.116650
v -17.474358 6.983097 -14.116650
v -20.330839 3.130696 -13.306357
v -17.813873 6.982979 -15.760883
v -20.905291 3.130696 -14.883904
v -20.905291 6.983047 -14.883904
v -17.813871 3.130696 -15.760883
v -17.474358 6.983097 -14.116650
v -17.474356 3.130696 -14.116650
v -17.813873 6.982979 -15.760883
v -17.813871 3.130696 -15.760883
v -20.905291 6.983047 -14.883904
v -20.905291 3.130696 -14.883904
v -20.330843 6.982979 -13.306359
v -20.330839 3.130696 -13.306357
v -30.476282 3.130696 -8.095054
v -30.712194 3.130696 -4.870360
v -32.143154 3.130696 -5.755720
v -29.172216 3.130696 -7.031608
v -30.712196 7.159941 -4.870361
v -29.172220 7.160052 -7.031608
v -30.476282 7.159941 -8.095055
v -32.143154 7.160004 -5.755720
v -30.712196 7.159941 -4.870361
v -29.172216 3.130696 -7.031608
v -29.172220 7.160052 -7.031608
v -30.712194 3.130696 -4.870360
v -30.476282 7.159941 -8.095055
v -32.143154 3.130696 -5.755720
v -32.143154 7.160004 -5.755720
v -30.476282 3.130696 -8.095054
v -29.172220 7.160052 -7.031608
v -29.172216 3.130696 -7.031608
v -30.476282 7.159941 -8.095055
v -30.476282 3.130696 -8.095054
v -32.143154 7.160004 -5.755720
v -32.143154 3.130696 -5.755720
v -30.712196 7.159941 -4.870361
v -30.712194 3.130696 -4.870360
v -7.192284 3.130696 -13.510305
v -2.686340 3.130696 -13.649824
v -3.600090 3.130696 -11.976311
v -6.615318 3.130696 -15.327639
v -2.715382 3.130696 -13.596693
v -0.904217 3.130696 -10.286998
v -3.572327 3.130696 -12.027210
v 0.186649 3.130696 -11.703910
v -0.904217 7.409111 -10.287000
v -2.715382 7.409061 -13.596696
v -3.572327 7.408994 -12.027209
v 0.186649 7.408994 -11.703912
v -6.615318 7.334090 -15.327639
v -3.600090 7.334140 -11.976312
v -2.686340 7.334022 -13.649824
v -7.192284 7.334022 -13.510307
v 1.898891 7.265920 -7.657448
v 1.898895 3.130696 -7.657448
v 3.278435 7.265808 -8.881909
v 3.278435 3.130696 -8.881909
v 0.214077 7.265870 -11.739496
v 0.214077 3.130696 -11.739498
v -0.911182 7.265808 -10.277912
v -0.911182 3.130696 -10.277909
v 3.278435 3.130696 -8.881909
v -0.911182 3.130696 -10.277909
v 0.214077 3.130696 -11.739498
v 1.898895 3.130696 -7.657448
v 3.278435 7.265808 -8.881909
v -0.911182 7.265808 -10.277912
v 1.898891 7.265920 -7.657448
v 0.214077 7.265870 -11.739496
v -0.904217 7.409111 -10.287000
v -3.572327 7.408994 -12.027209
v -0.904217 3.130696 -10.286998
v -3.572327 3.130696 -12.027210
v 0.186649 7.408994 -11.703912
v -2.715382 3.130696 -13.596693
v -2.715382 7.409061 -13.596696
v 0.186649 3.130696 -11.703910
v -7.192284 7.334022 -13.510307
v -3.600090 3.130696 -11.976311
v -3.600090 7.334140 -11.976312
v -7.192284 3.130696 -13.510305
v -2.686340 7.334022 -13.649824
v -6.615318 3.130696 -15.327639
v -6.615318 7.334090 -15.327639
v -2.686340 3.130696 -13.649824
v 1.898891 7.265920 -7.657448
v -0.911182 7.265808 -10.277912
v 1.898895 3.130696 -7.657448
v -0.911182 3.130696 -10.277909
v 3.278435 7.265808 -8.881909
v 0.214077 3.130696 -11.739498
v 0.214077 7.265870 -11.739496
v 3.278435 3.130696 -8.881909
v -0.904217 7.409111 -10.287000
v -0.904217 3.130696 -10.286998
v 0.186649 7.408994 -11.703912
v 0.186649 3.130696 -11.703910
v -2.715382 7.409061 -13.596696
v -2.715382 3.130696 -13.596693
v -3.572327 7.408994 -12.027209
v -3.572327 3.130696 -12.027210
v -3.600090 7.334140 -11.976312
v -3.600090 3.130696 -11.976311
v -2.686340 7.334022 -13.649824
v -2.686340 3.130696 -13.649824
v -6.615318 7.334090 -15.327639
v -6.615318 3.130696 -15.327639
v -7.192284 7.334022 -13.510307
v -7.192284 3.130696 -13.510305
v 3.175518 3.130696 -8.790597
v 5.128201 3.130696 -6.238545
v 1.919895 3.130696 -7.676123
v 3.724144 3.130696 -5.317997
v 1.919895 6.983141 -7.676126
v 3.724144 6.983260 -5.317998
v 5.128201 6.983142 -6.238546
v 3.175518 6.983210 -8.790599
v 1.919895 6.983141 -7.676126
v 3.724144 3.130696 -5.317997
v 3.724144 6.983260 -5.317998
v 1.919895 3.130696 -7.676123
v 5.128201 6.983142 -6.238546
v 3.175518 3.130696 -8.790597
v 3.175518 6.983210 -8.790599
v 5.128201 3.130696 -6.238545
v 3.724144 6.983260 -5.317998
v 3.724144 3.130696 -5.317997
v 5.128201 6.983142 -6.238546
v 5.128201 3.130696 -6.238545
v 3.175518 6.983210 -8.790599
v 3.175518 3.130696 -8.790597
v 1.919895 6.983141 -7.676126
v 1.919895 3.130696 -7.676123
v -32.230152 3.130696 -5.809547
v -32.256611 3.130696 -1.606496
v -33.995392 3.130696 -2.294336
v -30.640009 3.130696 -4.825703
v -32.230152 7.187420 -5.809547
v -32.256615 7.187420 -1.606495
v -30.640015 7.187538 -4.825702
v -33.995392 7.187489 -2.294336
v -32.256615 7.187420 -1.606495
v -30.640009 3.130696 -4.825703
v -30.640015 7.187538 -4.825702
v -32.256611 3.130696 -1.606496
v -32.230152 7.187420 -5.809547
v -33.995392 3.130696 -2.294336
v -33.995392 7.187489 -2.294336
v -32.230152 3.130696 -5.809547
v -30.640015 7.187538 -4.825702
v -30.640009 3.130696 -4.825703
v -32.230152 7.187420 -5.809547
v -32.230152 3.130696 -5.809547
v -33.995392 7.187489 -2.294336
v -33.995392 3.130696 -2.294336
v -32.256615 7.187420 -1.606495
v -32.256611 3.130696 -1.606496
v -9.758354 3.130696 -14.142794
v -13.346516 3.130696 -14.461843
v -13.346516 3.130696 -16.331736
v -9.428417 3.130696 -15.983345
v -13.346516 7.187653 -16.331738
v -9.758354 7.187702 -14.142794
v -9.428425 7.187585 -15.983345
v -13.346516 7.187585 -14.461847
v -13.346516 7.187585 -14.461847
v -9.758354 3.130696 -14.142794
v -9.758354 7.187702 -14.142794
v -13.346516 3.130696 -14.461843
v -9.428425 7.187585 -15.983345
v -13.346516 3.130696 -16.331736
v -13.346516 7.187653 -16.331738
v -9.428417 3.130696 -15.983345
v -9.758354 7.187702 -14.142794
v -9.758354 3.130696 -14.142794
v -9.428425 7.187585 -15.983345
v -9.428417 3.130696 -15.983345
v -13.346516 7.187653 -16.331738
v -13.346516 3.130696 -16.331736
v -13.346516 7.187585 -14.461847
v -13.346516 3.130696 -14.461843
v -17.454992 3.130696 -14.022858
v -13.346512 3.130696 -16.337709
v -13.346516 3.130696 -14.442604
v -17.838226 3.130696 -15.878807
v -13.346516 7.187602 -16.337711
v -17.838226 7.187671 -15.878807
v -17.454994 7.187602 -14.022858
v -13.346516 7.187720 -14.442606
v -17.454994 7.187602 -14.022858
v -13.346516 3.130696 -14.442604
v -13.346516 7.187720 -14.442606
v -17.454992 3.130696 -14.022858
v -13.346516 7.187602 -16.337711
v -17.838226 3.130696 -15.878807
v -17.838226 7.187671 -15.878807
v -13.346512 3.130696 -16.337709
v -13.346516 7.187720 -14.442606
v -13.346516 3.130696 -14.442604
v -13.346516 7.187602 -16.337711
v -13.346512 3.130696 -16.337709
v -17.838226 7.187671 -15.878807
v -17.838226 3.130696 -15.878807
v -17.454994 7.187602 -14.022858
v -17.454992 3.130696 -14.022858
v 5.545700 3.130696 -1.599488
v 5.228893 3.130696 -6.304567
v 7.307915 3.130696 -2.296609
v 3.644047 3.130696 -5.265489
v 5.545696 7.187883 -1.599487
v 5.228893 7.187834 -6.304567
v 3.644047 7.187765 -5.265489
v 7.307915 7.187765 -2.296609
v 3.644047 7.187765 -5.265489
v 5.545700 3.130696 -1.599488
v 5.545696 7.187883 -1.599487
v 3.644047 3.130696 -5.265489
v 7.307915 7.187765 -2.296609
v 5.228893 3.130696 -6.304567
v 5.228893 7.187834 -6.304567
v 7.307915 3.130696 -2.296609
v 5.545696 7.187883 -1.599487
v 5.545700 3.130696 -1.599488
v 7.307915 7.187765 -2.296609
v 7.307915 3.130696 -2.296609
v 5.228893 7.187834 -6.304567
v 5.228893 3.130696 -6.304567
v 3.644047 7.187765 -5.265489
v 3.644047 3.130696 -5.265489
vn 0.0035 1.0000 0.0043
vn 0.0039 1.0000 0.0039
vn 0.0040 -1.0000 0.0040
vn 0.0039 -1.0000 0.0039
vn 0.0052 -1.0000 0.0021
vn -0.7528 0.0039 0.6582
vn 0.8582 0.0039 0.5133
vn 0.8582 0.0039 0.5134
vn 0.3653 0.0039 0.9309
vn -0.1293 0.0039 0.9916
vn -0.1285 -0.0036 0.9917
vn -0.1366 0.0058 0.9906
vn 0.6833 0.0039 0.7301
vn 0.6833 0.0038 0.7301
vn -0.6328 0.0039 0.7743
vn -0.0054 1.0000 0.0015
vn 0.0009 1.0000 0.0054
vn -0.9958 0.0040 -0.0913
vn 0.8153 0.0039 -0.5790
vn -0.9548 0.0040 -0.2971
vn 0.6413 0.0039 -0.7673
vn -0.5226 0.0039 0.8526
vn 0.8723 0.0039 0.4890
vn 0.9978 0.0039 0.0665
vn -0.9335 0.0040 0.3585
vn -0.9335 0.0039 0.3584
vn 0.0905 0.0039 -0.9959
vn -0.2804 0.0039 -0.9599
vn -0.6145 0.0040 -0.7889
vn -0.8253 0.0040 -0.5647
vn -0.8253 0.0039 -0.5647
vn 0.3910 0.0039 -0.9204
vn 0.9455 0.0039 -0.3256
vn -0.9982 0.0040 0.0592
vn -0.9982 0.0039 0.0592
vn 0.9781 0.0039 0.2082
vn -0.7711 0.0040 0.6367
vn -0.5790 0.0039 0.8153
vn 0.6242 0.0039 0.7812
vn 0.7265 0.0039 0.6872
vn -0.7265 0.0039 0.6872
vn 0.6627 0.0039 0.7489
vn 0.7332 -0.1139 0.6704
vn 0.9171 0.0248 0.3980
vn 0.9464 -0.0916 0.3097
vn 0.8805 0.2105 0.4248
vn 0.9625 0.0039 0.2711
vn 0.9906 0.0039 0.1370
vn 0.9983 0.0039 -0.0587
vn 0.9708 0.0039 -0.2398
vn 0.8670 0.0039 -0.4983
vn 0.8670 0.0039 -0.4982
vn 0.6748 0.0039 -0.7380
vn 0.5556 0.0039 -0.8314
vn -0.2805 0.0039 -0.9599
vn -0.6006 0.0039 -0.7995
vn -0.9298 0.0040 -0.3680
vn -0.9943 0.0040 -0.1070
vn -1.0000 0.0039 0.0039
vn -0.9996 0.0040 0.0277
vn 0.0274 0.0039 0.9996
vn 0.3882 0.0039 0.9216
vn 0.6952 0.0039 0.7188
vn -0.2398 0.0039 0.9708
vn -0.2856 0.0039 0.9583
vn -0.3351 0.0039 0.9422
vn 0.8417 0.3802 0.3835
vn 0.8055 0.0587 0.5897
vn 0.5339 -0.0835 0.8414
vn 0.7508 0.1530 0.6425
vn 0.5761 -0.3584 0.7346
vn 0.6441 0.0257 0.7645
vn 0.7797 0.1990 0.5936
vn 0.6088 -0.5866 0.5340
vn 0.5159 0.0193 0.8564
vn 0.9463 0.0707 0.3153
vn 0.2729 0.4482 0.8513
vn -0.3526 -0.0309 -0.9353
vn -0.1894 -0.0558 -0.9803
vn -0.3471 0.0129 -0.9377
vn -0.1251 0.0598 -0.9903
vn -0.0004 -0.0625 -0.9980
vn -0.0316 0.0308 -0.9990
vn -0.0636 -0.0364 -0.9973
vn -0.0188 0.0544 -0.9983
vn -0.0118 -0.0197 -0.9997
vn -0.3515 -0.0119 -0.9361
vn -0.3537 0.0382 -0.9346
vn -0.3754 -0.0180 -0.9267
vn -0.4322 0.0357 -0.9011
vn -0.5440 -0.0174 -0.8389
vn -0.6053 0.0353 -0.7952
vn 0.1454 -0.1429 -0.9790
vn 0.2287 0.1622 -0.9599
vn 0.1994 -0.0557 -0.9783
vn 0.1904 -0.0873 -0.9778
vn 0.2895 0.1525 -0.9450
vn 0.2966 -0.0593 -0.9531
vn 0.7757 0.5547 0.3010
vn 0.9184 -0.0042 0.3955
vn 0.9495 -0.2118 0.2315
vn 0.9970 0.0408 0.0657
vn 0.0053 1.0000 0.0014
vn 0.0036 1.0000 0.0042
vn -0.6589 0.0133 -0.7521
vn 0.6718 0.4603 -0.5804
vn 0.0002 1.0000 0.0056
vn 0.0052 1.0000 0.0020
vn 0.0038 1.0000 0.0041
vn 0.0039 1.0000 0.0040
vn 0.0040 1.0000 0.0039
vn 0.0040 1.0000 0.0038
vn 0.9569 -0.1998 0.2107
vn 0.4643 0.2870 0.8379
vn 0.0498 0.9986 0.0155
vn 0.5295 0.8276 0.1865
vn 0.7237 0.6766 0.1360
vn 0.7869 0.5655 0.2469
vn 0.4315 -0.0832 0.8983
vn 0.4481 -0.0253 0.8936
vn 0.6519 0.5590 0.5124
vn 0.5872 -0.3686 0.7206
vn 0.6165 -0.2159 0.7571
vn 0.7199 -0.3916 0.5731
vn 0.2211 -0.0969 0.9704
vn 0.2861 0.4831 0.8275
vn 0.7661 -0.4116 0.4936
vn 0.4772 0.7689 0.4255
vn 0.5761 0.7205 0.3859
vn 0.6341 0.6609 0.4015
vn 0.4954 0.5627 0.6618
vn 0.3964 -0.3441 0.8511
vn -0.0434 0.0355 -0.9984
vn 0.0434 0.0748 -0.9963
vn -0.4621 0.2805 -0.8413
vn 0.0510 0.7101 -0.7023
vn 0.1380 0.1301 -0.9818
vn 0.0983 0.7115 -0.6958
vn 0.2172 0.1302 -0.9674
vn 0.1531 0.7105 -0.6869
vn 0.2157 0.7098 -0.6706
vn 0.2962 0.1461 -0.9439
vn 0.0828 0.6036 -0.7930
vn 0.2973 0.1704 -0.9395
vn -0.5339 -0.1780 -0.8266
vn -0.0434 -0.0119 -0.9990
vn -0.0119 -0.0197 -0.9997
vn -0.3840 -0.3761 -0.8433
vn -0.3680 -0.0040 -0.9298
vn -0.7095 -0.1626 -0.6857
vn -0.5976 -0.3443 -0.7242
vn 0.8756 -0.3713 -0.3090
vn 0.6541 0.3799 -0.6541
vn -0.1304 -0.4227 -0.8968
vn 0.2967 -0.0593 -0.9531
vn -0.3045 -0.2413 -0.9215
vn 0.2171 -0.0513 -0.9748
vn -0.1704 -0.3843 -0.9073
vn 0.2253 -0.1067 -0.9684
vn -0.3512 0.0434 -0.9353
vn -0.4138 0.5556 -0.7211
vn -0.1694 0.5869 -0.7917
vn -0.0118 0.0671 -0.9977
vn -0.6769 0.2257 -0.7007
vn -0.3679 0.0198 -0.9296
vn -0.3041 0.0355 -0.9520
vn -0.2007 0.7044 -0.6808
vn -0.2094 0.0592 -0.9760
vn -0.1454 0.7113 -0.6877
vn -0.1223 0.0670 -0.9902
vn -0.0827 0.7125 -0.6968
vn -0.0275 0.7107 -0.7029
vn -0.0433 0.0670 -0.9968
vn 0.6275 -0.7650 0.1450
vn 0.6338 -0.7266 0.2651
vn 0.6229 -0.7697 0.1394
vn 0.5393 -0.8032 0.2529
vn 0.6748 -0.6337 0.3782
vn 0.4663 -0.8135 0.3474
vn 0.4541 -0.8213 0.3454
vn 0.5937 -0.5921 0.5449
vn 0.3892 -0.7865 0.4795
vn 0.3923 -0.7759 0.4941
vn 0.3397 -0.7359 0.5858
vn 0.2963 -0.7722 0.5621
vn -0.4966 0.0510 0.8665
vn -0.4556 0.1051 0.8840
vn -0.5407 -0.2074 0.8153
vn -0.5840 -0.0006 0.8118
vn -0.5842 0.0039 0.8116
vn -0.6582 0.0039 0.7528
vn -0.7304 0.0039 0.6830
vn -0.7304 0.0040 0.6830
vn -0.7919 0.0039 0.6106
vn -0.8504 0.0039 0.5261
vn -0.8504 0.0040 0.5261
vn -0.8983 0.0040 0.4393
vn -0.9362 0.0039 0.3515
vn -0.9362 0.0040 0.3516
vn -0.9666 0.0039 0.2564
vn -0.9867 0.0040 0.1625
vn -0.9994 0.0040 -0.0355
vn -0.9994 0.0039 -0.0356
vn -0.9924 0.0039 -0.1226
vn -0.9925 0.0040 -0.1226
vn -0.9826 0.0039 -0.1855
vn -0.4582 0.0039 0.8889
vn -0.4581 0.0039 0.8889
vn -0.7919 0.0039 0.6107
vn -0.9934 0.0040 -0.1148
vn 0.0040 -1.0000 0.0039
vn 0.4675 0.0039 -0.8840
vn 0.5226 0.0039 -0.8526
vn 0.5931 0.0039 -0.8052
vn 0.6666 0.0039 -0.7454
vn 0.7380 0.0039 -0.6748
vn 0.7380 0.0040 -0.6748
vn 0.7986 0.0039 -0.6019
vn 0.8561 0.0039 -0.5168
vn 0.9029 0.0039 -0.4298
vn 0.9397 0.0039 -0.3421
vn 0.9690 0.0039 -0.2471
vn 0.9881 0.0039 -0.1536
vn 0.9987 0.0039 -0.0509
vn 0.9991 0.0039 0.0431
vn 0.9902 -0.0008 0.1394
vn 0.9796 -0.0077 0.2008
vn 0.9769 -0.0089 0.2133
vn 0.9582 0.0173 0.2855
vn -0.5394 0.1221 0.8331
vn -0.4574 -0.0578 0.8874
vn -0.4971 -0.0054 0.8676
vn -0.5838 0.0086 0.8118
vn -0.9666 0.0040 0.2564
vn -0.9867 0.0039 0.1624
vn -0.5623 0.0497 0.8254
vn -0.5617 0.0549 0.8255
vn -0.5805 0.0047 0.8143
vn -0.5805 0.0039 0.8142
vn -0.8984 0.0039 0.4393
vn -0.9826 0.0040 -0.1855
vn -0.5805 0.0032 0.8143
vn -0.5625 -0.0212 0.8265
vn -0.5628 -0.0265 0.8262
vn -0.5225 0.0039 0.8526
vn 0.2825 0.7258 0.6272
vn 0.3579 0.7643 0.5365
vn 0.3637 0.7671 0.5285
vn 0.4874 0.6808 0.5468
vn -0.3040 -0.0513 -0.9513
vn -0.3841 -0.0356 -0.9226
vn -0.2105 -0.7108 -0.6711
vn -0.2727 -0.7074 -0.6521
vn -0.1462 -0.7074 -0.6916
vn -0.2095 -0.0592 -0.9760
vn -0.3205 -0.7082 -0.6291
vn -0.4643 -0.0357 -0.8850
vn -0.4100 -0.6568 -0.6329
vn -0.5352 -0.0277 -0.8443
vn -0.4724 -0.6232 -0.6232
vn -0.6055 -0.0277 -0.7954
vn -0.0831 -0.7086 -0.7007
vn -0.1224 -0.0591 -0.9907
vn -0.0276 -0.7068 -0.7069
vn -0.0434 -0.0669 -0.9968
vn 0.0355 -0.7067 -0.7066
vn 0.0436 -0.0911 -0.9949
vn 0.0988 -0.7076 -0.6997
vn 0.1381 -0.1223 -0.9828
vn 0.1539 -0.7065 -0.6907
vn 0.2174 -0.1225 -0.9684
vn 0.2093 -0.7071 -0.6755
vn 0.2877 -0.1221 -0.9499
vn -0.6785 -0.0278 -0.7340
vn -0.5340 -0.6211 -0.5736
vn 0.6560 -0.3732 -0.6560
vn -0.6619 -0.0277 -0.7491
vn 0.0055 1.0000 -0.0008
vn -0.2728 0.6998 -0.6602
vn -0.3907 0.0434 -0.9195
vn -0.4641 0.0436 -0.8847
vn -0.3257 0.7103 -0.6240
vn -0.4078 0.6613 -0.6296
vn -0.5350 0.0357 -0.8441
vn -0.4701 0.6281 -0.6202
vn -0.6053 0.0356 -0.7952
vn -0.6783 0.0357 -0.7339
vn -0.5314 0.6259 -0.5708
vn 0.6541 0.3800 -0.6541
vn -0.6618 0.0356 -0.7489
vn 0.0009 0.9994 0.0341
vn -0.3792 0.8851 0.2699
vn -0.0025 0.9995 0.0310
vn 0.0123 -0.9999 0.0042
vn -0.9996 0.0036 0.0276
vn -0.9996 -0.0094 0.0265
vn 0.0262 -0.9996 -0.0068
vn 0.9874 0.0079 0.1583
vn 0.6225 0.7776 -0.0882
vn 0.9948 -0.0119 0.1016
vn 0.9992 -0.0298 0.0274
vn -0.0238 0.9997 0.0009
vn -0.5762 0.7179 -0.3907
vn -0.0330 0.9995 0.0003
vn -0.0298 0.9991 0.0296
vn -0.0354 0.9986 0.0380
vn -0.8344 0.2545 0.4888
vn 0.0382 0.9992 -0.0140
vn 0.0560 0.9983 -0.0184
vn 0.9121 0.4066 -0.0522
vn -0.0297 0.9993 0.0216
vn -0.5857 0.7930 -0.1676
vn -0.0316 0.9994 0.0167
vn 0.0036 -1.0000 0.0040
vn 0.0698 -0.9739 0.2162
vn 0.0037 -1.0000 0.0040
vn 0.0014 1.0000 0.0017
vn -0.2288 0.7130 0.6628
vn -0.0158 0.9994 0.0301
vn -0.0358 0.9746 0.2213
vn -0.0204 0.9991 0.0360
vn 0.0155 0.9989 0.0437
vn 0.0212 0.9989 0.0427
vn -0.4441 0.6141 0.6525
vn 0.0283 0.9993 0.0259
vn -0.1306 0.8991 0.4178
vn 0.0256 0.9989 0.0404
vn -0.0079 0.9995 0.0307
vn -0.0145 0.9990 0.0423
vn -0.7285 0.6345 0.2585
vn -0.9904 0.0039 -0.1381
vn 0.0039 -1.0000 0.0040
vn 0.9951 0.0039 -0.0983
vn -0.8290 0.0040 -0.5593
vn -0.5246 -0.0113 -0.8513
vn -0.0044 1.0000 0.0005
vn 0.9741 0.1672 -0.1524
vn -0.6804 0.7095 0.1835
vn -0.5678 0.7965 0.2080
vn 0.0679 0.9916 -0.1100
vn 0.9991 0.0040 -0.0431
vn 0.9996 0.0040 -0.0274
vn 0.9984 0.0187 0.0541
vn -0.9978 0.0034 -0.0660
vn -0.9972 0.0014 -0.0750
vn 0.8787 -0.4687 -0.0906
vn 0.8840 -0.4594 -0.0863
vn 0.4681 0.8682 0.1645
vn 0.8552 0.4709 0.2165
vn 0.9996 0.0271 0.0025
vn 0.9993 0.0311 -0.0220
vn 0.7070 0.7047 0.0597
vn 0.1560 -0.9599 0.2328
vn 0.9992 -0.0340 -0.0229
vn -0.2704 0.9613 -0.0526
vn 0.9981 0.0215 0.0585
vn -0.2732 0.0039 -0.9620
vn -0.2731 0.0040 -0.9620
vn -0.2774 0.0009 -0.9607
vn 0.9755 0.2157 0.0423
vn 0.9627 0.2517 0.0991
vn 0.2229 -0.9351 -0.2756
vn 0.5439 0.8391 0.0011
vn 0.7268 -0.6803 -0.0951
vn -0.4035 -0.9055 0.1312
vn 0.0036 -1.0000 0.0039
vn 0.0771 -0.9554 -0.2851
vn 0.0037 -1.0000 0.0039
vn 0.0035 -1.0000 0.0038
vn 0.0036 -1.0000 0.0038
vn 0.0037 -1.0000 0.0041
vn -0.0435 -0.9046 0.4241
vn -0.0620 -0.9961 0.0635
vn 0.0082 0.9991 0.0419
vn -0.0233 0.1923 0.9811
vn 0.0087 0.9988 0.0488
vn 0.2393 0.3542 0.9040
vn -0.6049 -0.6296 0.4876
vn -0.9953 -0.0010 -0.0971
vn -0.5310 -0.8048 0.2651
vn -0.0018 -1.0000 0.0014
vn 0.4614 -0.7993 -0.3851
vn 0.0916 -0.9956 -0.0175
vn 0.4407 -0.8718 -0.2140
vn 0.6538 -0.7354 -0.1779
vn 0.0046 -0.9282 -0.3720
vn 0.7708 -0.6248 -0.1245
vn 0.0059 -0.9996 0.0276
vn -0.0529 -0.9983 -0.0261
vn -0.1693 -0.9689 -0.1805
vn 0.0504 -0.9962 0.0705
vn 0.0040 -1.0000 0.0042
vn -0.1959 -0.9805 -0.0128
vn 0.0040 -1.0000 0.0041
vn -0.0690 -0.9967 -0.0432
vn -0.4405 -0.8927 0.0947
vn -0.0063 -0.9954 0.0952
vn -0.0149 -0.9964 0.0831
vn -0.2435 -0.7847 0.5701
vn -0.2078 -0.9729 -0.1014
vn -0.9910 -0.0654 -0.1168
vn -0.8664 -0.4417 0.2327
vn -0.7937 0.3093 0.5237
vn -0.9999 0.0051 0.0136
vn -0.2733 -0.9339 -0.2305
vn -0.9081 -0.1378 0.3953
vn -0.3495 -0.9366 0.0245
vn -0.8290 0.0039 -0.5593
vn -0.5261 0.0040 -0.8504
vn 0.9215 0.0039 -0.3883
vn 0.6114 -0.7693 -0.1854
vn 0.4538 -0.8643 -0.2170
vn -0.9998 0.0040 -0.0197
vn -0.9999 0.0040 -0.0119
vn -0.9996 0.0040 -0.0276
vn 0.7134 -0.6818 -0.1616
vn -0.0322 0.9994 -0.0083
vn -0.3475 0.6967 -0.6276
vn -0.0295 0.9995 -0.0130
vn -0.0357 0.9993 0.0053
vn -0.0373 0.9992 0.0133
vn -0.8411 0.4889 -0.2315
vn 0.8249 -0.3153 0.4693
vn 0.4121 -0.8008 0.4347
vn 0.9909 0.1337 0.0181
vn 0.2240 -0.6826 -0.6956
vn 0.9993 -0.0210 0.0300
vn 0.9873 -0.1580 0.0191
vn 0.8024 0.4959 0.3322
vn 0.5445 0.1431 0.8265
vn -0.8494 0.1045 -0.5172
vn -0.3247 0.0346 -0.9452
vn -0.7506 0.3802 -0.5405
vn 0.2655 0.9635 0.0331
vn 0.9508 0.1040 0.2918
vn 0.9973 0.0638 0.0370
vn -0.9593 0.0712 -0.2732
vn -0.8005 0.1096 -0.5892
vn -0.9579 0.0820 -0.2753
vn -0.9235 -0.2990 -0.2403
vn -0.7010 0.0826 -0.7083
vn -0.1415 -0.1000 -0.9849
vn -0.6933 -0.5707 -0.4401
vn -0.6973 0.0716 -0.7131
vn 0.9991 0.0089 0.0409
vn -0.9535 0.0280 0.3000
vn -0.9056 -0.3619 0.2212
vn -0.9037 -0.0148 0.4280
vn 0.0039 -1.0000 0.0041
vn 0.0597 -0.9957 0.0704
vn -0.0147 -0.8697 -0.4933
vn -0.1986 -0.9800 -0.0150
vn -0.2428 -0.9426 -0.2294
vn -0.0457 0.9988 0.0186
vn -0.0348 0.9994 -0.0075
vn -0.4751 0.6935 -0.5416
vn -0.9987 0.0039 -0.0513
vn 0.8228 -0.5550 -0.1221
vn 0.7784 -0.6124 -0.1383
vn -0.9994 0.0039 -0.0355
vn 0.2327 -0.9423 -0.2405
vn -0.0276 -0.9700 -0.2415
vn -1.0000 0.0040 -0.0039
vn -1.0000 0.0040 0.0039
vn -0.9994 0.0040 0.0355
vn 0.9966 0.0039 -0.0827
vn 0.2174 0.0040 -0.9761
vn -0.9298 0.0039 -0.3680
vn 0.9555 0.0039 -0.2949
vn -0.0123 -0.9997 0.0213
vn 0.0197 -0.9991 0.0384
vn 0.0040 -1.0000 0.0043
vn 0.8780 -0.4694 -0.0939
vn 0.8100 -0.5768 -0.1063
vn 0.8260 -0.5514 -0.1168
vn -0.0472 -0.9699 -0.2390
vn 0.2299 -0.9412 -0.2476
vn 0.0209 -0.9998 -0.0001
vn -0.9982 0.0040 -0.0592
vn 0.8547 -0.5081 -0.1064
vn -0.9977 0.0040 -0.0671
vn 0.8547 -0.5081 -0.1063
vn 0.8786 -0.4689 -0.0906
vn 0.0135 0.9990 0.0416
vn 0.1467 -0.9715 0.1860
vn 0.0034 -1.0000 0.0038
vn -0.0412 0.9990 -0.0159
vn -0.8606 0.4951 0.1195
vn -0.9446 0.3275 0.0235
vn 0.0793 0.9848 -0.1543
vn 0.9857 0.1484 0.0792
vn -0.0895 0.9960 0.0010
vn -0.1702 0.0039 -0.9854
vn -0.1760 0.0044 -0.9844
vn 0.9711 0.0435 -0.2347
vn 0.9720 0.0381 -0.2320
vn 0.9998 0.0039 -0.0197
vn -0.7660 0.0719 -0.6388
vn -0.7764 0.0238 -0.6298
vn 0.9995 0.0154 -0.0262
vn -0.8256 0.0312 0.5635
vn -0.9665 0.0891 0.2407
vn -0.9690 0.0770 0.2348
vn -0.9338 -0.3225 0.1553
vn 0.8496 -0.5158 -0.1105
vn 0.0709 0.2961 -0.9525
vn 0.2173 0.0249 -0.9758
vn -0.0024 0.0211 -0.9998
vn 0.3716 0.8029 -0.4662
vn 0.9996 0.0040 0.0274
vn 0.9999 0.0040 0.0118
vn -0.7462 0.6450 0.1646
vn -0.7932 0.5902 0.1500
vn -0.2600 -0.1964 -0.9454
vn 0.0110 0.9999 -0.0041
vn 0.9926 0.0039 -0.1216
vn 0.9983 0.0040 0.0587
vn -0.0079 0.9984 0.0559
vn 0.0281 0.9984 0.0500
vn -0.4508 0.6161 0.6459
vn -0.0137 0.9993 0.0352
vn -0.8271 0.5448 0.1383
vn -0.0857 -0.9961 -0.0228
vn 0.1849 -0.9745 0.1270
vn -0.0829 -0.9961 0.0294
vn -0.2171 -0.9295 -0.2980
vn -0.0320 0.9992 0.0241
vn 0.0405 0.9991 -0.0093
vn 0.0405 0.9991 -0.0160
vn -0.7908 0.2589 0.5546
vn -0.0267 0.9991 0.0335
vn -0.3978 0.8868 0.2353
vn -0.1913 0.9500 0.2469
vn -0.3985 0.8932 0.2084
vn 0.0353 0.9684 0.2470
vn 0.2774 0.9314 0.2358
vn -0.0264 0.9996 0.0046
vn 0.0242 -0.9997 0.0011
vn -0.0006 0.9989 0.0462
vn -0.9972 0.0035 -0.0748
vn -0.9949 0.0049 -0.1003
vn -0.9736 0.0887 0.2101
vn -0.9627 0.0789 0.2589
vn 0.0551 0.9227 0.3816
vn -0.2889 -0.9278 -0.2361
vn -0.0863 -0.9940 0.0667
vn 0.1672 -0.9652 -0.2012
vn -0.0791 -0.9945 0.0680
vn -0.4667 0.8716 0.1499
vn -0.1522 0.9883 -0.0042
vn -0.0037 0.9999 0.0131
vn -0.5700 0.0039 0.8216
vn -0.5465 0.0039 0.8374
vn 0.3728 0.3743 -0.8491
vn 0.2492 0.8286 -0.5013
vn 0.0289 0.9983 -0.0508
vn 0.0211 0.9989 -0.0410
vn -0.2438 0.7019 0.6693
vn -0.0140 0.9995 0.0273
vn -0.0378 0.9986 0.0377
vn 0.0239 0.9997 -0.0036
vn 0.2965 0.9119 -0.2839
vn 0.0256 0.9996 -0.0069
vn 0.2270 0.8438 -0.4863
vn -0.3297 0.7704 0.5456
vn -0.0175 0.9997 0.0186
vn -0.5896 0.7954 -0.1402
vn -0.0190 0.9997 0.0178
vn 0.0253 0.9996 -0.0147
vn 0.0330 0.9993 -0.0162
vn 0.6958 0.7144 -0.0739
vn 0.0503 -0.9967 -0.0635
vn 0.2378 -0.9432 0.2320
vn -0.2565 -0.9595 0.1164
vn 0.0570 -0.9961 -0.0667
vn -0.2418 0.9702 0.0171
vn 0.1452 0.4954 0.8564
vn -0.2348 0.9696 0.0684
vn -0.0725 0.3879 0.9189
vn 0.7538 0.5141 -0.4093
vn 0.0339 0.9994 -0.0013
vn 0.0422 0.9991 0.0020
vn 0.0165 0.9996 0.0236
vn 0.7056 0.4348 0.5595
vn 0.0220 0.9994 0.0260
vn 0.1288 -0.9859 0.1070
vn -0.0658 -0.9763 -0.2064
vn 0.2685 -0.9629 0.0261
vn 0.2771 -0.9077 -0.3150
vn 0.0416 0.9991 0.0105
vn 0.8679 0.4190 0.2670
vn 0.0307 0.9995 0.0079
vn -0.9958 0.0040 0.0913
vn -0.9826 0.0040 0.1855
vn -0.8570 -0.2295 -0.4614
vn 0.7457 0.6470 0.1593
vn -0.9701 -0.1896 0.1513
vn -0.9314 -0.1875 -0.3121
vn -0.8110 -0.2500 -0.5289
vn 0.6058 0.6445 0.4665
vn -0.2511 0.9658 -0.0638
vn -0.5373 0.3925 0.7465
vn -0.2437 0.9692 -0.0340
vn -0.3489 0.0040 0.9371
vn -0.3977 0.0040 0.9175
vn -0.7985 0.0040 0.6019
vn 0.4900 -0.1950 -0.8496
vn 0.8358 0.0272 -0.5484
vn 0.8983 -0.1761 -0.4024
vn 0.7217 0.0169 -0.6920
vn -0.7255 -0.0497 -0.6864
vn -0.3069 0.0482 -0.9505
vn -0.5597 -0.2218 -0.7984
vn -0.4696 0.0280 -0.8824
vn 0.0997 0.1874 0.9772
vn 0.2018 0.0081 0.9794
vn 0.1199 0.0108 0.9927
vn -0.3474 -0.1512 0.9254
vn 0.2198 -0.9530 -0.2087
vn -0.2101 -0.3674 0.9060
vn 0.0362 -0.9961 -0.0803
vn -0.0914 -0.9669 0.2382
vn 0.0470 -0.9950 -0.0885
vn 0.3654 -0.9279 0.0744
vn 0.0645 -0.9967 -0.0484
vn -0.2860 -0.9581 0.0146
vn 0.0842 -0.9951 -0.0517
vn 0.1532 -0.9147 0.3739
vn 0.0725 -0.9971 -0.0222
vn 0.0763 -0.9966 -0.0317
vn -0.0168 -0.9528 0.3031
vn 0.0832 0.9527 -0.2922
vn 0.3591 0.8938 0.2685
vn 0.0573 0.9967 0.0569
vn 0.0347 0.9990 0.0293
vn 0.2490 -0.9685 -0.0039
vn -0.0277 0.0040 -0.9996
vn 0.2490 -0.9681 -0.0276
vn -0.1148 0.0040 -0.9934
vn 0.2278 -0.9673 -0.1113
vn -0.0860 -0.9955 0.0411
vn -0.0779 -0.9962 0.0397
vn 0.2129 -0.9541 0.2106
vn 0.2220 -0.9639 0.1468
vn 0.2223 -0.9645 0.1427
vn -0.0291 -0.9933 -0.1122
vn -0.9706 0.0351 0.2381
vn -0.9987 0.0149 0.0489
vn -0.9185 -0.2529 0.3040
vn 0.0490 -0.9956 0.0800
vn 0.0489 -0.9968 0.0627
vn -0.3561 -0.9281 0.1087
vn 0.0796 -0.9946 0.0663
vn -0.2675 -0.9514 0.1525
vn 0.0630 -0.9965 0.0557
vn -0.2742 -0.9470 0.1672
vn 0.1006 -0.9947 0.0208
vn 0.0791 -0.9968 0.0147
vn -0.1517 -0.9448 0.2906
vn 0.6178 -0.2378 -0.7495
vn -0.4127 0.8093 0.4179
vn 0.2449 -0.3907 -0.8874
vn -0.5875 0.5945 0.5490
vn 0.7415 0.0039 -0.6709
vn -0.0040 -1.0000 0.0039
vn 0.7985 0.0040 -0.6019
vn -0.0040 -1.0000 0.0040
vn -0.9793 0.0040 -0.2022
vn -0.7344 0.0040 -0.6787
vn -0.7957 0.0040 -0.6057
vn 0.2476 -0.9630 0.1062
vn 0.2485 -0.9587 0.1381
vn 0.4072 0.0040 -0.9133
vn 0.4769 0.0040 -0.8790
vn 0.3185 0.0040 -0.9479
vn 0.2407 -0.9670 0.0829
vn 0.0237 0.9995 -0.0225
vn 0.2511 0.6134 -0.7488
vn 0.0223 0.9995 -0.0231
vn 0.0637 0.7491 -0.6594
vn 0.0533 -0.4568 0.8880
vn 0.0118 -0.4604 0.8876
vn 0.3482 -0.9010 -0.2589
vn 0.0835 -0.9964 -0.0117
vn -0.2635 -0.9614 -0.0790
vn 0.1021 -0.9948 -0.0012
vn 0.8051 -0.2931 -0.5156
vn 0.9202 0.0439 -0.3890
vn 0.8751 -0.3071 -0.3739
vn -0.6413 0.0031 0.7673
vn -0.6349 0.3973 0.6626
vn -0.6713 0.0032 0.7412
vn -0.6426 0.0034 0.7662
vn 0.3770 0.0350 -0.9256
vn -0.9273 -0.3370 0.1630
vn -0.6681 -0.1372 0.7313
vn -0.9107 0.0397 0.4112
vn 0.4206 0.0064 0.9072
vn 0.5765 0.5103 0.6382
vn -0.0448 0.7899 0.6116
vn 0.1524 0.0423 -0.9874
vn -0.9240 0.0393 -0.3804
vn -0.7631 -0.2308 -0.6037
vn 0.0976 -0.9952 0.0003
vn -0.1380 -0.9466 0.2914
vn 0.2025 -0.7533 0.6257
vn 0.0504 -0.9893 0.1367
vn 0.2248 -0.9561 0.1881
vn 0.0226 0.9996 -0.0157
vn 0.2489 -0.9679 0.0356
vn 0.2411 -0.9687 0.0594
vn 0.1381 0.0040 -0.9904
vn 0.2248 0.0040 -0.9744
vn 0.6197 0.0265 -0.7844
vn 0.1316 -0.9861 0.1019
vn 0.0053 -1.0000 0.0055
vn 0.6789 0.0045 -0.7342
vn 0.2314 -0.9607 0.1533
vn 0.5558 0.0049 -0.8313
vn -0.9620 0.0040 0.2732
vn -0.8446 0.0040 -0.5353
vn -0.8904 0.0040 -0.4551
vn 0.7370 0.6732 -0.0607
vn 0.7355 0.6775 0.0084
vn -0.4646 0.0040 -0.8855
vn 0.3882 0.0039 0.9215
vn 0.3489 0.0144 0.9370
vn 0.3490 0.0039 0.9371
vn 0.3469 0.0188 0.9377
vn -0.7454 0.0040 0.6666
vn 0.6096 -0.2899 -0.7378
vn 0.6070 -0.0003 -0.7947
vn 0.0872 -0.9956 0.0348
vn 0.0812 -0.9963 0.0288
vn -0.1751 -0.9421 0.2860
vn 0.0706 -0.9964 0.0476
vn 0.0692 -0.9969 0.0378
vn 0.0587 -0.9962 0.0638
vn 0.0477 -0.9956 0.0810
vn -0.0233 -0.9612 -0.2749
vn 0.0342 -0.9969 0.0709
vn 0.2549 -0.9659 0.0443
vn 0.2350 -0.9639 0.1255
vn 0.2280 -0.9647 0.1315
vn -0.0506 -0.9972 0.0555
vn 0.2374 -0.9507 0.1994
vn -0.0848 -0.9947 0.0580
vn 0.0591 0.0040 -0.9982
vn 0.2490 -0.9683 0.0198
vn 0.0554 0.9970 0.0550
vn 0.0905 -0.9958 -0.0170
vn 0.0692 -0.9969 -0.0382
vn 0.0485 -0.9954 -0.0825
vn 0.2644 0.0965 0.9596
vn 0.2625 0.0008 0.9649
vn 0.2615 0.0037 0.9652
vn 0.2082 0.0039 0.9781
vn -0.5151 -0.1195 0.8488
vn 0.4511 0.7397 0.4994
vn 0.2655 -0.0842 -0.9604
vn -0.0436 0.5932 0.8039
vn 0.1090 -0.2117 -0.9712
vn -0.0988 0.0399 -0.9943
vn -0.6431 0.0661 0.7629
vn -0.6709 0.0033 0.7415
vn -0.6625 0.1774 0.7277
vn -0.7343 0.0035 0.6788
vn -0.7069 0.0139 0.7072
vn -0.8469 0.0039 0.5318
vn -0.8194 0.2485 0.5165
vn -0.8904 0.0040 0.4551
vn 0.5177 0.0344 -0.8549
vn 0.3689 -0.2725 -0.8886
vn 0.2464 -0.9655 0.0845
vn 0.2530 -0.9650 0.0695
vn -0.2431 0.9699 -0.0158
vn -0.0356 0.8128 0.5815
vn 0.7376 0.6450 -0.1997
vn 0.2467 -0.9677 -0.0519
vn -0.2031 0.0033 -0.9792
vn 0.1000 -0.9940 -0.0448
vn -0.2920 -0.0223 -0.9562
vn -0.3837 0.0031 -0.9235
vn 0.0054 -1.0000 0.0027
vn 0.0289 0.9995 0.0132
vn 0.7440 0.6625 -0.0874
vn 0.0331 0.9994 0.0127
vn -0.2269 0.9704 0.0825
vn -0.0968 0.9851 0.1421
vn 0.0124 0.9995 0.0282
vn 0.0158 0.9995 0.0270
vn 0.8610 0.4848 -0.1539
vn 0.0390 0.9992 0.0023
vn -0.2407 0.9706 0.0079
vn -0.2428 0.9701 0.0017
vn 0.0550 -0.9972 -0.0497
vn 0.0237 0.9997 -0.0093
vn -0.5257 0.8419 0.1216
vn -0.0215 0.9994 0.0262
vn 0.0298 0.9996 -0.0023
vn -0.2428 0.9602 -0.1381
vn -0.1730 0.6800 0.7125
vn 0.0221 0.9993 -0.0315
vn 0.0290 0.9993 0.0218
vn 0.0230 0.9996 0.0138
vn -0.5849 0.0098 0.8110
vn -0.6104 0.0008 0.7921
vn 0.4163 0.0143 0.9091
vn -0.2360 0.9650 -0.1147
vn -0.5880 0.0432 0.8077
vn -0.5855 0.0544 0.8088
vn 0.4078 0.0086 -0.9130
vn 0.5614 0.0071 -0.8275
vn 0.5900 0.0071 -0.8073
vn 0.6068 0.0039 0.7948
vn 0.6300 0.5367 0.5613
vn 0.5687 0.0086 0.8225
vn 0.6375 0.0039 0.7705
vn 0.6418 0.0037 0.7669
vn 0.6375 0.0039 0.7704
vn 0.4675 0.0039 0.8840
vn 0.3853 0.0064 0.9228
vn 0.8433 0.0110 0.5374
vn 0.8196 0.0058 0.5729
vn 0.8889 0.0039 0.4581
vn 0.8679 0.0214 0.4963
vn 0.8669 0.0170 0.4982
vn 0.6360 0.0086 -0.7717
vn 0.4745 0.2271 -0.8504
vn 0.4073 0.0040 -0.9133
vn 0.4522 0.0114 -0.8918
vn 0.2066 0.5593 -0.8028
vn 0.9999 0.0039 0.0118
vn 0.9983 0.0039 0.0587
vn 0.9935 0.0039 0.1138
vn -0.6069 0.0039 0.7948
vn -0.6413 0.0039 0.7673
vn -0.6951 0.0039 -0.7189
vn -0.9958 0.0040 -0.0912
vn -0.6951 0.0040 -0.7189
vn -0.9951 0.0017 -0.0991
vn -0.8000 0.0336 -0.5990
vn -0.9973 0.0115 -0.0729
vn -0.7997 0.0342 -0.5995
vn -0.9995 0.0165 0.0256
vn -0.9993 0.0234 0.0276
vn -0.9998 0.0041 0.0198
vn -0.9999 0.0117 0.0019
vn -0.9977 0.0039 -0.0670
vn -0.7528 0.0039 -0.6582
vn -0.9972 0.0039 -0.0749
vn -0.9999 0.0040 0.0119
vn -0.9978 0.0324 0.0570
vn -0.9999 0.0133 -0.0045
vn -0.9980 0.0312 0.0544
vn -0.9996 0.0039 0.0277
vn -0.9708 0.0039 0.2397
vn -0.9964 0.0101 -0.0847
vn -0.6330 0.0373 -0.7732
vn -0.6286 0.0421 -0.7766
vn -0.9934 0.0001 -0.1147
vn -0.9812 0.0039 0.1931
vn -0.9998 0.0040 0.0198
vn -0.7697 0.0723 0.6344
vn -0.9984 0.0325 -0.0460
vn -0.9623 -0.2648 -0.0627
vn -0.9983 0.0323 -0.0488
vn -0.7860 -0.6022 -0.1400
vn -0.6885 0.7076 -0.1589
vn -0.9972 0.0199 0.0714
vn -0.9928 0.0129 0.1194
vn -0.9989 0.0210 0.0408
vn -0.9877 0.0115 0.1562
vn -0.9728 0.0123 0.2314
vn -0.8469 0.0175 0.5315
vn 0.3300 0.5068 0.7964
vn 0.4551 0.4215 -0.7843
vn 0.8088 0.4281 -0.4032
vn -0.9987 0.0228 0.0447
vn -0.9121 0.2907 0.2892
vn -0.9998 0.0191 0.0065
vn -0.9984 0.0557 -0.0081
vn -0.9995 0.0215 -0.0248
vn -0.9934 0.0039 -0.1148
vn -0.9854 0.0039 -0.1702
vn -0.9777 0.0039 -0.2098
vn -0.9640 0.0039 -0.2658
vn 0.9998 0.0040 0.0196
vn 0.9994 0.0040 0.0353
vn 1.0000 0.0040 0.0039
vn 1.0000 0.0040 -0.0040
vn 0.9999 0.0040 -0.0117
vn 0.9998 0.0039 -0.0196
vn 0.1840 0.0372 -0.9822
vn 0.1828 0.0138 -0.9830
vn 0.7813 0.0039 -0.6242
vn 0.3304 -0.5922 -0.7349
vn -0.6090 -0.2273 -0.7599
vn -0.5804 -0.2205 -0.7839
vn 0.2472 0.0397 -0.9682
vn 0.4079 -0.6881 -0.6001
vn 0.9555 0.0040 -0.2949
vn 0.2489 0.0432 -0.9676
vn 0.9216 0.0039 -0.3882
vn 0.9555 0.0158 -0.2947
vn 0.3271 0.0145 -0.9449
vn 0.9747 0.0146 -0.2230
vn 0.7813 0.0174 -0.6240
vn 0.2276 0.0169 -0.9736
vn 0.3110 0.0671 -0.9480
vn 0.9748 0.0039 -0.2231
vn 0.4552 0.0569 -0.8886
vn 0.6713 0.0958 -0.7350
vn 0.5038 -0.7136 -0.4868
vn -0.4020 -0.2225 -0.8882
vn 0.3208 0.0304 -0.9467
vn 0.0970 -0.2988 -0.9494
vn 0.0801 0.0294 -0.9963
vn 0.4468 -0.1990 -0.8722
vn -0.9448 0.3038 0.1228
vn -0.9741 0.1036 0.2008
vn -0.9450 0.0747 0.3185
vn -0.9790 -0.2037 -0.0007
vn -0.9980 -0.0388 -0.0508
vn -0.1374 0.9147 0.3801
vn -0.2841 0.9488 0.1381
vn -0.0778 0.9953 0.0585
vn -0.9966 -0.0812 -0.0163
vn -0.9955 -0.0891 0.0311
vn -0.0211 0.9851 -0.1708
vn -0.1478 0.9339 -0.3255
vn -0.9954 -0.0912 0.0307
vn -0.3202 -0.9307 -0.1767
vn -0.3315 0.8427 -0.4242
vn -0.9523 0.3050 0.0119
vn -0.9893 0.0803 0.1220
vn -0.9392 0.3423 0.0281
vn -0.9946 -0.0733 0.0741
vn -0.1695 -0.9765 0.1334
vn 0.9299 0.3654 -0.0418
vn 0.9864 0.1642 0.0009
vn 0.9829 0.0039 -0.1841
vn 0.7812 0.0039 -0.6242
vn -0.9987 0.0040 0.0513
vn -0.9844 -0.0903 0.1509
vn -0.3547 0.0293 -0.9345
vn -0.4954 0.0382 -0.8678
vn -0.4953 0.0382 -0.8679
vn -0.5519 -0.6785 -0.4847
vn -0.4195 0.0206 -0.9075
vn -0.4266 0.0202 -0.9042
vn -0.9853 0.0157 -0.1700
vn 0.2625 -0.1820 -0.9476
vn -0.6210 0.4154 -0.6647
vn 0.1453 -0.1922 -0.9705
vn -0.1894 -0.0323 -0.9814
vn -0.9903 0.0136 -0.1380
vn -0.9854 -0.0000 -0.1701
vn -0.9777 0.0122 -0.2096
vn -0.9640 -0.0000 -0.2658
vn 0.9334 0.0111 0.3587
vn 0.9994 0.0227 -0.0273
vn 0.9993 0.0163 -0.0334
vn 0.9626 -0.0520 -0.2659
vn 0.9996 0.0039 -0.0275
vn 0.9520 0.0384 -0.3036
vn 0.9843 0.0635 -0.1649
vn 0.9999 0.0039 -0.0118
vn 1.0000 0.0039 -0.0039
vn 0.9997 0.0127 -0.0218
vn 0.9858 0.0362 -0.1639
vn 1.0000 0.0039 0.0039
vn 0.9998 0.0127 -0.0143
vn 0.9975 0.0361 -0.0612
vn 0.9996 0.0241 0.0118
vn 0.9997 0.0240 0.0041
vn 0.9990 0.0218 0.0385
vn 0.9995 0.0240 0.0196
vn 0.9996 0.0172 0.0240
vn 0.9659 0.0949 0.2408
vn 0.9993 0.0237 0.0274
vn 0.9993 0.0170 0.0322
vn 0.9530 0.1508 0.2629
vn 0.7560 -0.0256 -0.6541
vn 0.9754 0.0119 0.2201
vn 0.7378 0.0162 -0.6748
vn 0.7330 0.0283 -0.6796
vn 0.9964 0.0198 -0.0825
vn 0.7587 -0.5248 -0.3860
vn 0.3364 -0.1103 -0.9352
vn 0.7971 0.0385 -0.6027
vn 0.8401 0.0440 -0.5407
vn 0.8416 0.0121 -0.5400
vn 0.8031 -0.4704 -0.3659
vn 0.4494 -0.0884 -0.8889
vn 0.9395 0.0430 -0.3397
vn 0.9972 0.0039 -0.0743
vn 0.9971 0.0199 -0.0741
vn 0.8792 0.0425 -0.4746
vn 0.9995 0.0123 -0.0295
vn 0.9944 0.0106 -0.1056
vn 0.6709 0.0366 -0.7407
vn 0.6190 0.0382 -0.7845
vn 0.9894 0.0160 -0.1445
vn 0.9841 0.0121 -0.1772
vn 0.6584 -0.1270 -0.7419
vn 0.8394 -0.4298 -0.3325
vn 0.8533 -0.2051 -0.4793
vn -0.4306 0.0500 -0.9012
vn -0.8917 0.0874 -0.4441
vn -0.6291 0.0898 -0.7721
vn -0.8934 0.0784 -0.4423
vn -0.8536 -0.3786 -0.3578
vn -0.9246 0.0856 -0.3712
vn -0.7124 0.1029 -0.6942
vn -0.9245 0.0870 -0.3712
vn -0.8891 -0.3325 -0.3146
vn 0.9781 0.0823 0.1912
vn 0.9867 0.1164 0.1132
vn 0.8967 0.4427 -0.0074
vn 0.9667 -0.0272 0.2545
vn 0.9203 -0.0645 0.3858
vn 0.9972 0.0039 -0.0744
vn 0.9983 0.0040 -0.0588
vn 0.9895 0.0039 -0.1447
vn -0.8114 0.5584 -0.1726
vn 0.4868 0.0357 -0.8728
vn 0.5405 -0.6634 -0.5175
vn 0.5881 -0.6514 -0.4795
vn -0.1614 -0.1868 -0.9691
vn 0.5591 0.0383 -0.8282
vn 0.5584 0.0130 -0.8295
vn 0.6336 -0.6131 -0.4719
vn -0.0501 -0.1499 -0.9874
vn 0.6167 0.0435 -0.7860
vn 0.6669 0.0325 -0.7444
vn 0.0769 -0.1293 -0.9886
vn -0.6244 0.7480 0.2249
vn -0.9993 0.0161 -0.0331
vn -0.9995 0.0130 -0.0298
vn 0.5676 0.6539 -0.5003
vn -0.2389 0.2634 0.9346
vn -0.9566 -0.2911 0.0117
vn -0.9920 0.0714 -0.1045
vn -0.8960 0.1496 -0.4182
vn -0.9917 0.0738 -0.1048
vn -0.9569 -0.2689 -0.1093
vn 0.0471 -0.9970 0.0609
vn 0.0224 -0.9997 -0.0039
vn -0.2619 0.9404 -0.2172
vn -0.5162 -0.2652 0.8144
vn -0.5639 -0.2002 0.8012
vn 0.5359 0.6378 -0.5532
vn 0.9604 0.1872 0.2062
vn -0.0821 0.0039 0.9966
vn -0.0509 0.0039 0.9987
vn 0.6719 0.6687 -0.3184
vn 0.6020 0.6665 -0.4398
vn -0.6872 0.0040 0.7265
vn -0.6242 0.0040 0.7812
vn -0.5556 0.0040 0.8314
vn -0.3948 0.1704 0.9029
vn -0.3155 0.0082 0.9489
vn -0.3993 0.0110 0.9167
vn -0.7952 0.0410 -0.6050
vn 0.1629 -0.1751 0.9710
vn -0.8904 0.0112 0.4551
vn -0.9029 0.0131 0.4297
vn -0.7340 0.0111 0.6791
vn -0.7910 0.0103 0.6118
vn -0.4482 -0.2910 0.8453
vn -0.6653 0.0205 0.7463
vn -0.7926 0.0327 0.6089
vn -0.0886 -0.0039 0.9961
vn -0.0835 0.0255 0.9962
vn -0.2211 0.1632 0.9615
vn 0.9554 -0.2138 0.2039
vn -0.6057 0.0040 -0.7957
vn -0.5353 0.0040 -0.8446
vn -0.4500 -0.3488 -0.8221
vn 0.4177 0.6295 0.6552
vn -0.9260 0.0040 -0.3775
vn -0.8526 0.0040 0.5226
vn 0.8952 0.0040 -0.4456
vn 0.9309 0.0040 -0.3653
vn -0.6757 -0.4068 0.6148
vn 0.7744 -0.2252 0.5913
vn 0.4495 -0.3848 -0.8061
vn -0.9883 0.0380 -0.1479
vn -0.3972 -0.3091 0.8641
vn -0.3317 -0.3182 0.8881
vn -0.3967 0.0404 0.9171
vn -0.5069 0.0358 0.8613
vn -0.1367 -0.2495 -0.9587
vn 0.1915 -0.3000 -0.9345
vn -0.2426 0.5724 0.7833
vn -0.4268 0.0039 0.9044
vn -0.4267 0.0039 0.9044
vn -0.3948 0.0039 0.9187
vn -0.4675 0.0039 0.8840
vn -0.4983 0.0039 0.8670
vn -0.5465 0.0039 0.8375
vn -0.6435 0.0402 -0.7644
vn 0.8612 -0.5083 -0.0036
vn 0.8493 -0.5247 -0.0573
vn 0.8526 0.0040 -0.5226
vn -0.6705 0.0040 -0.7419
vn 0.4649 -0.4628 0.7548
vn 0.4286 -0.4573 0.7792
vn 0.9484 -0.1859 -0.2568
vn 0.7941 0.1151 0.5968
vn 0.7895 -0.1956 -0.5817
vn 0.9611 0.0684 -0.2675
vn 0.8005 0.0643 -0.5959
vn 0.8119 0.5568 0.1752
vn 0.9842 0.1771 -0.0044
vn 0.0342 0.0605 0.9976
vn 0.0821 0.0039 0.9966
vn 0.0856 0.0234 0.9961
vn -0.8215 0.0128 0.5700
vn -0.8199 0.0063 0.5724
vn -0.8724 0.0137 0.4886
vn -0.1755 0.0088 0.9844
vn -0.1302 0.0031 0.9915
vn -0.2156 0.0039 0.9765
vn -0.2479 0.0035 0.9688
vn -0.2133 0.0065 0.9770
vn -0.3092 0.0039 0.9510
vn -0.6886 0.5772 0.4390
vn -0.4830 0.0040 0.8756
vn 0.5064 0.6545 0.5615
vn 0.7167 0.6319 0.2950
vn 0.4044 0.5672 -0.7174
vn 0.0898 0.0039 0.9959
vn 0.1216 0.0039 0.9926
vn 0.0353 0.0039 0.9994
vn 0.0039 0.0039 1.0000
vn -0.5155 0.0394 0.8560
vn -0.5205 0.0125 0.8538
vn -0.4779 0.0558 0.8766
vn 0.9835 0.0073 -0.1807
vn 0.9904 0.0073 -0.1383
vn 0.9757 0.0146 -0.2187
vn 0.9843 0.0039 -0.1765
vn 0.9748 0.0039 -0.2232
vn 0.9966 0.0039 -0.0821
vn 0.9646 0.0039 -0.2638
vn 0.9994 -0.0001 -0.0342
vn 0.9966 0.0039 -0.0820
vn 0.9935 0.0087 0.1139
vn 0.9786 0.0071 0.2054
vn 0.7634 0.0039 0.6459
vn 0.7625 -0.0018 0.6470
vn 0.7672 0.0046 0.6414
vn 0.7032 0.0039 0.7110
vn 0.7047 -0.0011 0.7095
vn 0.6993 0.0030 0.7148
vn 0.9503 0.0158 -0.3110
vn 0.9495 0.0089 -0.3138
vn -0.4270 0.0240 0.9039
vn -0.4298 0.0039 0.9029
vn 0.8433 0.0039 0.5374
vn 0.9048 0.0109 0.4257
vn 0.9213 0.0655 0.3832
vn 0.9072 0.0145 0.4204
vn 0.9647 0.0073 0.2633
vn 0.9542 0.0073 0.2990
vn 0.4923 0.0039 -0.8704
vn 0.5260 0.0173 -0.8503
vn 0.5647 0.0039 -0.8253
vn 0.5299 0.0077 -0.8480
vn 0.6328 0.0039 -0.7743
vn 0.6952 0.0109 -0.7188
vn 0.6952 0.0039 -0.7188
vn 0.7226 0.0212 -0.6910
vn 0.7528 0.0039 -0.6582
vn 0.8051 0.0039 -0.5931
vn 0.8314 0.0039 -0.5556
vn 0.8582 0.0039 -0.5133
vn 0.8892 0.4256 -0.1678
vn 0.9371 0.0039 -0.3490
vn 0.9238 0.0181 -0.3825
vn 0.8801 0.0121 -0.4747
vn 0.8796 0.0073 -0.4757
vn 0.8340 0.0148 -0.5516
vn 0.7754 0.0075 -0.6314
vn 0.7766 0.0153 -0.6298
vn 0.7237 0.0180 -0.6899
vn -0.0166 0.0113 0.9998
vn -0.0113 0.0337 0.9994
vn 0.3541 0.0045 0.9352
vn 0.2618 0.0039 0.9651
vn -0.9998 0.0133 -0.0121
vn -0.9998 0.0039 -0.0198
vn -0.9548 0.0039 -0.2971
vn -0.9996 0.0039 -0.0277
vn -0.9987 0.0214 -0.0458
vn -0.8470 0.0204 -0.5312
vn -0.9983 0.0222 -0.0531
vn -0.8523 0.0207 -0.5226
vn -0.8822 0.0040 -0.4708
vn -0.9162 0.0040 -0.4006
vn -0.9162 0.0039 -0.4006
vn -0.9997 0.0242 -0.0066
vn -0.9781 0.0220 -0.2068
vn -0.9996 0.0245 -0.0138
vn -0.9803 0.0169 -0.1968
vn -1.0000 0.0039 -0.0040
vn -0.9915 0.0039 -0.1304
vn -0.9999 0.0039 -0.0119
vn -0.9915 0.0039 -0.1303
vn 0.5770 0.4846 0.6575
vn 0.6256 -0.1311 -0.7691
vn 0.3584 0.0082 -0.9335
vn 0.6360 -0.0014 0.7717
vn 0.9555 0.0039 0.2949
vn 0.9406 0.0039 0.3395
vn 0.9244 0.0039 0.3815
vn 0.9420 0.0146 0.3352
vn 0.9981 0.0103 0.0615
vn -0.0902 0.0029 -0.9959
vn -0.0895 -0.0015 -0.9960
vn -0.0913 0.0040 -0.9958
vn -0.0912 0.0040 -0.9958
vn -0.6411 -0.6075 -0.4690
vn 0.8977 -0.1106 -0.4266
vn 0.6685 -0.0783 0.7396
vn 0.9117 -0.1709 0.3737
vn -0.7773 -0.3893 0.4942
vn 0.5374 0.0039 0.8433
vn 0.5098 0.0195 0.8601
vn 0.9851 0.0325 -0.1689
vn 0.8737 0.0399 -0.4847
vn 0.8155 0.0226 -0.5783
vn 0.9322 -0.3174 -0.1740
vn 0.9063 -0.3635 -0.2156
vn 0.8774 -0.3908 -0.2783
vn 0.9256 0.0290 -0.3773
vn 0.9972 0.0296 -0.0681
vn 0.9223 0.0608 -0.3818
vn 0.9987 0.0193 0.0464
vn 0.8909 0.0483 0.4517
vn 0.9880 0.0278 0.1517
vn 0.8401 0.0301 0.5416
vn 0.9728 0.0278 0.2300
vn 0.7720 0.0088 0.6356
vn 0.9009 -0.3745 0.2193
vn 0.9503 0.0382 0.3090
vn 0.9512 0.0133 0.3082
vn 0.9996 0.0039 0.0275
vn 0.6781 0.0009 0.7349
vn 0.8614 -0.4210 0.2843
vn 0.9126 0.0434 0.4065
vn 0.9133 0.0147 0.4070
vn 0.9994 0.0039 0.0353
vn 0.5770 -0.0227 0.8164
vn 0.8808 -0.4035 0.2478
vn 0.8777 0.0435 0.4773
vn 0.8777 0.0140 0.4791
vn -0.2699 -0.0003 -0.9629
vn -0.9981 0.0215 0.0585
vn -0.8746 0.0267 0.4841
vn -0.8711 0.0150 0.4909
vn -0.9984 0.0220 0.0512
vn -0.9990 0.0164 0.0416
vn -0.8583 -0.0357 0.5119
vn -0.9991 0.0228 0.0355
vn -0.9232 0.0276 0.3834
vn -0.8786 -0.3895 0.2763
vn -0.1687 -0.0017 -0.9857
vn 0.5624 0.7118 -0.4208
vn 0.0117 0.9999 -0.0039
vn 0.5059 0.7098 -0.4902
vn 0.0118 0.9999 -0.0039
vn 0.4355 0.7101 -0.5532
vn 0.3567 0.7096 -0.6076
vn 0.0118 0.9999 -0.0038
vn 0.0039 1.0000 -0.0039
vn 0.2712 0.7113 -0.6485
vn 0.1845 0.7105 -0.6791
vn 0.0039 0.7110 -0.7032
vn -0.0905 0.7120 -0.6963
vn 0.0040 1.0000 -0.0039
vn -0.1769 0.7115 -0.6801
vn -0.2639 0.7128 -0.6498
vn -0.3499 0.7115 -0.6093
vn -0.0039 1.0000 -0.0039
vn -0.4226 0.7150 -0.5570
vn -0.4922 0.7126 -0.5000
vn -0.0038 1.0000 -0.0039
vn -0.5252 0.7147 -0.4620
vn 0.6142 0.7081 -0.3482
vn 0.0117 0.9999 0.0040
vn 0.6543 0.7092 -0.2625
vn 0.0117 0.9999 0.0039
vn 0.6694 0.7086 -0.2231
vn -0.5308 0.7117 -0.4601
vn -0.4861 0.7154 -0.5019
vn -0.4291 0.7125 -0.5551
vn -0.0039 0.9999 -0.0118
vn -0.0039 0.9999 -0.0117
vn -0.3499 0.7116 -0.6093
vn -0.0038 0.9999 -0.0117
vn 0.0039 0.9999 -0.0117
vn 0.0040 0.9999 -0.0117
vn 0.1454 0.7113 -0.6877
vn -0.6885 0.7121 0.1377
vn -0.6972 0.7130 0.0748
vn -0.7032 0.7110 0.0039
vn -0.0039 1.0000 0.0039
vn -0.6963 0.7120 -0.0905
vn -0.6801 0.7115 -0.1769
vn -0.6498 0.7128 -0.2639
vn -0.6093 0.7116 -0.3499
vn -0.5551 0.7125 -0.4291
vn -0.4921 0.7126 -0.5000
vn -0.4227 0.7150 -0.5570
vn 0.0040 1.0000 0.0040
vn 0.0039 0.7110 -0.7031
vn 0.3568 0.7096 -0.6076
vn 0.6143 0.7081 -0.3482
vn 0.6842 0.7077 -0.1760
vn 0.7003 0.7081 -0.0900
vn 0.7071 0.7071 0.0039
vn 0.6998 0.7076 0.0978
vn 0.6832 0.7068 0.1835
vn 0.6530 0.7077 0.2698
vn 0.6043 0.7134 0.3548
vn 0.5738 0.7221 0.3864
vn 0.0118 0.9999 -0.0117
vn 0.0117 0.9999 -0.0117
vn 0.2712 0.7113 -0.6484
vn 0.3567 0.7096 -0.6077
vn 0.5000 0.7126 -0.4922
vn 0.0196 0.9998 -0.0038
vn 0.5605 0.7094 -0.4272
vn 0.0196 0.9998 -0.0039
vn 0.0195 0.9998 -0.0040
vn 0.7483 0.0400 0.6621
vn 0.3219 0.6437 0.6942
vn 0.7096 0.0065 0.7046
vn 0.6937 0.1632 0.7015
vn 0.6069 0.0039 0.7948
vn 0.0097 0.9999 0.0114
vn 0.0450 0.9988 0.0186
vn 0.5988 0.1678 0.7831
vn 0.0118 0.9999 0.0118
vn 0.4887 0.1682 0.8561
vn 0.4982 0.0039 0.8670
vn 0.0045 0.9999 0.0101
vn 0.0143 0.9993 0.0350
vn 0.3802 0.1647 0.9101
vn 0.3815 0.0039 0.9243
vn 0.2613 0.0609 0.9633
vn 0.3391 0.8303 0.4423
vn 0.0138 0.9999 0.0060
vn 0.1282 0.1676 0.9775
vn 0.1293 0.0039 0.9916
vn 0.0039 0.1689 0.9856
vn 0.0039 0.9999 0.0118
vn -0.1295 0.1688 0.9771
vn -0.2547 0.1686 0.9522
vn -0.2545 0.0039 0.9671
vn -0.3815 0.0039 0.9243
vn -0.3722 0.1685 0.9127
vn -0.4982 0.0039 0.8670
vn -0.0039 0.9999 0.0118
vn -0.4943 0.1692 0.8527
vn -0.6019 0.0039 0.7986
vn -0.5957 0.1697 0.7851
vn -0.0040 0.9999 0.0118
vn -0.6969 0.1694 0.6969
vn -0.7032 0.0039 0.7110
vn -0.7814 0.1689 0.6008
vn -0.8651 0.0040 0.5017
vn -0.8544 0.1693 0.4913
vn -0.9232 0.0039 0.3843
vn -0.9086 0.1661 0.3832
vn -0.9466 0.0517 0.3181
vn -0.6193 0.7726 -0.1398
vn -0.0073 0.9999 -0.0077
vn -0.0360 0.9993 0.0056
vn 0.0118 0.9999 0.0039
vn -0.0047 1.0000 -0.0046
vn -0.0047 1.0000 -0.0048
vn -0.0749 0.9884 0.1319
vn -0.0041 0.9999 -0.0118
vn 0.7489 0.0039 0.6627
vn 0.7499 0.0851 0.6561
vn 0.6913 0.0039 0.7225
vn 0.6635 0.2592 0.7018
vn 0.0018 0.9996 0.0269
vn 0.6043 0.1443 0.7836
vn 0.5041 0.0039 0.8636
vn 0.0118 0.9997 0.0197
vn 0.4947 0.1446 0.8569
vn 0.0117 0.9997 0.0197
vn 0.3803 0.1451 0.9134
vn 0.2630 0.1453 0.9538
vn 0.1370 0.0039 0.9906
vn 0.0039 0.9999 -0.0118
vn 0.1292 0.1446 0.9810
vn 0.0040 0.9998 0.0196
vn 0.0039 0.1448 0.9895
vn 0.0039 0.9998 0.0196
vn -0.0024 1.0000 -0.0083
vn -0.1193 0.1428 0.9825
vn -0.2058 0.0511 0.9773
vn -0.4685 0.6659 0.5806
vn 0.0047 0.9999 0.0108
vn -0.0033 0.9997 0.0243
vn 0.9889 0.1369 -0.0586
vn 0.9916 0.1294 0.0017
vn 0.0102 0.9999 0.0024
vn 0.9828 0.1253 0.1360
vn 0.0331 0.9994 0.0139
vn 0.9642 0.0438 0.2615
vn 0.4765 0.8780 -0.0449
vn 0.9154 0.1258 0.3824
vn 0.9216 0.0039 0.3882
vn 0.0154 0.9998 -0.0088
vn 0.8578 0.1293 0.4974
vn 0.8636 0.0039 0.5041
vn 0.7853 0.1290 0.6055
vn 0.7948 0.0039 0.6069
vn 0.7012 0.1293 0.7012
vn 0.7071 0.0039 0.7071
vn 0.6056 0.1290 0.7853
vn 0.4975 0.1293 0.8578
vn 0.3778 0.1297 0.9168
vn 0.2550 0.1292 0.9583
vn 0.1277 0.1293 0.9833
vn 0.0039 0.1294 0.9916
vn -0.1311 0.1293 0.9829
vn -0.2543 0.1292 0.9585
vn -0.3744 0.1301 0.9181
vn -0.4915 0.1298 0.8611
vn -0.6006 0.1296 0.7890
vn -0.6972 0.1300 0.7050
vn -0.7823 0.1298 0.6093
vn -0.8557 0.1302 0.5008
vn -0.8651 0.0039 0.5017
vn -0.9141 0.1271 0.3851
vn -0.0018 1.0000 0.0044
vn -0.9637 0.0439 0.2635
vn -0.0253 0.9996 0.0138
vn -0.4301 0.8273 0.3613
vn 0.0038 0.9999 0.0166
vn -0.9832 0.1287 0.1291
vn -0.9915 0.0039 0.1303
vn 0.0019 1.0000 0.0052
vn -0.0262 0.9997 -0.0011
vn -0.9917 0.1287 0.0052
vn -0.9905 0.0438 -0.1302
vn -0.6171 0.6615 -0.4262
vn -0.9580 0.1266 -0.2575
vn -0.9666 0.0039 -0.2564
vn -0.9232 0.0040 -0.3843
vn -0.0062 0.9998 0.0172
vn -0.9179 0.1263 -0.3761
vn -0.0028 1.0000 0.0057
vn -0.0200 0.9997 -0.0105
vn -0.8748 0.0399 -0.4829
vn -0.3122 0.7689 -0.5580
vn 0.0073 1.0000 0.0066
vn -0.8272 0.1020 -0.5526
vn -0.9447 0.0039 0.3280
vn -0.9204 0.0039 0.3910
vn -0.9371 0.1385 0.3203
vn -0.9131 0.1384 0.3834
vn -0.8616 0.0039 0.5075
vn -0.0118 0.9999 0.0118
vn -0.8539 0.1456 0.4997
vn -0.7806 0.1452 0.6080
vn -0.6957 0.1455 0.7035
vn 0.0118 0.9999 -0.0118
vn -0.5993 0.1450 0.7873
vn -0.0039 0.9998 0.0197
vn -0.4905 0.1452 0.8593
vn -0.4923 0.0039 0.8704
vn -0.0039 0.9998 0.0196
vn -0.3735 0.1455 0.9161
vn -0.3815 0.0040 0.9243
vn -0.0040 0.9998 0.0196
vn -0.0061 0.9998 0.0168
vn 0.0123 0.9991 0.0397
vn 0.2066 0.6338 0.7454
vn -0.2558 0.1394 0.9566
vn -0.2505 0.0071 0.9681
vn -0.1915 0.0346 0.9809
vn -0.9702 0.0061 -0.2422
vn -0.9147 0.0071 -0.4042
vn -0.9215 0.0017 -0.3884
vn -0.9708 0.0040 -0.2399
vn -0.9969 0.0033 -0.0784
vn -0.8354 0.0002 -0.5497
vn -0.9969 0.0039 -0.0789
vn -0.8242 0.0078 -0.5662
vn -0.9970 0.0043 0.0779
vn -0.9966 0.0031 0.0818
vn -0.7145 0.0004 -0.6996
vn -0.6993 0.0081 -0.7148
vn -0.9687 0.0067 0.2482
vn -0.9691 0.0040 0.2467
vn -0.9186 0.0017 0.3952
vn -0.5601 0.0003 -0.8284
vn -0.9117 0.0071 0.4108
vn -0.5436 0.0081 -0.8393
vn -0.8317 0.0002 0.5553
vn -0.3853 0.0002 -0.9228
vn -0.8205 0.0078 0.5716
vn -0.3650 0.0082 -0.9310
vn -0.7105 0.0003 0.7037
vn -0.1894 0.0008 -0.9819
vn -0.6954 0.0080 0.7185
vn -0.1693 0.0066 -0.9855
vn -0.5563 0.0003 0.8310
vn 0.0040 -0.0009 -1.0000
vn -0.5400 0.0080 0.8417
vn 0.0040 0.0040 -1.0000
vn 0.1769 0.0064 -0.9842
vn 0.1969 0.0006 -0.9804
vn -0.3823 0.0001 0.9240
vn -0.3623 0.0080 0.9320
vn 0.3719 0.0080 -0.9282
vn 0.3920 0.0001 -0.9200
vn -0.1877 0.0006 0.9822
vn -0.1680 0.0063 0.9858
vn 0.5492 0.0080 -0.8357
vn 0.5655 0.0002 -0.8247
vn 0.0040 -0.0009 1.0000
vn 0.1757 0.0063 0.9844
vn 0.7035 0.0080 -0.7107
vn 0.1954 0.0006 0.9807
vn 0.7184 0.0002 -0.6956
vn 0.3692 0.0079 0.9293
vn 0.8268 0.0078 -0.5625
vn 0.3890 -0.0000 0.9212
vn 0.8377 0.0002 -0.5461
vn 0.5455 0.0082 0.8380
vn 0.9159 0.0070 -0.4013
vn 0.5618 0.0004 0.8273
vn 0.9227 0.0017 -0.3856
vn 0.6995 0.0080 0.7146
vn 0.9710 0.0067 -0.2389
vn 0.7144 0.0003 0.6997
vn 0.9714 0.0039 -0.2374
vn 0.9973 0.0031 -0.0736
vn 0.9976 0.0043 -0.0697
vn 0.8231 0.0079 0.5678
vn 0.8341 0.0002 0.5516
vn 0.9963 0.0033 0.0855
vn 0.9963 0.0039 0.0860
vn 0.9130 0.0071 0.4079
vn 0.9688 0.0061 0.2478
vn 0.9198 0.0017 0.3924
vn 0.9694 0.0039 0.2455
vn -0.0054 1.0000 -0.0012
vn 0.0053 -1.0000 0.0015
vn -0.4913 0.0144 0.8709
vn -0.6848 0.0099 0.7286
vn -0.5523 -0.0012 0.8336
vn 0.9313 0.0080 -0.3641
vn 0.9258 0.0008 -0.3781
vn 0.8356 0.0076 -0.5493
vn 0.8245 0.0011 -0.5659
vn 0.7085 0.0075 -0.7057
vn 0.6954 0.0015 -0.7187
vn 0.5524 0.0073 -0.8336
vn 0.5377 0.0017 -0.8431
vn 0.3598 0.0067 -0.9330
vn 0.3594 0.0012 -0.9332
vn -0.6299 0.0061 0.7767
vn -0.7498 0.0020 0.6616
vn -0.5994 0.0025 0.8004
vn -0.7714 0.0056 0.6364
vn -0.8699 0.0023 0.4932
vn -0.8877 0.0056 0.4605
vn -0.4607 0.0057 0.8875
vn -0.4290 0.0023 0.9033
vn -0.2597 0.0073 0.9657
vn -0.2254 0.0059 0.9743
vn -0.9991 0.0057 0.0410
vn -0.9905 0.0036 -0.1378
vn -0.9970 0.0020 0.0772
vn -0.9853 0.0052 -0.1710
vn 0.0169 0.0040 -0.9998
vn 0.1599 0.0058 -0.9871
vn 0.0245 0.0087 -0.9997
vn 0.1744 0.0045 -0.9847
vn -0.1241 -0.0134 0.9922
vn -0.1306 -0.0168 0.9913
vn 0.9983 0.0040 0.0580
vn 0.9921 0.0148 -0.1244
vn 0.9987 0.0038 -0.0504
vn -0.8786 -0.0056 -0.4776
vn -0.9582 -0.0030 -0.2861
vn -0.9315 0.0141 -0.3635
vn -0.3610 0.0135 -0.9325
vn -0.1643 0.0091 -0.9864
vn -0.2381 -0.0071 -0.9712
vn -0.4411 -0.0049 -0.8974
vn -0.8321 0.0141 -0.5545
vn 0.1414 0.0124 0.9899
vn 0.2677 -0.0002 0.9635
vn 0.2316 0.0017 0.9728
vn 0.1259 0.0248 0.9917
vn 0.8893 0.0021 0.4573
vn 0.9643 -0.0041 0.2648
vn 0.9536 0.0045 0.3010
vn 0.8730 0.0056 0.4876
vn 1.0000 0.0057 0.0080
vn 0.9845 0.0055 0.1752
vn 0.9869 0.0024 0.1616
vn 1.0000 0.0023 -0.0001
vn -0.9659 0.0057 0.2589
vn -0.9548 0.0023 0.2972
vn -0.9943 0.0031 -0.1063
vn -0.9888 0.0115 -0.1489
vn -0.9976 0.0075 0.0692
vn -0.9983 0.0050 0.0573
vn 0.9841 0.0009 -0.1774
vn 0.9870 0.0059 -0.1607
vn -0.0193 0.0118 -0.9997
vn -0.1171 -0.0047 -0.9931
vn 0.9912 -0.0070 0.1321
vn -0.5467 0.0134 -0.8372
vn -0.9743 -0.0089 -0.2250
vn -0.9971 0.0450 -0.0613
vn -0.9987 0.0168 0.0483
vn -0.9911 0.0130 0.1324
vn -0.1342 -0.0034 0.9909
vn -0.2556 0.0120 0.9667
vn -0.2277 -0.0061 0.9737
vn -0.1276 0.0003 0.9918
vn 0.3661 0.0014 -0.9306
vn 0.3686 0.0050 -0.9296
vn 0.5364 0.0019 -0.8440
vn 0.5497 0.0073 -0.8353
vn 0.7057 0.0071 -0.7084
vn 0.8245 0.0012 -0.5659
vn 0.8356 0.0075 -0.5493
vn 0.1711 -0.0011 0.9852
vn 0.1149 0.0153 0.9933
vn 0.0272 -0.0115 0.9996
vn 0.6847 0.0007 -0.7288
vn 0.5315 0.0020 -0.8470
vn 0.5588 0.0138 -0.8292
vn 0.7048 0.0092 -0.7094
vn 0.1847 0.0055 -0.9828
vn 0.1531 0.0035 -0.9882
vn 0.0202 0.0098 -0.9997
vn 0.0170 0.0039 -0.9998
vn 1.0000 -0.0004 -0.0034
vn 0.9976 0.0137 0.0672
vn 0.9857 -0.0036 0.1686
vn -0.9642 0.0124 0.2650
vn -0.9545 0.0033 0.2981
vn 0.9842 0.0010 -0.1773
vn 0.9884 0.0095 -0.1518
vn 0.3698 0.0035 -0.9291
vn 0.3446 0.0021 -0.9388
vn -0.7006 0.0013 0.7136
vn 0.9332 0.0074 -0.3592
vn -0.3946 -0.0001 0.9188
vn -0.8874 0.0059 0.4610
vn -0.8715 0.0016 0.4904
vn 0.2319 0.0039 -0.9727
vn 0.2285 0.0100 -0.9735
vn 0.9476 0.0039 0.3193
vn 0.9502 0.0005 0.3118
vn 0.7744 0.0022 0.6327
vn 0.7533 0.0056 0.6577
vn 0.6340 0.0028 0.7734
vn 0.6027 0.0055 0.7980
vn 0.4667 0.0024 0.8844
vn 0.4357 0.0059 0.9001
vn 0.8168 0.0032 -0.5769
vn 0.8344 0.0054 -0.5511
vn 0.9004 -0.0019 -0.4350
vn 0.9018 0.0040 -0.4321
vn 0.2434 0.0149 0.9698
vn 0.3654 -0.0053 0.9308
vn 0.4439 0.0134 0.8960
vn 0.5476 -0.0047 0.8368
vn 0.6159 0.0135 0.7877
vn 0.7057 -0.0051 0.7084
vn 0.7591 0.0144 0.6508
vn 0.8311 -0.0050 0.5560
vn 0.8768 0.0134 0.4806
vn 0.9293 -0.0050 0.3694
vn 0.9589 0.0139 0.2833
vn -0.9515 0.0040 -0.3077
vn -0.9525 -0.0023 -0.3045
vn -0.7999 0.0039 0.6001
vn -0.8795 0.0058 0.4759
vn -0.8044 0.0007 0.5941
vn -0.8872 0.0010 0.4614
vn -0.9585 0.0075 0.2850
vn -0.9638 0.0006 0.2665
vn -0.6164 -0.0053 -0.7874
vn -0.7041 0.0142 -0.7100
vn -0.7586 -0.0053 -0.6515
vn 0.8065 0.0038 -0.5912
vn 0.8084 0.0099 -0.5886
vn 0.8803 0.0025 -0.4744
vn 0.8950 0.0041 -0.4461
vn 0.9571 0.0037 -0.2896
vn 0.9660 0.0125 -0.2581
vn -0.1250 0.0234 -0.9919
vn -0.1305 0.0179 -0.9913
vn -0.2272 0.0023 -0.9738
vn -0.2616 -0.0002 -0.9652
vn -0.4333 0.0065 -0.9012
vn -0.4635 0.0023 -0.8861
vn -0.6068 0.0059 -0.7948
vn -0.6319 0.0018 -0.7751
vn -0.7541 0.0059 -0.6568
vn -0.7747 0.0018 -0.6323
vn -0.8781 0.0077 -0.4784
vn -0.8938 0.0089 -0.4484
vn -0.9575 -0.0099 -0.2881
vn -0.6294 0.0065 0.7770
vn -0.6057 0.0024 0.7957
vn -0.4507 0.0077 0.8926
vn -0.4218 0.0057 0.9067
vn -0.3308 -0.0159 0.9436
vn -0.3276 -0.0116 0.9447
vn -0.8142 0.0070 0.5806
vn -0.8239 0.0024 0.5667
vn -0.8940 0.0070 0.4481
vn -0.8973 0.0039 0.4413
vn -0.7503 0.0017 0.6611
vn -0.7710 0.0059 0.6368
vn 0.3558 0.0039 0.9345
vn -0.3516 0.0039 -0.9362
vn -0.3515 0.0040 -0.9362
vn 0.9533 0.0039 -0.3021
vn -0.9060 0.0040 0.4233
vn 0.6194 0.0039 -0.7851
vn 0.9651 0.0039 0.2618
vn 0.8374 0.0039 0.5465
vn -0.8387 0.0040 -0.5446
vn 0.3446 0.0040 -0.9387
vn 0.3446 0.0039 -0.9388
vn -0.1688 0.0039 0.9856
vn 0.9117 0.0039 0.4108
vn -0.9133 0.0039 -0.4072
vn -0.9133 0.0040 -0.4072
vn 0.4769 0.0039 -0.8789
vn 0.7415 0.0039 0.6709
vn -0.7419 0.0040 -0.6705
vn -0.7419 0.0039 -0.6705
vn 0.7150 0.0040 -0.6992
vn -0.6107 0.0039 0.7919
vn 0.9935 0.0040 0.1139
vn 0.9935 0.0039 0.1139
vn -0.9943 0.0040 -0.1069
vn 0.1778 0.0040 -0.9841
vn 0.9829 0.0039 0.1840
vn -1.0000 0.0040 -0.0040
vn 0.0587 0.0039 0.9983
vn -0.0513 0.0039 -0.9987
vn 0.2157 0.0039 0.9765
vn -0.2098 0.0040 -0.9777
vn -0.0983 0.0039 0.9951
vn -0.0984 0.0039 0.9951
vn 0.1069 0.0039 -0.9943
vn 0.1070 0.0040 -0.9943
vn -0.9904 0.0039 0.1381
vn 0.9916 0.0039 -0.1293
vn -0.9502 0.0040 0.3115
vn -0.9502 0.0039 0.3115
vn -0.2471 0.0039 0.9690
vn 0.2564 0.0039 -0.9666
vn 0.9510 0.0039 0.3092
vn -0.9841 0.0040 -0.1778
vn -0.9841 0.0039 -0.1778
vn 0.4830 0.0039 0.8756
vn 0.4830 0.0040 0.8756
vn -0.4802 0.0040 -0.8771
vn 0.9104 0.0039 -0.4138
vn -0.8253 0.0039 0.5647
vn -0.8253 0.0040 0.5647
vn 0.6290 0.0039 0.7774
vn -0.6281 0.0039 -0.7782
vn -0.7071 0.0039 0.7071
vn -0.7071 0.0040 0.7071
vn -0.3977 0.0039 0.9175
vn 0.4072 0.0039 -0.9133
vn 0.8756 0.0039 0.4830
vn -0.9526 0.0039 -0.3044
vn -0.9526 0.0039 -0.3043
vn 0.7672 0.0039 -0.6414
vn 0.7673 0.0039 -0.6413
vn -0.7601 0.0039 0.6498
vn -0.5917 0.0040 -0.8061
vn -0.9446 0.0039 -0.3281
vn 0.9856 0.0039 0.1689
vn -0.0749 0.0040 -0.9972
vn -0.0749 0.0039 -0.9972
vn 0.2416 0.0040 -0.9704
vn -0.2323 0.0039 0.9726
vn -0.9998 0.0040 -0.0198
vn 0.9881 0.0039 -0.1535
vn -0.9867 0.0040 -0.1625
vn 0.9996 0.0039 0.0274
vn -0.8904 0.0039 -0.4551
vn 0.9431 0.0039 0.3326
vn -0.2173 0.0040 -0.9761
vn 0.2231 0.0039 0.9748
vn -0.1458 0.0039 -0.9893
vn 0.3162 0.0039 0.9487
vn 0.9243 0.0039 -0.3815
vn 0.9244 0.0040 -0.3815
vn -0.9204 0.0040 0.3911
vn 0.8526 0.0039 -0.5226
vn 0.9726 0.0039 -0.2323
vn -0.9704 0.0039 0.2416
vn -0.9704 0.0040 0.2416
vn -0.3115 0.0039 -0.9502
vn 0.4488 0.0039 0.8936
vn -0.4456 0.0039 -0.8952
vn 0.5931 0.0039 0.8051
vn -0.9966 0.0039 0.0827
vn -0.0119 0.0039 -0.9999
vn -0.0118 0.0040 -0.9999
vn 0.1523 0.0039 0.9883
vn -0.9620 0.0039 0.2731
vn 0.9074 0.0039 -0.4203
vn 0.6709 0.0039 -0.7415
vn -0.6626 0.0039 0.7489
vn -0.6830 0.0039 -0.7304
vn 0.5318 0.0039 -0.8469
vn 0.8920 0.0039 0.4519
vn 0.9998 0.0039 0.0196
vn 0.0592 0.0039 -0.9982
vn 0.0196 0.0039 0.9998
vn -0.9685 0.0040 -0.2490
vn -0.9685 0.0039 -0.2490
vn 0.9671 0.0039 0.2545
vn -0.3021 0.0039 0.9533
vn 0.2007 0.0039 -0.9797
vn 0.2855 0.0039 0.9584
vn 0.2856 0.0039 0.9584
vn -0.4488 0.0040 -0.8936
vn -0.7672 0.0039 0.6413
vn 0.7743 0.0039 -0.6328
vn -0.9271 0.0039 0.3748
vn 0.9309 0.0039 -0.3653
vn 0.5753 0.0039 0.8179
vn -0.7071 0.0039 -0.7071
vn -0.8561 0.0040 0.5168
vn -0.8561 0.0039 0.5168
vn 0.8616 0.0039 -0.5075
vn 0.4519 0.0039 0.8921
vn -0.5737 0.0039 -0.8190
vn -0.9744 0.0039 0.2249
vn 0.9765 0.0039 -0.2157
vn 0.1612 0.0039 0.9869
vn -0.2877 0.0039 -0.9577
vn -0.6627 0.0039 0.7489
vn -0.7889 0.0039 -0.6145
vn -0.7227 0.0039 0.6911
vn -0.7227 0.0040 0.6911
vn 0.6019 0.0039 -0.7986
vn -0.8504 0.0040 -0.5261
vn 0.8491 0.0039 0.5282
vn -0.9204 0.0040 -0.3911
vn -0.9204 0.0039 -0.3910
vn 0.9187 0.0039 0.3949
vn 0.7523 0.0039 0.6588
vn 0.7523 0.0038 0.6588
vn -0.5931 0.0039 0.8051
vn -0.5930 0.0040 0.8052
vn 0.3115 0.0039 -0.9502
vn -0.6452 0.0039 -0.7640
vn -0.6452 0.0040 -0.7640
vn 0.6459 0.0039 0.7634
vn -0.8089 0.0039 0.5879
vn 0.7304 0.0040 -0.6830
vn 0.7304 0.0039 -0.6830
vn -0.5520 0.0039 0.8338
vn 0.5610 0.0039 -0.8278
vn 0.7881 0.0039 0.6156
vn -0.8771 0.0039 -0.4802
vn -0.8771 0.0040 -0.4802
vn -0.9943 0.0039 -0.1070
vn -0.1916 0.0039 0.9815
vn 0.0356 0.0040 -0.9994
vn -0.9977 0.0040 0.0671
vn -0.0274 0.0039 0.9996
vn -0.1547 0.0040 -0.9879
vn -0.5110 0.0040 -0.8596
vn 0.5133 0.0039 0.8582
vn -0.9029 0.0040 0.4298
vn -0.9029 0.0039 0.4298
vn 0.8433 0.0039 -0.5374
vn -0.8375 0.0039 0.5465
vn -0.8374 0.0039 0.5465
vn -0.4863 0.0039 -0.8738
vn -0.4863 0.0040 -0.8738
vn 0.5981 0.0039 0.8014
vn -0.9204 0.0039 -0.3911
vn -0.9204 0.0040 -0.3910
vn 0.9765 0.0039 0.2157
vn -0.9777 0.0040 -0.2098
vn 0.4614 0.0040 -0.8872
vn -0.4519 0.0039 0.8920
vn -0.8540 0.0040 -0.5203
vn 0.0277 0.0039 -0.9996
vn 0.9726 0.0040 -0.2323
vn 0.9175 0.0039 -0.3977
vn -0.9133 0.0039 0.4072
vn -0.9977 0.0039 0.0670
vn -0.1548 0.0039 -0.9879
vn 0.4890 0.0039 0.8723
vn 0.9943 0.0039 0.1061
vn -0.9951 0.0039 -0.0991
vn -0.9951 0.0040 -0.0991
vn -0.0196 0.0039 0.9998
vn 0.7489 0.0039 -0.6626
vn 0.7489 0.0039 -0.6627
vn -0.7415 0.0039 0.6709
vn -0.5968 0.0040 -0.8024
vn 0.7301 0.0039 0.6833
vn 0.6107 0.0039 -0.7919
vn -0.7304 0.0039 -0.6830
vn 0.8526 0.0039 0.5226
vn -0.9640 0.0040 -0.2658
vn 0.3748 0.0039 -0.9271
vn -0.1689 0.0039 0.9856
vn -0.8998 0.0039 0.4362
vn -0.4456 0.0039 0.8952
vn 0.2805 0.0040 -0.9599
vn 0.2804 0.0039 -0.9599
vn -0.9325 0.0040 -0.3611
vn -0.9325 0.0039 -0.3611
vn 0.9309 0.0039 0.3653
vn -0.1216 0.0039 0.9926
vn -0.0670 0.0039 -0.9977
vn -0.9809 0.0039 -0.1946
vn -0.9809 0.0040 -0.1946
vn 0.9797 0.0039 0.2007
vn -0.2711 0.0039 0.9625
vn 0.1304 0.0040 -0.9915
vn -0.8596 0.0040 -0.5110
vn 0.4551 0.0040 -0.8904
vn -0.9904 0.0040 0.1381
vn 0.0743 0.0039 0.9972
vn -0.1946 0.0040 -0.9809
vn 0.9959 0.0039 -0.0905
vn 0.1765 0.0039 0.9843
vn -0.3446 0.0040 -0.9387
vn -0.3446 0.0039 -0.9387
vn -0.0198 0.0040 -0.9998
vn 0.0118 0.0039 0.9999
vn -0.9951 0.0039 0.0991
vn 0.9690 0.0039 -0.2472
vn 0.9044 0.0039 -0.4267
vn -0.9577 0.0039 0.2877
vn 0.9605 0.0039 -0.2783
vn 0.9605 0.0039 -0.2784
vn 0.2007 0.0040 0.9797
vn -0.3680 0.0039 -0.9298
vn -0.3680 0.0040 -0.9298
vn -0.6145 0.0039 -0.7889
vn 0.6156 0.0039 0.7881
vn 0.7340 0.0039 -0.6791
vn -0.7567 0.0040 -0.6537
vn 0.7562 0.0039 0.6543
vn 0.5790 0.0039 -0.8153
vn -0.2324 0.0039 0.9726
vn 0.2416 0.0039 -0.9704
vn 0.9533 0.0039 0.3021
vn 0.9422 0.0039 -0.3351
vn 0.7110 0.0040 0.7032
vn -0.7111 0.0039 -0.7031
vn -0.7111 0.0040 -0.7031
vn 0.4331 0.0039 0.9013
vn -0.4298 0.0039 -0.9029
vn -0.6281 0.0040 0.7782
vn -0.5737 0.0040 -0.8190
vn -0.7673 0.0039 0.6413
vn 0.2783 0.0039 0.9605
vn 0.2784 0.0039 0.9605
vn -0.2732 0.0040 -0.9620
vn 0.9797 0.0039 -0.2007
vn 0.9797 0.0040 -0.2006
vn -0.9387 0.0040 0.3446
vn -0.9387 0.0039 0.3446
vn 0.8116 0.0039 0.5842
vn -0.8126 0.0040 -0.5827
vn -0.8127 0.0039 -0.5827
vn 0.6367 0.0040 -0.7711
vn -0.5410 0.0039 0.8410
vn 0.5501 0.0040 -0.8351
vn -0.3882 0.0039 0.9216
vn -0.3883 0.0039 0.9215
vn 0.3977 0.0039 -0.9175
vn -0.6791 0.0039 0.7340
vn -0.6791 0.0039 0.7341
vn 0.6872 0.0039 -0.7265
vn 0.5520 0.0039 0.8338
vn -0.6621 0.0040 -0.7494
vn -0.6622 0.0039 -0.7494
vn 0.8921 0.0039 0.4519
vn -0.8936 0.0039 -0.4488
vn -0.8936 0.0040 -0.4488
vn -0.3653 0.0039 0.9309
vn 0.9843 0.0039 0.1765
vn 0.9843 0.0039 0.1764
vn -1.0000 0.0040 0.0040
vn 0.1061 0.0039 0.9943
vn -0.0991 0.0040 -0.9951
vn -0.9777 0.0040 0.2098
vn -0.9777 0.0039 0.2098
vn -0.8872 0.0039 0.4613
vn -0.8872 0.0039 0.4614
vn 0.8920 0.0039 -0.4519
vn 0.3721 0.0039 0.9282
vn -0.5501 0.0039 -0.8351
vt 0.369354 0.005328
vt 0.467365 0.127619
vt 0.343755 0.009800
vt 0.463075 0.165641
vt 0.478828 0.265836
vt 0.469705 0.315408
vt 0.285181 0.007217
vt 0.461380 0.090131
vt 0.445792 0.052054
vt 0.321445 0.009656
vt 0.465508 0.201223
vt 0.801719 0.452685
vt 0.678109 0.334866
vt 0.797429 0.490707
vt 0.703708 0.330394
vt 0.813182 0.590903
vt 0.619535 0.332283
vt 0.804059 0.640474
vt 0.780147 0.377121
vt 0.795734 0.415197
vt 0.799863 0.526290
vt 0.655799 0.334723
vt 0.728071 0.053656
vt 0.728071 0.045418
vt 0.730626 0.053662
vt 0.730625 0.045461
vt 0.897313 0.266245
vt 0.899867 0.252096
vt 0.899867 0.266245
vt 0.897313 0.252096
vt 0.210029 0.862716
vt 0.212583 0.846546
vt 0.212583 0.862688
vt 0.210033 0.846574
vt 0.046980 0.061917
vt 0.049534 0.025141
vt 0.049534 0.061917
vt 0.046980 0.025141
vt 0.018085 0.854460
vt 0.020639 0.843526
vt 0.020639 0.854457
vt 0.018085 0.843526
vt 0.585662 0.295140
vt 0.585662 0.289183
vt 0.588215 0.295127
vt 0.588215 0.289183
vt 0.034264 0.847761
vt 0.044153 0.837869
vt 0.195050 0.847777
vt 0.055245 0.829352
vt 0.185209 0.837876
vt 0.174030 0.829357
vt 0.067374 0.822336
vt 0.161922 0.822371
vt 0.080182 0.816857
vt 0.148985 0.817017
vt 0.135525 0.813398
vt 0.093237 0.812503
vt 0.107270 0.807097
vt 0.039214 0.075809
vt 0.037976 0.061864
vt 0.037976 0.090812
vt 0.203554 0.858869
vt 0.025759 0.858863
vt 0.018761 0.870972
vt 0.210519 0.870972
vt 0.843457 0.430741
vt 0.863915 0.417205
vt 0.846687 0.436684
vt 0.920506 0.392036
vt 0.852997 0.446122
vt 0.884116 0.406140
vt 0.860073 0.454695
vt 0.868681 0.461536
vt 0.878054 0.467512
vt 0.887785 0.472647
vt 0.898639 0.476075
vt 0.909443 0.478687
vt 0.920506 0.478828
vt 0.906097 0.396587
vt 0.439124 0.043342
vt 0.439124 0.014943
vt 0.441678 0.043342
vt 0.441678 0.014943
vt 0.433422 0.015208
vt 0.433422 0.039214
vt 0.430868 0.015208
vt 0.430868 0.039214
vt 0.470572 0.018539
vt 0.468018 0.045406
vt 0.468018 0.018539
vt 0.470572 0.045406
vt 0.022703 0.154163
vt 0.022703 0.173369
vt 0.020149 0.154163
vt 0.020149 0.173369
vt 0.910186 0.780761
vt 0.907632 0.790479
vt 0.907632 0.780761
vt 0.910186 0.790479
vt 0.046980 0.111451
vt 0.049534 0.092961
vt 0.049534 0.111451
vt 0.046980 0.092961
vt 0.107324 0.055726
vt 0.104770 0.055726
vt 0.107324 0.023546
vt 0.104770 0.023546
vt 0.466445 0.333679
vt 0.463891 0.361185
vt 0.463891 0.333679
vt 0.466445 0.361185
vt 0.061426 0.462317
vt 0.061426 0.431976
vt 0.063981 0.462317
vt 0.063981 0.431976
vt 0.013956 0.185752
vt 0.013956 0.154186
vt 0.016511 0.185752
vt 0.016511 0.154186
vt 0.076365 0.447852
vt 0.073811 0.466445
vt 0.073811 0.447852
vt 0.076365 0.466445
vt 0.358631 0.482956
vt 0.358631 0.457723
vt 0.361185 0.482956
vt 0.361185 0.457723
vt 0.004128 0.211832
vt 0.001572 0.239414
vt 0.001572 0.211832
vt 0.004128 0.239414
vt 0.070173 0.436308
vt 0.070173 0.466445
vt 0.067619 0.436308
vt 0.067619 0.466445
vt 0.463891 0.090812
vt 0.463891 0.061544
vt 0.466445 0.090812
vt 0.466445 0.061544
vt 0.470572 0.172852
vt 0.470572 0.198136
vt 0.468019 0.172852
vt 0.468019 0.198136
vt 0.113025 0.043342
vt 0.113025 0.023345
vt 0.115579 0.043342
vt 0.115579 0.023345
vt 0.703795 0.001451
vt 0.701241 0.010320
vt 0.701241 0.001451
vt 0.703795 0.010320
vt 0.734264 0.344674
vt 0.736817 0.327435
vt 0.736817 0.344674
vt 0.734264 0.327435
vt 0.723944 0.866844
vt 0.726498 0.855990
vt 0.726498 0.866844
vt 0.723944 0.855990
vt 0.039214 0.023484
vt 0.039214 0.045406
vt 0.883355 0.887483
vt 0.883355 0.872484
vt 0.056972 0.069316
vt 0.057279 0.070873
vt 0.056972 0.076114
vt 0.057279 0.075099
vt 0.530608 0.301113
vt 0.481593 0.086803
vt 0.481593 0.331919
vt 0.501051 0.064190
vt 0.568638 0.289674
vt 0.534007 0.047225
vt 0.598543 0.284757
vt 0.564782 0.037068
vt 0.668839 0.290091
vt 0.692054 0.002594
vt 0.717494 0.045734
vt 0.725878 0.314066
vt 0.795230 0.173140
vt 0.801474 0.159503
vt 0.837949 0.268468
vt 0.814913 0.182793
vt 0.787427 0.365313
vt 0.241671 0.001167
vt 0.180980 0.013016
vt 0.440699 0.370144
vt 0.119691 0.047564
vt 0.394929 0.432259
vt 0.072122 0.099225
vt 0.329479 0.471422
vt 0.033986 0.155639
vt 0.260682 0.489148
vt 0.008552 0.218010
vt 0.189110 0.489148
vt 0.120910 0.468026
vt 0.001649 0.290957
vt 0.061164 0.426388
vt 0.017170 0.361440
vt 0.576025 0.326234
vt 0.515334 0.338082
vt 0.775053 0.695211
vt 0.454045 0.372631
vt 0.729283 0.757325
vt 0.406476 0.424291
vt 0.663833 0.796489
vt 0.368340 0.480705
vt 0.595036 0.814214
vt 0.342906 0.543077
vt 0.523464 0.814214
vt 0.455264 0.793093
vt 0.336003 0.616023
vt 0.395518 0.751454
vt 0.351524 0.686507
vt 0.002765 0.849961
vt 0.002765 0.604845
vt 0.051780 0.819155
vt 0.022223 0.582233
vt 0.089810 0.807716
vt 0.055179 0.565268
vt 0.119715 0.802799
vt 0.085954 0.555110
vt 0.190010 0.808134
vt 0.213226 0.520637
vt 0.238666 0.563776
vt 0.247050 0.832108
vt 0.322646 0.677546
vt 0.316402 0.691182
vt 0.359121 0.786510
vt 0.336085 0.700835
vt 0.308599 0.883355
vt 0.383888 0.441690
vt 0.338506 0.477634
vt 0.301943 0.493134
vt 0.272748 0.501268
vt 0.202289 0.503595
vt 0.142984 0.485954
vt 0.076236 0.441690
vt 0.426198 0.394304
vt 0.219657 0.526298
vt 0.190125 0.522079
vt 0.158083 0.503445
vt 0.132952 0.482983
vt 0.035368 0.394304
vt 0.013996 0.009430
vt 0.049534 0.090719
vt 0.013996 0.194008
vt 0.012703 0.198136
vt 0.016511 0.148199
vt 0.012703 0.006842
vt 0.057695 0.070723
vt 0.057790 0.065492
vt 0.056972 0.062687
vt 0.057790 0.061410
vt 0.224864 0.845387
vt 0.224967 0.842376
vt 0.224916 0.846102
vt 0.224558 0.845326
vt 0.223741 0.845065
vt 0.223741 0.839170
vt 0.224967 0.836532
vt 0.223741 0.833329
vt 0.224967 0.833333
vt 0.049023 0.065640
vt 0.049023 0.069313
vt 0.049534 0.065640
vt 0.049534 0.071491
vt 0.049023 0.074911
vt 0.049227 0.075243
vt 0.049534 0.075141
vt 0.049534 0.075856
vt 0.736715 0.841668
vt 0.736817 0.841668
vt 0.736715 0.840953
vt 0.736817 0.838526
vt 0.736409 0.840953
vt 0.735898 0.840555
vt 0.735898 0.834013
vt 0.736817 0.831410
vt 0.049023 0.080459
vt 0.049227 0.082639
vt 0.049023 0.085969
vt 0.049227 0.085969
vt 0.049227 0.086684
vt 0.057279 0.079299
vt 0.056972 0.081859
vt 0.057279 0.081841
vt 0.057279 0.082557
vt 0.205405 0.890601
vt 0.198689 0.912250
vt 0.200283 0.905294
vt 0.209680 0.880227
vt 0.218937 0.861010
vt 0.230504 0.843018
vt 0.237818 0.833317
vt 0.247943 0.838471
vt 0.257416 0.844580
vt 0.265435 0.851797
vt 0.272879 0.860369
vt 0.279596 0.869495
vt 0.283980 0.879479
vt 0.287637 0.890015
vt 0.289764 0.901258
vt 0.291012 0.912250
vt 0.736817 0.825425
vt 0.735898 0.825328
vt 0.931940 0.488168
vt 0.936223 0.490256
vt 0.938110 0.632384
vt 0.941609 0.506928
vt 0.921390 0.484658
vt 0.910457 0.482547
vt 0.946619 0.529932
vt 0.899291 0.481880
vt 0.888197 0.482675
vt 0.877331 0.484916
vt 0.948379 0.544451
vt 0.866796 0.488568
vt 0.856803 0.493542
vt 0.847558 0.499785
vt 0.949338 0.553967
vt 0.839272 0.507181
vt 0.831954 0.515576
vt 0.949396 0.566214
vt 0.825813 0.524906
vt 0.820964 0.534921
vt 0.949383 0.577267
vt 0.817415 0.545468
vt 0.815278 0.556400
vt 0.814663 0.567569
vt 0.948295 0.586804
vt 0.815483 0.578664
vt 0.817647 0.589526
vt 0.946720 0.600450
vt 0.821363 0.600064
vt 0.826337 0.610058
vt 0.941443 0.623030
vt 0.832580 0.619303
vt 0.840002 0.627590
vt 0.848397 0.634908
vt 0.857676 0.641047
vt 0.867742 0.645898
vt 0.933304 0.645317
vt 0.922347 0.649215
vt 0.878289 0.649447
vt 0.911434 0.651376
vt 0.889221 0.651584
vt 0.900339 0.652197
vt 0.829151 0.301331
vt 0.829140 0.292948
vt 0.829693 0.301025
vt 0.038548 0.040195
vt 0.039202 0.041111
vt 0.038826 0.041278
vt 0.038178 0.037945
vt 0.038184 0.035473
vt 0.038720 0.034018
vt 0.038465 0.033021
vt 0.039214 0.031061
vt 0.038896 0.030949
vt 0.010320 0.386606
vt 0.010320 0.390080
vt 0.009911 0.386606
vt 0.009911 0.390080
vt 0.418968 0.405672
vt 0.418566 0.406591
vt 0.418566 0.404752
vt 0.429294 0.391347
vt 0.428898 0.394208
vt 0.428898 0.390734
vt 0.429294 0.394208
vt 0.447422 0.039214
vt 0.447869 0.035843
vt 0.447869 0.039214
vt 0.447422 0.035843
vt 0.078429 0.081688
vt 0.078020 0.082557
vt 0.078020 0.080820
vt 0.090795 0.073241
vt 0.090812 0.073883
vt 0.090415 0.073133
vt 0.090415 0.074301
vt 0.084212 0.020639
vt 0.084212 0.019617
vt 0.084620 0.020138
vt 0.084620 0.019627
vt 0.905620 0.775956
vt 0.905480 0.771730
vt 0.906051 0.776007
vt 0.905090 0.772947
vt 0.905041 0.770446
vt 0.905708 0.768075
vt 0.905294 0.767999
vt 0.906058 0.766374
vt 0.905724 0.766001
vt 0.076365 0.090025
vt 0.075918 0.090812
vt 0.075918 0.089229
vt 0.090379 0.068109
vt 0.090379 0.066951
vt 0.090800 0.067477
vt 0.090812 0.066842
vt 0.216098 0.858588
vt 0.216302 0.857669
vt 0.216302 0.858588
vt 0.216507 0.857771
vt 0.216507 0.855319
vt 0.216711 0.855319
vt 0.216507 0.852970
vt 0.216507 0.850620
vt 0.216302 0.850620
vt 0.216098 0.848781
vt 0.216098 0.848985
vt 0.388016 0.440268
vt 0.388016 0.443741
vt 0.387812 0.440268
vt 0.387812 0.443741
vt 0.099068 0.031981
vt 0.098747 0.032542
vt 0.098868 0.031941
vt 0.099068 0.033023
vt 0.038970 0.100608
vt 0.039022 0.099866
vt 0.039214 0.099936
vt 0.039214 0.101132
vt 0.781815 0.373262
vt 0.781815 0.365498
vt 0.782223 0.373568
vt 0.782223 0.365192
vt 0.092672 0.069662
vt 0.092876 0.068436
vt 0.092876 0.070173
vt 0.092672 0.068947
vt 0.065841 0.101132
vt 0.065841 0.100621
vt 0.066045 0.100008
vt 0.065841 0.100008
vt 0.441678 0.376287
vt 0.441678 0.379760
vt 0.441473 0.376900
vt 0.441473 0.379760
vt 0.080288 0.084161
vt 0.080493 0.083037
vt 0.080493 0.084620
vt 0.080288 0.083497
vt 0.039214 0.047695
vt 0.039214 0.049534
vt 0.039010 0.048206
vt 0.039010 0.049023
vt 0.445805 0.366069
vt 0.445805 0.369441
vt 0.445601 0.366069
vt 0.445601 0.369441
vt 0.085923 0.078429
vt 0.086124 0.077630
vt 0.086119 0.078374
vt 0.086320 0.077575
vt 0.086306 0.075246
vt 0.086530 0.075289
vt 0.086460 0.072763
vt 0.086684 0.072806
vt 0.086418 0.070335
vt 0.086221 0.070390
vt 0.086234 0.068159
vt 0.085923 0.068564
vt 0.335916 0.633350
vt 0.335780 0.632914
vt 0.336095 0.633587
vt 0.335583 0.632324
vt 0.335331 0.632050
vt 0.335433 0.632038
vt 0.336192 0.634193
vt 0.336273 0.634936
vt 0.336406 0.634883
vt 0.336418 0.635605
vt 0.336293 0.636962
vt 0.336414 0.636226
vt 0.336410 0.636848
vt 0.336305 0.637485
vt 0.336099 0.638139
vt 0.335919 0.638532
vt 0.335893 0.638792
vt 0.335671 0.639345
vt 0.335332 0.639814
vt 0.335333 0.639813
vt 0.473117 0.016565
vt 0.474700 0.016564
vt 0.474700 0.022477
vt 0.473117 0.035783
vt 0.474700 0.035783
vt 0.473117 0.049344
vt 0.474700 0.049344
vt 0.474700 0.076849
vt 0.473117 0.076849
vt 0.473117 0.090589
vt 0.474700 0.090589
vt 0.473117 0.104381
vt 0.474700 0.104381
vt 0.474700 0.118172
vt 0.473117 0.118172
vt 0.474700 0.145754
vt 0.473117 0.145754
vt 0.473117 0.159545
vt 0.474700 0.159545
vt 0.473117 0.173336
vt 0.474700 0.173336
vt 0.473117 0.187025
vt 0.474700 0.187025
vt 0.473117 0.200612
vt 0.474700 0.200612
vt 0.473117 0.213892
vt 0.474700 0.213892
vt 0.474700 0.220839
vt 0.473117 0.220839
vt 0.328817 0.477571
vt 0.332290 0.477571
vt 0.328817 0.484977
vt 0.332290 0.484977
vt 0.328817 0.498283
vt 0.332290 0.498283
vt 0.328817 0.511844
vt 0.332290 0.511844
vt 0.328817 0.539350
vt 0.332290 0.539350
vt 0.332290 0.553090
vt 0.328817 0.553090
vt 0.328817 0.566881
vt 0.332290 0.566881
vt 0.328817 0.580672
vt 0.332290 0.580672
vt 0.332290 0.608254
vt 0.328817 0.608254
vt 0.332290 0.622045
vt 0.328817 0.622045
vt 0.332290 0.635836
vt 0.328817 0.635836
vt 0.332290 0.649525
vt 0.328817 0.649525
vt 0.332290 0.663112
vt 0.328817 0.663112
vt 0.332290 0.676392
vt 0.328817 0.676392
vt 0.328817 0.681092
vt 0.332290 0.681092
vt 0.009196 0.206391
vt 0.009196 0.199036
vt 0.010320 0.205983
vt 0.010320 0.199036
vt 0.009196 0.185756
vt 0.010320 0.185756
vt 0.009196 0.172169
vt 0.010320 0.172169
vt 0.009196 0.158480
vt 0.010320 0.158480
vt 0.009196 0.144689
vt 0.010320 0.144689
vt 0.009196 0.130898
vt 0.010320 0.130898
vt 0.009196 0.103316
vt 0.010320 0.103316
vt 0.009196 0.089525
vt 0.010320 0.089525
vt 0.009196 0.075733
vt 0.010320 0.075733
vt 0.010320 0.061993
vt 0.009196 0.061993
vt 0.009196 0.034488
vt 0.010320 0.034488
vt 0.009196 0.020926
vt 0.010320 0.020926
vt 0.009196 0.007621
vt 0.010320 0.007621
vt 0.010320 0.001708
vt 0.009196 0.001427
vt 0.829693 0.308649
vt 0.829693 0.323806
vt 0.821317 0.308649
vt 0.821317 0.323806
vt 0.829693 0.336040
vt 0.821317 0.336040
vt 0.829693 0.348222
vt 0.821317 0.348222
vt 0.829693 0.372611
vt 0.821317 0.372611
vt 0.821317 0.384819
vt 0.829693 0.384819
vt 0.829693 0.397027
vt 0.821317 0.397027
vt 0.829693 0.409183
vt 0.821317 0.409183
vt 0.829693 0.433599
vt 0.821317 0.433599
vt 0.829693 0.445858
vt 0.821317 0.445858
vt 0.829693 0.458014
vt 0.821317 0.458014
vt 0.829693 0.470171
vt 0.821317 0.470171
vt 0.821317 0.482430
vt 0.829693 0.482430
vt 0.829693 0.494688
vt 0.821317 0.494688
vt 0.829693 0.507049
vt 0.821317 0.511850
vt 0.829693 0.511851
vt 0.002821 0.007621
vt 0.002821 0.001427
vt 0.006192 0.001428
vt 0.006192 0.020926
vt 0.002821 0.020926
vt 0.006192 0.034488
vt 0.002821 0.034488
vt 0.002821 0.061993
vt 0.006192 0.061993
vt 0.002821 0.075733
vt 0.006192 0.075733
vt 0.002821 0.089525
vt 0.006192 0.089525
vt 0.006192 0.103316
vt 0.002821 0.103316
vt 0.006192 0.130898
vt 0.002821 0.130898
vt 0.002821 0.144689
vt 0.006192 0.144689
vt 0.006192 0.158480
vt 0.002821 0.158480
vt 0.002821 0.172169
vt 0.006192 0.172169
vt 0.002821 0.185756
vt 0.006192 0.185756
vt 0.002821 0.199036
vt 0.006192 0.199036
vt 0.002821 0.206391
vt 0.006192 0.206391
vt 0.815471 0.598317
vt 0.817310 0.598317
vt 0.817310 0.616130
vt 0.815471 0.616130
vt 0.817310 0.629691
vt 0.815471 0.629691
vt 0.817310 0.657197
vt 0.815471 0.657197
vt 0.815471 0.670937
vt 0.817310 0.670937
vt 0.817310 0.684728
vt 0.815471 0.684728
vt 0.817310 0.698519
vt 0.815471 0.698519
vt 0.815471 0.726102
vt 0.817310 0.726102
vt 0.817310 0.739893
vt 0.815471 0.739893
vt 0.817310 0.753684
vt 0.815471 0.753684
vt 0.815471 0.767373
vt 0.817310 0.767373
vt 0.815471 0.780959
vt 0.817310 0.780959
vt 0.815471 0.794240
vt 0.817310 0.794240
vt 0.815471 0.798735
vt 0.817310 0.798735
vt 0.709986 0.321971
vt 0.705287 0.318497
vt 0.709986 0.318497
vt 0.705287 0.321971
vt 0.692007 0.318497
vt 0.692007 0.321971
vt 0.678420 0.321971
vt 0.678420 0.318497
vt 0.664731 0.318497
vt 0.664731 0.321971
vt 0.650940 0.318497
vt 0.650940 0.321971
vt 0.637149 0.318497
vt 0.637149 0.321971
vt 0.609567 0.318497
vt 0.609567 0.321971
vt 0.595776 0.318497
vt 0.595776 0.321971
vt 0.581985 0.318497
vt 0.581985 0.321971
vt 0.568244 0.321971
vt 0.568244 0.318497
vt 0.540739 0.318497
vt 0.540739 0.321971
vt 0.527178 0.318497
vt 0.527178 0.321971
vt 0.509390 0.318497
vt 0.509390 0.321971
vt 0.478828 0.220839
vt 0.477091 0.220839
vt 0.478828 0.215935
vt 0.477091 0.215935
vt 0.478828 0.202655
vt 0.477091 0.202655
vt 0.478828 0.189068
vt 0.477091 0.189068
vt 0.478828 0.175379
vt 0.477091 0.175379
vt 0.478828 0.161588
vt 0.477091 0.161588
vt 0.477091 0.147797
vt 0.478828 0.147797
vt 0.477091 0.120215
vt 0.478828 0.120215
vt 0.477091 0.106424
vt 0.478828 0.106424
vt 0.478828 0.092633
vt 0.477091 0.092633
vt 0.477091 0.078893
vt 0.478828 0.078893
vt 0.477091 0.051387
vt 0.478828 0.051387
vt 0.478828 0.037826
vt 0.477091 0.037826
vt 0.477091 0.024520
vt 0.478828 0.024520
vt 0.478828 0.016794
vt 0.477091 0.016794
vt 0.326098 0.477047
vt 0.326098 0.484773
vt 0.324975 0.477366
vt 0.324975 0.484773
vt 0.326098 0.498078
vt 0.324975 0.498078
vt 0.326098 0.511640
vt 0.324975 0.511640
vt 0.326098 0.539145
vt 0.324975 0.539145
vt 0.324975 0.552885
vt 0.326098 0.552885
vt 0.326098 0.566676
vt 0.324975 0.566676
vt 0.326098 0.580468
vt 0.324975 0.580468
vt 0.326098 0.608050
vt 0.324975 0.608050
vt 0.326098 0.621841
vt 0.324975 0.621841
vt 0.326098 0.635632
vt 0.324975 0.635632
vt 0.326098 0.649321
vt 0.324975 0.649321
vt 0.326098 0.662908
vt 0.324975 0.662908
vt 0.326098 0.676188
vt 0.324975 0.676188
vt 0.324975 0.680887
vt 0.326098 0.681092
vt 0.824935 0.894279
vt 0.825242 0.897788
vt 0.824694 0.895122
vt 0.824389 0.892477
vt 0.824891 0.888343
vt 0.824358 0.889668
vt 0.824643 0.887081
vt 0.825566 0.885083
vt 0.825326 0.884515
vt 0.214647 0.004128
vt 0.209948 0.004128
vt 0.214443 0.003106
vt 0.209948 0.003106
vt 0.196668 0.004128
vt 0.196668 0.003106
vt 0.183081 0.004128
vt 0.183081 0.003106
vt 0.169392 0.004128
vt 0.169392 0.003106
vt 0.155601 0.004128
vt 0.155601 0.003106
vt 0.141810 0.004128
vt 0.141810 0.003106
vt 0.114227 0.004128
vt 0.114227 0.003106
vt 0.100436 0.004128
vt 0.100436 0.003106
vt 0.086645 0.004128
vt 0.086645 0.003106
vt 0.072905 0.003106
vt 0.072905 0.004128
vt 0.045399 0.004128
vt 0.045399 0.003106
vt 0.031838 0.004128
vt 0.031838 0.003106
vt 0.018532 0.004128
vt 0.018532 0.003106
vt 0.014025 0.003106
vt 0.014050 0.004128
vt 0.329563 0.688328
vt 0.329577 0.688960
vt 0.329491 0.688416
vt 0.329477 0.687785
vt 0.329527 0.687796
vt 0.329641 0.689603
vt 0.329713 0.689514
vt 0.329773 0.689947
vt 0.329800 0.690058
vt 0.329963 0.690723
vt 0.329986 0.690623
vt 0.329513 0.687164
vt 0.329535 0.687065
vt 0.329571 0.686444
vt 0.329621 0.686456
vt 0.329657 0.685835
vt 0.329707 0.685847
vt 0.329765 0.685127
vt 0.329815 0.685138
vt 0.329901 0.684529
vt 0.329951 0.684540
vt 0.330109 0.683843
vt 0.330158 0.683854
vt 0.330226 0.683555
vt 0.330095 0.691067
vt 0.330045 0.691056
vt 0.330226 0.691411
vt 0.595450 0.003802
vt 0.594632 0.002576
vt 0.596471 0.002576
vt 0.594428 0.004977
vt 0.592385 0.007173
vt 0.581965 0.002576
vt 0.591363 0.008502
vt 0.590137 0.010238
vt 0.581965 0.012383
vt 0.588912 0.012383
vt 0.568685 0.002576
vt 0.568685 0.012383
vt 0.555098 0.002576
vt 0.555098 0.012383
vt 0.541409 0.002576
vt 0.541409 0.012383
vt 0.527618 0.002576
vt 0.527618 0.012383
vt 0.513827 0.002576
vt 0.513827 0.012383
vt 0.486244 0.002576
vt 0.486244 0.012383
vt 0.472453 0.002576
vt 0.472453 0.012383
vt 0.458662 0.002576
vt 0.458662 0.012383
vt 0.444922 0.012383
vt 0.444922 0.002576
vt 0.417417 0.002576
vt 0.417417 0.012383
vt 0.403855 0.002576
vt 0.403855 0.012383
vt 0.390549 0.002576
vt 0.390549 0.012383
vt 0.383398 0.010034
vt 0.384637 0.012383
vt 0.381853 0.007940
vt 0.379925 0.005897
vt 0.377908 0.004160
vt 0.375692 0.002576
vt 0.809546 0.333403
vt 0.807503 0.337847
vt 0.807503 0.333339
vt 0.811998 0.333212
vt 0.817310 0.337847
vt 0.814450 0.332713
vt 0.817303 0.331657
vt 0.807503 0.351153
vt 0.817310 0.351153
vt 0.807503 0.364714
vt 0.817310 0.364714
vt 0.807503 0.392220
vt 0.817310 0.392220
vt 0.817310 0.405960
vt 0.807503 0.405960
vt 0.807503 0.419751
vt 0.817310 0.419751
vt 0.807503 0.433542
vt 0.817310 0.433542
vt 0.807503 0.461124
vt 0.817310 0.461124
vt 0.807503 0.474915
vt 0.817310 0.474915
vt 0.807503 0.488706
vt 0.817310 0.488706
vt 0.807503 0.502395
vt 0.817310 0.502395
vt 0.807503 0.515982
vt 0.817310 0.515982
vt 0.807503 0.529262
vt 0.817310 0.529262
vt 0.809648 0.534166
vt 0.807503 0.533757
vt 0.812100 0.534574
vt 0.814450 0.535392
vt 0.816595 0.536209
vt 0.817310 0.536618
vt 0.094940 0.022527
vt 0.094327 0.022578
vt 0.094634 0.022424
vt 0.094940 0.022169
vt 0.093612 0.022935
vt 0.094940 0.024774
vt 0.093306 0.023140
vt 0.092693 0.023344
vt 0.092182 0.023548
vt 0.091569 0.023701
vt 0.090956 0.023804
vt 0.090241 0.023906
vt 0.087278 0.024774
vt 0.089628 0.023957
vt 0.088913 0.024008
vt 0.088300 0.024008
vt 0.087585 0.023957
vt 0.087278 0.023906
vt 0.087278 0.027124
vt 0.094940 0.027124
vt 0.087278 0.029729
vt 0.094940 0.029729
vt 0.087278 0.032436
vt 0.094940 0.032436
vt 0.094940 0.035245
vt 0.087278 0.035245
vt 0.094940 0.038157
vt 0.087278 0.038157
vt 0.087278 0.044082
vt 0.094940 0.044082
vt 0.087278 0.047095
vt 0.094940 0.047095
vt 0.087278 0.050058
vt 0.094940 0.050058
vt 0.094940 0.052969
vt 0.087278 0.052969
vt 0.087278 0.058486
vt 0.094940 0.058486
vt 0.087278 0.061091
vt 0.094940 0.061091
vt 0.087278 0.063491
vt 0.094940 0.063491
vt 0.087585 0.064615
vt 0.087278 0.064717
vt 0.088198 0.064513
vt 0.088913 0.064309
vt 0.089526 0.064309
vt 0.090241 0.064206
vt 0.090956 0.064309
vt 0.091569 0.064411
vt 0.092182 0.064513
vt 0.092795 0.064717
vt 0.093408 0.065024
vt 0.094021 0.065330
vt 0.094531 0.065637
vt 0.094940 0.066045
vt 0.713762 0.020642
vt 0.714060 0.023095
vt 0.713556 0.021050
vt 0.713908 0.022890
vt 0.714023 0.025097
vt 0.714114 0.025220
vt 0.714088 0.026895
vt 0.713943 0.027385
vt 0.713761 0.029877
vt 0.713609 0.029672
vt 0.713583 0.031347
vt 0.713644 0.031429
vt 0.713556 0.033023
vt 0.713495 0.032941
vt 0.506989 0.827855
vt 0.513667 0.829693
vt 0.505942 0.829693
vt 0.508010 0.825607
vt 0.508777 0.823258
vt 0.513667 0.819886
vt 0.509147 0.820908
vt 0.509185 0.819886
vt 0.526973 0.829693
vt 0.526973 0.819886
vt 0.540534 0.829693
vt 0.540534 0.819886
vt 0.568040 0.829693
vt 0.568040 0.819886
vt 0.581780 0.819886
vt 0.581780 0.829693
vt 0.595571 0.829693
vt 0.595571 0.819886
vt 0.609362 0.829693
vt 0.609362 0.819886
vt 0.636945 0.819886
vt 0.636945 0.829693
vt 0.650736 0.829693
vt 0.650736 0.819886
vt 0.664527 0.829693
vt 0.664527 0.819886
vt 0.678216 0.829693
vt 0.678216 0.819886
vt 0.691803 0.829693
vt 0.691803 0.819886
vt 0.705083 0.829693
vt 0.705083 0.819886
vt 0.709578 0.827855
vt 0.709986 0.829693
vt 0.709578 0.825505
vt 0.709373 0.823155
vt 0.709578 0.820704
vt 0.709782 0.819886
vt 0.097629 0.007317
vt 0.097135 0.010160
vt 0.094871 0.007317
vt 0.910186 0.235267
vt 0.909164 0.235267
vt 0.909164 0.232611
vt 0.910186 0.232611
vt 0.122307 0.016511
vt 0.127766 0.009684
vt 0.127926 0.016511
vt 0.128072 0.009692
vt 0.048083 0.007317
vt 0.050127 0.010128
vt 0.045427 0.007317
vt 0.070149 0.007317
vt 0.072907 0.007317
vt 0.068726 0.010188
vt 0.166483 0.007317
vt 0.169241 0.007317
vt 0.165294 0.010076
vt 0.064633 0.007317
vt 0.063369 0.010129
vt 0.061875 0.007317
vt 0.031715 0.129396
vt 0.034065 0.130823
vt 0.031715 0.126740
vt 0.125212 0.007317
vt 0.127972 0.007317
vt 0.081080 0.007317
vt 0.083043 0.010010
vt 0.078424 0.007317
vt 0.111420 0.007317
vt 0.114179 0.007317
vt 0.112796 0.010189
vt 0.122453 0.007317
vt 0.121187 0.010518
vt 0.119695 0.007317
vt 0.086596 0.007317
vt 0.089355 0.007317
vt 0.092020 0.010189
vt 0.042321 0.107202
vt 0.043342 0.107202
vt 0.043342 0.109961
vt 0.043342 0.065931
vt 0.043342 0.068587
vt 0.042321 0.065931
vt 0.002433 0.390807
vt 0.001411 0.390807
vt 0.002433 0.393565
vt 0.001411 0.393565
vt 0.140631 0.010194
vt 0.141761 0.007317
vt 0.144519 0.007317
vt 0.144519 0.010298
vt 0.042321 0.024558
vt 0.043342 0.024558
vt 0.043342 0.027418
vt 0.042321 0.052140
vt 0.042321 0.049382
vt 0.043342 0.052140
vt 0.142087 0.016511
vt 0.453039 0.063981
vt 0.453039 0.061325
vt 0.454061 0.063981
vt 0.454061 0.061325
vt 0.155450 0.009429
vt 0.158650 0.010237
vt 0.155450 0.016511
vt 0.158209 0.016511
vt 0.192701 0.897784
vt 0.193722 0.895128
vt 0.192701 0.895127
vt 0.130728 0.010313
vt 0.133826 0.016511
vt 0.144474 0.021008
vt 0.141716 0.021008
vt 0.144474 0.026831
vt 0.035087 0.033063
vt 0.035087 0.030305
vt 0.034065 0.034490
vt 0.035087 0.052268
vt 0.034065 0.048510
vt 0.035082 0.055024
vt 0.031715 0.137569
vt 0.034065 0.141525
vt 0.031715 0.134913
vt 0.031715 0.143085
vt 0.031715 0.145946
vt 0.031715 0.118364
vt 0.031715 0.121122
vt 0.034065 0.117162
vt 0.031715 0.112847
vt 0.031715 0.110089
vt 0.105904 0.007317
vt 0.107605 0.010005
vt 0.103146 0.007317
vt 0.101740 0.010277
vt 0.042321 0.115577
vt 0.042321 0.112719
vt 0.043342 0.115577
vt 0.043342 0.112719
vt 0.196072 0.903300
vt 0.193722 0.901866
vt 0.196072 0.906058
vt 0.031715 0.035719
vt 0.031715 0.038477
vt 0.034983 0.041150
vt 0.031715 0.041235
vt 0.031715 0.063301
vt 0.034065 0.064680
vt 0.035017 0.057868
vt 0.031715 0.060543
vt 0.031715 0.071576
vt 0.034065 0.073143
vt 0.031715 0.068818
vt 0.031715 0.077092
vt 0.031715 0.079851
vt 0.034065 0.081255
vt 0.035019 0.085430
vt 0.031715 0.085367
vt 0.031715 0.088125
vt 0.034065 0.092276
vt 0.031715 0.093642
vt 0.034065 0.099250
vt 0.031715 0.096400
vt 0.001628 0.338481
vt 0.001395 0.341261
vt 0.002442 0.338605
vt 0.056768 0.108591
vt 0.057790 0.108591
vt 0.056768 0.111451
vt 0.057790 0.111451
vt 0.043342 0.093411
vt 0.042321 0.093411
vt 0.042321 0.090653
vt 0.043342 0.090653
vt 0.042321 0.082378
vt 0.043342 0.082378
vt 0.043342 0.085137
vt 0.057790 0.097660
vt 0.057790 0.100418
vt 0.056768 0.097660
vt 0.056768 0.100418
vt 0.056768 0.094902
vt 0.057790 0.094902
vt 0.039911 0.007317
vt 0.038808 0.010020
vt 0.037051 0.007317
vt 0.053600 0.007317
vt 0.056256 0.007317
vt 0.054648 0.010469
vt 0.035087 0.024687
vt 0.034065 0.024890
vt 0.035087 0.027547
vt 0.034065 0.029048
vt 0.035087 0.046752
vt 0.035087 0.049510
vt 0.035087 0.077092
vt 0.035087 0.079851
vt 0.002436 0.368639
vt 0.001398 0.365983
vt 0.001634 0.368761
vt 0.031715 0.101916
vt 0.031715 0.104572
vt 0.148573 0.010252
vt 0.152692 0.009680
vt 0.151177 0.016511
vt 0.004374 0.352294
vt 0.001396 0.352192
vt 0.004374 0.355053
vt 0.001413 0.354950
vt 0.004374 0.368946
vt 0.001422 0.371500
vt 0.004374 0.371500
vt 0.147175 0.016511
vt 0.004374 0.332936
vt 0.001422 0.332936
vt 0.001421 0.335745
vt 0.031715 0.099158
vt 0.031715 0.057785
vt 0.031715 0.054925
vt 0.031715 0.024686
vt 0.031715 0.027547
vt 0.059116 0.007317
vt 0.042567 0.007317
vt 0.043765 0.009808
vt 0.056768 0.089386
vt 0.057790 0.089386
vt 0.057790 0.092144
vt 0.056768 0.092144
vt 0.057790 0.103075
vt 0.057790 0.105833
vt 0.056768 0.103075
vt 0.056768 0.105833
vt 0.910186 0.238076
vt 0.909164 0.238076
vt 0.910186 0.240784
vt 0.043342 0.063173
vt 0.042321 0.063173
vt 0.043342 0.087895
vt 0.042321 0.087895
vt 0.043342 0.096169
vt 0.042321 0.096169
vt 0.043342 0.079620
vt 0.042321 0.079620
vt 0.031715 0.090883
vt 0.031715 0.082609
vt 0.031715 0.074334
vt 0.031715 0.066059
vt 0.031715 0.052268
vt 0.031715 0.043994
vt 0.031715 0.046752
vt 0.031715 0.030305
vt 0.031715 0.033063
vt 0.196072 0.900593
vt 0.196072 0.897784
vt 0.056768 0.086627
vt 0.057790 0.086627
vt 0.446848 0.047470
vt 0.446848 0.044712
vt 0.447869 0.047470
vt 0.447869 0.044712
vt 0.108662 0.007317
vt 0.031715 0.107331
vt 0.034065 0.105706
vt 0.031715 0.115605
vt 0.031715 0.140429
vt 0.034395 0.007317
vt 0.031715 0.132257
vt 0.130728 0.007317
vt 0.128072 0.009667
vt 0.035087 0.043994
vt 0.035087 0.035719
vt 0.035087 0.038477
vt 0.028895 0.153098
vt 0.026137 0.153098
vt 0.028895 0.158921
vt 0.004374 0.437595
vt 0.004374 0.440455
vt 0.008256 0.437595
vt 0.004374 0.365983
vt 0.004374 0.368741
vt 0.162344 0.016511
vt 0.004374 0.338299
vt 0.004374 0.335745
vt 0.031715 0.049510
vt 0.001421 0.396324
vt 0.008256 0.396324
vt 0.008256 0.393565
vt 0.134842 0.010220
vt 0.043342 0.030074
vt 0.042321 0.030074
vt 0.042321 0.035591
vt 0.043342 0.035591
vt 0.043342 0.038247
vt 0.139003 0.007317
vt 0.136244 0.007317
vt 0.002433 0.385291
vt 0.001411 0.385291
vt 0.001411 0.388049
vt 0.002433 0.388049
vt 0.043342 0.071345
vt 0.042321 0.068587
vt 0.042321 0.021902
vt 0.043342 0.021902
vt 0.092113 0.007317
vt 0.116937 0.007317
vt 0.116937 0.010241
vt 0.083838 0.007317
vt 0.133486 0.007317
vt 0.031715 0.148602
vt 0.035082 0.148602
vt 0.031715 0.123880
vt 0.035082 0.123880
vt 0.067391 0.007317
vt 0.163776 0.007317
vt 0.160966 0.007317
vt 0.077072 0.010313
vt 0.075666 0.007317
vt 0.147277 0.007317
vt 0.149933 0.007317
vt 0.152692 0.009667
vt 0.152692 0.007317
vt 0.155450 0.007317
vt 0.050740 0.007317
vt 0.196072 0.895127
vt 0.100388 0.007317
vt 0.008256 0.368639
vt 0.008256 0.368844
vt 0.004374 0.338503
vt 0.158206 0.007317
vt 0.117624 0.540741
vt 0.117624 0.537374
vt 0.112145 0.540711
vt 0.114866 0.537374
vt 0.109312 0.476710
vt 0.109402 0.473762
vt 0.112108 0.473762
vt 0.377696 0.454061
vt 0.375040 0.454061
vt 0.377696 0.450179
vt 0.375040 0.450179
vt 0.004741 0.476788
vt 0.002085 0.476745
vt 0.004741 0.473762
vt 0.002085 0.473762
vt 0.114849 0.477119
vt 0.114866 0.473762
vt 0.117624 0.473762
vt 0.029565 0.473762
vt 0.029584 0.477119
vt 0.026807 0.473762
vt 0.024067 0.477118
vt 0.123123 0.477116
vt 0.123141 0.473762
vt 0.125899 0.476532
vt 0.125899 0.473762
vt 0.018532 0.473762
vt 0.021291 0.473762
vt 0.018552 0.477116
vt 0.010258 0.537374
vt 0.010231 0.540722
vt 0.015746 0.540725
vt 0.012914 0.537374
vt 0.087386 0.473762
vt 0.090107 0.477106
vt 0.084628 0.473762
vt 0.084591 0.477129
vt 0.035099 0.477117
vt 0.035082 0.473762
vt 0.037738 0.473762
vt 0.070836 0.473762
vt 0.070817 0.477119
vt 0.068078 0.473762
vt 0.079056 0.537374
vt 0.079059 0.540742
vt 0.081869 0.537374
vt 0.081906 0.540710
vt 0.046012 0.473762
vt 0.048753 0.477117
vt 0.043254 0.473762
vt 0.037738 0.490190
vt 0.037738 0.491212
vt 0.035082 0.490190
vt 0.035082 0.491212
vt 0.048680 0.521589
vt 0.046012 0.521517
vt 0.043102 0.521652
vt 0.057226 0.521652
vt 0.062690 0.521611
vt 0.059804 0.521517
vt 0.101177 0.473762
vt 0.101134 0.477105
vt 0.098419 0.473762
vt 0.002085 0.491212
vt 0.002085 0.490190
vt 0.004741 0.491212
vt 0.004741 0.490190
vt 0.021291 0.490190
vt 0.021291 0.491212
vt 0.018532 0.490190
vt 0.112255 0.521620
vt 0.119882 0.528362
vt 0.117624 0.521524
vt 0.113243 0.528362
vt 0.073717 0.521602
vt 0.079058 0.528362
vt 0.076596 0.521610
vt 0.073317 0.528362
vt 0.081869 0.477165
vt 0.081869 0.482956
vt 0.084628 0.482956
vt 0.101177 0.540745
vt 0.103923 0.540736
vt 0.098419 0.540745
vt 0.002085 0.537374
vt 0.002085 0.540738
vt 0.004741 0.537374
vt 0.004741 0.540741
vt 0.018532 0.537374
vt 0.018562 0.540720
vt 0.021291 0.537374
vt 0.029597 0.540722
vt 0.029565 0.537374
vt 0.026807 0.537374
vt 0.024107 0.540698
vt 0.062619 0.477086
vt 0.057062 0.477119
vt 0.062562 0.473762
vt 0.059804 0.473762
vt 0.087386 0.490190
vt 0.087386 0.491212
vt 0.084628 0.490190
vt 0.084628 0.491212
vt 0.125899 0.540738
vt 0.125899 0.537374
vt 0.123141 0.537374
vt 0.103935 0.537374
vt 0.101177 0.537374
vt 0.098419 0.537374
vt 0.095690 0.540562
vt 0.033429 0.528362
vt 0.038933 0.528362
vt 0.035211 0.521611
vt 0.070836 0.537374
vt 0.068078 0.537374
vt 0.068106 0.540725
vt 0.059804 0.537374
vt 0.057077 0.540718
vt 0.062562 0.537374
vt 0.062619 0.540699
vt 0.046012 0.537374
vt 0.043254 0.537374
vt 0.048741 0.540719
vt 0.103776 0.521623
vt 0.101177 0.521517
vt 0.098419 0.521533
vt 0.114866 0.521517
vt 0.114866 0.491212
vt 0.114866 0.490190
vt 0.117624 0.491212
vt 0.117624 0.490190
vt 0.046012 0.491212
vt 0.043254 0.491212
vt 0.046012 0.490190
vt 0.043254 0.490190
vt 0.062562 0.490190
vt 0.062562 0.491212
vt 0.059804 0.490190
vt 0.059804 0.491212
vt 0.101177 0.490190
vt 0.103935 0.490190
vt 0.101177 0.491212
vt 0.103935 0.491212
vt 0.098419 0.491212
vt 0.098419 0.490190
vt 0.012914 0.473762
vt 0.015758 0.477121
vt 0.010258 0.473762
vt 0.010238 0.477116
vt 0.090144 0.540745
vt 0.092902 0.540745
vt 0.087448 0.540701
vt 0.035082 0.537374
vt 0.035111 0.540719
vt 0.037738 0.537374
vt 0.123029 0.521621
vt 0.125899 0.528362
vt 0.125899 0.521523
vt 0.109554 0.482956
vt 0.109553 0.477155
vt 0.112108 0.482956
vt 0.112108 0.479074
vt 0.100807 0.528362
vt 0.029699 0.521604
vt 0.024180 0.521614
vt 0.027959 0.528362
vt 0.073595 0.479074
vt 0.073595 0.477133
vt 0.076339 0.477122
vt 0.093292 0.528362
vt 0.051494 0.528362
vt 0.054156 0.521603
vt 0.040496 0.537374
vt 0.043186 0.540692
vt 0.109169 0.539724
vt 0.109394 0.537374
vt 0.106591 0.537374
vt 0.015774 0.473762
vt 0.092902 0.490190
vt 0.095660 0.490190
vt 0.092902 0.491212
vt 0.095660 0.491212
vt 0.109403 0.491212
vt 0.109402 0.490190
vt 0.112108 0.490190
vt 0.112108 0.491212
vt 0.106591 0.490190
vt 0.106591 0.491212
vt 0.032324 0.490190
vt 0.032324 0.491212
vt 0.057045 0.490190
vt 0.057045 0.491212
vt 0.054287 0.490190
vt 0.054287 0.491212
vt 0.037738 0.521517
vt 0.040496 0.521517
vt 0.073595 0.490190
vt 0.073595 0.491212
vt 0.070836 0.490190
vt 0.076353 0.482956
vt 0.076353 0.479074
vt 0.078907 0.482956
vt 0.079009 0.479074
vt 0.018532 0.491212
vt 0.015774 0.490190
vt 0.109406 0.521521
vt 0.109402 0.528362
vt 0.051529 0.537374
vt 0.048771 0.537374
vt 0.054256 0.540723
vt 0.057045 0.537374
vt 0.054287 0.537374
vt 0.065320 0.537374
vt 0.073595 0.537374
vt 0.076282 0.540700
vt 0.076353 0.537374
vt 0.084628 0.537374
vt 0.092902 0.537374
vt 0.095660 0.537374
vt 0.112108 0.537374
vt 0.123116 0.540722
vt 0.120433 0.537374
vt 0.090144 0.491212
vt 0.090144 0.490190
vt 0.065320 0.473762
vt 0.032324 0.537374
vt 0.024049 0.537374
vt 0.007397 0.537374
vt 0.079213 0.477144
vt 0.081869 0.479074
vt 0.079213 0.482956
vt 0.106591 0.540745
vt 0.079049 0.476779
vt 0.087228 0.521622
vt 0.084628 0.521517
vt 0.081869 0.521533
vt 0.084924 0.528362
vt 0.109406 0.540745
vt 0.112108 0.477141
vt 0.114866 0.482956
vt 0.114866 0.479074
vt 0.120382 0.482956
vt 0.120433 0.477133
vt 0.123141 0.482956
vt 0.105197 0.528362
vt 0.106591 0.521539
vt 0.090144 0.537374
vt 0.087386 0.537374
vt 0.095660 0.473762
vt 0.095615 0.477133
vt 0.040496 0.490190
vt 0.040496 0.491212
vt 0.032324 0.521517
vt 0.081869 0.490190
vt 0.081869 0.491212
vt 0.079054 0.490190
vt 0.079055 0.491212
vt 0.076353 0.491212
vt 0.076353 0.490190
vt 0.051529 0.473762
vt 0.054268 0.477119
vt 0.048771 0.473762
vt 0.081869 0.473762
vt 0.079062 0.473762
vt 0.076353 0.473762
vt 0.073595 0.473762
vt 0.043238 0.477120
vt 0.040496 0.473762
vt 0.090144 0.473762
vt 0.092902 0.473762
vt 0.015774 0.537374
vt 0.024049 0.473762
vt 0.117624 0.476806
vt 0.120433 0.473762
vt 0.032324 0.473762
vt 0.103935 0.473762
vt 0.106555 0.477099
vt 0.007397 0.473762
vt 0.057045 0.473762
vt 0.054287 0.473762
vt 0.109247 0.479074
vt 0.109452 0.479074
vt 0.079213 0.479074
vt 0.106591 0.473762
vt 0.106591 0.479074
vt 0.004741 0.482956
vt 0.010258 0.482956
vt 0.012914 0.479074
vt 0.068078 0.482956
vt 0.068078 0.477133
vt 0.070836 0.482956
vt 0.004128 0.316148
vt 0.001370 0.321971
vt 0.001370 0.316148
vt 0.073595 0.482956
vt 0.057045 0.482956
vt 0.059804 0.482956
vt 0.054287 0.482956
vt 0.054287 0.479074
vt 0.057045 0.479074
vt 0.012914 0.482956
vt 0.012914 0.477133
vt 0.004741 0.479074
vt 0.007397 0.477133
vt 0.040496 0.482956
vt 0.040496 0.479074
vt 0.043254 0.482956
vt 0.416706 0.020639
vt 0.416911 0.016757
vt 0.416911 0.020639
vt 0.416604 0.016757
vt 0.447869 0.030959
vt 0.445213 0.027077
vt 0.445315 0.030959
vt 0.447869 0.027077
vt 0.008256 0.363225
vt 0.004374 0.363225
vt 0.008256 0.365983
vt 0.008256 0.332987
vt 0.008256 0.335745
vt 0.008256 0.338605
vt 0.008256 0.341261
vt 0.327468 0.002310
vt 0.327468 0.006192
vt 0.330124 0.002310
vt 0.330226 0.006192
vt 0.004374 0.341261
vt 0.008256 0.344020
vt 0.001390 0.344020
vt 0.414255 0.025013
vt 0.414255 0.028895
vt 0.416808 0.028895
vt 0.416911 0.025013
vt 0.008256 0.371500
vt 0.004374 0.374258
vt 0.008256 0.374258
vt 0.406387 0.016756
vt 0.406387 0.020639
vt 0.406591 0.016750
vt 0.406591 0.020634
vt 0.087900 0.010688
vt 0.004374 0.344020
vt 0.001400 0.346778
vt 0.046738 0.010688
vt 0.072907 0.010240
vt 0.071302 0.016511
vt 0.076995 0.016511
vt 0.065617 0.016511
vt 0.082727 0.016511
vt 0.088225 0.016511
vt 0.095665 0.016511
vt 0.103182 0.016511
vt 0.169241 0.010306
vt 0.169241 0.016511
vt 0.060501 0.016511
vt 0.059116 0.010240
vt 0.054994 0.016511
vt 0.049836 0.016511
vt 0.044091 0.016511
vt 0.042321 0.109961
vt 0.042321 0.104444
vt 0.043342 0.104444
vt 0.043342 0.101686
vt 0.042321 0.101686
vt 0.042321 0.098928
vt 0.043342 0.098928
vt 0.042321 0.032935
vt 0.043342 0.032935
vt 0.042321 0.027418
vt 0.042321 0.038247
vt 0.042321 0.041107
vt 0.043342 0.041107
vt 0.042321 0.043763
vt 0.043342 0.043763
vt 0.042321 0.046624
vt 0.043342 0.046624
vt 0.043342 0.049382
vt 0.004374 0.399082
vt 0.008256 0.401840
vt 0.008256 0.399082
vt 0.001423 0.399082
vt 0.001419 0.401840
vt 0.001422 0.404598
vt 0.004374 0.404598
vt 0.008256 0.404598
vt 0.004374 0.401840
vt 0.008256 0.407357
vt 0.004374 0.407357
vt 0.008256 0.410115
vt 0.001422 0.407357
vt 0.001416 0.410115
vt 0.004374 0.396324
vt 0.001422 0.382533
vt 0.035087 0.096400
vt 0.035087 0.093642
vt 0.035087 0.090883
vt 0.035087 0.140429
vt 0.035087 0.143085
vt 0.035087 0.145946
vt 0.035087 0.137569
vt 0.035087 0.134913
vt 0.035087 0.132257
vt 0.035087 0.129396
vt 0.035087 0.126740
vt 0.035087 0.121122
vt 0.035087 0.118364
vt 0.035082 0.110089
vt 0.035087 0.112847
vt 0.035087 0.107331
vt 0.035087 0.104572
vt 0.035087 0.101916
vt 0.035087 0.115605
vt 0.192705 0.906058
vt 0.192701 0.903300
vt 0.192701 0.900593
vt 0.043342 0.076862
vt 0.042321 0.076862
vt 0.043342 0.074104
vt 0.042321 0.074104
vt 0.042321 0.085137
vt 0.910186 0.243542
vt 0.909164 0.243542
vt 0.909164 0.240835
vt 0.035087 0.099158
vt 0.004374 0.382533
vt 0.008256 0.382533
vt 0.004374 0.379774
vt 0.004374 0.377016
vt 0.001422 0.379774
vt 0.008256 0.379774
vt 0.001422 0.377016
vt 0.008256 0.377016
vt 0.001418 0.374258
vt 0.008256 0.385291
vt 0.109548 0.016511
vt 0.008256 0.434837
vt 0.008256 0.432078
vt 0.001422 0.434837
vt 0.004374 0.434837
vt 0.008256 0.440455
vt 0.008256 0.443111
vt 0.004374 0.443111
vt 0.008256 0.445972
vt 0.004374 0.445972
vt 0.008256 0.448628
vt 0.001422 0.448628
vt 0.008256 0.451488
vt 0.001422 0.451284
vt 0.008256 0.454144
vt 0.001422 0.454144
vt 0.001418 0.437595
vt 0.115316 0.016511
vt 0.001422 0.421046
vt 0.001422 0.423804
vt 0.008256 0.421046
vt 0.001418 0.426562
vt 0.004374 0.423804
vt 0.004374 0.426562
vt 0.008256 0.429320
vt 0.008256 0.426562
vt 0.001418 0.429320
vt 0.008256 0.426562
vt 0.008256 0.423804
vt 0.004374 0.429320
vt 0.008256 0.418389
vt 0.004374 0.421046
vt 0.008256 0.415631
vt 0.004374 0.418287
vt 0.008256 0.412873
vt 0.001422 0.412873
vt 0.001421 0.432078
vt 0.001395 0.363225
vt 0.004374 0.357811
vt 0.001414 0.357709
vt 0.004374 0.360569
vt 0.001396 0.360467
vt 0.035087 0.066059
vt 0.035087 0.063301
vt 0.035087 0.068818
vt 0.035087 0.071576
vt 0.035087 0.074334
vt 0.043342 0.060415
vt 0.042321 0.060415
vt 0.043342 0.057657
vt 0.042321 0.057657
vt 0.042321 0.071345
vt 0.042321 0.054898
vt 0.043342 0.054898
vt 0.035087 0.088125
vt 0.004374 0.410115
vt 0.001418 0.415631
vt 0.004374 0.412873
vt 0.001422 0.418287
vt 0.004374 0.415631
vt 0.034395 0.010200
vt 0.034395 0.016511
vt 0.039073 0.016511
vt 0.035087 0.060543
vt 0.035087 0.082609
vt 0.004374 0.346778
vt 0.004374 0.349536
vt 0.001403 0.349434
vt 0.034065 0.024686
vt 0.079059 0.521517
vt 0.013038 0.521596
vt 0.018668 0.521609
vt 0.015774 0.521517
vt 0.046012 0.477133
vt 0.437550 0.385952
vt 0.434792 0.385879
vt 0.437550 0.382069
vt 0.434792 0.381996
vt 0.026807 0.521517
vt 0.021291 0.521517
vt 0.015774 0.491212
vt 0.012914 0.491212
vt 0.012914 0.490190
vt 0.010258 0.491212
vt 0.010258 0.490190
vt 0.098416 0.477174
vt 0.098419 0.482956
vt 0.101075 0.482956
vt 0.059899 0.528362
vt 0.084628 0.540745
vt 0.125899 0.482956
vt 0.117624 0.482956
vt 0.010136 0.521623
vt 0.014091 0.528362
vt 0.021129 0.528362
vt 0.092800 0.479074
vt 0.090042 0.479074
vt 0.092900 0.477173
vt 0.046012 0.540745
vt 0.068078 0.491212
vt 0.068078 0.490190
vt 0.070836 0.491212
vt 0.068200 0.521597
vt 0.070836 0.521517
vt 0.051529 0.490190
vt 0.051529 0.491212
vt 0.026807 0.491212
vt 0.026807 0.490190
vt 0.029565 0.490190
vt 0.029565 0.491212
vt 0.024049 0.491212
vt 0.024049 0.490190
vt 0.123192 0.491212
vt 0.123141 0.490190
vt 0.125899 0.490190
vt 0.125899 0.491212
vt 0.114866 0.540745
vt 0.059804 0.540745
vt 0.007397 0.540745
vt 0.044241 0.528362
vt 0.004741 0.521524
vt 0.002085 0.521526
vt 0.001881 0.528362
vt 0.008569 0.528362
vt 0.090144 0.521532
vt 0.095520 0.521608
vt 0.092902 0.521517
vt 0.336418 0.006192
vt 0.333660 0.006192
vt 0.336418 0.002310
vt 0.333660 0.002310
vt 0.014447 0.363249
vt 0.011689 0.363249
vt 0.014447 0.359367
vt 0.011689 0.359367
vt 0.066457 0.528362
vt 0.040496 0.540745
vt 0.037738 0.540745
vt 0.120433 0.490190
vt 0.120433 0.491212
vt 0.065320 0.491212
vt 0.065320 0.490190
vt 0.048771 0.491212
vt 0.048771 0.490190
vt 0.070836 0.540745
vt 0.073595 0.540745
vt 0.032324 0.540745
vt 0.059804 0.477133
vt 0.021291 0.540745
vt 0.032324 0.477133
vt 0.021291 0.477133
vt 0.037738 0.477133
vt 0.040496 0.477133
vt 0.087386 0.477133
vt 0.087284 0.479074
vt 0.084628 0.479074
vt 0.117624 0.479074
vt 0.120433 0.479074
vt 0.123141 0.479074
vt 0.095558 0.479074
vt 0.092902 0.482956
vt 0.095660 0.482956
vt 0.098317 0.479074
vt 0.120433 0.521517
vt 0.007397 0.491212
vt 0.007397 0.490190
vt 0.065320 0.521517
vt 0.051529 0.521517
vt 0.007397 0.521517
vt 0.315779 0.006192
vt 0.313123 0.006192
vt 0.315779 0.002310
vt 0.313021 0.002310
vt 0.018575 0.371504
vt 0.015818 0.371432
vt 0.018575 0.367621
vt 0.015818 0.367549
vt 0.103833 0.479074
vt 0.103935 0.477133
vt 0.034980 0.482956
vt 0.037738 0.479074
vt 0.035082 0.479074
vt 0.032324 0.479074
vt 0.037738 0.482956
vt 0.032324 0.482956
vt 0.046012 0.482956
vt 0.402463 0.014816
vt 0.402463 0.020639
vt 0.399705 0.014816
vt 0.399705 0.020639
vt 0.412783 0.016880
vt 0.410025 0.022703
vt 0.410025 0.016880
vt 0.412783 0.022703
vt 0.029565 0.482956
vt 0.101075 0.479074
vt 0.051529 0.482956
vt 0.051529 0.477133
vt 0.046012 0.479074
vt 0.048771 0.482956
vt 0.007397 0.482956
vt 0.010258 0.479074
vt 0.007397 0.479074
vt 0.015774 0.482956
vt 0.018532 0.479074
vt 0.018532 0.482956
vt 0.021291 0.482956
vt 0.021291 0.479074
vt 0.024049 0.482956
vt 0.026807 0.482956
vt 0.026807 0.477133
vt 0.029565 0.479074
vt 0.026807 0.479074
vt 0.024049 0.479074
vt 0.015774 0.479074
vt 0.008256 0.346778
vt 0.026137 0.384134
vt 0.026137 0.388016
vt 0.028793 0.384134
vt 0.028895 0.388016
vt 0.008256 0.360467
vt 0.321277 0.002236
vt 0.321277 0.006119
vt 0.324034 0.002308
vt 0.324034 0.006192
vt 0.036457 0.398507
vt 0.036457 0.402391
vt 0.039214 0.398580
vt 0.039214 0.402463
vt 0.008256 0.349536
vt 0.008256 0.352294
vt 0.346043 0.002310
vt 0.346043 0.006192
vt 0.348801 0.002310
vt 0.348801 0.006192
vt 0.065320 0.477133
vt 0.012914 0.540745
vt 0.001881 0.482956
vt 0.004128 0.321971
vt 0.051529 0.479074
vt 0.048771 0.479074
vt 0.043254 0.479074
vt 0.049534 0.413152
vt 0.046776 0.418975
vt 0.049534 0.418975
vt 0.046776 0.413152
vt 0.026807 0.540745
vt 0.065320 0.540745
vt 0.051529 0.540745
vt 0.120433 0.540745
vt 0.070836 0.479074
vt 0.001422 0.440455
vt 0.001422 0.443111
vt 0.004374 0.432078
vt 0.001423 0.445972
vt 0.004374 0.448628
vt 0.004374 0.451284
vt 0.001418 0.456800
vt 0.004374 0.454144
vt 0.008256 0.456800
vt 0.001418 0.459661
vt 0.004374 0.456800
vt 0.008256 0.459661
vt 0.001419 0.462317
vt 0.004374 0.459661
vt 0.008256 0.462317
vt 0.141716 0.026831
vt 0.381130 0.444110
vt 0.381130 0.449933
vt 0.383888 0.449933
vt 0.383888 0.444110
vt 0.445111 0.016880
vt 0.447818 0.022703
vt 0.447869 0.016880
vt 0.445111 0.020762
vt 0.445111 0.022703
vt 0.026137 0.158921
vt 0.027873 0.144474
vt 0.028895 0.144474
vt 0.027873 0.134667
vt 0.028895 0.134667
vt 0.027873 0.124860
vt 0.028895 0.124860
vt 0.027873 0.115053
vt 0.028895 0.115053
vt 0.028895 0.105246
vt 0.027873 0.105246
vt 0.028895 0.095439
vt 0.027873 0.095439
vt 0.028895 0.085632
vt 0.027873 0.085632
vt 0.028895 0.075825
vt 0.027873 0.075825
vt 0.027873 0.066018
vt 0.028895 0.066018
vt 0.027873 0.056211
vt 0.028895 0.056211
vt 0.027873 0.046404
vt 0.028895 0.046404
vt 0.027873 0.036597
vt 0.028895 0.036597
vt 0.027873 0.026790
vt 0.028895 0.026790
vt 0.027873 0.016983
vt 0.028895 0.016983
vt 0.028895 0.007176
vt 0.027873 0.007176
vt 0.057790 0.022177
vt 0.056768 0.022177
vt 0.057790 0.031984
vt 0.056768 0.031984
vt 0.057790 0.041791
vt 0.056768 0.041791
vt 0.057790 0.051598
vt 0.056768 0.051598
vt 0.060896 0.019061
vt 0.060896 0.025599
vt 0.061917 0.019061
vt 0.061917 0.025599
vt 0.060896 0.035406
vt 0.061917 0.035406
vt 0.061917 0.045213
vt 0.060896 0.045213
vt 0.061917 0.055020
vt 0.060896 0.055020
vt 0.061917 0.064827
vt 0.060896 0.064827
vt 0.060896 0.074634
vt 0.061917 0.074634
vt 0.061917 0.087710
vt 0.060896 0.087710
vt 0.060896 0.097517
vt 0.061917 0.097517
vt 0.061917 0.107324
vt 0.060896 0.107324
vt 0.002647 0.497403
vt 0.005916 0.497403
vt 0.002647 0.496382
vt 0.005916 0.496382
vt 0.015723 0.497403
vt 0.015723 0.496382
vt 0.025530 0.497403
vt 0.025530 0.496382
vt 0.035337 0.497403
vt 0.035337 0.496382
vt 0.045144 0.496382
vt 0.045144 0.497403
vt 0.054951 0.496382
vt 0.054951 0.497403
vt 0.064758 0.496382
vt 0.064758 0.497403
vt 0.074565 0.497403
vt 0.074565 0.496382
vt 0.084372 0.497403
vt 0.084372 0.496382
vt 0.094179 0.496382
vt 0.094179 0.497403
vt 0.103986 0.496382
vt 0.103986 0.497403
vt 0.113793 0.496382
vt 0.113793 0.497403
vt 0.123600 0.497403
vt 0.123600 0.496382
vt 0.136676 0.496382
vt 0.136676 0.497403
vt 0.146483 0.497403
vt 0.146483 0.496382
vt 0.156290 0.496382
vt 0.156290 0.497403
vt 0.166097 0.497403
vt 0.166097 0.496382
vt 0.175904 0.497403
vt 0.175904 0.496382
vt 0.185711 0.497403
vt 0.185711 0.496382
vt 0.195518 0.496382
vt 0.195518 0.497403
vt 0.205325 0.496382
vt 0.205325 0.497403
vt 0.215132 0.496382
vt 0.215132 0.497403
vt 0.224939 0.497403
vt 0.224939 0.496382
vt 0.234746 0.497403
vt 0.234746 0.496382
vt 0.244553 0.497403
vt 0.244553 0.496382
vt 0.254360 0.497403
vt 0.254360 0.496382
vt 0.264167 0.497403
vt 0.264167 0.496382
vt 0.273974 0.496382
vt 0.273974 0.497403
vt 0.283781 0.497403
vt 0.283781 0.496382
vt 0.293588 0.496382
vt 0.293588 0.497403
vt 0.303395 0.496382
vt 0.303395 0.497403
vt 0.053662 0.023188
vt 0.052640 0.023188
vt 0.053662 0.032995
vt 0.052640 0.032995
vt 0.053662 0.042802
vt 0.052640 0.042802
vt 0.052640 0.052609
vt 0.053662 0.052609
vt 0.052640 0.062416
vt 0.053662 0.062416
vt 0.053662 0.072223
vt 0.052640 0.072223
vt 0.053662 0.082030
vt 0.052640 0.082030
vt 0.052640 0.091837
vt 0.053662 0.091837
vt 0.053662 0.101644
vt 0.052640 0.101644
vt 0.053662 0.111451
vt 0.052640 0.111451
vt 0.015982 0.007176
vt 0.021754 0.007176
vt 0.015982 0.016983
vt 0.021396 0.016983
vt 0.015982 0.026790
vt 0.022417 0.016983
vt 0.024767 0.007176
vt 0.024767 0.016983
vt 0.021396 0.026790
vt 0.022417 0.026790
vt 0.024767 0.026790
vt 0.021396 0.036597
vt 0.015982 0.036597
vt 0.022417 0.036597
vt 0.024767 0.036597
vt 0.024767 0.046404
vt 0.022417 0.046404
vt 0.024767 0.056211
vt 0.021396 0.046404
vt 0.015982 0.046404
vt 0.015982 0.056211
vt 0.021906 0.056211
vt 0.022417 0.066018
vt 0.024767 0.066018
vt 0.021396 0.066018
vt 0.015982 0.066018
vt 0.015982 0.075825
vt 0.024767 0.075825
vt 0.021396 0.075825
vt 0.015982 0.085632
vt 0.022417 0.075825
vt 0.022417 0.085632
vt 0.024767 0.085632
vt 0.021396 0.085632
vt 0.022417 0.095439
vt 0.024767 0.095439
vt 0.024767 0.105246
vt 0.021396 0.095439
vt 0.015982 0.095439
vt 0.015982 0.105246
vt 0.022417 0.105246
vt 0.021396 0.105246
vt 0.015982 0.115053
vt 0.022417 0.115053
vt 0.024767 0.115053
vt 0.021396 0.115053
vt 0.015982 0.124860
vt 0.022417 0.124860
vt 0.024767 0.124860
vt 0.021396 0.124860
vt 0.022417 0.134667
vt 0.024767 0.134667
vt 0.024767 0.144474
vt 0.022417 0.144474
vt 0.021396 0.134667
vt 0.015982 0.134667
vt 0.021396 0.144474
vt 0.015982 0.144474
vt 0.470043 0.321444
vt 0.475457 0.321444
vt 0.470043 0.331251
vt 0.475457 0.331251
vt 0.470043 0.341058
vt 0.476478 0.321444
vt 0.475457 0.341058
vt 0.470043 0.350865
vt 0.475902 0.350865
vt 0.476478 0.331251
vt 0.478828 0.321444
vt 0.478828 0.331251
vt 0.476478 0.341058
vt 0.478828 0.350865
vt 0.478828 0.341058
vt 0.022703 0.374054
vt 0.022703 0.380592
vt 0.020353 0.377335
vt 0.022703 0.390399
vt 0.013918 0.377323
vt 0.019332 0.377323
vt 0.013918 0.380592
vt 0.019332 0.380592
vt 0.020353 0.390399
vt 0.019332 0.390399
vt 0.013918 0.390399
vt 0.013918 0.400206
vt 0.020353 0.400206
vt 0.022703 0.400206
vt 0.019332 0.400206
vt 0.013918 0.410013
vt 0.020353 0.410013
vt 0.022703 0.410013
vt 0.019332 0.410013
vt 0.019332 0.419820
vt 0.013918 0.419820
vt 0.013918 0.429627
vt 0.020353 0.419820
vt 0.022703 0.419820
vt 0.022703 0.429627
vt 0.019332 0.429627
vt 0.013918 0.442703
vt 0.020353 0.429627
vt 0.019332 0.442703
vt 0.013918 0.452510
vt 0.020353 0.442703
vt 0.022703 0.442703
vt 0.022703 0.452510
vt 0.019332 0.452510
vt 0.013918 0.462317
vt 0.019902 0.462317
vt 0.020353 0.452510
vt 0.022703 0.462317
vt 0.002647 0.507193
vt 0.005916 0.507193
vt 0.005916 0.509543
vt 0.015723 0.509543
vt 0.015723 0.507193
vt 0.005916 0.510564
vt 0.005916 0.515979
vt 0.015723 0.515979
vt 0.015723 0.510564
vt 0.025530 0.515979
vt 0.025530 0.509543
vt 0.025530 0.507193
vt 0.025530 0.510564
vt 0.035337 0.507193
vt 0.035337 0.515979
vt 0.035337 0.510054
vt 0.045144 0.510564
vt 0.045144 0.515979
vt 0.045144 0.509543
vt 0.045144 0.507193
vt 0.054951 0.507193
vt 0.054951 0.510564
vt 0.054951 0.515979
vt 0.054951 0.509543
vt 0.064758 0.510564
vt 0.064758 0.515979
vt 0.064758 0.509543
vt 0.064758 0.507193
vt 0.074565 0.510564
vt 0.074565 0.515979
vt 0.074565 0.509543
vt 0.074565 0.507193
vt 0.084372 0.507193
vt 0.084372 0.509543
vt 0.084372 0.510564
vt 0.084372 0.515979
vt 0.094179 0.515979
vt 0.094179 0.509543
vt 0.094179 0.507193
vt 0.094179 0.510564
vt 0.103986 0.515979
vt 0.103986 0.509543
vt 0.103986 0.510564
vt 0.113793 0.515979
vt 0.103986 0.507193
vt 0.113793 0.510564
vt 0.123600 0.515979
vt 0.113793 0.509543
vt 0.113793 0.507193
vt 0.123600 0.507193
vt 0.123600 0.510564
vt 0.136676 0.515979
vt 0.123600 0.509543
vt 0.136676 0.510564
vt 0.146483 0.515979
vt 0.136676 0.509543
vt 0.136676 0.507193
vt 0.146483 0.507193
vt 0.146483 0.510564
vt 0.156290 0.515979
vt 0.146483 0.509543
vt 0.156290 0.510564
vt 0.166097 0.515979
vt 0.156290 0.509543
vt 0.156290 0.507193
vt 0.166097 0.510564
vt 0.175904 0.515979
vt 0.166097 0.509543
vt 0.166097 0.507193
vt 0.175904 0.507193
vt 0.175904 0.509543
vt 0.185711 0.507193
vt 0.175904 0.510564
vt 0.185711 0.515979
vt 0.185711 0.509543
vt 0.185711 0.510564
vt 0.195518 0.515979
vt 0.195518 0.509543
vt 0.195518 0.507193
vt 0.205325 0.507193
vt 0.195518 0.510564
vt 0.205325 0.515979
vt 0.205325 0.509543
vt 0.215132 0.507193
vt 0.205325 0.510564
vt 0.215132 0.510564
vt 0.215132 0.515979
vt 0.215132 0.509543
vt 0.224939 0.510564
vt 0.224939 0.515979
vt 0.224939 0.509543
vt 0.224939 0.507193
vt 0.234746 0.515979
vt 0.234746 0.507193
vt 0.234746 0.510054
vt 0.244553 0.509543
vt 0.244553 0.507193
vt 0.254360 0.507193
vt 0.244553 0.510564
vt 0.244553 0.515979
vt 0.254360 0.515979
vt 0.254360 0.509543
vt 0.264167 0.507193
vt 0.254360 0.510564
vt 0.264167 0.515979
vt 0.264167 0.510054
vt 0.273974 0.510564
vt 0.273974 0.515979
vt 0.283781 0.515979
vt 0.273974 0.509543
vt 0.273974 0.507193
vt 0.283781 0.507193
vt 0.283781 0.510564
vt 0.283781 0.509543
vt 0.293588 0.507193
vt 0.293588 0.515979
vt 0.293588 0.510054
vt 0.300126 0.509543
vt 0.303395 0.507193
vt 0.300126 0.510564
vt 0.303395 0.515979
vt 0.273971 0.606790
vt 0.273971 0.596983
vt 0.279385 0.606790
vt 0.279385 0.596983
vt 0.273971 0.587176
vt 0.280407 0.606790
vt 0.279385 0.587176
vt 0.273971 0.577369
vt 0.280407 0.596983
vt 0.282756 0.606790
vt 0.282756 0.596983
vt 0.282756 0.587176
vt 0.280407 0.587176
vt 0.279385 0.577369
vt 0.280407 0.577369
vt 0.282756 0.577369
vt 0.279385 0.567562
vt 0.273971 0.567562
vt 0.280407 0.567562
vt 0.282756 0.567562
vt 0.282756 0.557755
vt 0.279385 0.557755
vt 0.273971 0.557755
vt 0.280407 0.557755
vt 0.279385 0.547948
vt 0.273971 0.547948
vt 0.280407 0.547948
vt 0.282756 0.547948
vt 0.279385 0.538141
vt 0.273971 0.538141
vt 0.280407 0.538141
vt 0.282756 0.538141
vt 0.282756 0.528334
vt 0.280407 0.528334
vt 0.282756 0.518527
vt 0.279743 0.518527
vt 0.279385 0.528334
vt 0.273971 0.528334
vt 0.273971 0.518527
vt 0.858440 0.244630
vt 0.841396 0.210654
vt 0.844961 0.208999
vt 0.848728 0.207755
vt 0.852553 0.206940
vt 0.856499 0.206473
vt 0.860442 0.206516
vt 0.864382 0.207071
vt 0.868157 0.208012
vt 0.871908 0.209322
vt 0.875494 0.211018
vt 0.878833 0.213040
vt 0.881966 0.215418
vt 0.884851 0.218122
vt 0.887510 0.221039
vt 0.889779 0.224301
vt 0.891741 0.227714
vt 0.893293 0.231330
vt 0.894497 0.235066
vt 0.895353 0.238922
vt 0.895739 0.242806
vt 0.895736 0.246780
vt 0.895324 0.250701
vt 0.894464 0.254537
vt 0.893236 0.258350
vt 0.891683 0.261917
vt 0.889742 0.265317
vt 0.887455 0.268583
vt 0.884873 0.271561
vt 0.881997 0.274251
vt 0.878857 0.276613
vt 0.875454 0.278646
vt 0.871889 0.280301
vt 0.868122 0.281545
vt 0.864296 0.282361
vt 0.860341 0.282756
vt 0.856398 0.282713
vt 0.852498 0.282189
vt 0.848662 0.281329
vt 0.844941 0.279979
vt 0.841396 0.278313
vt 0.858476 0.702725
vt 0.884082 0.653696
vt 0.887483 0.655219
vt 0.880553 0.652492
vt 0.876900 0.651655
vt 0.873177 0.651235
vt 0.869428 0.651124
vt 0.865660 0.651424
vt 0.862026 0.652124
vt 0.858421 0.653180
vt 0.854946 0.654584
vt 0.851656 0.656383
vt 0.848544 0.658476
vt 0.845740 0.660903
vt 0.843193 0.663668
vt 0.840977 0.666714
vt 0.839107 0.669938
vt 0.837618 0.673438
vt 0.836519 0.677010
vt 0.835785 0.680655
vt 0.835466 0.684370
vt 0.835512 0.688158
vt 0.835940 0.691916
vt 0.836741 0.695541
vt 0.837899 0.699138
vt 0.839397 0.702503
vt 0.841269 0.705736
vt 0.843438 0.708842
vt 0.845939 0.711615
vt 0.848704 0.714161
vt 0.851725 0.716380
vt 0.854950 0.718275
vt 0.858355 0.719848
vt 0.861880 0.721002
vt 0.865584 0.721834
vt 0.869256 0.722259
vt 0.873006 0.722370
vt 0.876774 0.722070
vt 0.880458 0.721366
vt 0.884016 0.720365
vt 0.887483 0.718859
vt 0.758562 0.905492
vt 0.773800 0.912792
vt 0.772093 0.912085
vt 0.747955 0.897617
vt 0.791625 0.918239
vt 0.793443 0.918606
vt 0.734320 0.883549
vt 0.733965 0.883169
vt 0.812317 0.920506
vt 0.814166 0.920506
vt 0.726013 0.871822
vt 0.719799 0.858136
vt 0.833068 0.918668
vt 0.719147 0.856415
vt 0.834886 0.918305
vt 0.714311 0.838346
vt 0.853071 0.912797
vt 0.714015 0.836524
vt 0.854775 0.912102
vt 0.712746 0.817584
vt 0.872084 0.902819
vt 0.712811 0.815734
vt 0.873603 0.901804
vt 0.715234 0.796900
vt 0.886686 0.891271
vt 0.715662 0.795088
vt 0.897638 0.878552
vt 0.898693 0.877072
vt 0.721743 0.777101
vt 0.722515 0.775423
vt 0.908535 0.860078
vt 0.909294 0.858392
vt 0.732366 0.758434
vt 0.733419 0.756953
vt 0.915378 0.840395
vt 0.915792 0.838596
vt 0.744329 0.744207
vt 0.757459 0.733665
vt 0.918245 0.819783
vt 0.758985 0.732666
vt 0.918304 0.817934
vt 0.776288 0.723400
vt 0.917041 0.798994
vt 0.777990 0.722688
vt 0.916739 0.797173
vt 0.796185 0.717228
vt 0.911914 0.779133
vt 0.798003 0.716873
vt 0.911267 0.777412
vt 0.816863 0.715027
vt 0.905093 0.763685
vt 0.818712 0.715027
vt 0.897141 0.752325
vt 0.896781 0.751942
vt 0.837579 0.716897
vt 0.839390 0.717259
vt 0.883116 0.737849
vt 0.857281 0.722681
vt 0.872530 0.730036
vt 0.858972 0.723381
vt 0.964612 0.180480
vt 0.799530 0.057806
vt 0.804341 0.048576
vt 0.795520 0.067489
vt 0.812216 0.037969
vt 0.792449 0.077409
vt 0.819613 0.030574
vt 0.790377 0.087665
vt 0.827159 0.023516
vt 0.789328 0.098028
vt 0.838012 0.016026
vt 0.789328 0.108457
vt 0.847361 0.011456
vt 0.790319 0.118852
vt 0.857124 0.007757
vt 0.792370 0.129107
vt 0.867245 0.005014
vt 0.795423 0.139123
vt 0.877529 0.003344
vt 0.799339 0.148737
vt 0.887943 0.002608
vt 0.804240 0.157949
vt 0.898379 0.002976
vt 0.810066 0.166662
vt 0.908718 0.004253
vt 0.818562 0.176699
vt 0.918937 0.006666
vt 0.828312 0.185534
vt 0.928833 0.009963
vt 0.836806 0.191592
vt 0.938296 0.014317
vt 0.845851 0.196789
vt 0.947350 0.019501
vt 0.855359 0.201073
vt 0.955853 0.025545
vt 0.865276 0.204433
vt 0.965627 0.034343
vt 0.875422 0.206769
vt 0.974164 0.044410
vt 0.885774 0.208122
vt 0.979899 0.053171
vt 0.896202 0.208455
vt 0.984785 0.062359
vt 0.906624 0.207754
vt 0.988800 0.071960
vt 0.916899 0.206050
vt 0.991783 0.081992
vt 0.926996 0.203321
vt 0.993788 0.092247
vt 0.936756 0.199650
vt 0.994806 0.102600
vt 0.946149 0.195107
vt 0.994806 0.113028
vt 0.957010 0.187623
vt 0.993773 0.123402
vt 0.991734 0.133618
vt 0.988660 0.143656
vt 0.979797 0.162544
vt 0.971985 0.173130
vt 0.984689 0.153243
vt 0.331021 0.848285
vt 0.351105 0.821053
vt 0.335833 0.839055
vt 0.327011 0.857968
vt 0.343708 0.828448
vt 0.323941 0.867888
vt 0.321869 0.878144
vt 0.320819 0.888507
vt 0.358650 0.813995
vt 0.369503 0.806505
vt 0.320819 0.898936
vt 0.378853 0.801935
vt 0.321810 0.909331
vt 0.388616 0.798236
vt 0.323862 0.919586
vt 0.398737 0.795493
vt 0.326914 0.929602
vt 0.409020 0.793823
vt 0.330831 0.939216
vt 0.419435 0.793087
vt 0.335731 0.948428
vt 0.429870 0.793455
vt 0.341558 0.957141
vt 0.440210 0.794732
vt 0.350054 0.967178
vt 0.450429 0.797145
vt 0.359803 0.976013
vt 0.460325 0.800442
vt 0.368298 0.982071
vt 0.469788 0.804796
vt 0.377343 0.987268
vt 0.478841 0.809980
vt 0.386850 0.991552
vt 0.487344 0.816024
vt 0.396767 0.994912
vt 0.497118 0.824822
vt 0.406914 0.997249
vt 0.505655 0.834889
vt 0.417266 0.998601
vt 0.511391 0.843650
vt 0.427693 0.998934
vt 0.516277 0.852838
vt 0.438115 0.998233
vt 0.520292 0.862439
vt 0.448391 0.996529
vt 0.523274 0.872471
vt 0.458488 0.993800
vt 0.525279 0.882726
vt 0.468248 0.990129
vt 0.526298 0.893079
vt 0.477640 0.985586
vt 0.526298 0.903507
vt 0.488501 0.978102
vt 0.525264 0.913881
vt 0.496103 0.970959
vt 0.523225 0.924097
vt 0.503476 0.963609
vt 0.520151 0.934135
vt 0.511289 0.953023
vt 0.516180 0.943722
vt 0.187816 0.896168
vt 0.177984 0.896168
vt 0.177984 0.904046
vt 0.187816 0.904046
vt 0.741432 0.795756
vt 0.751265 0.795756
vt 0.741432 0.787533
vt 0.751265 0.787533
vt 0.741432 0.770881
vt 0.751265 0.770881
vt 0.741432 0.762504
vt 0.751265 0.762504
vt 0.804012 0.862716
vt 0.795789 0.862716
vt 0.804012 0.852883
vt 0.795789 0.852883
vt 0.836372 0.637916
vt 0.846205 0.637916
vt 0.836372 0.646190
vt 0.846205 0.646190
vt 0.811367 0.852883
vt 0.818876 0.852883
vt 0.811367 0.862716
vt 0.818876 0.862716
vt 0.827100 0.852883
vt 0.827100 0.862716
vt 0.787718 0.862716
vt 0.787718 0.852883
vt 0.045893 0.433346
vt 0.055726 0.425071
vt 0.045893 0.425071
vt 0.055726 0.433346
vt 0.741432 0.810620
vt 0.751265 0.810620
vt 0.741432 0.803112
vt 0.751265 0.803112
vt 0.779137 0.862716
vt 0.779137 0.852883
vt 0.834966 0.852883
vt 0.842538 0.852883
vt 0.834966 0.862716
vt 0.842538 0.862716
vt 0.055726 0.458374
vt 0.045893 0.458374
vt 0.045893 0.466445
vt 0.055726 0.466445
vt 0.187816 0.912250
vt 0.177984 0.912250
vt 0.045893 0.441416
vt 0.055726 0.441416
vt 0.770760 0.862716
vt 0.762690 0.862716
vt 0.770760 0.852883
vt 0.762690 0.852883
vt 0.751265 0.842506
vt 0.751265 0.834282
vt 0.741432 0.834282
vt 0.741432 0.842506
vt 0.741432 0.818844
vt 0.751265 0.826710
vt 0.751265 0.818844
vt 0.741432 0.826710
vt 0.754415 0.862716
vt 0.754415 0.852883
vt 0.751265 0.779462
vt 0.741432 0.779462
vt 0.751265 0.850384
vt 0.741432 0.850384
vt 0.850761 0.852883
vt 0.850761 0.862716
vt 0.858640 0.862716
vt 0.858640 0.852883
vt 0.866844 0.862716
vt 0.866844 0.852883
vt 0.045893 0.449793
vt 0.055726 0.449793
vt 0.741432 0.754434
vt 0.751265 0.754434
vt 0.779245 0.879227
vt 0.771022 0.879227
vt 0.779245 0.869395
vt 0.771022 0.869395
vt 0.001087 0.883355
vt 0.001087 0.873523
vt 0.009361 0.883355
vt 0.009361 0.873523
vt 0.786600 0.869395
vt 0.794109 0.869395
vt 0.786600 0.879227
vt 0.794109 0.879227
vt 0.802332 0.869395
vt 0.802332 0.879227
vt 0.762951 0.879227
vt 0.762951 0.869395
vt 0.058039 0.873523
vt 0.058039 0.883355
vt 0.050684 0.873523
vt 0.050684 0.883355
vt 0.105312 0.873523
vt 0.113515 0.873523
vt 0.105318 0.883355
vt 0.113515 0.883355
vt 0.042460 0.873523
vt 0.042460 0.883355
vt 0.034390 0.873523
vt 0.034390 0.883355
vt 0.754370 0.879227
vt 0.754370 0.869395
vt 0.810199 0.869395
vt 0.817771 0.869395
vt 0.810199 0.879227
vt 0.817771 0.879227
vt 0.829693 0.630861
vt 0.819861 0.630861
vt 0.819861 0.638931
vt 0.829693 0.638931
vt 0.073771 0.873523
vt 0.073771 0.883355
vt 0.065547 0.873523
vt 0.065547 0.883355
vt 0.829693 0.693904
vt 0.829693 0.685680
vt 0.819861 0.693904
vt 0.819861 0.685680
vt 0.089209 0.873523
vt 0.089209 0.883355
vt 0.081637 0.873523
vt 0.081637 0.883355
vt 0.699667 0.884820
vt 0.699667 0.866125
vt 0.644860 0.880066
vt 0.819861 0.647155
vt 0.819861 0.654510
vt 0.829693 0.647155
vt 0.829693 0.654510
vt 0.025808 0.883355
vt 0.025808 0.873523
vt 0.829693 0.678082
vt 0.819861 0.678082
vt 0.745993 0.879227
vt 0.737923 0.879227
vt 0.745993 0.869395
vt 0.737923 0.869395
vt 0.819861 0.662018
vt 0.829693 0.662018
vt 0.819861 0.670242
vt 0.829693 0.670242
vt 0.729648 0.879227
vt 0.729648 0.869395
vt 0.825994 0.869395
vt 0.825994 0.879227
vt 0.017432 0.883355
vt 0.017432 0.873523
vt 0.097433 0.873523
vt 0.097433 0.883355
vt 0.833873 0.879227
vt 0.833873 0.869395
vt 0.842077 0.879227
vt 0.842077 0.869395
vt 0.819861 0.622280
vt 0.829693 0.622280
vt 0.887483 0.365348
vt 0.832931 0.363954
vt 0.887483 0.349386
vt 0.832931 0.348058
vt 0.887483 0.334188
vt 0.832931 0.332735
vt 0.887483 0.317718
vt 0.832931 0.316192
vt 0.887483 0.300281
vt 0.832931 0.300260
vt 0.573691 0.313715
vt 0.588277 0.303193
vt 0.572245 0.303193
vt 0.589578 0.313715
vt 0.603528 0.303193
vt 0.604990 0.313715
vt 0.556883 0.313715
vt 0.555401 0.303193
vt 0.540447 0.313715
vt 0.539020 0.303193
vt 0.636621 0.313715
vt 0.648048 0.303193
vt 0.635221 0.303193
vt 0.648069 0.313715
vt 0.043342 0.462317
vt 0.032097 0.462317
vt 0.043342 0.407765
vt 0.030660 0.407765
vt 0.751265 0.858588
vt 0.741432 0.858588
vt 0.836372 0.654261
vt 0.846205 0.654261
vt 0.720103 0.883748
vt 0.730626 0.899843
vt 0.730626 0.883761
vt 0.720103 0.899866
vt 0.784287 0.102076
vt 0.784287 0.113515
vt 0.773765 0.108670
vt 0.597355 0.887483
vt 0.613167 0.887483
vt 0.606825 0.832931
vt 0.542450 0.832931
vt 0.529448 0.832931
vt 0.532818 0.887483
vt 0.549204 0.887483
vt 0.590865 0.832931
vt 0.173369 0.894105
vt 0.173369 0.910186
vt 0.162847 0.910184
vt 0.162847 0.894091
vt 0.784287 0.070446
vt 0.784287 0.086137
vt 0.773765 0.084782
vt 0.773765 0.068987
vt 0.887483 0.392195
vt 0.887483 0.400398
vt 0.832931 0.400399
vt 0.832931 0.392201
vt 0.620679 0.313715
vt 0.619335 0.303193
vt 0.625794 0.887483
vt 0.622450 0.832931
vt 0.638488 0.832931
vt 0.637037 0.887483
vt 0.832931 0.379515
vt 0.887483 0.380973
vt 0.253527 0.573768
vt 0.266245 0.573768
vt 0.266244 0.519217
vt 0.773765 0.097420
vt 0.250162 0.519217
vt 0.887483 0.287970
vt 0.832931 0.287970
vt 0.559193 0.832931
vt 0.528849 0.910186
vt 0.528849 0.901982
vt 0.538682 0.910186
vt 0.538682 0.901982
vt 0.528849 0.894104
vt 0.538682 0.894104
vt 0.741432 0.746159
vt 0.751265 0.746159
vt 0.309333 0.594407
vt 0.319907 0.589548
vt 0.309333 0.582960
vt 0.319907 0.578304
vt 0.699667 0.924632
vt 0.699667 0.903744
vt 0.644860 0.905184
vt 0.644860 0.924633
vt 0.756311 0.746065
vt 0.811118 0.746086
vt 0.756311 0.761997
vt 0.811118 0.763523
vt 0.756311 0.778541
vt 0.811118 0.779993
vt 0.756311 0.793864
vt 0.811118 0.795191
vt 0.820293 0.833366
vt 0.875099 0.846204
vt 0.820293 0.846205
vt 0.767776 0.032295
vt 0.767776 0.047686
vt 0.757203 0.046228
vt 0.757203 0.030971
vt 0.757203 0.077995
vt 0.767776 0.079380
vt 0.757203 0.090812
vt 0.767776 0.090812
vt 0.756311 0.838007
vt 0.811118 0.842815
vt 0.756311 0.846205
vt 0.309333 0.567017
vt 0.319907 0.565673
vt 0.756311 0.825320
vt 0.811118 0.826778
vt 0.757203 0.062085
vt 0.767776 0.063403
vt 0.644860 0.864825
vt 0.811118 0.811153
vt 0.756311 0.809759
vt 0.644860 0.892755
vt 0.309333 0.551328
vt 0.319907 0.549866
vt 0.811118 0.733775
vt 0.756311 0.733775
vt 0.829693 0.701783
vt 0.819861 0.701783
vt 0.829693 0.709986
vt 0.819861 0.709986
vt 0.077726 0.078429
vt 0.066212 0.078429
vt 0.066212 0.023877
vt 0.079192 0.023877
vt 0.784287 0.055042
vt 0.773765 0.053750
vt 0.784287 0.039129
vt 0.773765 0.037692
vt 0.784287 0.022326
vt 0.773765 0.020825
vt 0.784287 0.005938
vt 0.773765 0.004455
vt 0.767776 0.016392
vt 0.757203 0.014935
vt 0.767776 0.003105
vt 0.757203 0.003054
vt 0.875099 0.826773
vt 0.820293 0.817469
vt 0.875099 0.811119
vt 0.820293 0.801646
vt 0.875099 0.795153
vt 0.820293 0.786391
vt 0.875099 0.779958
vt 0.820293 0.770350
vt 0.875099 0.763483
vt 0.820293 0.753500
vt 0.875099 0.746744
vt 0.820293 0.737140
vt 0.875099 0.733776
vt 0.833619 0.478828
vt 0.844141 0.478777
vt 0.833619 0.467266
vt 0.844141 0.465805
vt 0.117548 0.928761
vt 0.129216 0.928761
vt 0.117548 0.874210
vt 0.130733 0.874210
vt 0.145954 0.928761
vt 0.147384 0.874210
vt 0.158921 0.928761
vt 0.158921 0.874210
vt 0.566063 0.887483
vt 0.575668 0.832931
vt 0.582100 0.887483
vt 0.462317 0.057790
vt 0.451795 0.057739
vt 0.462317 0.046129
vt 0.451795 0.044583
vt 0.462317 0.029387
vt 0.451795 0.027971
vt 0.462317 0.016416
vt 0.451795 0.016416
vt 0.292822 0.631557
vt 0.303395 0.631537
vt 0.292822 0.612112
vt 0.303395 0.610644
vt 0.292822 0.596447
vt 0.303395 0.595059
vt 0.292822 0.580493
vt 0.303395 0.579154
vt 0.292822 0.565281
vt 0.303395 0.563830
vt 0.292822 0.548844
vt 0.303395 0.547299
vt 0.292822 0.528275
vt 0.303395 0.530656
vt 0.303395 0.519109
vt 0.309333 0.520030
vt 0.319907 0.518584
vt 0.309333 0.503221
vt 0.319907 0.501739
vt 0.319907 0.481958
vt 0.309333 0.481958
vt 0.699667 0.850208
vt 0.644860 0.848782
vt 0.699667 0.836927
vt 0.644860 0.836927
vt 0.319907 0.534615
vt 0.309333 0.535917
vt 0.077149 0.935789
vt 0.070686 0.932470
vt 0.071094 0.931807
vt 0.071532 0.931187
vt 0.080493 0.942306
vt 0.079808 0.942664
vt 0.079064 0.942938
vt 0.078303 0.943099
vt 0.077554 0.943190
vt 0.076817 0.943209
vt 0.072028 0.930650
vt 0.072595 0.930125
vt 0.073192 0.929641
vt 0.073848 0.929242
vt 0.074562 0.928926
vt 0.075265 0.928681
vt 0.075996 0.928478
vt 0.076816 0.928400
vt 0.070143 0.933915
vt 0.070379 0.933186
vt 0.069978 0.934656
vt 0.069913 0.935452
vt 0.069932 0.936188
vt 0.069981 0.936966
vt 0.070142 0.937727
vt 0.070387 0.938430
vt 0.070703 0.939144
vt 0.071103 0.939800
vt 0.071544 0.940426
vt 0.072028 0.941023
vt 0.072594 0.941561
vt 0.073215 0.941998
vt 0.073877 0.942406
vt 0.074552 0.942743
vt 0.075281 0.942979
vt 0.076022 0.943144
vt 0.079776 0.928876
vt 0.080493 0.929183
vt 0.079047 0.928639
vt 0.078306 0.928474
vt 0.077553 0.928381
vt 0.928557 0.477940
vt 0.930329 0.473260
vt 0.930825 0.473420
vt 0.929834 0.473100
vt 0.929332 0.472991
vt 0.928825 0.472932
vt 0.928305 0.472976
vt 0.927786 0.473019
vt 0.927256 0.473163
vt 0.926725 0.473308
vt 0.926290 0.473515
vt 0.925747 0.473761
vt 0.925402 0.474082
vt 0.924949 0.474441
vt 0.924592 0.474863
vt 0.924337 0.475296
vt 0.924081 0.475729
vt 0.923820 0.476213
vt 0.923660 0.476709
vt 0.923602 0.477217
vt 0.923538 0.477775
vt 0.923479 0.478282
vt 0.923523 0.478801
vt 0.923667 0.479332
vt 0.923818 0.479812
vt 0.924070 0.480304
vt 0.924322 0.480795
vt 0.924585 0.481186
vt 0.924951 0.481588
vt 0.925321 0.481939
vt 0.925800 0.482251
vt 0.926290 0.482461
vt 0.926780 0.482672
vt 0.927275 0.482832
vt 0.927777 0.482941
vt 0.928290 0.482948
vt 0.928804 0.482956
vt 0.929323 0.482913
vt 0.929853 0.482768
vt 0.930384 0.482623
vt 0.930825 0.482366
vt 0.745073 0.913540
vt 0.745073 0.928761
vt 0.734857 0.913540
vt 0.734857 0.928761
vt 0.916482 0.860652
vt 0.926697 0.845431
vt 0.926697 0.860652
vt 0.916482 0.845431
vt 0.047470 0.911435
vt 0.047470 0.922570
vt 0.040421 0.911435
vt 0.040421 0.922570
vt 0.796671 0.042527
vt 0.796671 0.053662
vt 0.789622 0.042527
vt 0.789622 0.053662
vt 0.140346 0.484541
vt 0.140346 0.493275
vt 0.133297 0.493275
vt 0.133297 0.484541
vt 0.645148 0.010320
vt 0.652197 0.001585
vt 0.652197 0.010320
vt 0.645148 0.001585
vt 0.375430 0.792543
vt 0.375430 0.776045
vt 0.385952 0.792543
vt 0.385952 0.776045
vt 0.695539 0.786364
vt 0.685017 0.802862
vt 0.685017 0.786364
vt 0.695539 0.802862
vt 0.829591 0.922878
vt 0.829693 0.932889
vt 0.822134 0.932889
vt 0.822134 0.922878
vt 0.130825 0.033023
vt 0.138282 0.023113
vt 0.138282 0.033023
vt 0.130825 0.023113
vt 0.794915 0.901930
vt 0.794915 0.885790
vt 0.804926 0.901930
vt 0.804926 0.885790
vt 0.317843 0.885790
vt 0.307831 0.901930
vt 0.307831 0.885790
vt 0.317843 0.901930
vt 0.371504 0.784556
vt 0.371504 0.800799
vt 0.363741 0.784556
vt 0.363741 0.800799
vt 0.427230 0.016780
vt 0.427230 0.033023
vt 0.419466 0.016780
vt 0.419466 0.033023
vt 0.571704 0.910186
vt 0.564247 0.910186
vt 0.564247 0.894045
vt 0.571704 0.894045
vt 0.903994 0.778364
vt 0.903994 0.794607
vt 0.896537 0.778364
vt 0.896537 0.794607
vt 0.460253 0.352829
vt 0.460253 0.363249
vt 0.452489 0.363249
vt 0.452489 0.352829
vt 0.947828 0.617110
vt 0.955592 0.606690
vt 0.955592 0.617110
vt 0.947828 0.606690
vt 0.734857 0.908122
vt 0.734857 0.892901
vt 0.745073 0.908122
vt 0.745073 0.892901
vt 0.904098 0.253088
vt 0.914314 0.253088
vt 0.904098 0.268309
vt 0.914314 0.268309
vt 0.743009 0.945272
vt 0.734939 0.945272
vt 0.734939 0.932043
vt 0.743009 0.932043
vt 0.943209 0.402463
vt 0.935138 0.402463
vt 0.943209 0.389234
vt 0.935138 0.389234
vt 0.864780 0.403372
vt 0.864780 0.412783
vt 0.856710 0.412783
vt 0.856710 0.403372
vt 0.784473 0.730626
vt 0.792543 0.721207
vt 0.792543 0.730626
vt 0.784473 0.721207
vt 0.902034 0.271663
vt 0.912250 0.271663
vt 0.912250 0.286884
vt 0.902034 0.286884
vt 0.904098 0.822728
vt 0.914314 0.822728
vt 0.904098 0.837949
vt 0.914314 0.837949
vt 0.113515 0.926434
vt 0.113515 0.941145
vt 0.107590 0.926434
vt 0.107590 0.941145
vt 0.933156 0.218775
vt 0.939081 0.204064
vt 0.939081 0.218775
vt 0.933156 0.204064
vt 0.736817 0.796141
vt 0.736817 0.804926
vt 0.730892 0.804926
vt 0.730892 0.796141
vt 0.107488 0.918442
vt 0.113515 0.909656
vt 0.113515 0.918442
vt 0.107488 0.909656
vt 0.902034 0.903994
vt 0.902034 0.888773
vt 0.912250 0.903994
vt 0.912250 0.888773
vt 0.904098 0.866070
vt 0.914314 0.866070
vt 0.904098 0.881291
vt 0.914314 0.881291
vt 0.844141 0.938265
vt 0.844141 0.949400
vt 0.837092 0.938265
vt 0.837092 0.949400
vt 0.602663 0.894923
vt 0.602663 0.906058
vt 0.595614 0.894923
vt 0.595614 0.906058
vt 0.643941 0.806512
vt 0.643941 0.815246
vt 0.636892 0.815246
vt 0.636892 0.806512
vt 0.950607 0.646005
vt 0.957656 0.637271
vt 0.957656 0.646005
vt 0.950607 0.637271
vt 0.811118 0.672900
vt 0.811118 0.689347
vt 0.800596 0.672900
vt 0.800596 0.689347
vt 0.862716 0.928761
vt 0.852500 0.928761
vt 0.852500 0.913540
vt 0.862716 0.913540
vt 0.177601 0.930825
vt 0.187816 0.915604
vt 0.187816 0.930825
vt 0.177601 0.915604
vt 0.817310 0.018575
vt 0.806788 0.018575
vt 0.817310 0.002128
vt 0.806788 0.002128
vt 0.138282 0.949709
vt 0.138282 0.959720
vt 0.130825 0.959720
vt 0.130825 0.949709
vt 0.597269 0.957656
vt 0.604727 0.947747
vt 0.604727 0.957656
vt 0.597269 0.947747
vt 0.024767 0.906058
vt 0.014858 0.906058
vt 0.014858 0.889917
vt 0.024767 0.889917
vt 0.027241 0.903994
vt 0.037150 0.887854
vt 0.037150 0.903994
vt 0.027241 0.887854
vt 0.943209 0.945272
vt 0.935138 0.945272
vt 0.935138 0.932043
vt 0.943209 0.932043
vt 0.092876 0.929928
vt 0.092876 0.943209
vt 0.084806 0.929928
vt 0.084806 0.943209
vt 0.526298 0.832026
vt 0.526298 0.848269
vt 0.518534 0.832026
vt 0.518534 0.848269
vt 0.804926 0.396540
vt 0.804926 0.412783
vt 0.797163 0.396540
vt 0.797163 0.412783
vt 0.908122 0.753329
vt 0.900665 0.753329
vt 0.900665 0.737188
vt 0.908122 0.737188
vt 0.906058 0.673104
vt 0.906058 0.689347
vt 0.898601 0.673104
vt 0.898601 0.689347
vt 0.949400 0.890417
vt 0.949400 0.899866
vt 0.941330 0.899866
vt 0.941330 0.890417
vt 0.949586 0.528362
vt 0.957656 0.518964
vt 0.957656 0.528362
vt 0.949586 0.518964
vt 0.078429 0.947236
vt 0.078429 0.957656
vt 0.070665 0.957656
vt 0.070665 0.947236
vt 0.080984 0.957656
vt 0.088748 0.947287
vt 0.088748 0.957656
vt 0.080984 0.947287
vt 0.918546 0.668708
vt 0.918546 0.653487
vt 0.928761 0.668708
vt 0.928761 0.653487
vt 0.208559 0.930825
vt 0.218775 0.915604
vt 0.218775 0.930825
vt 0.208559 0.915604
vt 0.388282 0.790479
vt 0.388282 0.778016
vt 0.394208 0.790479
vt 0.394208 0.778016
vt 0.939081 0.856363
vt 0.939081 0.870972
vt 0.933156 0.856363
vt 0.933156 0.870972
vt 0.751265 0.069745
vt 0.751265 0.078429
vt 0.745237 0.078429
vt 0.745237 0.069745
vt 0.730892 0.819374
vt 0.736817 0.810691
vt 0.736817 0.819374
vt 0.730892 0.810691
vt 0.918546 0.790479
vt 0.918546 0.775258
vt 0.928761 0.790479
vt 0.928761 0.775258
vt 0.220943 0.930825
vt 0.231158 0.915604
vt 0.231158 0.930825
vt 0.220943 0.915604
vt 0.914314 0.793833
vt 0.914314 0.809054
vt 0.907163 0.793833
vt 0.907163 0.809054
vt 0.937017 0.230487
vt 0.937017 0.245606
vt 0.929866 0.230487
vt 0.929866 0.245606
vt 0.955592 0.809056
vt 0.955592 0.819374
vt 0.948441 0.819374
vt 0.948441 0.809056
vt 0.649174 0.957656
vt 0.656325 0.947440
vt 0.656325 0.957656
vt 0.649174 0.947440
vt 0.517840 0.033023
vt 0.517840 0.015554
vt 0.528362 0.033023
vt 0.528362 0.015554
vt 0.344471 0.482956
vt 0.354993 0.465487
vt 0.354993 0.482956
vt 0.344471 0.465487
vt 0.086684 0.449065
vt 0.086684 0.466445
vt 0.079533 0.449065
vt 0.079533 0.466445
vt 0.674900 0.296348
vt 0.674900 0.313715
vt 0.667749 0.296348
vt 0.667749 0.313715
vt 0.022703 0.567450
vt 0.022703 0.577896
vt 0.015552 0.577896
vt 0.015552 0.567450
vt 0.953528 0.945141
vt 0.953528 0.955592
vt 0.946377 0.955592
vt 0.946377 0.945141
vt 0.142410 0.519149
vt 0.142410 0.536618
vt 0.131888 0.519149
vt 0.131888 0.536618
vt 0.751265 0.018575
vt 0.740743 0.018575
vt 0.751265 0.001209
vt 0.740743 0.001209
vt 0.245606 0.539877
vt 0.245606 0.557257
vt 0.238455 0.539877
vt 0.238455 0.557257
vt 0.722370 0.316987
vt 0.722370 0.334354
vt 0.715219 0.316987
vt 0.715219 0.334354
vt 0.592343 0.016385
vt 0.592343 0.026831
vt 0.585192 0.026831
vt 0.585192 0.016385
vt 0.946377 0.425166
vt 0.953528 0.414715
vt 0.953528 0.425166
vt 0.946377 0.414715
vt 0.928761 0.879227
vt 0.918546 0.879227
vt 0.928761 0.864006
vt 0.918546 0.864006
vt 0.245606 0.915604
vt 0.245606 0.930825
vt 0.235390 0.915604
vt 0.235390 0.930825
vt 0.947336 0.267493
vt 0.947336 0.278628
vt 0.940288 0.267493
vt 0.940288 0.278628
vt 0.840013 0.719490
vt 0.840013 0.730626
vt 0.832964 0.719490
vt 0.832964 0.730626
vt 0.842077 0.001585
vt 0.842077 0.010320
vt 0.835028 0.010320
vt 0.835028 0.001585
vt 0.854460 0.950986
vt 0.854460 0.959720
vt 0.847412 0.959720
vt 0.847412 0.950986
vt 0.709986 0.778109
vt 0.699464 0.794607
vt 0.699464 0.778109
vt 0.709986 0.794607
vt 0.790276 0.039214
vt 0.790276 0.022716
vt 0.800799 0.039214
vt 0.800799 0.022716
vt 0.123733 0.949709
vt 0.123835 0.959720
vt 0.116275 0.959720
vt 0.116275 0.949709
vt 0.025565 0.400399
vt 0.033023 0.390490
vt 0.033023 0.400399
vt 0.025565 0.390490
vt 0.899867 0.286884
vt 0.889855 0.286884
vt 0.899867 0.270743
vt 0.889855 0.270743
vt 0.780468 0.899866
vt 0.780468 0.883726
vt 0.790479 0.899866
vt 0.790479 0.883726
vt 0.897803 0.852665
vt 0.897803 0.868908
vt 0.890039 0.852665
vt 0.890039 0.868908
vt 0.363741 0.470572
vt 0.371504 0.454329
vt 0.371504 0.470572
vt 0.363741 0.454329
vt 0.582024 0.912250
vt 0.574566 0.912250
vt 0.574566 0.896109
vt 0.582024 0.896109
vt 0.906058 0.231427
vt 0.906058 0.247670
vt 0.898601 0.231427
vt 0.898601 0.247670
vt 0.270373 0.579859
vt 0.270373 0.590279
vt 0.262609 0.590279
vt 0.262609 0.579859
vt 0.947828 0.679028
vt 0.955592 0.668608
vt 0.955592 0.679028
vt 0.947828 0.668608
vt 0.716178 0.916378
vt 0.705962 0.916378
vt 0.716178 0.901156
vt 0.705962 0.901156
vt 0.904098 0.365313
vt 0.904098 0.350091
vt 0.914314 0.365313
vt 0.914314 0.350091
vt 0.943209 0.326098
vt 0.935138 0.326098
vt 0.935138 0.312869
vt 0.943209 0.312869
vt 0.943209 0.427230
vt 0.935138 0.427230
vt 0.943209 0.414001
vt 0.935138 0.414001
vt 0.957656 0.477673
vt 0.957656 0.487084
vt 0.949586 0.487084
vt 0.949586 0.477673
vt 0.803048 0.033023
vt 0.811118 0.023604
vt 0.811118 0.033023
vt 0.803048 0.023604
vt 0.823606 0.901156
vt 0.833821 0.901156
vt 0.823606 0.916378
vt 0.833821 0.916378
vt 0.720410 0.918442
vt 0.720410 0.903220
vt 0.730626 0.918442
vt 0.730626 0.903220
vt 0.941145 0.332027
vt 0.941145 0.346738
vt 0.935220 0.332027
vt 0.935220 0.346738
vt 0.933156 0.365313
vt 0.939081 0.350602
vt 0.939081 0.365313
vt 0.933156 0.350602
vt 0.720306 0.769310
vt 0.720306 0.778095
vt 0.714381 0.778095
vt 0.714381 0.769310
vt 0.885584 0.881291
vt 0.891611 0.872506
vt 0.891611 0.881291
vt 0.885584 0.872506
vt 0.883355 0.905284
vt 0.873140 0.920506
vt 0.873140 0.905284
vt 0.883355 0.920506
vt 0.908226 0.229094
vt 0.908226 0.213873
vt 0.918442 0.229094
vt 0.918442 0.213873
vt 0.949400 0.201448
vt 0.949400 0.212583
vt 0.942352 0.201448
vt 0.942352 0.212583
vt 0.854460 0.480076
vt 0.854460 0.491212
vt 0.847412 0.480076
vt 0.847412 0.491212
vt 0.945273 0.684741
vt 0.945273 0.693475
vt 0.938224 0.693475
vt 0.938224 0.684741
vt 0.952671 0.247670
vt 0.959720 0.238935
vt 0.959720 0.247670
vt 0.952671 0.238935
vt 0.800596 0.709986
vt 0.811118 0.693539
vt 0.811118 0.709986
vt 0.800596 0.693539
vt 0.260053 0.932889
vt 0.249838 0.932889
vt 0.260053 0.917668
vt 0.249838 0.917668
vt 0.274501 0.915604
vt 0.274501 0.930825
vt 0.264285 0.915604
vt 0.264285 0.930825
vt 0.191944 0.813246
vt 0.191944 0.829693
vt 0.181422 0.813246
vt 0.181422 0.829693
vt 0.546937 0.947645
vt 0.546937 0.957656
vt 0.539480 0.957656
vt 0.539480 0.947645
vt 0.159720 0.959720
vt 0.167177 0.949811
vt 0.167177 0.959720
vt 0.159720 0.949811
vt 0.049534 0.906058
vt 0.039625 0.906058
vt 0.049534 0.889917
vt 0.039625 0.889917
vt 0.063981 0.887854
vt 0.063981 0.903994
vt 0.054072 0.887854
vt 0.054072 0.903994
vt 0.945273 0.443741
vt 0.937202 0.443741
vt 0.937202 0.430512
vt 0.945273 0.430512
vt 0.621238 0.931992
vt 0.621238 0.945273
vt 0.613168 0.931992
vt 0.613168 0.945273
vt 0.113515 0.887751
vt 0.113515 0.903994
vt 0.105751 0.887751
vt 0.105751 0.903994
vt 0.894167 0.365313
vt 0.901930 0.349070
vt 0.901930 0.365313
vt 0.894167 0.349070
vt 0.551065 0.910186
vt 0.543608 0.910186
vt 0.543608 0.894045
vt 0.551065 0.894045
vt 0.908122 0.695807
vt 0.908122 0.712050
vt 0.900665 0.695807
vt 0.900665 0.712050
vt 0.951464 0.863586
vt 0.951464 0.873036
vt 0.943394 0.873036
vt 0.943394 0.863586
vt 0.571889 0.959720
vt 0.579960 0.950322
vt 0.579960 0.959720
vt 0.571889 0.950322
vt 0.072237 0.084520
vt 0.072237 0.094940
vt 0.064473 0.094940
vt 0.064473 0.084520
vt 0.947828 0.695539
vt 0.955592 0.685170
vt 0.955592 0.695539
vt 0.947828 0.685170
vt 0.288948 0.932889
vt 0.278732 0.932889
vt 0.288948 0.917668
vt 0.278732 0.917668
vt 0.542913 0.930825
vt 0.542913 0.915604
vt 0.553129 0.930825
vt 0.553129 0.915604
vt 0.741212 0.348801
vt 0.741212 0.336338
vt 0.747137 0.348801
vt 0.747137 0.336338
vt 0.633888 0.908122
vt 0.639813 0.893514
vt 0.639813 0.908122
vt 0.633888 0.893514
vt 0.786351 0.117215
vt 0.786351 0.125899
vt 0.780324 0.125899
vt 0.780324 0.117215
vt 0.807257 0.546937
vt 0.813182 0.538254
vt 0.813182 0.546937
vt 0.807257 0.538254
vt 0.910290 0.307523
vt 0.920506 0.292302
vt 0.920506 0.307523
vt 0.910290 0.292302
vt 0.908226 0.326098
vt 0.908226 0.310877
vt 0.918442 0.326098
vt 0.918442 0.310877
vt 0.842077 0.482182
vt 0.842077 0.497403
vt 0.834926 0.482182
vt 0.834926 0.497403
vt 0.819374 0.918442
vt 0.812223 0.918442
vt 0.819374 0.903323
vt 0.812223 0.903323
vt 0.646005 0.947338
vt 0.646005 0.957656
vt 0.638854 0.957656
vt 0.638854 0.947338
vt 0.219880 0.959720
vt 0.227031 0.949504
vt 0.227031 0.959720
vt 0.219880 0.949504
vt 0.567576 0.932889
vt 0.557361 0.932889
vt 0.567576 0.917668
vt 0.557361 0.917668
vt 0.594407 0.915604
vt 0.594407 0.930825
vt 0.584192 0.915604
vt 0.584192 0.930825
vt 0.712050 0.837175
vt 0.712050 0.852396
vt 0.704899 0.837175
vt 0.704899 0.852396
vt 0.937017 0.266245
vt 0.929866 0.266245
vt 0.937017 0.251126
vt 0.929866 0.251126
vt 0.309587 0.947338
vt 0.309587 0.957656
vt 0.302436 0.957656
vt 0.302436 0.947338
vt 0.659493 0.957656
vt 0.666644 0.947440
vt 0.666644 0.957656
vt 0.659493 0.947440
vt 0.226828 0.519149
vt 0.237350 0.519149
vt 0.226828 0.536618
vt 0.237350 0.536618
vt 0.495339 0.015554
vt 0.495339 0.033023
vt 0.484817 0.015554
vt 0.484817 0.033023
vt 0.342610 0.510983
vt 0.342610 0.528362
vt 0.335459 0.510983
vt 0.335459 0.528362
vt 0.404527 0.782223
vt 0.397376 0.782223
vt 0.404527 0.764857
vt 0.397376 0.764857
vt 0.342610 0.658263
vt 0.342610 0.668708
vt 0.335459 0.668708
vt 0.335459 0.658263
vt 0.948441 0.439614
vt 0.955592 0.429162
vt 0.955592 0.439614
vt 0.948441 0.429162
vt 0.544873 0.015554
vt 0.544873 0.033023
vt 0.534351 0.033023
vt 0.534351 0.015554
vt 0.354791 0.755392
vt 0.354791 0.738026
vt 0.365313 0.755392
vt 0.365313 0.738026
vt 0.051598 0.546069
vt 0.051598 0.563448
vt 0.044447 0.546069
vt 0.044447 0.563448
vt 0.734753 0.784287
vt 0.727602 0.784287
vt 0.734753 0.766921
vt 0.727602 0.766921
vt 0.354993 0.722244
vt 0.354993 0.732689
vt 0.347842 0.732689
vt 0.347842 0.722244
vt 0.946377 0.460253
vt 0.953528 0.449801
vt 0.953528 0.460253
vt 0.946377 0.449801
vt 0.579960 0.932889
vt 0.569744 0.932889
vt 0.579960 0.917668
vt 0.569744 0.917668
vt 0.635686 0.915604
vt 0.635686 0.930825
vt 0.625470 0.915604
vt 0.625470 0.930825
vt 0.947336 0.634870
vt 0.947336 0.646005
vt 0.940288 0.634870
vt 0.940288 0.646005
vt 0.594407 0.934137
vt 0.594407 0.945273
vt 0.587358 0.934137
vt 0.587358 0.945273
vt 0.959720 0.195593
vt 0.959720 0.204327
vt 0.952671 0.204327
vt 0.952671 0.195593
vt 0.950607 0.594407
vt 0.957656 0.585673
vt 0.957656 0.594407
vt 0.950607 0.585673
vt 0.786149 0.695539
vt 0.786149 0.679041
vt 0.796671 0.695539
vt 0.796671 0.679041
vt 0.728562 0.792556
vt 0.718039 0.809054
vt 0.718039 0.792556
vt 0.728562 0.809054
vt 0.534452 0.947645
vt 0.534554 0.957656
vt 0.526994 0.957656
vt 0.526994 0.947645
vt 0.762382 0.726498
vt 0.769840 0.716588
vt 0.769840 0.726498
vt 0.762382 0.716588
vt 0.858896 0.901930
vt 0.858896 0.885790
vt 0.868908 0.901930
vt 0.868908 0.885790
vt 0.761584 0.885790
vt 0.751573 0.901930
vt 0.751573 0.885790
vt 0.761584 0.901930
vt 0.903994 0.367645
vt 0.903994 0.383888
vt 0.896230 0.367645
vt 0.896230 0.383888
vt 0.794607 0.697871
vt 0.794607 0.714114
vt 0.786843 0.697871
vt 0.786843 0.714114
vt 0.592343 0.910186
vt 0.584886 0.910186
vt 0.584886 0.894045
vt 0.592343 0.894045
vt 0.903994 0.801067
vt 0.903994 0.817310
vt 0.896537 0.801067
vt 0.896537 0.817310
vt 0.074301 0.544773
vt 0.074301 0.555193
vt 0.066537 0.555193
vt 0.066537 0.544773
vt 0.047470 0.119607
vt 0.047470 0.130027
vt 0.039706 0.130027
vt 0.039706 0.119607
vt 0.906162 0.670772
vt 0.906162 0.655551
vt 0.916378 0.670772
vt 0.916378 0.655551
vt 0.908226 0.370731
vt 0.918442 0.370731
vt 0.908226 0.385952
vt 0.918442 0.385952
vt 0.846390 0.932043
vt 0.854460 0.932043
vt 0.854460 0.945272
vt 0.846390 0.945272
vt 0.943209 0.468508
vt 0.935138 0.468508
vt 0.943209 0.455279
vt 0.935138 0.455279
vt 0.262117 0.950309
vt 0.262117 0.959720
vt 0.254047 0.959720
vt 0.254047 0.950309
vt 0.497589 0.821438
vt 0.505659 0.812019
vt 0.505659 0.821438
vt 0.497589 0.812019
vt 0.293180 0.905284
vt 0.303395 0.905284
vt 0.303395 0.920506
vt 0.293180 0.920506
vt 0.051702 0.907348
vt 0.061917 0.907348
vt 0.051702 0.922570
vt 0.061917 0.922570
vt 0.941145 0.369177
vt 0.941145 0.383888
vt 0.935220 0.369177
vt 0.935220 0.383888
vt 0.939081 0.798471
vt 0.939081 0.813182
vt 0.933156 0.798471
vt 0.933156 0.813182
vt 0.730626 0.323505
vt 0.730626 0.332290
vt 0.724700 0.332290
vt 0.724700 0.323505
vt 0.200364 0.848269
vt 0.206391 0.839483
vt 0.206391 0.848269
vt 0.200364 0.839483
vt 0.910290 0.346738
vt 0.910290 0.331516
vt 0.920506 0.346738
vt 0.920506 0.331516
vt 0.307627 0.907348
vt 0.317843 0.907348
vt 0.307627 0.922570
vt 0.317843 0.922570
vt 0.949400 0.352114
vt 0.949400 0.363249
vt 0.942352 0.352114
vt 0.942352 0.363249
vt 0.840013 0.424351
vt 0.840013 0.435486
vt 0.832964 0.424351
vt 0.832964 0.435486
vt 0.959720 0.207977
vt 0.959720 0.216711
vt 0.952671 0.216711
vt 0.952671 0.207977
vt 0.957656 0.711572
vt 0.957656 0.720306
vt 0.950607 0.720306
vt 0.950607 0.711572
vt 0.699464 0.815246
vt 0.709986 0.798799
vt 0.709986 0.815246
vt 0.699464 0.798799
vt 0.776032 0.932889
vt 0.765816 0.932889
vt 0.776032 0.917668
vt 0.765816 0.917668
vt 0.930825 0.209745
vt 0.930825 0.224967
vt 0.920610 0.209745
vt 0.920610 0.224967
vt 0.728562 0.813246
vt 0.728562 0.829693
vt 0.718039 0.813246
vt 0.718039 0.829693
vt 0.152730 0.949709
vt 0.152730 0.959720
vt 0.145272 0.959720
vt 0.145272 0.949709
vt 0.611717 0.957656
vt 0.619174 0.947747
vt 0.619174 0.957656
vt 0.611717 0.947747
vt 0.076365 0.906058
vt 0.066456 0.906058
vt 0.076365 0.889917
vt 0.066456 0.889917
vt 0.103196 0.887854
vt 0.103196 0.903994
vt 0.093287 0.887854
vt 0.093287 0.903994
vt 0.937202 0.471791
vt 0.945273 0.471791
vt 0.945273 0.485020
vt 0.937202 0.485020
vt 0.943209 0.305459
vt 0.935138 0.305459
vt 0.943209 0.292179
vt 0.935138 0.292179
vt 0.901930 0.755661
vt 0.901930 0.771904
vt 0.894167 0.755661
vt 0.894167 0.771904
vt 0.896230 0.670772
vt 0.903994 0.654529
vt 0.903994 0.670772
vt 0.896230 0.654529
vt 0.561385 0.912250
vt 0.553927 0.912250
vt 0.553927 0.896109
vt 0.561385 0.896109
vt 0.906058 0.714383
vt 0.906058 0.730626
vt 0.898601 0.714383
vt 0.898601 0.730626
vt 0.957656 0.279498
vt 0.957656 0.288948
vt 0.949586 0.288948
vt 0.949586 0.279498
vt 0.949586 0.707922
vt 0.957656 0.698524
vt 0.957656 0.707922
vt 0.949586 0.698524
vt 0.491212 0.059753
vt 0.491212 0.070173
vt 0.483448 0.070173
vt 0.483448 0.059753
vt 0.095432 0.957656
vt 0.103196 0.947287
vt 0.103196 0.957656
vt 0.095432 0.947287
vt 0.932889 0.307523
vt 0.922673 0.307523
vt 0.932889 0.292302
vt 0.922673 0.292302
vt 0.930825 0.352155
vt 0.930825 0.367377
vt 0.920610 0.352155
vt 0.920610 0.367377
vt 0.751531 0.357057
vt 0.751531 0.344594
vt 0.757456 0.357057
vt 0.757456 0.344594
vt 0.670772 0.928600
vt 0.670772 0.943209
vt 0.664847 0.928600
vt 0.664847 0.943209
vt 0.664580 0.804499
vt 0.664580 0.813182
vt 0.658553 0.813182
vt 0.658553 0.804499
vt 0.850332 0.868480
vt 0.850332 0.877163
vt 0.844407 0.877163
vt 0.844407 0.868480
vt 0.920506 0.676190
vt 0.920506 0.691411
vt 0.910290 0.676190
vt 0.910290 0.691411
vt 0.751369 0.907348
vt 0.761584 0.907348
vt 0.751369 0.922570
vt 0.761584 0.922570
vt 0.854460 0.403753
vt 0.854460 0.418975
vt 0.847309 0.403753
vt 0.847309 0.418975
vt 0.918442 0.694867
vt 0.918442 0.709986
vt 0.911291 0.694867
vt 0.911291 0.709986
vt 0.185752 0.949402
vt 0.185752 0.959720
vt 0.178601 0.959720
vt 0.178601 0.949402
vt 0.517083 0.959720
vt 0.524234 0.949504
vt 0.524234 0.959720
vt 0.517083 0.949504
vt 0.932889 0.326098
vt 0.922673 0.326098
vt 0.932889 0.310877
vt 0.922673 0.310877
vt 0.930825 0.372795
vt 0.930825 0.388016
vt 0.920610 0.372795
vt 0.920610 0.388016
vt 0.873036 0.467735
vt 0.873036 0.482956
vt 0.865885 0.467735
vt 0.865885 0.482956
vt 0.937017 0.284820
vt 0.929866 0.284820
vt 0.937017 0.269701
vt 0.929866 0.269701
vt 0.113515 0.949402
vt 0.113515 0.959720
vt 0.106364 0.959720
vt 0.106364 0.949402
vt 0.907163 0.957656
vt 0.914314 0.947440
vt 0.914314 0.957656
vt 0.907163 0.947440
vt 0.001861 0.561385
vt 0.001861 0.543916
vt 0.012383 0.561385
vt 0.012383 0.543916
vt 0.484817 0.055726
vt 0.495339 0.038257
vt 0.495339 0.055726
vt 0.484817 0.038257
vt 0.247670 0.519238
vt 0.247670 0.536618
vt 0.240519 0.519238
vt 0.240519 0.536618
vt 0.782223 0.718242
vt 0.775072 0.718242
vt 0.782223 0.700875
vt 0.775072 0.700875
vt 0.850332 0.720180
vt 0.850332 0.730626
vt 0.843182 0.730626
vt 0.843182 0.720180
vt 0.948441 0.474700
vt 0.955592 0.464249
vt 0.955592 0.474700
vt 0.948441 0.464249
vt 0.016309 0.561385
vt 0.026831 0.543916
vt 0.026831 0.561385
vt 0.016309 0.543916
vt 0.369238 0.759520
vt 0.369238 0.742154
vt 0.379760 0.759520
vt 0.379760 0.742154
vt 0.317843 0.638945
vt 0.317843 0.656325
vt 0.310692 0.638945
vt 0.310692 0.656325
vt 0.414847 0.788415
vt 0.407696 0.788415
vt 0.414847 0.771048
vt 0.407696 0.771048
vt 0.802863 0.354867
vt 0.802863 0.365313
vt 0.795712 0.365313
vt 0.795712 0.354867
vt 0.946377 0.515979
vt 0.953528 0.505527
vt 0.953528 0.515979
vt 0.946377 0.505527
vt 0.932889 0.397561
vt 0.932889 0.412783
vt 0.922673 0.397561
vt 0.922673 0.412783
vt 0.920610 0.811118
vt 0.930825 0.795897
vt 0.930825 0.811118
vt 0.920610 0.795897
vt 0.788415 0.938265
vt 0.788415 0.949400
vt 0.777791 0.938265
vt 0.777791 0.949400
vt 0.947336 0.917626
vt 0.947336 0.928761
vt 0.936712 0.917626
vt 0.936712 0.928761
vt 0.330226 0.955592
vt 0.321492 0.955592
vt 0.321492 0.944968
vt 0.330226 0.944968
vt 0.732689 0.953528
vt 0.723955 0.953528
vt 0.723955 0.942904
vt 0.732689 0.942904
vt 0.790479 0.914212
vt 0.780468 0.914314
vt 0.780468 0.903077
vt 0.790479 0.903077
vt 0.949400 0.247670
vt 0.939491 0.247670
vt 0.939491 0.236535
vt 0.949400 0.236535
vt 0.899867 0.834192
vt 0.899867 0.850332
vt 0.889855 0.834192
vt 0.889855 0.850332
vt 0.821438 0.883726
vt 0.811426 0.899866
vt 0.811426 0.883726
vt 0.821438 0.899866
vt 0.828878 0.881662
vt 0.840013 0.881662
vt 0.840013 0.897802
vt 0.828878 0.897802
vt 0.891611 0.772172
vt 0.891611 0.788415
vt 0.880476 0.772172
vt 0.880476 0.788415
vt 0.920506 0.728562
vt 0.910290 0.728562
vt 0.920506 0.713340
vt 0.910290 0.713340
vt 0.895739 0.907348
vt 0.885523 0.922570
vt 0.885523 0.907348
vt 0.895739 0.922570
vt 0.145007 0.519254
vt 0.156857 0.519254
vt 0.156857 0.532483
vt 0.145007 0.532490
vt 0.916378 0.929979
vt 0.916378 0.943209
vt 0.904528 0.929979
vt 0.904528 0.943209
vt 0.154794 0.493275
vt 0.145382 0.493275
vt 0.145382 0.481425
vt 0.154794 0.481425
vt 0.491212 0.346738
vt 0.481793 0.346738
vt 0.481793 0.334887
vt 0.491212 0.334887
vt 0.920506 0.733979
vt 0.920506 0.749201
vt 0.910290 0.733979
vt 0.910290 0.749201
vt 0.908122 0.922570
vt 0.897906 0.922570
vt 0.908122 0.907348
vt 0.897906 0.907348
vt 0.889547 0.926434
vt 0.889547 0.941145
vt 0.880353 0.926434
vt 0.880353 0.941145
vt 0.939081 0.837686
vt 0.939081 0.852396
vt 0.929887 0.837686
vt 0.929887 0.852396
vt 0.559321 0.961784
vt 0.550535 0.961784
vt 0.550535 0.952590
vt 0.559321 0.952590
vt 0.214647 0.959720
vt 0.205862 0.959720
vt 0.205862 0.950424
vt 0.214647 0.950424
vt 0.206391 0.835885
vt 0.195869 0.835885
vt 0.206391 0.819438
vt 0.195869 0.819438
vt 0.932889 0.344674
vt 0.922673 0.344674
vt 0.932889 0.329452
vt 0.922673 0.329452
vt 0.930825 0.816536
vt 0.930825 0.831757
vt 0.920610 0.816536
vt 0.920610 0.831757
vt 0.837949 0.196136
vt 0.837949 0.212583
vt 0.827427 0.196136
vt 0.827427 0.212583
vt 0.185752 0.945273
vt 0.175741 0.945273
vt 0.175741 0.934035
vt 0.185752 0.934035
vt 0.947336 0.726498
vt 0.937427 0.726498
vt 0.937427 0.715260
vt 0.947336 0.715260
vt 0.906058 0.227031
vt 0.896149 0.227031
vt 0.906058 0.210890
vt 0.896149 0.210890
vt 0.894085 0.305459
vt 0.894085 0.289319
vt 0.903994 0.305459
vt 0.903994 0.289319
vt 0.524767 0.932043
vt 0.536618 0.932043
vt 0.536618 0.945273
vt 0.524767 0.945273
vt 0.016511 0.929928
vt 0.016511 0.943209
vt 0.004661 0.929928
vt 0.004661 0.943209
vt 0.014447 0.852665
vt 0.014447 0.868908
vt 0.003006 0.852665
vt 0.003006 0.868908
vt 0.718242 0.858857
vt 0.718242 0.875099
vt 0.706800 0.858857
vt 0.706800 0.875099
vt 0.837031 0.239785
vt 0.848269 0.239785
vt 0.848269 0.255925
vt 0.837031 0.255925
vt 0.202264 0.873304
vt 0.202264 0.889547
vt 0.191026 0.873304
vt 0.191026 0.889547
vt 0.656325 0.815246
vt 0.646875 0.815246
vt 0.646875 0.803396
vt 0.656325 0.803396
vt 0.177497 0.821438
vt 0.168098 0.821438
vt 0.168098 0.809588
vt 0.177497 0.809588
vt 0.127963 0.947336
vt 0.117543 0.947336
vt 0.117543 0.935895
vt 0.127963 0.935895
vt 0.280692 0.949400
vt 0.270323 0.949400
vt 0.270323 0.937959
vt 0.280692 0.937959
vt 0.932889 0.431358
vt 0.922673 0.431358
vt 0.922673 0.416137
vt 0.932889 0.416137
vt 0.200200 0.919732
vt 0.189984 0.934953
vt 0.189984 0.919732
vt 0.200200 0.934953
vt 0.797694 0.730626
vt 0.797694 0.718162
vt 0.806990 0.730626
vt 0.806990 0.718162
vt 0.941145 0.771743
vt 0.941145 0.786351
vt 0.931849 0.771743
vt 0.931849 0.786351
vt 0.693475 0.815246
vt 0.684792 0.815246
vt 0.684792 0.805848
vt 0.693475 0.805848
vt 0.274501 0.961784
vt 0.265817 0.961784
vt 0.265817 0.952488
vt 0.274501 0.952488
vt 0.932889 0.434712
vt 0.932889 0.449933
vt 0.922673 0.434712
vt 0.922673 0.449933
vt 0.705962 0.934953
vt 0.716178 0.919732
vt 0.716178 0.934953
vt 0.705962 0.919732
vt 0.831757 0.001290
vt 0.831757 0.016511
vt 0.821031 0.001290
vt 0.821031 0.016511
vt 0.051598 0.926026
vt 0.051598 0.941145
vt 0.040871 0.926026
vt 0.040871 0.941145
vt 0.757456 0.955592
vt 0.747139 0.955592
vt 0.747139 0.944866
vt 0.757456 0.944866
vt 0.953528 0.379760
vt 0.943313 0.379760
vt 0.943313 0.369034
vt 0.953528 0.369034
vt 0.041278 0.561385
vt 0.030756 0.561385
vt 0.041278 0.543916
vt 0.030756 0.543916
vt 0.344471 0.503595
vt 0.354993 0.486126
vt 0.354993 0.503595
vt 0.344471 0.486126
vt 0.319907 0.618306
vt 0.319907 0.635686
vt 0.309180 0.618306
vt 0.309180 0.635686
vt 0.730626 0.023912
vt 0.730626 0.041278
vt 0.719899 0.023912
vt 0.719899 0.041278
vt 0.868908 0.953528
vt 0.858462 0.953528
vt 0.858462 0.942802
vt 0.868908 0.942802
vt 0.951464 0.887483
vt 0.941013 0.887483
vt 0.941013 0.876756
vt 0.951464 0.876756
vt 0.561385 0.015554
vt 0.550862 0.033023
vt 0.550862 0.015554
vt 0.561385 0.033023
vt 0.383685 0.771904
vt 0.383685 0.754537
vt 0.394208 0.771904
vt 0.394208 0.754537
vt 0.354993 0.700863
vt 0.354993 0.718242
vt 0.344267 0.700863
vt 0.344267 0.718242
vt 0.369441 0.717387
vt 0.369441 0.734753
vt 0.358714 0.717387
vt 0.358714 0.734753
vt 0.685219 0.955592
vt 0.674774 0.955592
vt 0.674774 0.944866
vt 0.685219 0.944866
vt 0.804926 0.953528
vt 0.794475 0.953528
vt 0.794475 0.942802
vt 0.804926 0.942802
vt 0.932889 0.455351
vt 0.932889 0.470572
vt 0.922673 0.470572
vt 0.922673 0.455351
vt 0.780263 0.934953
vt 0.780263 0.919732
vt 0.790479 0.934953
vt 0.790479 0.919732
vt 0.639813 0.001248
vt 0.639813 0.012383
vt 0.629189 0.001248
vt 0.629189 0.012383
vt 0.833821 0.940329
vt 0.833821 0.951464
vt 0.823197 0.940329
vt 0.823197 0.951464
vt 0.901930 0.955592
vt 0.893196 0.955592
vt 0.893196 0.944968
vt 0.901930 0.944968
vt 0.953528 0.631558
vt 0.944794 0.631558
vt 0.944794 0.620933
vt 0.953528 0.620933
vt 0.788213 0.385952
vt 0.788213 0.369454
vt 0.798735 0.385952
vt 0.798735 0.369454
vt 0.811118 0.652210
vt 0.811118 0.668708
vt 0.800596 0.652210
vt 0.800596 0.668708
vt 0.635686 0.947234
vt 0.625674 0.947336
vt 0.625674 0.936099
vt 0.635686 0.936099
vt 0.200200 0.951464
vt 0.190290 0.951464
vt 0.190290 0.940329
vt 0.200200 0.940329
vt 0.889855 0.885790
vt 0.899867 0.885790
vt 0.889855 0.901930
vt 0.899867 0.901930
vt 0.776032 0.885790
vt 0.776032 0.901930
vt 0.766020 0.885790
vt 0.766020 0.901930
vt 0.864780 0.865048
vt 0.864780 0.881291
vt 0.853338 0.865048
vt 0.853338 0.881291
vt 0.732689 0.836154
vt 0.732689 0.852396
vt 0.721248 0.836154
vt 0.721248 0.852396
vt 0.884604 0.722740
vt 0.895739 0.722740
vt 0.895739 0.738881
vt 0.884604 0.738881
vt 0.893675 0.792811
vt 0.893675 0.809054
vt 0.882540 0.792811
vt 0.882540 0.809054
vt 0.551065 0.945273
vt 0.540645 0.945273
vt 0.540645 0.933831
vt 0.551065 0.933831
vt 0.142410 0.947336
vt 0.131990 0.947336
vt 0.131990 0.935895
vt 0.142410 0.935895
vt 0.910290 0.754619
vt 0.920506 0.754619
vt 0.920506 0.769840
vt 0.910290 0.769840
vt 0.002168 0.926697
vt 0.012383 0.911476
vt 0.012383 0.926697
vt 0.002168 0.911476
vt 0.679561 0.302543
vt 0.691411 0.302543
vt 0.691411 0.315772
vt 0.679561 0.315779
vt 0.930825 0.927915
vt 0.930825 0.941145
vt 0.918975 0.927915
vt 0.918975 0.941145
vt 0.063981 0.557257
vt 0.054570 0.557257
vt 0.054570 0.545407
vt 0.063981 0.545407
vt 0.099068 0.468508
vt 0.089649 0.468508
vt 0.089649 0.456658
vt 0.099068 0.456658
vt 0.078429 0.909412
vt 0.078429 0.924633
vt 0.068213 0.909412
vt 0.068213 0.924633
vt 0.014551 0.926697
vt 0.024767 0.911476
vt 0.024767 0.926697
vt 0.014551 0.911476
vt 0.901930 0.926434
vt 0.901930 0.941145
vt 0.892736 0.926434
vt 0.892736 0.941145
vt 0.105260 0.928498
vt 0.105260 0.943209
vt 0.096066 0.928498
vt 0.096066 0.943209
vt 0.959720 0.540745
vt 0.950935 0.540745
vt 0.950935 0.531551
vt 0.959720 0.531551
vt 0.239414 0.961784
vt 0.230629 0.961784
vt 0.230629 0.952488
vt 0.239414 0.952488
vt 0.095044 0.924633
vt 0.095044 0.909412
vt 0.105260 0.924633
vt 0.105260 0.909412
vt 0.037150 0.911476
vt 0.026935 0.926697
vt 0.026935 0.911476
vt 0.037150 0.926697
vt 0.949400 0.746321
vt 0.949400 0.757456
vt 0.938776 0.746321
vt 0.938776 0.757456
vt 0.718242 0.938265
vt 0.718242 0.949400
vt 0.707618 0.938265
vt 0.707618 0.949400
vt 0.930825 0.955592
vt 0.922091 0.955592
vt 0.922091 0.944968
vt 0.930825 0.944968
vt 0.953528 0.788415
vt 0.944794 0.788415
vt 0.944794 0.777791
vt 0.953528 0.777791
vt 0.210317 0.823566
vt 0.220839 0.823566
vt 0.210317 0.840013
vt 0.220839 0.840013
vt 0.922673 0.689347
vt 0.922673 0.674126
vt 0.932889 0.689347
vt 0.932889 0.674126
vt 0.831861 0.919732
vt 0.842077 0.919732
vt 0.831861 0.934953
vt 0.842077 0.934953
vt 0.831555 0.235286
vt 0.831555 0.218839
vt 0.842077 0.235286
vt 0.842077 0.218839
vt 0.945273 0.681092
vt 0.935261 0.681092
vt 0.935261 0.669854
vt 0.945273 0.669854
vt 0.912250 0.852396
vt 0.902341 0.852396
vt 0.902341 0.841159
vt 0.912250 0.841159
vt 0.080903 0.906058
vt 0.080903 0.889917
vt 0.090812 0.906058
vt 0.090812 0.889917
vt 0.894085 0.309958
vt 0.903994 0.309958
vt 0.894085 0.326098
vt 0.903994 0.326098
vt 0.202797 0.934107
vt 0.214647 0.934107
vt 0.214647 0.947336
vt 0.202797 0.947336
vt 0.685219 0.927864
vt 0.685219 0.941145
vt 0.673369 0.927864
vt 0.673369 0.941145
vt 0.879227 0.867112
vt 0.879227 0.883355
vt 0.867786 0.867112
vt 0.867786 0.883355
vt 0.881291 0.689616
vt 0.881291 0.705859
vt 0.869850 0.689616
vt 0.869850 0.705859
vt 0.884501 0.689718
vt 0.895739 0.689718
vt 0.895739 0.705859
vt 0.884501 0.705859
vt 0.891611 0.751533
vt 0.891611 0.767776
vt 0.880374 0.751533
vt 0.880374 0.767776
vt 0.427230 0.788415
vt 0.417781 0.788415
vt 0.417781 0.776565
vt 0.427230 0.776565
vt 0.809054 0.918442
vt 0.799656 0.918442
vt 0.799656 0.906592
vt 0.809054 0.906592
vt 0.945273 0.829693
vt 0.934853 0.829693
vt 0.934853 0.818252
vt 0.945273 0.818252
vt 0.584088 0.947336
vt 0.573719 0.947336
vt 0.573719 0.935895
vt 0.584088 0.935895
vt 0.910290 0.909412
vt 0.920506 0.909412
vt 0.910290 0.924633
vt 0.920506 0.924633
vt 0.082660 0.926697
vt 0.082660 0.911476
vt 0.092876 0.926697
vt 0.092876 0.911476
vt 0.617110 0.892901
vt 0.617110 0.908122
vt 0.606384 0.892901
vt 0.606384 0.908122
vt 0.317843 0.928089
vt 0.317843 0.943209
vt 0.307116 0.928089
vt 0.307116 0.943209
vt 0.953528 0.846205
vt 0.943210 0.846205
vt 0.943210 0.835478
vt 0.953528 0.835478
vt 0.955592 0.305459
vt 0.945376 0.305459
vt 0.945376 0.294733
vt 0.955592 0.294733
vt 0.922673 0.709986
vt 0.932889 0.694765
vt 0.932889 0.709986
vt 0.922673 0.694765
vt 0.934953 0.728562
vt 0.924737 0.728562
vt 0.934953 0.713340
vt 0.924737 0.713340
vt 0.631558 0.894965
vt 0.631558 0.910186
vt 0.620831 0.894965
vt 0.620831 0.910186
vt 0.877163 0.923962
vt 0.877163 0.939081
vt 0.866437 0.923962
vt 0.866437 0.939081
vt 0.885419 0.955592
vt 0.875101 0.955592
vt 0.875101 0.944866
vt 0.885419 0.944866
vt 0.953528 0.662516
vt 0.943313 0.662516
vt 0.943313 0.651790
vt 0.953528 0.651790
vt 0.001861 0.586152
vt 0.012383 0.568683
vt 0.012383 0.586152
vt 0.001861 0.568683
vt 0.501329 0.033023
vt 0.511851 0.015554
vt 0.511851 0.033023
vt 0.501329 0.015554
vt 0.664580 0.292208
vt 0.664580 0.309587
vt 0.653854 0.292208
vt 0.653854 0.309587
vt 0.734753 0.001209
vt 0.734753 0.018575
vt 0.724027 0.001209
vt 0.724027 0.018575
vt 0.953528 0.501531
vt 0.943083 0.501531
vt 0.943083 0.490805
vt 0.953528 0.490805
vt 0.049534 0.955592
vt 0.039082 0.955592
vt 0.039082 0.944866
vt 0.049534 0.944866
vt 0.922673 0.747137
vt 0.932889 0.731915
vt 0.932889 0.747137
vt 0.922673 0.731915
vt 0.934953 0.750491
vt 0.934953 0.765712
vt 0.924737 0.750491
vt 0.924737 0.765712
vt 0.951464 0.001248
vt 0.951464 0.012383
vt 0.940840 0.001248
vt 0.940840 0.012383
vt 0.297204 0.942393
vt 0.297204 0.953528
vt 0.286579 0.942393
vt 0.286579 0.953528
vt 0.955592 0.396271
vt 0.946858 0.396271
vt 0.946858 0.385647
vt 0.955592 0.385647
vt 0.010320 0.957656
vt 0.001585 0.957656
vt 0.001585 0.947032
vt 0.010320 0.947032
vt 0.790276 0.018575
vt 0.790276 0.002077
vt 0.800799 0.018575
vt 0.800799 0.002077
vt 0.668506 0.813182
vt 0.668506 0.796684
vt 0.679028 0.813182
vt 0.679028 0.796684
vt 0.773968 0.947234
vt 0.763956 0.947336
vt 0.763956 0.936099
vt 0.773968 0.936099
vt 0.949400 0.264181
vt 0.939491 0.264181
vt 0.939491 0.253046
vt 0.949400 0.253046
vt 0.002372 0.887854
vt 0.012383 0.887854
vt 0.012383 0.903994
vt 0.002372 0.903994
vt 0.854460 0.883726
vt 0.854460 0.899866
vt 0.844449 0.883726
vt 0.844449 0.899866
vt 0.887483 0.848537
vt 0.887483 0.864780
vt 0.876041 0.848537
vt 0.876041 0.864780
vt 0.862716 0.460521
vt 0.862716 0.476764
vt 0.851274 0.460521
vt 0.851274 0.476764
vt 0.292260 0.885790
vt 0.303395 0.885790
vt 0.303395 0.901930
vt 0.292260 0.901930
vt 0.716178 0.879496
vt 0.716178 0.895739
vt 0.705043 0.879496
vt 0.705043 0.895739
vt 0.156857 0.947336
vt 0.146438 0.947336
vt 0.146438 0.935895
vt 0.156857 0.935895
vt 0.249734 0.949400
vt 0.239314 0.949400
vt 0.239314 0.937959
vt 0.249734 0.937959
vt 0.914418 0.884645
vt 0.924633 0.884645
vt 0.914418 0.899866
vt 0.924633 0.899866
vt 0.596575 0.926697
vt 0.596575 0.911476
vt 0.606791 0.926697
vt 0.606791 0.911476
vt 0.689881 0.927909
vt 0.701731 0.927909
vt 0.701731 0.941138
vt 0.689881 0.941145
vt 0.173369 0.934107
vt 0.173369 0.947336
vt 0.161519 0.934107
vt 0.161519 0.947336
vt 0.526298 0.047470
vt 0.516887 0.047470
vt 0.516887 0.035620
vt 0.526298 0.035620
vt 0.503595 0.340546
vt 0.494176 0.340546
vt 0.494176 0.328696
vt 0.503595 0.328696
vt 0.173369 0.913540
vt 0.173369 0.928761
vt 0.163153 0.913540
vt 0.163153 0.928761
vt 0.926697 0.249734
vt 0.916482 0.249734
vt 0.926697 0.234512
vt 0.916482 0.234512
vt 0.941145 0.649870
vt 0.941145 0.664580
vt 0.931951 0.649870
vt 0.931951 0.664580
vt 0.648069 0.928498
vt 0.648069 0.943209
vt 0.638875 0.928498
vt 0.638875 0.943209
vt 0.592343 0.961784
vt 0.583558 0.961784
vt 0.583558 0.952590
vt 0.592343 0.952590
vt 0.631558 0.959720
vt 0.622772 0.959720
vt 0.622772 0.950424
vt 0.631558 0.950424
vt 0.528466 0.928761
vt 0.528466 0.913540
vt 0.538682 0.928761
vt 0.538682 0.913540
vt 0.926697 0.253088
vt 0.916482 0.268309
vt 0.916482 0.253088
vt 0.926697 0.268309
vt 0.951464 0.222087
vt 0.951464 0.233222
vt 0.940840 0.222087
vt 0.940840 0.233222
vt 0.947336 0.903179
vt 0.947336 0.914314
vt 0.936712 0.903179
vt 0.936712 0.914314
vt 0.955592 0.410719
vt 0.946858 0.410719
vt 0.946858 0.400095
vt 0.955592 0.400095
vt 0.028895 0.957656
vt 0.020160 0.957656
vt 0.020160 0.947032
vt 0.028895 0.947032
vt 0.844141 0.404591
vt 0.844141 0.421038
vt 0.833619 0.404591
vt 0.833619 0.421038
vt 0.932889 0.924633
vt 0.922673 0.924633
vt 0.932889 0.909412
vt 0.922673 0.909412
vt 0.293180 0.939081
vt 0.293180 0.923859
vt 0.303395 0.939081
vt 0.303395 0.923859
vt 0.846205 0.441742
vt 0.846205 0.458189
vt 0.835683 0.441742
vt 0.835683 0.458189
vt 0.945273 0.707922
vt 0.935261 0.707922
vt 0.935261 0.696685
vt 0.945273 0.696685
vt 0.947336 0.740945
vt 0.937427 0.740945
vt 0.937427 0.729708
vt 0.947336 0.729708
vt 0.896149 0.344674
vt 0.896149 0.328533
vt 0.906058 0.344674
vt 0.906058 0.328533
vt 0.118053 0.023074
vt 0.127963 0.023074
vt 0.118053 0.039214
vt 0.127963 0.039214
vt 0.597004 0.932043
vt 0.608855 0.932043
vt 0.608855 0.945273
vt 0.597004 0.945273
vt 0.033023 0.929928
vt 0.033023 0.943209
vt 0.021172 0.929928
vt 0.021172 0.943209
vt 0.173369 0.873304
vt 0.173369 0.889547
vt 0.161927 0.873304
vt 0.161927 0.889547
vt 0.187816 0.875368
vt 0.187816 0.891611
vt 0.176375 0.875368
vt 0.176375 0.891611
vt 0.882437 0.813553
vt 0.893675 0.813553
vt 0.893675 0.829693
vt 0.882438 0.829693
vt 0.893675 0.668976
vt 0.893675 0.685219
vt 0.882437 0.668976
vt 0.882437 0.685219
vt 0.846205 0.914314
vt 0.836755 0.914314
vt 0.836755 0.902464
vt 0.846205 0.902464
vt 0.233222 0.945273
vt 0.223824 0.945273
vt 0.223824 0.933422
vt 0.233222 0.933422
vt 0.264181 0.947336
vt 0.253761 0.947336
vt 0.253761 0.935895
vt 0.264181 0.935895
vt 0.567576 0.949400
vt 0.557207 0.949400
vt 0.557207 0.937959
vt 0.567576 0.937959
vt 0.730626 0.937017
vt 0.720410 0.937017
vt 0.720410 0.921796
vt 0.730626 0.921796
vt 0.804926 0.923859
vt 0.794711 0.939081
vt 0.794711 0.923859
vt 0.804926 0.939081
vt 0.820499 0.730626
vt 0.820499 0.718162
vt 0.829693 0.730626
vt 0.829693 0.718162
vt 0.660452 0.928600
vt 0.660452 0.943209
vt 0.651258 0.928600
vt 0.651258 0.943209
vt 0.771904 0.959720
vt 0.763220 0.959720
vt 0.763220 0.950424
vt 0.771904 0.950424
vt 0.169241 0.528362
vt 0.160558 0.528362
vt 0.160558 0.519168
vt 0.169241 0.519168
vt 0.611022 0.928761
vt 0.611022 0.913540
vt 0.621238 0.928761
vt 0.621238 0.913540
vt 0.916482 0.271663
vt 0.926697 0.271663
vt 0.916482 0.286884
vt 0.926697 0.286884
vt 0.577896 0.015737
vt 0.577896 0.030959
vt 0.567169 0.015737
vt 0.567169 0.030959
vt 0.759520 0.926026
vt 0.759520 0.941145
vt 0.748794 0.926026
vt 0.748794 0.941145
vt 0.953528 0.860652
vt 0.943210 0.860652
vt 0.943210 0.849926
vt 0.953528 0.849926
vt 0.955592 0.319907
vt 0.945376 0.319907
vt 0.945376 0.309180
vt 0.955592 0.309180
vt 0.926801 0.899866
vt 0.937017 0.884645
vt 0.937017 0.899866
vt 0.926801 0.884645
vt 0.819374 0.923859
vt 0.819374 0.939081
vt 0.809158 0.923859
vt 0.809158 0.939081
vt 0.625366 0.001290
vt 0.625366 0.016511
vt 0.614639 0.001290
vt 0.614639 0.016511
vt 0.066045 0.926026
vt 0.066045 0.941145
vt 0.055319 0.926026
vt 0.055319 0.941145
vt 0.955592 0.342610
vt 0.945274 0.342610
vt 0.945274 0.331883
vt 0.955592 0.331883
vt 0.953528 0.773968
vt 0.943313 0.773968
vt 0.943313 0.763241
vt 0.953528 0.763241
vt 0.610919 0.001106
vt 0.610919 0.018575
vt 0.600396 0.001106
vt 0.600396 0.018575
vt 0.501329 0.053662
vt 0.511851 0.036193
vt 0.511851 0.053662
vt 0.501329 0.036193
vt 0.346738 0.676096
vt 0.346738 0.693475
vt 0.336011 0.676096
vt 0.336011 0.693475
vt 0.747137 0.023912
vt 0.747137 0.041278
vt 0.736410 0.023912
vt 0.736410 0.041278
vt 0.699667 0.955592
vt 0.689221 0.955592
vt 0.689221 0.944866
vt 0.699667 0.944866
vt 0.819374 0.953528
vt 0.808922 0.953528
vt 0.808922 0.942802
vt 0.819374 0.942802
vt 0.309385 0.597578
vt 0.319907 0.597578
vt 0.309385 0.615046
vt 0.319907 0.615046
vt 0.360982 0.780159
vt 0.360982 0.762793
vt 0.371504 0.780159
vt 0.371504 0.762793
vt 0.718242 0.001196
vt 0.718242 0.018575
vt 0.707516 0.001196
vt 0.707516 0.018575
vt 0.747137 0.046615
vt 0.747137 0.063981
vt 0.736410 0.046615
vt 0.736410 0.063981
vt 0.953528 0.802862
vt 0.943083 0.802862
vt 0.943083 0.792136
vt 0.953528 0.792136
vt 0.066045 0.955592
vt 0.055594 0.955592
vt 0.055594 0.944866
vt 0.066045 0.944866
s 1
f 3/1/1 1/2/2 2/3/2
f 1/2/2 4/4/2 2/3/2
f 7/5/2 5/6/2 6/7/2
f 9/8/2 3/1/1 8/9/2
f 9/8/2 1/2/2 3/1/1
f 11/10/2 10/11/2 6/7/2
f 10/11/2 7/5/2 6/7/2
f 2/3/2 4/4/2 11/10/2
f 4/4/2 10/11/2 11/10/2
f 14/12/3 12/13/4 13/14/4
f 12/13/4 14/12/3 15/15/3
f 18/16/3 16/17/3 17/18/3
f 15/15/3 14/12/3 20/19/5
f 19/20/3 20/19/5 14/12/3
f 21/21/4 16/17/3 18/16/3
f 22/22/4 16/17/3 21/21/4
f 13/14/4 22/22/4 21/21/4
f 12/13/4 22/22/4 13/14/4
f 25/23/6 23/24/6 24/25/6
f 26/26/6 24/25/6 23/24/6
f 29/27/7 27/28/7 28/29/8
f 30/30/7 27/28/7 29/27/7
f 33/31/9 31/32/9 32/33/9
f 34/34/9 31/32/9 33/31/9
f 36/35/10 150/36/11 35/37/10
f 37/38/12 150/36/11 36/35/10
f 40/39/13 38/40/13 39/41/14
f 41/42/13 38/40/13 40/39/13
f 44/43/15 42/44/15 43/45/15
f 45/46/15 43/45/15 42/44/15
f 52/47/2 50/48/2 51/49/2
f 50/48/2 53/50/2 54/51/2
f 55/52/2 54/51/2 53/50/2
f 53/50/2 56/53/2 55/52/2
f 57/54/2 55/52/2 56/53/2
f 56/53/2 58/55/2 57/54/2
f 59/56/2 57/54/2 58/55/2
f 59/56/2 58/55/2 60/57/2
f 61/58/2 60/57/2 58/55/2
f 61/58/2 62/59/2 60/57/2
f 65/60/2 63/61/2 64/62/2
f 54/51/2 51/49/2 50/48/2
f 51/49/2 66/63/2 67/64/2
f 52/47/2 51/49/2 67/64/2
f 68/65/2 67/64/2 66/63/2
f 66/63/2 69/66/2 68/65/2
f 70/67/2 47/68/16 46/69/2
f 46/69/2 80/70/17 71/71/2
f 47/68/16 80/70/17 46/69/2
f 47/68/16 72/72/2 80/70/17
f 71/71/2 80/70/17 73/73/2
f 73/73/2 80/70/17 74/74/2
f 74/74/2 80/70/17 75/75/2
f 75/75/2 80/70/17 76/76/2
f 76/76/2 80/70/17 77/77/2
f 77/77/2 80/70/17 78/78/2
f 80/70/17 79/79/2 78/78/2
f 81/80/2 80/70/17 72/72/2
f 84/81/18 82/82/18 83/83/18
f 85/84/18 83/83/18 82/82/18
f 88/85/19 86/86/19 87/87/19
f 89/88/19 87/87/19 86/86/19
f 92/89/20 90/90/20 91/91/20
f 93/92/20 90/90/20 92/89/20
f 96/93/21 94/94/21 95/95/21
f 97/96/21 95/95/21 94/94/21
f 100/97/22 98/98/22 99/99/22
f 101/100/22 98/98/22 100/97/22
f 104/101/23 102/102/23 103/103/23
f 105/104/23 102/102/23 104/101/23
f 108/105/24 106/106/24 107/107/24
f 109/108/24 107/107/24 106/106/24
f 112/109/25 110/110/25 111/111/26
f 113/112/26 110/110/25 112/109/25
f 116/113/27 114/114/27 115/115/27
f 117/116/27 115/115/27 114/114/27
f 120/117/28 118/118/28 119/119/28
f 121/120/28 119/119/28 118/118/28
f 124/121/29 122/122/29 123/123/29
f 125/124/29 122/122/29 124/121/29
f 128/125/30 126/126/30 127/127/30
f 129/128/31 127/127/30 126/126/30
f 132/129/32 130/130/32 131/131/32
f 133/132/32 130/130/32 132/129/32
f 136/133/33 134/134/33 135/135/33
f 137/136/33 135/135/33 134/134/33
f 140/137/34 138/138/35 139/139/35
f 141/140/35 139/139/35 138/138/35
f 144/141/36 142/142/36 143/143/36
f 145/144/36 143/143/36 142/142/36
f 148/145/37 146/146/37 147/147/37
f 149/148/37 147/147/37 146/146/37
f 153/149/38 151/150/38 152/151/38
f 154/152/38 151/150/38 153/149/38
f 157/153/39 155/154/39 156/155/39
f 158/156/39 155/154/39 157/153/39
f 161/157/40 159/158/40 160/159/40
f 162/160/40 159/158/40 161/157/40
f 165/161/41 163/162/41 164/161/41
f 166/162/41 164/161/41 163/162/41
f 169/163/42 167/164/42 168/163/42
f 170/164/42 168/163/42 167/164/42
f 171/165/43 276/166/44 307/167/45
f 373/168/46 307/167/45 276/166/44
f 174/169/4 172/170/3 173/171/3
f 172/170/3 174/169/4 175/172/4
f 174/169/4 176/173/4 175/172/4
f 177/174/4 175/172/4 176/173/4
f 178/175/4 177/174/4 176/173/4
f 177/174/4 178/175/4 179/176/4
f 178/175/4 180/177/3 179/176/4
f 179/176/4 180/177/3 181/178/3
f 182/179/3 181/178/3 180/177/3
f 182/179/3 180/177/3 183/180/3
f 185/181/3 184/182/3 182/179/3
f 182/179/3 183/180/3 185/181/3
f 186/183/4 185/181/3 183/180/3
f 186/183/4 187/184/3 185/181/3
f 183/180/3 188/185/3 186/183/4
f 189/186/2 6/7/2 5/6/2
f 189/186/2 5/6/2 190/187/2
f 191/188/2 190/187/2 5/6/2
f 192/189/2 190/187/2 191/188/2
f 193/190/2 192/189/2 191/188/2
f 194/191/2 192/189/2 193/190/2
f 195/192/2 194/191/2 193/190/2
f 194/191/2 195/192/2 196/193/2
f 197/194/2 196/193/2 195/192/2
f 196/193/2 197/194/2 198/195/2
f 199/196/2 198/195/2 197/194/2
f 200/197/2 198/195/2 199/196/2
f 201/198/2 198/195/2 200/197/2
f 200/197/2 202/199/2 201/198/2
f 203/200/2 201/198/2 202/199/2
f 204/201/3 17/18/3 16/17/3
f 204/201/3 205/202/4 17/18/3
f 206/203/4 17/18/3 205/202/4
f 205/202/4 207/204/4 206/203/4
f 208/205/4 206/203/4 207/204/4
f 209/206/4 208/205/4 207/204/4
f 210/207/4 208/205/4 209/206/4
f 209/206/4 211/208/4 210/207/4
f 212/209/4 210/207/4 211/208/4
f 211/208/4 213/210/3 212/209/4
f 214/211/3 212/209/4 213/210/3
f 215/212/4 214/211/3 213/210/3
f 216/213/4 215/212/4 213/210/3
f 215/212/4 216/213/4 217/214/3
f 218/215/3 217/214/3 216/213/4
f 221/216/2 219/217/2 220/218/2
f 219/217/2 222/219/2 220/218/2
f 220/218/2 222/219/2 223/220/2
f 224/221/2 223/220/2 222/219/2
f 225/222/2 223/220/2 224/221/2
f 224/221/2 226/223/2 225/222/2
f 225/222/2 226/223/2 227/224/2
f 226/223/2 228/225/2 227/224/2
f 228/225/2 229/226/2 227/224/2
f 227/224/2 229/226/2 230/227/2
f 232/228/2 231/229/2 229/226/2
f 230/227/2 229/226/2 231/229/2
f 231/229/2 233/230/2 230/227/2
f 234/231/2 233/230/2 231/229/2
f 230/227/2 233/230/2 235/232/2
f 238/233/47 236/233/47 237/234/48
f 237/234/48 236/233/47 239/234/48
f 237/234/48 239/234/48 240/235/49
f 240/235/49 239/234/48 241/235/49
f 240/235/49 241/235/49 242/236/50
f 242/236/50 241/235/49 243/236/50
f 242/236/50 243/236/50 244/237/51
f 244/237/51 243/236/50 245/237/52
f 244/237/51 245/237/52 246/238/53
f 246/238/53 245/237/52 247/238/53
f 246/238/53 247/238/53 248/239/54
f 248/239/54 247/238/53 249/239/54
f 252/240/55 250/241/56 251/240/55
f 253/241/56 250/241/56 252/240/55
f 253/241/56 254/242/57 250/241/56
f 255/242/57 254/242/57 253/241/56
f 255/242/57 256/243/58 254/242/57
f 257/243/58 256/243/58 255/242/57
f 257/243/58 258/244/59 256/243/58
f 259/244/59 256/243/58 258/244/59
f 258/244/59 260/245/60 259/244/59
f 261/245/60 259/244/59 260/245/60
f 264/246/61 262/247/62 263/246/61
f 265/247/62 263/246/61 262/247/62
f 262/247/62 266/248/63 265/247/62
f 267/248/63 265/247/62 266/248/63
f 270/249/64 268/250/65 269/249/64
f 271/250/65 269/249/64 268/250/65
f 268/250/65 272/251/66 271/250/65
f 273/251/66 271/250/65 272/251/66
f 171/165/43 274/252/67 276/166/44
f 274/252/67 171/165/43 277/253/68
f 278/254/69 277/253/68 171/165/43
f 277/253/68 278/254/69 281/255/70
f 279/256/71 282/257/72 280/258/73
f 279/256/71 281/259/70 282/257/72
f 281/259/70 278/260/69 282/257/72
f 283/261/74 282/257/72 278/260/69
f 282/257/72 283/261/74 284/262/75
f 285/263/76 284/262/75 283/261/74
f 284/262/75 285/263/76 370/264/77
f 298/265/78 286/266/79 287/267/80
f 289/268/81 287/267/80 286/266/79
f 286/266/79 288/269/82 289/268/81
f 290/270/83 289/268/81 288/269/82
f 291/271/84 289/268/81 290/270/83
f 291/271/84 292/272/85 289/268/81
f 293/272/86 292/272/85 291/271/84
f 296/273/87 294/274/88 295/275/89
f 295/275/89 294/274/88 297/276/90
f 295/275/89 297/276/90 287/277/80
f 287/277/80 297/276/90 298/278/78
f 300/279/91 298/278/78 297/276/90
f 297/276/90 299/280/92 300/279/91
f 288/269/82 301/281/93 290/270/83
f 303/282/94 290/270/83 301/281/93
f 301/281/93 302/283/95 303/282/94
f 303/282/94 302/283/95 304/284/96
f 303/282/94 304/284/96 305/285/97
f 306/285/98 305/285/97 304/284/96
f 308/286/99 307/167/45 373/168/46
f 307/167/45 308/286/99 310/287/100
f 308/286/99 309/288/101 310/287/100
f 308/286/99 311/289/102 309/288/101
f 312/290/2 48/291/103 49/292/104
f 313/293/2 48/291/103 312/290/2
f 313/293/2 314/294/2 48/291/103
f 314/294/2 315/295/2 48/291/103
f 316/296/2 48/291/103 315/295/2
f 48/291/103 316/296/2 317/297/2
f 48/291/103 317/297/2 318/298/2
f 48/291/103 318/298/2 319/299/2
f 48/291/103 319/299/2 320/300/2
f 48/291/103 320/300/2 321/301/2
f 48/291/103 321/301/2 322/302/2
f 48/291/103 322/302/2 323/303/2
f 48/291/103 323/303/2 324/304/2
f 48/291/103 324/304/2 325/305/2
f 299/280/92 326/306/105 327/307/106
f 300/279/91 299/280/92 327/307/106
f 329/308/2 328/309/107 361/310/108
f 328/309/107 330/311/109 361/310/108
f 331/312/2 329/308/2 361/310/108
f 361/310/108 332/313/2 331/312/2
f 330/311/109 333/314/109 361/310/108
f 361/310/108 334/315/2 332/313/2
f 361/310/108 335/316/2 334/315/2
f 361/310/108 336/317/2 335/316/2
f 333/314/109 337/318/110 361/310/108
f 361/310/108 338/319/2 336/317/2
f 361/310/108 339/320/2 338/319/2
f 361/310/108 340/321/2 339/320/2
f 337/318/110 341/322/111 361/310/108
f 361/310/108 342/323/2 340/321/2
f 361/310/108 343/324/2 342/323/2
f 344/325/2 361/310/108 341/322/111
f 361/310/108 345/326/2 343/324/2
f 361/310/108 346/327/2 345/326/2
f 344/325/2 347/328/109 361/310/108
f 361/310/108 348/329/2 346/327/2
f 361/310/108 349/330/2 348/329/2
f 361/310/108 350/331/2 349/330/2
f 347/328/109 351/332/2 361/310/108
f 361/310/108 352/333/2 350/331/2
f 361/310/108 353/334/2 352/333/2
f 351/332/2 354/335/109 361/310/108
f 361/310/108 355/336/2 353/334/2
f 361/310/108 356/337/2 355/336/2
f 357/338/112 361/310/108 354/335/109
f 361/310/108 358/339/2 356/337/2
f 361/310/108 359/340/2 358/339/2
f 361/310/108 360/341/2 359/340/2
f 361/310/108 362/342/2 360/341/2
f 361/310/108 364/343/2 362/342/2
f 361/310/108 363/344/2 365/345/2
f 361/310/108 366/346/2 364/343/2
f 361/310/108 365/345/2 367/347/2
f 361/310/108 368/348/2 366/346/2
f 361/310/108 367/347/2 369/349/2
f 361/310/108 369/349/2 368/348/2
f 371/350/113 370/351/77 285/352/76
f 373/353/46 276/354/44 372/355/114
f 374/356/115 375/357/116 373/353/46
f 308/358/99 373/353/46 375/357/116
f 375/357/116 376/359/117 308/358/99
f 311/360/102 376/359/117 377/361/118
f 308/358/99 376/359/117 311/360/102
f 276/362/44 274/363/67 372/364/114
f 378/365/119 372/364/114 274/363/67
f 275/366/120 379/367/121 380/368/122
f 310/369/100 381/370/123 382/371/124
f 381/370/123 310/369/100 309/372/101
f 383/373/125 281/374/70 279/375/71
f 384/376/126 281/374/70 383/373/125
f 311/377/102 377/378/118 385/379/127
f 309/380/101 311/381/102 381/382/123
f 385/383/127 381/382/123 311/381/102
f 380/384/122 378/385/119 275/386/120
f 274/387/67 275/386/120 378/385/119
f 384/388/126 277/389/68 281/390/70
f 277/389/68 384/388/126 386/391/128
f 277/389/68 386/391/128 387/392/129
f 387/392/129 274/393/67 277/389/68
f 388/394/130 274/393/67 387/392/129
f 274/393/67 388/394/130 275/395/120
f 379/396/121 275/395/120 388/394/130
f 280/397/73 389/398/131 390/399/132
f 390/400/132 383/401/125 280/402/73
f 279/403/71 280/402/73 383/401/125
f 393/404/133 391/405/134 392/406/135
f 394/407/136 392/406/135 391/405/134
f 391/405/134 395/408/137 394/407/136
f 396/409/138 394/407/136 395/408/137
f 395/408/137 397/410/139 396/409/138
f 398/410/140 396/409/138 397/410/139
f 398/410/140 397/410/139 399/411/141
f 400/412/142 399/411/141 397/410/139
f 402/413/143 399/411/141 401/414/144
f 400/412/142 401/414/144 399/411/141
f 392/415/135 403/416/145 393/417/133
f 404/418/146 393/417/133 403/416/145
f 403/419/145 405/420/147 404/421/146
f 405/420/147 403/419/145 406/422/148
f 409/423/87 407/424/149 408/425/150
f 410/426/151 409/423/87 408/425/150
f 327/427/106 326/428/105 411/429/152
f 412/430/153 411/429/152 326/428/105
f 401/431/144 413/432/154 402/433/143
f 414/434/155 413/432/154 401/431/144
f 413/435/154 414/436/155 415/437/156
f 415/437/156 414/436/155 416/438/157
f 418/439/158 415/440/156 417/441/159
f 416/442/157 417/441/159 415/440/156
f 420/443/160 410/444/151 419/445/161
f 409/446/87 410/444/151 420/443/160
f 406/447/148 421/448/162 405/449/147
f 422/450/163 405/449/147 421/448/162
f 424/451/164 408/452/150 423/453/165
f 407/454/149 423/453/165 408/452/150
f 423/455/165 425/456/166 424/457/164
f 426/458/167 424/457/164 425/456/166
f 425/456/166 427/459/168 426/458/167
f 428/460/169 426/458/167 427/459/168
f 427/459/168 429/461/170 428/460/169
f 430/462/171 428/460/169 429/461/170
f 430/462/171 429/461/170 431/463/172
f 432/464/173 431/463/172 429/461/170
f 421/465/162 431/463/172 422/466/163
f 432/464/173 422/466/163 431/463/172
f 307/467/45 433/468/174 434/469/175
f 307/467/45 435/470/176 433/468/174
f 435/470/176 307/467/45 310/471/100
f 382/472/124 435/470/176 310/471/100
f 434/469/175 436/473/177 307/467/45
f 171/474/43 307/467/45 436/473/177
f 171/474/43 436/473/177 437/475/178
f 438/476/179 171/474/43 437/475/178
f 171/474/43 438/476/179 278/477/69
f 439/478/180 278/477/69 438/476/179
f 440/479/181 278/477/69 439/478/180
f 278/477/69 440/479/181 441/480/182
f 441/480/182 442/481/183 278/477/69
f 283/482/74 278/477/69 442/481/183
f 442/481/183 443/483/184 283/482/74
f 443/483/184 444/484/185 283/482/74
f 285/485/76 283/482/74 444/484/185
f 444/484/185 371/486/113 285/485/76
f 446/487/186 445/488/187 447/489/188
f 446/487/186 447/489/188 448/490/189
f 449/491/190 448/490/189 447/489/188
f 448/490/189 449/491/190 450/492/191
f 450/492/191 449/491/190 451/493/191
f 451/493/191 452/494/192 450/492/191
f 453/495/193 450/492/191 452/494/192
f 453/495/193 452/494/192 454/496/194
f 455/497/194 454/496/194 452/494/192
f 454/496/194 455/497/194 456/498/195
f 456/498/195 455/497/194 457/499/196
f 457/499/196 458/500/197 456/498/195
f 459/501/197 456/498/195 458/500/197
f 458/500/197 460/502/198 459/501/197
f 461/503/199 459/501/197 460/502/198
f 461/503/199 460/502/198 462/504/200
f 463/505/200 462/504/200 460/502/198
f 462/504/200 463/505/200 464/506/201
f 464/506/201 463/505/200 465/507/201
f 464/506/201 465/507/201 466/508/34
f 466/508/34 465/507/201 467/509/34
f 466/508/34 467/509/34 468/510/202
f 469/511/203 468/510/202 467/509/34
f 468/510/202 469/511/203 470/512/204
f 471/513/205 470/512/204 469/511/203
f 471/513/205 472/514/206 470/512/204
f 473/515/206 470/512/204 472/514/206
f 476/516/207 474/517/208 475/518/22
f 475/518/22 474/517/208 477/519/22
f 475/518/22 477/519/22 478/520/190
f 479/521/190 478/520/190 477/519/22
f 478/520/190 479/521/190 480/522/191
f 480/522/191 479/521/190 481/523/191
f 480/522/191 481/523/191 482/524/193
f 482/524/193 481/523/191 483/525/192
f 482/524/193 483/525/192 484/526/209
f 484/526/209 485/527/209 482/524/193
f 485/527/209 484/526/209 486/528/195
f 486/528/195 484/526/209 487/529/195
f 486/528/195 487/529/195 488/530/197
f 488/530/197 487/529/195 489/531/197
f 489/531/197 490/532/198 488/530/197
f 491/533/198 488/530/197 490/532/198
f 490/532/198 492/534/200 491/533/198
f 493/535/200 491/533/198 492/534/200
f 493/535/200 492/534/200 494/536/201
f 494/536/201 495/537/201 493/535/200
f 494/536/201 496/538/35 495/537/201
f 497/539/35 495/537/201 496/538/35
f 497/539/35 496/538/35 498/540/203
f 498/540/203 499/541/203 497/539/35
f 498/540/203 500/542/210 499/541/203
f 501/543/210 499/541/203 500/542/210
f 501/543/210 500/542/210 502/544/206
f 502/544/206 500/542/210 503/545/206
f 506/546/3 504/547/4 505/548/3
f 507/549/4 505/548/3 504/547/4
f 507/549/4 504/547/4 508/550/4
f 508/550/4 509/551/4 507/549/4
f 508/550/4 510/552/4 509/551/4
f 510/552/4 511/553/4 509/551/4
f 510/552/4 512/554/4 511/553/4
f 513/555/4 511/553/4 512/554/4
f 512/554/4 514/556/4 513/555/4
f 514/556/4 515/557/4 513/555/4
f 514/556/4 516/558/4 515/557/4
f 517/559/4 515/557/4 516/558/4
f 516/558/4 518/560/4 517/559/4
f 519/561/4 517/559/4 518/560/4
f 519/561/4 518/560/4 520/562/4
f 520/562/4 521/563/4 519/561/4
f 520/562/4 522/564/3 521/563/4
f 523/565/3 521/563/4 522/564/3
f 523/565/3 522/564/3 524/566/3
f 525/567/211 524/566/3 522/564/3
f 524/566/3 525/567/211 526/568/4
f 526/568/4 527/569/4 524/566/3
f 526/568/4 528/570/4 527/569/4
f 529/571/4 527/569/4 528/570/4
f 528/570/4 530/572/3 529/571/4
f 531/573/3 529/571/4 530/572/3
f 530/572/3 532/574/3 531/573/3
f 532/574/3 530/572/3 533/575/3
f 536/576/212 534/577/213 535/578/212
f 537/579/213 535/578/212 534/577/213
f 534/577/213 538/580/214 537/579/213
f 539/581/214 537/579/213 538/580/214
f 540/582/215 539/581/214 538/580/214
f 540/582/215 541/583/215 539/581/214
f 542/584/216 541/583/215 540/582/215
f 542/584/216 543/585/217 541/583/215
f 544/586/218 543/585/217 542/584/216
f 545/587/218 544/586/218 542/584/216
f 546/588/219 544/586/218 545/587/218
f 546/588/219 547/589/219 544/586/218
f 547/589/219 546/588/219 548/590/220
f 548/590/220 549/591/220 547/589/219
f 548/590/220 550/592/221 549/591/220
f 551/593/221 549/591/220 550/592/221
f 551/593/221 550/592/221 552/594/222
f 552/594/222 553/595/222 551/593/221
f 553/595/222 552/594/222 554/596/223
f 554/596/223 555/597/223 553/595/222
f 555/597/223 554/596/223 556/598/224
f 556/598/224 557/599/224 555/597/223
f 556/598/224 558/600/225 557/599/224
f 559/601/225 558/600/225 556/598/224
f 558/600/225 559/601/225 560/602/48
f 560/602/48 561/603/226 558/600/225
f 561/603/226 560/602/48 562/604/227
f 562/604/227 563/605/228 561/603/226
f 564/606/229 563/605/228 562/604/227
f 567/607/230 565/608/231 566/609/232
f 567/607/230 566/609/232 568/610/233
f 568/610/233 569/611/190 567/607/230
f 568/610/233 570/612/191 569/611/190
f 571/613/191 569/611/190 570/612/191
f 571/613/191 570/612/191 572/614/192
f 572/614/192 570/612/191 573/615/192
f 572/614/192 573/615/192 574/616/194
f 574/616/194 573/615/192 575/617/194
f 574/616/194 575/617/194 576/618/195
f 576/618/195 575/617/194 577/619/196
f 577/619/196 578/620/197 576/618/195
f 579/621/197 576/618/195 578/620/197
f 578/620/197 580/622/198 579/621/197
f 581/623/199 579/621/197 580/622/198
f 581/623/199 580/622/198 582/624/200
f 582/624/200 580/622/198 583/625/234
f 583/625/234 584/626/235 582/624/200
f 585/627/201 582/624/200 584/626/235
f 585/627/201 584/626/235 586/628/35
f 586/628/35 584/626/235 587/629/35
f 586/628/35 587/629/35 588/630/203
f 589/631/203 588/630/203 587/629/35
f 588/630/203 589/631/203 590/632/205
f 590/632/205 589/631/203 591/633/205
f 590/632/205 591/633/205 592/634/206
f 593/635/206 592/634/206 591/633/205
f 595/636/236 594/637/237 596/638/238
f 596/638/238 597/639/239 595/636/236
f 596/638/238 598/640/191 597/639/239
f 599/641/191 597/639/239 598/640/191
f 598/640/191 600/642/193 599/641/191
f 601/643/192 599/641/191 600/642/193
f 601/643/192 600/642/193 602/644/209
f 602/644/209 600/642/193 603/645/209
f 603/645/209 604/646/196 602/644/209
f 605/647/196 602/644/209 604/646/196
f 604/646/196 606/648/240 605/647/196
f 607/649/197 605/647/196 606/648/240
f 607/649/197 606/648/240 608/650/198
f 608/650/198 606/648/240 609/651/199
f 609/651/199 610/652/200 608/650/198
f 611/653/200 608/650/198 610/652/200
f 611/653/200 610/652/200 612/654/235
f 612/654/235 613/655/201 611/653/200
f 613/655/201 612/654/235 614/656/35
f 614/656/35 612/654/235 615/657/35
f 614/656/35 615/657/35 616/658/202
f 616/658/202 615/657/35 617/659/202
f 616/658/202 617/659/202 618/660/210
f 618/660/210 617/659/202 619/661/210
f 618/660/210 619/661/210 620/662/206
f 621/663/206 620/662/206 619/661/210
f 624/664/206 622/665/210 623/666/241
f 625/667/210 622/665/210 624/664/206
f 625/667/210 626/668/202 622/665/210
f 627/669/203 626/668/202 625/667/210
f 626/668/202 627/669/203 628/670/35
f 628/670/35 629/671/34 626/668/202
f 628/670/35 630/672/201 629/671/34
f 631/673/201 630/672/201 628/670/35
f 630/672/201 631/673/201 632/674/200
f 633/675/200 632/674/200 631/673/201
f 633/675/200 634/676/198 632/674/200
f 635/677/198 634/676/198 633/675/200
f 635/677/198 636/678/197 634/676/198
f 637/679/197 636/678/197 635/677/198
f 637/679/197 638/680/196 636/678/197
f 639/681/195 638/680/196 637/679/197
f 639/681/195 640/682/209 638/680/196
f 641/683/209 640/682/209 639/681/195
f 640/682/209 641/683/209 642/684/193
f 642/684/193 643/685/192 640/682/209
f 642/684/193 644/686/191 643/685/192
f 645/687/191 644/686/191 642/684/193
f 645/687/191 646/688/239 644/686/191
f 647/689/242 646/688/239 645/687/191
f 646/688/239 647/689/242 649/690/243
f 648/691/244 649/690/243 647/689/242
f 652/692/206 650/693/241 651/694/210
f 653/695/210 651/694/210 650/693/241
f 651/694/210 653/695/210 654/696/202
f 655/697/202 654/696/202 653/695/210
f 655/697/202 656/698/34 654/696/202
f 657/699/34 656/698/34 655/697/202
f 657/699/34 658/700/201 656/698/34
f 659/701/201 658/700/201 657/699/34
f 658/700/201 659/701/201 660/702/200
f 661/703/234 660/702/200 659/701/201
f 661/703/234 662/704/198 660/702/200
f 663/705/198 660/702/200 662/704/198
f 662/704/198 664/706/240 663/705/198
f 665/707/240 663/705/198 664/706/240
f 664/706/240 666/708/195 665/707/240
f 667/709/195 665/707/240 666/708/195
f 666/708/195 668/710/209 667/709/195
f 669/711/209 668/710/209 666/708/195
f 668/710/209 669/711/209 670/712/193
f 670/712/193 671/713/192 668/710/209
f 670/712/193 672/714/191 671/713/192
f 673/715/191 671/713/192 672/714/191
f 672/714/191 674/716/190 673/715/191
f 675/717/190 674/716/190 672/714/191
f 674/716/190 675/717/190 676/718/22
f 676/718/22 677/719/245 674/716/190
f 677/719/245 676/718/22 678/720/208
f 679/721/208 678/720/208 676/718/22
f 682/722/3 680/723/4 681/724/3
f 683/725/4 681/724/3 680/723/4
f 680/723/4 684/726/4 683/725/4
f 685/727/4 683/725/4 684/726/4
f 684/726/4 686/728/4 685/727/4
f 687/729/4 685/727/4 686/728/4
f 686/728/4 688/730/3 687/729/4
f 689/731/211 687/729/4 688/730/3
f 689/731/211 688/730/3 690/732/3
f 691/733/3 690/732/3 688/730/3
f 691/733/3 692/734/4 690/732/3
f 693/735/4 690/732/3 692/734/4
f 693/735/4 692/734/4 694/736/4
f 694/736/4 695/737/4 693/735/4
f 694/736/4 696/738/4 695/737/4
f 697/739/4 695/737/4 696/738/4
f 696/738/4 698/740/4 697/739/4
f 699/741/4 697/739/4 698/740/4
f 699/741/4 698/740/4 700/742/4
f 701/743/4 699/741/4 700/742/4
f 700/742/4 702/744/4 701/743/4
f 703/745/4 701/743/4 702/744/4
f 703/745/4 702/744/4 704/746/4
f 705/747/4 703/745/4 704/746/4
f 705/747/4 704/746/4 706/748/3
f 706/748/3 707/749/3 705/747/4
f 707/749/3 706/748/3 708/750/3
f 708/750/3 706/748/3 709/751/3
f 284/752/75 370/753/77 710/754/246
f 284/752/75 710/754/246 711/755/247
f 711/755/247 282/756/72 284/752/75
f 282/756/72 711/755/247 712/757/248
f 712/757/248 713/758/249 282/756/72
f 713/758/249 280/759/73 282/756/72
f 280/759/73 713/758/249 389/760/131
f 716/761/3 714/762/4 715/763/3
f 717/764/4 715/763/3 714/762/4
f 717/764/4 714/762/4 718/765/4
f 718/765/4 719/766/4 717/764/4
f 718/765/4 720/767/4 719/766/4
f 720/767/4 721/768/4 719/766/4
f 720/767/4 722/769/4 721/768/4
f 723/770/4 721/768/4 722/769/4
f 722/769/4 724/771/4 723/770/4
f 724/771/4 725/772/4 723/770/4
f 724/771/4 726/773/4 725/772/4
f 727/774/4 725/772/4 726/773/4
f 726/773/4 728/775/4 727/774/4
f 729/776/4 727/774/4 728/775/4
f 729/776/4 728/775/4 730/777/4
f 730/777/4 731/778/4 729/776/4
f 730/777/4 732/779/3 731/778/4
f 733/780/3 731/778/4 732/779/3
f 733/780/3 732/779/3 734/781/3
f 735/782/211 734/781/3 732/779/3
f 735/782/211 736/783/4 734/781/3
f 737/784/4 734/781/3 736/783/4
f 736/783/4 738/785/4 737/784/4
f 739/786/4 737/784/4 738/785/4
f 738/785/4 740/787/3 739/786/4
f 741/788/3 739/786/4 740/787/3
f 741/788/3 740/787/3 742/789/3
f 743/790/3 742/789/3 740/787/3
f 746/791/250 744/792/251 745/793/252
f 747/792/253 745/793/252 744/792/251
f 745/793/252 748/794/254 746/791/250
f 749/795/255 746/791/250 748/794/254
f 747/792/253 744/792/251 750/796/256
f 751/797/257 750/796/256 744/792/251
f 751/797/257 752/798/258 750/796/256
f 752/798/258 751/797/257 753/799/259
f 753/799/259 754/800/260 752/798/258
f 754/800/260 753/799/259 755/801/261
f 748/794/254 756/802/262 749/795/255
f 757/803/263 749/795/255 756/802/262
f 756/802/262 758/804/264 757/803/263
f 759/805/265 757/803/263 758/804/264
f 758/804/264 760/806/266 759/805/265
f 761/807/267 759/805/265 760/806/266
f 760/806/266 762/808/268 761/807/267
f 763/809/269 761/807/267 762/808/268
f 762/808/268 764/810/270 763/809/269
f 765/811/271 763/809/269 764/810/270
f 764/810/270 766/812/272 765/811/271
f 767/813/273 765/811/271 766/812/272
f 766/812/272 417/814/159 767/813/273
f 417/814/159 766/812/272 418/814/158
f 755/801/261 768/815/274 754/800/260
f 769/816/275 754/800/260 768/815/274
f 768/815/274 411/817/276 769/816/275
f 411/817/276 768/815/274 770/817/277
f 773/818/2 771/819/2 772/820/2
f 773/818/2 774/821/2 771/819/2
f 774/821/2 775/822/2 771/819/2
f 775/822/2 776/823/2 771/819/2
f 777/824/2 776/823/2 775/822/2
f 778/825/2 776/823/2 777/824/2
f 776/823/2 778/825/2 779/826/2
f 780/827/2 779/826/2 778/825/2
f 779/826/2 781/828/2 776/823/2
f 781/828/2 779/826/2 782/829/2
f 783/830/2 781/828/2 782/829/2
f 783/830/2 782/829/2 784/831/2
f 783/830/2 784/831/2 785/832/2
f 786/833/2 785/832/2 784/831/2
f 785/832/2 786/833/2 787/834/2
f 787/834/2 786/833/2 788/835/2
f 787/834/2 788/835/2 789/836/2
f 790/837/2 789/836/2 788/835/2
f 789/836/2 790/837/2 791/838/2
f 791/838/2 790/837/2 792/839/2
f 791/838/2 792/839/2 793/840/2
f 792/839/2 794/841/2 793/840/2
f 793/840/2 794/841/2 795/842/2
f 796/843/2 795/842/2 794/841/2
f 796/843/2 797/844/111 795/842/2
f 798/845/2 795/842/2 797/844/111
f 798/845/2 797/844/111 799/846/2
f 800/847/2 799/846/2 797/844/111
f 799/846/2 800/847/2 801/848/2
f 802/849/2 801/848/2 800/847/2
f 801/848/2 802/849/2 803/850/2
f 804/851/2 803/850/2 802/849/2
f 806/852/2 804/851/2 805/853/2
f 804/851/2 806/852/2 803/850/2
f 807/854/2 803/850/2 806/852/2
f 808/855/2 803/850/2 807/854/2
f 809/856/2 803/850/2 808/855/2
f 809/856/2 810/857/2 803/850/2
f 813/858/2 811/859/2 812/860/2
f 813/858/2 814/861/2 811/859/2
f 815/862/2 811/859/2 814/861/2
f 814/861/2 816/863/2 815/862/2
f 815/862/2 816/863/2 817/864/278
f 811/859/2 815/862/2 818/865/2
f 819/866/2 818/865/2 815/862/2
f 818/865/2 819/866/2 820/867/2
f 821/868/2 820/867/2 819/866/2
f 820/867/2 821/868/2 822/869/111
f 823/870/2 822/869/111 821/868/2
f 823/870/2 824/871/2 822/869/111
f 825/872/2 822/869/111 824/871/2
f 825/872/2 824/871/2 826/873/2
f 827/874/2 826/873/2 824/871/2
f 828/875/2 826/873/2 827/874/2
f 829/876/2 828/875/2 827/874/2
f 828/875/2 829/876/2 830/877/2
f 831/878/2 830/877/2 829/876/2
f 830/877/2 831/878/2 832/879/2
f 833/880/2 832/879/2 831/878/2
f 833/880/2 834/881/2 832/879/2
f 835/882/2 834/881/2 833/880/2
f 834/881/2 835/882/2 836/883/2
f 837/884/2 836/883/2 835/882/2
f 837/884/2 838/885/2 836/883/2
f 837/884/2 839/886/2 838/885/2
f 839/886/2 840/887/2 838/885/2
f 840/887/2 839/886/2 841/888/2
f 843/889/2 842/890/2 840/887/2
f 843/889/2 840/887/2 844/891/2
f 840/887/2 841/888/2 844/891/2
f 845/892/2 844/891/2 841/888/2
f 846/893/2 845/892/2 841/888/2
f 846/893/2 841/888/2 847/894/2
f 850/895/3 848/896/3 849/897/3
f 850/895/3 849/897/3 851/898/3
f 852/899/4 848/896/3 850/895/3
f 850/895/3 853/900/3 852/899/4
f 854/901/3 852/899/4 853/900/3
f 854/901/3 853/900/3 855/902/3
f 855/902/3 853/900/3 856/903/3
f 856/903/3 853/900/3 857/904/3
f 858/905/3 857/904/3 853/900/3
f 858/905/3 853/900/3 859/906/4
f 853/900/3 860/907/3 859/906/4
f 861/908/3 859/906/4 860/907/3
f 862/909/3 861/908/3 860/907/3
f 862/909/3 860/907/3 863/910/3
f 864/911/3 863/910/3 860/907/3
f 864/911/3 860/907/3 865/912/3
f 860/907/3 853/900/3 866/913/4
f 867/914/4 866/913/4 853/900/3
f 866/913/4 867/914/4 868/915/4
f 869/916/4 868/915/4 867/914/4
f 869/916/4 870/917/3 868/915/4
f 869/916/4 871/918/3 870/917/3
f 871/918/3 872/919/4 870/917/3
f 873/920/4 870/917/3 872/919/4
f 872/919/4 874/921/3 873/920/4
f 875/922/3 873/920/4 874/921/3
f 875/922/3 874/921/3 876/923/4
f 877/924/4 876/923/4 874/921/3
f 876/923/4 877/924/4 878/925/4
f 879/926/4 878/925/4 877/924/4
f 878/925/4 879/926/4 880/927/3
f 879/926/4 881/928/3 880/927/3
f 882/929/211 880/927/3 881/928/3
f 880/927/3 882/929/211 883/930/3
f 883/930/3 882/929/211 884/931/4
f 885/932/4 884/931/4 882/929/211
f 886/933/4 884/931/4 885/932/4
f 885/932/4 887/934/4 886/933/4
f 888/935/3 886/933/4 887/934/4
f 887/934/4 889/936/3 888/935/3
f 891/937/3 890/938/3 888/935/3
f 891/937/3 888/935/3 892/939/3
f 892/939/3 888/935/3 893/940/3
f 893/940/3 888/935/3 894/941/3
f 894/941/3 888/935/3 895/942/3
f 895/942/3 888/935/3 896/943/4
f 896/943/4 888/935/3 889/936/3
f 896/943/4 889/936/3 897/944/3
f 897/944/3 889/936/3 898/945/3
f 898/945/3 889/936/3 899/946/3
f 899/946/3 889/936/3 900/947/3
f 901/948/3 900/947/3 889/936/3
f 901/948/3 889/936/3 902/949/3
f 902/949/3 889/936/3 903/950/3
f 419/951/161 904/952/279 420/953/160
f 905/954/280 420/953/160 904/952/279
f 905/954/280 904/952/279 906/955/281
f 907/956/282 906/955/281 904/952/279
f 907/956/282 908/957/283 906/955/281
f 908/957/283 909/958/284 906/955/281
f 908/957/283 910/959/285 909/958/284
f 911/960/286 909/958/284 910/959/285
f 910/959/285 912/961/287 911/960/286
f 912/961/287 910/959/285 913/962/288
f 913/962/288 412/963/289 912/961/287
f 914/964/290 912/961/287 412/963/289
f 917/965/2 915/966/2 916/967/2
f 917/965/2 918/968/2 915/966/2
f 918/968/2 919/969/2 915/966/2
f 920/970/2 915/966/2 919/969/2
f 921/971/2 920/970/2 919/969/2
f 921/971/2 922/972/2 920/970/2
f 915/966/2 920/970/2 923/973/2
f 924/974/2 923/973/2 920/970/2
f 923/973/2 924/974/2 925/975/2
f 926/976/2 925/975/2 924/974/2
f 925/975/2 926/976/2 927/977/111
f 928/978/2 927/977/111 926/976/2
f 928/978/2 929/979/2 927/977/111
f 930/980/2 927/977/111 929/979/2
f 930/980/2 929/979/2 931/981/2
f 932/982/2 931/981/2 929/979/2
f 933/983/2 931/981/2 932/982/2
f 934/984/2 933/983/2 932/982/2
f 934/984/2 935/985/2 933/983/2
f 936/986/2 933/983/2 935/985/2
f 936/986/2 935/985/2 937/987/2
f 938/988/2 937/987/2 935/985/2
f 938/988/2 939/989/2 937/987/2
f 940/990/2 939/989/2 938/988/2
f 939/989/2 940/990/2 941/991/2
f 942/992/2 941/991/2 940/990/2
f 942/992/2 943/993/2 941/991/2
f 942/992/2 944/994/2 943/993/2
f 944/994/2 945/995/2 943/993/2
f 945/995/2 944/994/2 946/996/2
f 948/997/2 947/998/2 945/995/2
f 948/997/2 945/995/2 949/999/2
f 945/995/2 946/996/2 949/999/2
f 950/1000/2 949/999/2 946/996/2
f 951/1001/2 950/1000/2 946/996/2
f 951/1001/2 946/996/2 952/1002/2
f 955/1003/291 953/1004/292 954/1005/293
f 958/1006/294 956/1007/295 957/1008/296
f 959/1009/297 958/1006/294 957/1008/296
f 960/1010/298 974/1011/299 1021/1012/300
f 1239/1013/301 1021/1012/300 974/1011/299
f 963/1014/302 1587/1015/303 962/1016/304
f 966/1017/305 965/1018/306 1570/1019/307
f 968/1020/308 967/1021/309 1580/1022/310
f 970/1023/311 1573/1024/312 969/1025/313
f 972/1026/314 1029/1027/315 971/1028/316
f 975/1029/317 973/1030/318 974/1011/299
f 977/1031/319 1575/1032/320 976/1033/321
f 979/1034/322 978/1035/323 1667/1036/324
f 983/1037/325 981/1038/326 982/1039/327
f 1575/1032/320 984/1040/328 985/1041/329
f 1575/1032/320 985/1041/329 1234/1042/330
f 992/1043/331 990/1044/3 991/1045/3
f 995/1046/3 993/1047/332 994/1048/333
f 998/1049/334 996/1050/110 997/1051/335
f 999/1052/336 997/1051/335 996/1050/110
f 1173/1053/337 1000/1054/338 1001/1055/339
f 1002/1056/340 1173/1053/337 1001/1055/339
f 1005/1057/225 1003/1058/332 1004/1059/332
f 1008/1060/341 1006/1061/342 1007/1062/332
f 1173/1053/337 1002/1056/340 1011/1063/343
f 1014/1064/344 1012/1065/345 1013/1066/346
f 1012/1065/345 1015/1067/347 1013/1066/346
f 1171/1068/348 964/1069/349 1016/1070/350
f 1185/1071/351 1016/1070/350 964/1069/349
f 1018/1072/352 1017/1073/353 1094/1074/354
f 1239/1013/301 1020/1075/355 1021/1012/300
f 1021/1012/300 1020/1075/355 989/1076/356
f 1023/1077/357 1022/1078/358 1922/1079/359
f 1025/1080/360 1024/1081/361 1047/1082/362
f 1028/1083/363 1096/1084/364 1211/1085/365
f 1030/1086/366 1165/1087/367 1029/1027/315
f 1030/1086/366 1029/1027/315 1031/1088/368
f 1165/1087/367 1032/1089/369 1033/1090/370
f 1035/1091/371 1034/1092/316 1163/1093/372
f 1037/1094/371 1163/1093/372 1036/1095/373
f 1040/1096/374 1038/1097/375 1039/1098/376
f 1170/1099/377 1039/1098/376 1038/1097/375
f 1012/1100/378 1041/1101/379 1042/1102/380
f 1041/1101/379 1043/1103/381 1042/1102/380
f 1045/1104/332 1155/1105/382 1044/1106/383
f 1048/1107/384 1046/1108/385 1047/1082/362
f 1026/1109/386 1047/1082/362 1046/1108/385
f 1049/1110/387 1026/1109/386 1046/1108/385
f 1051/1111/388 1147/1112/389 1050/1113/390
f 1052/1114/391 1051/1111/388 1050/1113/390
f 1054/1115/392 1145/1116/393 1053/1117/394
f 1145/1116/393 1055/1118/392 1056/1119/394
f 1056/1119/394 1057/1120/395 1145/1116/393
f 1143/1121/396 1058/1122/397 1059/1123/398
f 1628/1124/399 1060/1125/332 1103/1126/400
f 1061/1127/332 1103/1126/400 1060/1125/332
f 1172/1128/401 1064/1129/402 1140/1130/403
f 1066/1131/404 1065/1132/405 957/1133/406
f 1067/1134/407 957/1133/406 1065/1132/405
f 1070/1135/332 1068/1136/408 1069/1137/409
f 1069/1137/409 1071/1138/332 1070/1135/332
f 1076/1139/410 1074/1140/3 1075/1141/3
f 1081/1142/411 1079/1143/412 1080/1144/413
f 1082/1145/414 1080/1144/413 1079/1143/412
f 1086/1146/415 1085/1147/416 1081/1142/411
f 1081/1142/411 1080/1144/413 1086/1146/415
f 1089/1148/417 1087/1149/418 1088/1150/419
f 1091/1151/420 1090/1152/421 1585/1153/422
f 1094/1154/423 1092/1155/424 1093/1156/425
f 1095/1157/426 1093/1156/425 1092/1155/424
f 1098/1158/427 1096/1084/364 1097/1159/428
f 1099/1160/429 1145/1116/393 1057/1120/395
f 1057/1120/395 1100/1161/430 1099/1160/429
f 1236/1162/431 1101/1163/432 1084/1164/433
f 1104/1165/332 1102/1166/332 1103/1126/400
f 1110/1167/434 961/1168/435 1105/1169/436
f 1107/1170/437 1062/1171/438 1106/1172/439
f 1063/1173/440 1106/1172/439 1062/1171/438
f 1108/1174/441 1084/1164/442 1083/1175/443
f 1108/1174/441 1083/1175/443 1109/1176/444
f 1002/1056/340 1110/1167/434 1011/1063/343
f 1111/1177/445 1011/1063/343 1110/1167/434
f 1105/1169/436 1111/1177/445 1110/1167/434
f 1112/1178/446 1192/1179/447 1113/1180/448
f 1114/1181/449 1103/1126/400 1061/1127/332
f 1114/1181/449 1104/1165/332 1103/1126/400
f 1115/1182/450 1050/1113/390 1042/1183/451
f 1211/1085/365 1042/1183/451 1050/1113/390
f 1097/1159/428 1096/1084/364 1028/1083/363
f 1093/1156/425 1095/1157/426 1024/1081/361
f 1092/1155/424 1240/1184/452 1095/1157/426
f 1116/1185/453 1095/1157/426 1240/1184/452
f 969/1025/313 1573/1024/312 1117/1186/454
f 1090/1152/421 1117/1186/454 1585/1153/422
f 1118/1187/455 962/1016/304 1589/1188/456
f 1118/1187/455 1589/1188/456 1087/1149/418
f 1087/1149/418 1089/1148/417 1118/1187/455
f 1121/1189/457 1119/1190/458 1120/1191/459
f 1120/1191/459 1122/1192/460 1121/1189/457
f 1122/1192/460 1120/1191/459 1085/1147/416
f 1085/1147/416 1086/1146/415 1122/1192/460
f 1126/1193/461 1124/1194/462 1125/1195/463
f 1127/1196/464 1125/1195/463 1124/1194/462
f 1079/1143/412 1126/1193/461 1082/1145/414
f 1125/1195/463 1082/1145/414 1126/1193/461
f 1129/1197/211 1128/1198/465 956/1007/295
f 958/1006/294 1129/1197/211 956/1007/295
f 1129/1197/211 1130/1199/211 1128/1198/465
f 1132/1200/332 995/1046/3 1131/1201/466
f 1135/1202/3 1134/1203/467 1075/1141/3
f 1137/1204/3 1136/1205/468 1068/1136/408
f 1068/1136/408 1070/1135/332 1137/1204/3
f 1139/1206/3 1074/1140/3 1138/1207/469
f 1127/1196/464 1124/1194/462 1066/1131/404
f 1065/1132/405 1066/1131/404 1124/1194/462
f 1143/1121/396 1059/1123/398 1142/1208/470
f 1144/1209/471 1057/1120/395 1056/1119/394
f 1057/1120/395 1144/1209/471 1143/1121/396
f 1058/1122/397 1143/1121/396 1144/1209/471
f 1146/1210/472 1145/1116/393 1054/1115/392
f 1055/1118/392 1145/1116/393 1146/1210/472
f 1051/1111/388 1148/1211/3 1147/1112/389
f 1053/1117/394 1145/1116/393 1148/1211/3
f 1147/1112/389 1148/1211/3 1145/1116/393
f 1149/1212/473 1042/1183/451 1096/1084/364
f 1115/1182/450 1052/1114/391 1050/1113/390
f 1096/1084/364 1151/1213/474 1150/1214/475
f 1026/1109/386 1049/1110/387 1151/1213/474
f 1153/1215/476 1152/1216/477 1095/1157/426
f 1152/1216/477 1048/1107/384 1047/1082/362
f 1156/1217/211 1154/1218/478 1155/1105/382
f 1045/1104/332 1156/1217/211 1155/1105/382
f 1121/1189/457 1157/1219/479 1119/1190/458
f 1158/1220/480 1119/1190/458 1157/1219/479
f 1157/1221/479 1014/1222/481 1159/1223/482
f 1014/1222/481 1149/1224/483 1159/1223/482
f 979/1034/322 1667/1036/324 1038/1097/375
f 1160/1225/484 979/1034/322 1038/1097/375
f 1160/1225/484 1038/1097/375 1040/1096/374
f 1102/1166/332 1161/1226/332 1162/1227/485
f 1164/1228/371 1163/1093/372 1037/1094/371
f 1035/1091/371 1163/1093/372 1164/1228/371
f 1166/1229/486 1165/1087/367 1030/1086/366
f 1032/1089/369 1165/1087/367 1166/1229/486
f 1088/1150/419 1087/1149/418 1167/1230/487
f 1168/1231/314 1029/1027/315 972/1026/314
f 1168/1231/314 1031/1088/368 1029/1027/315
f 973/1030/318 1174/1232/488 1175/1233/489
f 1176/1234/490 1096/1084/364 1098/1158/427
f 1177/1235/491 1047/1082/362 1027/1236/492
f 1026/1109/386 1027/1236/492 1047/1082/362
f 1177/1235/491 1025/1080/360 1047/1082/362
f 1179/1237/493 1178/1238/493 1928/1239/494
f 1181/1240/495 1180/1241/496 1683/1242/497
f 1183/1243/498 1101/1163/432 1182/1244/499
f 1236/1162/431 1182/1244/499 1101/1163/432
f 961/1168/435 1171/1068/348 1105/1169/436
f 1016/1070/350 1105/1169/436 1171/1068/348
f 1185/1071/351 964/1069/349 1186/1245/500
f 1580/1022/310 1186/1245/500 964/1069/349
f 1172/1128/501 1187/1246/502 1188/1247/503
f 1188/1247/503 1113/1180/504 1172/1128/501
f 1150/1214/475 1158/1248/505 1096/1084/364
f 1158/1248/505 1149/1212/473 1096/1084/364
f 1133/1249/506 1189/1250/507 1190/1251/508
f 988/1252/509 1173/1053/337 989/1076/356
f 1011/1063/343 989/1076/356 1173/1053/337
f 1194/1253/332 1193/1254/510 1004/1059/332
f 1197/1255/511 1195/1256/4 1196/1257/332
f 1199/1258/512 1173/1053/337 1198/1259/513
f 1000/1054/338 1173/1053/337 1199/1258/512
f 1202/1260/514 1200/1261/515 1201/1262/110
f 1201/1262/110 1203/1263/57 1202/1260/514
f 1203/1263/57 1201/1262/110 998/1049/334
f 996/1050/110 998/1049/334 1201/1262/110
f 993/1047/332 1205/1264/332 1206/1265/516
f 1020/1075/355 988/1252/509 989/1076/356
f 1213/1266/517 1212/1267/4 1003/1058/332
f 1234/1042/330 1215/1268/518 953/1004/292
f 954/1005/293 953/1004/292 1215/1268/518
f 975/1029/317 974/1011/299 983/1037/325
f 981/1038/326 983/1037/325 974/1011/299
f 982/1039/327 981/1038/326 1216/1269/519
f 1217/1270/520 1216/1269/519 981/1038/326
f 1216/1269/519 1217/1270/520 1667/1036/324
f 978/1035/323 1216/1269/519 1667/1036/324
f 1575/1032/320 1218/1271/521 984/1040/328
f 1218/1271/521 1575/1032/320 977/1031/319
f 1198/1259/513 988/1252/509 1219/1272/522
f 1174/1232/488 1219/1272/522 1020/1075/355
f 1165/1087/367 1033/1090/370 1220/1273/523
f 1220/1273/523 1221/1274/524 1165/1087/367
f 1034/1092/316 1222/1275/525 1163/1093/372
f 971/1028/316 1029/1027/315 1222/1275/525
f 1638/1276/526 1222/1275/525 1029/1027/315
f 1223/1277/527 966/1017/305 1570/1019/307
f 1570/1019/307 1573/1024/312 1223/1277/527
f 970/1023/311 1223/1277/527 1573/1024/312
f 1225/1278/528 1580/1022/310 1224/1279/529
f 968/1020/308 1580/1022/310 1225/1278/528
f 976/1033/321 1169/1280/530 1226/1281/531
f 1002/1056/340 1001/1055/339 1227/1282/532
f 1228/1283/533 1110/1167/434 1227/1282/532
f 1231/1284/534 1229/1285/535 1230/1286/536
f 1232/1287/537 1091/1151/420 1587/1015/303
f 1232/1287/537 1587/1015/303 963/1014/302
f 1095/1157/426 1116/1185/453 1153/1215/476
f 1154/1218/478 1233/1288/538 1017/1073/353
f 1170/1099/377 1235/1289/539 1039/1098/376
f 1235/1289/539 1170/1099/377 953/1004/292
f 953/1004/292 955/1003/291 1235/1289/539
f 1238/1290/540 1236/1162/431 1237/1291/541
f 1084/1164/433 1237/1291/541 1236/1162/431
f 974/1011/299 973/1030/318 1175/1233/489
f 1239/1013/301 1175/1233/489 1020/1075/355
f 1243/1246/542 1172/1128/401 1242/1292/543
f 1140/1130/403 1242/1292/543 1172/1128/401
f 1230/1286/536 1241/1293/544 1171/1068/348
f 1781/1294/545 1245/1295/546 1312/1296/547
f 1246/1297/548 1312/1296/547 1245/1295/546
f 1259/1298/549 1521/1299/550 1249/1300/551
f 1252/1301/552 1250/1302/552 1251/1303/553
f 1253/1304/552 1251/1303/553 1250/1302/552
f 1255/1305/554 1525/1306/555 1254/1307/556
f 1256/1308/557 1254/1307/556 1525/1306/555
f 1751/1309/558 1257/1310/559 1258/1311/560
f 1262/1312/561 1507/1313/562 1261/1314/563
f 1263/1315/564 1261/1314/563 1507/1313/562
f 1749/1316/565 1264/1317/566 1265/1318/567
f 1266/1319/568 1265/1318/567 1264/1317/566
f 1268/1320/569 1267/1321/570 1758/1322/571
f 1270/1323/572 1269/1324/573 1501/1325/574
f 1270/1323/572 1501/1325/574 1271/1326/575
f 1274/1327/576 1272/1328/577 1273/1329/578
f 1378/1330/579 1273/1329/578 1272/1328/577
f 1840/1331/580 1275/1332/581 1276/1333/582
f 1279/1334/583 1277/1335/584 1278/1336/585
f 1283/1337/586 1471/1338/587 1282/1339/588
f 1316/1340/589 1282/1339/588 1471/1338/587
f 1285/1341/590 1493/1342/591 1284/1343/592
f 1290/1344/3 1288/1345/593 1289/1346/211
f 1291/1347/594 1289/1346/211 1288/1345/593
f 1830/1348/595 1292/1349/596 1293/1350/597
f 1420/1351/598 1798/1352/599 1294/1353/600
f 1296/1354/601 1315/1355/602 1295/1356/603
f 1299/1357/604 1297/1358/211 1298/1359/605
f 1300/1360/211 1298/1359/605 1297/1358/211
f 1303/1361/211 1301/1362/606 1302/1363/211
f 1304/1364/607 1306/1365/608 1307/1366/609
f 1306/1365/608 1304/1364/607 1440/1367/610
f 1427/1368/611 1308/1369/612 1426/1370/613
f 1308/1369/612 1427/1368/611 1797/1371/614
f 1310/1372/615 1378/1330/579 1309/1373/616
f 1311/1374/617 1309/1373/616 1378/1330/579
f 1314/1375/618 1469/1376/619 1313/1377/620
f 1320/1378/621 1318/1379/622 1319/1380/623
f 1784/1381/624 1319/1380/623 1318/1379/622
f 1323/1382/625 1321/1383/626 1322/1384/627
f 1911/1385/628 1324/1386/629 1325/1387/630
f 1325/1387/630 1813/1388/631 1911/1385/628
f 1459/1389/632 1326/1390/633 1327/1391/634
f 1328/1392/635 1327/1391/634 1326/1390/633
f 1331/1393/636 1329/1394/637 1330/1395/638
f 1332/1396/639 1330/1395/638 1329/1394/637
f 1760/1397/640 1333/1398/641 1334/1399/642
f 1469/1376/619 1335/1400/643 1336/1401/644
f 1337/1402/645 1468/1403/646 1336/1401/644
f 1393/1404/647 1340/1405/648 1365/1406/649
f 1343/1407/650 1341/1408/651 1342/1409/652
f 1345/1410/653 1815/1411/654 1344/1412/655
f 1783/1413/656 1344/1412/655 1815/1411/654
f 1348/1414/657 1346/1415/658 1347/1416/659
f 1350/1417/660 1349/1418/661 1389/1419/662
f 1351/1420/663 1304/1364/607 1307/1366/609
f 1354/1421/664 1352/1422/665 1353/1423/666
f 1355/1424/667 1353/1423/666 1352/1422/665
f 1358/1425/668 1356/1426/58 1357/1427/3
f 1359/1428/3 1357/1427/3 1356/1426/58
f 1362/1429/3 1360/1430/669 1361/1431/3
f 1363/1432/670 1361/1431/3 1360/1430/669
f 1368/1433/671 1366/1434/672 1367/1435/673
f 1369/1436/674 1367/1435/673 1366/1434/672
f 1368/1433/671 1367/1435/673 1371/1437/675
f 1372/1438/676 1368/1433/671 1371/1437/675
f 1374/1439/677 1801/1440/678 1373/1441/679
f 1375/1442/680 1373/1441/679 1801/1440/678
f 1377/1443/681 1376/1444/682 1402/1445/683
f 1381/1446/684 1380/1447/685 1379/1448/686
f 1744/1449/687 1382/1450/688 1383/1451/689
f 1382/1450/688 1744/1449/687 1306/1365/608
f 1386/1452/690 1384/1453/691 1385/1454/692
f 1387/1455/693 1385/1454/692 1384/1453/691
f 1389/1419/662 1388/1456/694 1350/1417/660
f 1392/1457/695 1738/1458/696 1391/1459/697
f 1365/1406/649 1392/1457/695 1393/1404/647
f 1391/1459/697 1393/1404/647 1392/1457/695
f 1396/1460/698 1394/1461/699 1395/1462/700
f 1388/1456/694 1389/1419/662 1790/1463/701
f 1307/1366/609 1306/1365/608 1744/1449/687
f 1830/1348/595 1397/1464/702 1421/1465/703
f 1399/1466/704 1398/1467/705 1346/1415/658
f 1398/1467/705 1399/1466/704 1380/1447/685
f 1379/1448/686 1380/1447/685 1399/1466/704
f 1404/1468/706 1454/1469/707 1403/1470/708
f 1268/1320/569 1758/1322/571 1801/1440/678
f 1406/1471/709 1268/1320/569 1801/1440/678
f 1409/1472/710 1407/1473/711 1408/1474/712
f 1407/1473/711 1410/1475/713 1408/1474/712
f 1407/1473/711 1372/1438/676 1410/1475/713
f 1372/1438/676 1371/1437/675 1410/1475/713
f 1414/1476/714 1513/1477/715 1413/1478/716
f 1413/1478/716 1415/1479/717 1414/1476/714
f 1366/1434/672 1416/1480/718 1369/1436/674
f 1417/1481/719 1369/1436/674 1416/1480/718
f 1289/1346/211 1291/1347/594 1418/1482/3
f 1419/1483/720 1418/1482/3 1291/1347/594
f 1361/1431/3 1363/1432/670 1422/1484/3
f 1423/1485/721 1422/1484/3 1363/1432/670
f 1422/1484/3 1423/1485/721 1424/1486/3
f 1425/1487/722 1424/1486/3 1423/1485/721
f 1364/1488/723 1365/1406/649 1293/1350/597
f 1364/1488/723 1293/1350/597 1430/1489/724
f 1433/1490/3 1431/1491/725 1432/1492/3
f 1436/1493/726 1434/1494/727 1435/1495/728
f 1437/1496/729 1435/1495/728 1434/1494/727
f 1302/1363/211 1438/1497/730 1439/1498/3
f 1305/1499/731 1440/1367/610 1304/1364/607
f 1440/1367/610 1305/1499/731 1479/1500/732
f 1443/1501/733 1442/1502/734 1445/1503/735
f 1347/1416/659 1445/1503/735 1442/1502/734
f 1442/1502/734 1348/1414/657 1347/1416/659
f 1444/1504/736 1815/1411/654 1345/1410/653
f 1815/1411/654 1444/1504/736 1445/1503/735
f 1446/1505/737 1445/1503/735 1444/1504/736
f 1783/1413/656 1342/1409/652 1447/1506/738
f 1341/1408/651 1447/1506/738 1342/1409/652
f 1447/1506/738 1344/1412/655 1783/1413/656
f 1449/1507/739 1401/1508/740 1448/1509/741
f 1343/1407/650 1342/1409/652 1449/1507/739
f 1293/1350/597 1365/1406/649 1340/1405/648
f 1282/1339/588 1316/1340/589 1450/1510/742
f 1448/1509/741 1401/1508/740 1283/1337/586
f 1452/1511/743 1468/1403/646 1451/1512/744
f 1451/1512/744 1468/1403/646 1337/1402/645
f 1454/1469/707 1404/1468/706 1453/1513/745
f 1245/1295/546 1781/1294/545 1761/1514/746
f 1761/1514/746 1455/1515/747 1245/1295/546
f 1761/1514/746 1334/1399/642 1455/1515/747
f 1409/1472/710 1408/1474/712 1456/1516/748
f 1456/1516/748 1457/1517/749 1409/1472/710
f 1457/1517/749 1456/1516/748 1331/1393/636
f 1329/1394/637 1331/1393/636 1456/1516/748
f 1278/1336/585 1277/1335/584 1458/1518/750
f 1458/1518/750 1459/1389/632 1327/1391/634
f 1460/1519/751 1911/1385/628 1381/1446/684
f 1911/1385/628 1460/1519/751 1324/1386/629
f 1813/1388/631 1325/1387/630 1461/1520/752
f 1813/1388/631 1461/1520/752 1321/1383/626
f 1322/1384/627 1321/1383/626 1461/1520/752
f 1270/1323/572 1462/1521/753 1269/1324/573
f 1462/1521/753 1319/1380/623 1269/1324/573
f 1465/1522/754 1463/1523/755 1464/1524/756
f 1309/1373/757 1464/1524/756 1463/1523/755
f 1470/1525/758 1404/1468/706 1469/1376/619
f 1378/1330/579 1310/1372/615 1518/1526/759
f 1465/1522/754 1518/1526/759 1310/1372/615
f 1247/1527/760 1370/1528/761 1339/1529/762
f 1248/1530/763 1339/1529/762 1308/1369/612
f 1426/1370/613 1308/1369/612 1339/1529/762
f 1472/1531/764 1404/1468/706 1470/1525/758
f 1385/1454/765 1473/1532/766 1474/1533/767
f 1475/1534/768 1474/1533/767 1473/1532/766
f 1478/1535/769 1476/1536/770 1477/1537/771
f 1479/1500/732 1305/1499/731 1510/1538/772
f 1466/1539/773 1510/1538/772 1305/1499/731
f 1480/1540/774 1402/1445/683 1452/1511/743
f 1481/1541/775 1402/1445/683 1480/1540/774
f 1482/1542/776 1295/1356/603 1825/1543/777
f 1359/1428/3 1356/1426/58 1483/1544/3
f 1484/1545/463 1483/1544/3 1356/1426/58
f 1483/1544/3 1484/1545/463 1290/1344/3
f 1288/1345/593 1290/1344/3 1484/1545/463
f 1485/1546/778 1392/1457/695 1365/1406/649
f 1330/1395/638 1332/1396/639 1486/1547/779
f 1487/1548/780 1486/1547/779 1332/1396/639
f 1489/1549/781 1512/1550/782 1488/1551/783
f 1488/1551/783 1490/1552/784 1489/1549/781
f 1492/1553/785 1812/1554/786 1491/1555/787
f 1493/1342/591 1491/1555/787 1812/1554/786
f 1491/1555/787 1493/1342/591 1285/1341/590
f 1273/1329/578 1378/1330/579 1494/1556/788
f 1495/1557/789 1518/1526/759 1395/1462/700
f 1496/1558/790 1495/1557/789 1395/1462/700
f 1497/1559/791 1496/1558/790 1395/1462/700
f 1497/1559/791 1395/1462/700 1277/1335/584
f 1279/1334/583 1497/1559/791 1277/1335/584
f 1848/1560/792 1498/1561/793 1284/1343/592
f 1840/1331/580 1276/1333/582 1498/1561/793
f 1848/1560/792 1840/1331/580 1498/1561/793
f 1272/1328/577 1499/1562/794 1500/1563/795
f 1499/1562/794 1272/1328/577 1274/1327/576
f 1502/1564/796 1501/1325/574 1323/1382/625
f 1321/1383/626 1323/1382/625 1501/1325/574
f 1261/1314/563 1263/1315/564 1503/1565/797
f 1503/1565/797 1263/1315/564 1758/1322/571
f 1758/1322/571 1267/1321/570 1503/1565/797
f 1504/1566/798 1258/1311/560 1749/1316/565
f 1505/1567/799 1749/1316/565 1258/1311/560
f 1264/1317/566 1749/1316/565 1505/1567/799
f 1507/1313/562 1506/1568/800 1275/1332/581
f 1507/1313/562 1275/1332/581 1840/1331/580
f 1506/1568/800 1507/1313/562 1262/1312/561
f 1508/1569/801 1260/1570/802 1296/1354/601
f 1384/1453/691 1259/1298/549 1473/1532/766
f 1751/1309/558 1249/1300/551 1257/1310/559
f 1373/1441/679 1375/1442/680 1509/1571/803
f 1509/1571/803 1375/1442/680 1254/1307/556
f 1255/1305/554 1254/1307/556 1375/1442/680
f 1510/1538/772 1350/1417/660 1388/1456/694
f 1350/1417/660 1510/1538/772 1466/1539/773
f 1487/1548/780 1512/1550/782 1486/1547/779
f 1489/1549/781 1486/1547/779 1512/1550/782
f 1416/1480/718 1513/1477/715 1417/1481/719
f 1414/1476/714 1417/1481/719 1513/1477/715
f 1453/1513/745 1312/1296/547 1246/1297/548
f 1514/1572/804 1328/1392/635 1326/1390/633
f 1326/1390/633 1812/1554/786 1514/1572/804
f 1515/1573/805 1514/1572/804 1812/1554/786
f 1384/1453/691 1516/1574/806 1259/1298/549
f 1516/1574/806 1384/1453/691 1517/1575/807
f 1518/1526/759 1465/1522/754 1519/1576/808
f 1521/1299/550 1259/1298/549 1520/1577/809
f 1260/1570/802 1259/1298/549 1522/1578/810
f 1523/1574/811 1522/1578/810 1259/1298/549
f 1255/1305/554 1524/1579/812 1525/1306/555
f 1527/1580/813 1375/1442/680 1526/1581/814
f 1473/1532/766 1387/1455/693 1384/1453/691
f 1530/1582/815 1528/1583/816 1529/1584/817
f 1532/1585/818 1902/1586/819 1531/1587/820
f 1533/1588/821 1396/1460/698 1436/1493/822
f 1395/1462/700 1436/1493/822 1396/1460/698
f 1434/1494/727 1395/1462/700 1437/1496/729
f 1463/1523/755 1465/1522/754 1310/1372/615
f 1535/1589/823 1326/1390/633 1534/1590/824
f 1864/1591/825 1536/1592/826 1537/1593/827
f 1539/1594/828 1538/1595/829 1801/1440/678
f 1524/1579/830 1540/1596/831 1837/1597/832
f 1846/1598/833 1541/1599/834 1542/1600/835
f 1751/1309/558 1475/1534/768 1473/1532/766
f 1544/1601/836 1253/1602/552 1543/1603/836
f 1253/1602/552 1544/1601/836 1386/1604/837
f 1546/1605/838 1237/1606/839 1545/1607/840
f 1237/1606/839 1546/1605/838 1547/1608/841
f 1550/1609/479 1548/1610/842 1549/1611/843
f 1101/1163/844 1549/1611/843 1548/1610/842
f 1551/1612/845 1112/1178/446 1113/1180/448
f 1551/1612/845 1113/1180/448 1552/1613/846
f 1554/1614/847 1140/1130/403 1553/1615/848
f 1064/1129/402 1553/1615/848 1140/1130/403
f 1549/1616/849 1555/1617/850 1238/1618/851
f 1556/1619/850 1238/1618/851 1555/1617/850
f 1553/1615/852 1557/1620/853 1558/1621/854
f 1010/1622/855 1558/1621/854 1557/1620/853
f 1552/1623/856 1559/1624/857 1560/1625/857
f 1552/1623/856 1560/1625/857 1561/1626/856
f 1547/1627/858 1083/1175/859 1562/1628/860
f 1547/1627/858 1562/1628/860 1563/1629/861
f 1561/1630/856 1564/1631/862 1554/1632/863
f 1565/1633/862 1554/1632/863 1564/1631/862
f 1566/1634/864 1575/1032/320 1234/1042/330
f 1234/1042/330 985/1041/329 1215/1268/518
f 1567/1635/865 1010/1622/866 1009/1636/867
f 1589/1188/456 962/1016/304 1587/1015/303
f 1587/1015/303 1568/1637/868 1589/1188/456
f 1224/1279/529 964/1069/349 1241/1293/544
f 1569/1638/869 1570/1019/307 965/1018/306
f 1571/1639/870 1569/1638/869 1574/1640/871
f 1572/1641/872 1570/1019/307 1571/1639/870
f 1574/1640/871 1575/1032/320 1576/1642/873
f 1576/1642/873 1566/1634/864 1577/1643/874
f 1577/1643/874 1234/1042/330 1578/1644/875
f 1578/1644/875 1170/1099/377 1685/1645/876
f 1579/1646/877 1580/1022/310 967/1021/309
f 1581/1647/878 1186/1245/500 1580/1022/310
f 1582/1648/879 1573/1024/312 1572/1641/872
f 1583/1649/880 1117/1186/454 1573/1024/312
f 1584/1650/881 1583/1649/880 1582/1648/879
f 1583/1649/880 1585/1153/422 1117/1186/454
f 1586/1651/882 1585/1153/422 1584/1650/881
f 1585/1153/422 1587/1015/303 1091/1151/420
f 1588/1652/883 1568/1637/868 1586/1651/882
f 1169/1280/530 976/1033/321 1575/1032/320
f 1595/1653/884 992/1043/331 991/1045/3
f 992/1043/331 1596/1654/885 990/1044/3
f 1596/1654/885 1597/1655/3 990/1044/3
f 1597/1655/3 1596/1654/885 1598/1656/3
f 1599/1657/886 1598/1656/3 1596/1654/885
f 1601/1658/887 1600/1659/3 1599/1657/886
f 1598/1656/3 1599/1657/886 1600/1659/3
f 1136/1205/468 1137/1204/3 1601/1658/887
f 1600/1659/3 1601/1658/887 1137/1204/3
f 1605/1660/888 1604/1661/332 1195/1256/4
f 1604/1661/332 1605/1660/888 1194/1253/332
f 1193/1254/510 1194/1253/332 1605/1660/888
f 1195/1256/4 1197/1255/511 1605/1660/888
f 1606/1662/889 1004/1059/332 1193/1254/510
f 1197/1255/511 1196/1257/332 1607/1663/890
f 1004/1059/332 1606/1662/889 1005/1057/225
f 1003/1058/332 1005/1057/225 1213/1266/517
f 1607/1663/890 1196/1257/332 1608/1664/891
f 1609/1665/332 1608/1664/891 1196/1257/332
f 1608/1664/891 1609/1665/332 1610/1666/892
f 1611/1667/332 1610/1666/892 1609/1665/332
f 1610/1666/892 1611/1667/332 1612/1668/893
f 1613/1669/332 1612/1668/893 1611/1667/332
f 1612/1668/893 1613/1669/332 1614/1670/332
f 1006/1061/342 1612/1668/893 1614/1670/332
f 1006/1061/342 1614/1670/332 1007/1062/332
f 1617/1671/894 1615/1672/895 1616/1673/896
f 1077/1674/897 1078/1675/898 1617/1671/894
f 1615/1672/895 1617/1671/894 1078/1675/898
f 1204/1676/899 1618/1677/900 1078/1675/901
f 1618/1677/900 1619/1678/902 1620/1679/903
f 1620/1679/903 1078/1675/901 1618/1677/900
f 1615/1672/904 1620/1679/903 1619/1678/902
f 1619/1678/905 1204/1676/906 1621/1680/907
f 1616/1673/908 1189/1250/909 1077/1674/910
f 1621/1680/911 1622/1681/912 1623/1682/913
f 1622/1681/912 1603/1683/914 1623/1682/913
f 1602/1684/915 1623/1682/913 1603/1683/914
f 1603/1683/916 1621/1680/907 1204/1676/906
f 1133/1249/917 1077/1674/910 1624/1685/918
f 1624/1685/918 1077/1674/910 1189/1250/909
f 1580/1022/310 1579/1646/877 1581/1647/878
f 1202/1260/514 1625/1686/919 1200/1261/515
f 1103/1126/400 1626/1687/920 1628/1124/399
f 1627/1688/921 1628/1124/399 1626/1687/920
f 1629/1689/922 1628/1124/399 1627/1688/921
f 1631/1690/923 1165/1087/367 1630/1691/924
f 1165/1087/367 1632/1692/925 1630/1691/924
f 1632/1692/925 1165/1087/367 1221/1274/524
f 1633/1693/926 1165/1087/367 1631/1690/923
f 1165/1087/367 1633/1693/926 1634/1694/927
f 1634/1694/927 1029/1027/315 1165/1087/367
f 1029/1027/315 1634/1694/927 1635/1695/928
f 1636/1696/929 1029/1027/315 1635/1695/928
f 1637/1697/930 1029/1027/315 1636/1696/929
f 1029/1027/315 1637/1697/930 1638/1276/526
f 1163/1093/372 1639/1698/931 1640/1699/932
f 1163/1093/372 1638/1276/526 1639/1698/931
f 1638/1276/526 1163/1093/372 1222/1275/525
f 1642/1700/933 1036/1095/373 1163/1093/372
f 1163/1093/372 1641/1701/934 1642/1700/933
f 1643/1702/935 1644/1703/936 1162/1227/485
f 1644/1703/936 1645/1704/937 1162/1227/485
f 1162/1227/485 1642/1700/933 1643/1702/935
f 1161/1226/332 1036/1095/373 1162/1227/485
f 1642/1700/933 1162/1227/485 1036/1095/373
f 1641/1701/934 1163/1093/372 1646/1705/938
f 1646/1705/938 1163/1093/372 1640/1699/932
f 1648/1706/939 1044/1106/383 1155/1105/382
f 1155/1105/382 1647/1707/940 1648/1706/939
f 1649/1708/941 1647/1707/940 1155/1105/382
f 1652/1709/332 1650/1710/911 1651/1711/332
f 1653/1712/942 1651/1711/332 1650/1710/911
f 1650/1710/911 1652/1709/332 1138/1207/469
f 1139/1206/3 1138/1207/469 1652/1709/332
f 1074/1140/3 1076/1139/410 1138/1207/469
f 1075/1141/3 1654/1713/943 1076/1139/410
f 1654/1713/943 1075/1141/3 1134/1203/467
f 1656/1714/211 1655/1715/34 1130/1199/211
f 1657/1716/944 1130/1199/211 1655/1715/34
f 1130/1199/211 1657/1716/944 1128/1198/465
f 1162/1227/485 1103/1126/400 1102/1166/332
f 1103/1126/400 1162/1227/485 1645/1704/937
f 1645/1704/937 1658/1717/945 1103/1126/400
f 1626/1687/920 1103/1126/400 1658/1717/945
f 1660/1718/946 1202/1260/514 1659/1719/886
f 1625/1686/919 1202/1260/514 1660/1718/946
f 1663/1720/947 1662/1721/948 1661/1722/949
f 1661/1722/950 1625/1686/951 1664/1723/952
f 1019/1724/953 1661/1722/949 1662/1721/948
f 1662/1721/948 1663/1720/947 1665/1725/331
f 1563/1629/954 1184/1726/955 1019/1724/956
f 1563/1629/954 1019/1724/956 1665/1725/957
f 1664/1723/958 1665/1725/331 1663/1720/947
f 1659/1719/959 1664/1723/952 1625/1686/951
f 1666/1727/960 1659/1719/886 1202/1260/514
f 1667/1036/324 1668/1728/961 1038/1097/375
f 1670/1729/962 1669/1730/963 980/1731/964
f 1670/1729/965 1671/1732/966 1683/1242/967
f 1672/1733/968 1683/1242/497 1180/1241/496
f 1674/1734/969 1672/1733/970 1673/1735/971
f 1676/1736/972 1674/1734/973 1675/1737/974
f 1677/1738/975 1676/1736/976 1210/1739/977
f 1678/1740/978 1677/1738/979 1594/1741/980
f 1679/1742/981 1678/1740/982 1214/1743/983
f 1683/1242/967 1671/1732/966 1591/1744/984
f 1170/1099/377 1038/1097/375 1685/1645/876
f 1685/1645/876 1038/1097/375 1668/1728/961
f 1668/1728/961 1667/1036/324 1686/1745/985
f 1686/1745/985 1217/1270/520 960/1010/298
f 1207/1746/986 1716/1747/987 1687/1748/988
f 1716/1747/989 1717/1749/990 1688/1750/991
f 1691/1751/992 1690/1752/993 1689/1753/49
f 1717/1749/994 1718/1754/995 1691/1751/992
f 1689/1755/996 1688/1750/991 1717/1749/990
f 1690/1752/993 1691/1751/992 1718/1754/995
f 1692/1756/997 1688/1750/991 1689/1755/996
f 1692/1756/998 1687/1748/988 1716/1747/987
f 1690/1752/224 1693/1757/999 1669/1730/1000
f 1687/1748/466 1694/1758/1001 1695/1759/1002
f 1694/1758/333 1698/1760/516 1696/1761/1003
f 1697/1762/1004 1623/1682/1005 1715/1763/1006
f 1718/1754/1007 1590/1764/1008 1693/1757/999
f 1590/1764/1008 1669/1730/1000 1693/1757/999
f 1548/1610/842 1123/1765/1009 1101/1163/844
f 1217/1270/520 1686/1745/985 1667/1036/324
f 981/1038/326 960/1010/298 1217/1270/520
f 974/1011/299 960/1010/298 981/1038/326
f 1700/1766/1010 1141/1767/1011 1699/1768/1012
f 1684/1769/1013 1699/1768/1012 1141/1767/1011
f 1702/1172/1014 1063/1173/1015 1701/1766/1016
f 1141/1767/1017 1701/1766/1016 1063/1173/1015
f 964/1069/349 1224/1279/529 1580/1022/310
f 1147/1112/389 1704/1770/1018 1703/1771/1019
f 1704/1770/1018 1147/1112/389 1705/1772/1020
f 1145/1116/393 1705/1772/1020 1147/1112/389
f 1705/1772/1020 1145/1116/393 1706/1773/1021
f 1706/1773/1021 1145/1116/393 1707/1774/1022
f 1145/1116/393 1099/1160/429 1707/1774/1022
f 1709/1775/3 1132/1200/332 1708/1776/1023
f 1709/1775/3 1708/1776/1023 1710/1777/332
f 1711/1778/1024 1710/1777/332 1708/1776/1023
f 1131/1201/466 1708/1776/1023 1132/1200/332
f 994/1048/333 1131/1201/466 995/1046/3
f 1206/1265/516 994/1048/333 993/1047/332
f 1205/1264/332 1712/1779/1025 1206/1265/516
f 1712/1779/1025 1205/1264/332 1653/1712/942
f 1651/1711/332 1653/1712/942 1205/1264/332
f 1714/1780/224 1713/1781/332 1711/1778/1024
f 1710/1777/332 1711/1778/1024 1713/1781/332
f 1008/1060/341 1007/1062/332 1714/1780/224
f 1713/1781/332 1714/1780/224 1007/1062/332
f 997/1051/335 999/1052/336 1133/1249/506
f 1071/1138/332 1069/1137/409 1135/1202/3
f 1134/1203/467 1135/1202/3 1069/1137/409
f 1628/1124/399 1143/1121/396 1142/1208/470
f 1719/1782/1026 1143/1121/396 1628/1124/399
f 1720/1783/1027 1715/1763/1006 1623/1682/1005
f 1602/1684/1028 1715/1763/1006 1720/1783/1027
f 1715/1763/1029 1072/1784/1030 1721/1785/1031
f 1698/1760/1032 1721/1785/1031 1072/1784/1030
f 1721/1785/1031 1698/1760/1032 1697/1762/1025
f 1072/1784/1033 1073/1786/1034 1722/1787/1035
f 1722/1787/1035 1696/1761/1003 1698/1760/516
f 1696/1761/1003 1722/1787/1035 1073/1786/1034
f 1695/1759/1002 1073/1786/1036 1207/1746/1037
f 1073/1786/1036 1695/1759/1002 1694/1758/1001
f 1151/1213/474 1096/1084/364 1026/1109/386
f 1096/1084/364 1176/1234/490 1026/1109/386
f 1017/1073/353 1155/1105/382 1154/1218/478
f 1017/1073/353 1018/1072/352 1155/1105/382
f 1649/1708/941 1155/1105/382 1018/1072/352
f 1723/1788/1038 1167/1230/487 1087/1149/418
f 1724/1789/1039 1087/1149/418 1725/1790/1040
f 1725/1790/1040 1589/1188/456 1588/1652/883
f 1050/1113/390 1147/1112/389 1726/1791/1041
f 1147/1112/389 1703/1771/1019 1726/1791/1041
f 1171/1068/348 1231/1284/534 1230/1286/536
f 1629/1689/922 1719/1782/1026 1628/1124/399
f 1727/1792/1042 1057/1120/395 1143/1121/396
f 1100/1161/430 1057/1120/395 1727/1792/1042
f 988/1252/509 1198/1259/513 1173/1053/337
f 1020/1075/355 1175/1233/489 1174/1232/488
f 988/1252/509 1020/1075/355 1219/1272/522
f 1578/1644/875 953/1004/292 1170/1099/377
f 953/1004/292 1578/1644/875 1234/1042/330
f 1234/1042/330 1577/1643/874 1566/1634/864
f 1566/1634/864 1576/1642/873 1575/1032/320
f 1575/1032/320 1574/1640/871 1169/1280/530
f 1169/1280/530 1574/1640/871 1569/1638/869
f 1569/1638/869 1571/1639/870 1570/1019/307
f 1570/1019/307 1572/1641/872 1573/1024/312
f 1573/1024/312 1582/1648/879 1583/1649/880
f 1583/1649/880 1584/1650/881 1585/1153/422
f 1586/1651/882 1587/1015/303 1585/1153/422
f 1586/1651/882 1568/1637/868 1587/1015/303
f 1568/1637/868 1588/1652/883 1589/1188/456
f 1589/1188/456 1725/1790/1040 1087/1149/418
f 1087/1149/418 1724/1789/1039 1723/1788/1038
f 1557/1620/853 1064/1129/1043 1010/1622/855
f 1729/1793/1044 1009/1636/1045 1728/1794/1046
f 1730/1795/1047 1728/1794/1046 1009/1636/1045
f 1595/1653/884 991/1045/3 1043/1103/381
f 1041/1101/379 1595/1653/884 1043/1103/381
f 1017/1796/1048 1240/1184/452 1092/1155/424
f 1092/1155/424 1094/1154/423 1244/1796/1049
f 1339/1529/762 1248/1530/763 1247/1527/760
f 1426/1370/613 1339/1529/762 1338/1797/1050
f 1751/1309/558 1259/1298/549 1249/1300/551
f 1751/1309/558 1473/1532/766 1259/1298/549
f 1258/1311/560 1504/1566/798 1751/1309/558
f 1260/1570/802 1520/1577/809 1259/1298/549
f 1765/1798/1051 1281/1799/1052 1429/1800/1053
f 1848/1560/792 1284/1343/592 1493/1342/591
f 1493/1342/591 1731/1801/1054 1848/1560/792
f 1735/1802/1055 1733/1803/1055 1734/1804/1056
f 1736/1805/10 1734/1804/1056 1733/1803/1055
f 1737/1806/1057 1738/1458/696 1392/1457/695
f 1280/1807/1058 1281/1799/1052 1738/1458/696
f 1438/1497/730 1302/1363/211 1301/1362/606
f 1739/1808/1059 1439/1498/3 1438/1497/730
f 1741/1809/1060 1740/1810/211 1739/1808/1059
f 1439/1498/3 1739/1808/1059 1740/1810/211
f 1740/1810/211 1741/1809/1060 1742/1811/1061
f 1742/1811/1061 1743/1812/211 1740/1810/211
f 1746/1813/1062 1315/1355/602 1745/1814/1063
f 1747/1815/1064 1745/1814/1063 1315/1355/602
f 1748/1816/1065 1420/1351/598 1397/1464/702
f 1450/1510/742 1316/1340/589 1481/1541/775
f 1402/1445/683 1481/1541/775 1316/1340/589
f 1316/1340/589 1317/1817/1066 1402/1445/683
f 1477/1537/1067 1749/1316/565 1750/1818/1068
f 1265/1318/567 1750/1818/1068 1749/1316/565
f 1474/1533/1069 1751/1309/558 1752/1819/1070
f 1504/1566/798 1752/1819/1070 1751/1309/558
f 1765/1798/1051 1766/1820/1071 1753/1821/1072
f 1281/1799/1052 1765/1798/1051 1390/1822/1073
f 1404/1468/706 1472/1531/764 1312/1296/547
f 1312/1296/547 1453/1513/745 1404/1468/706
f 1755/1823/1074 1754/1824/1075 1822/1825/1076
f 1272/1328/577 1822/1825/1076 1754/1824/1075
f 1347/1416/659 1398/1467/705 1756/1826/1077
f 1398/1467/705 1347/1416/659 1346/1415/658
f 1334/1399/642 1761/1514/746 1760/1397/640
f 1763/1827/1078 1762/1828/332 1432/1492/3
f 1764/1829/1079 1763/1827/1078 1432/1492/3
f 1764/1829/1079 1432/1492/3 1431/1491/725
f 1767/1830/1080 1427/1368/611 1428/1831/1081
f 1424/1486/3 1425/1487/722 1768/1832/3
f 1769/1833/1082 1768/1832/3 1425/1487/722
f 1773/1834/197 1771/1835/211 1772/1836/3
f 1772/1836/3 1774/1837/25 1773/1834/197
f 1771/1835/211 1773/1834/197 1775/1838/1083
f 1301/1362/606 1303/1361/211 1775/1838/1083
f 1775/1838/1083 1776/1839/3 1771/1835/211
f 1776/1839/3 1775/1838/1083 1303/1361/211
f 1779/1840/1084 1777/1841/667 1778/1842/667
f 1778/1842/667 1780/1843/1085 1779/1840/1084
f 1312/1296/547 1405/1844/1086 1781/1294/545
f 1376/1444/682 1468/1403/646 1402/1445/683
f 1468/1403/646 1452/1511/743 1402/1445/683
f 1815/1411/654 1782/1845/1087 1783/1413/656
f 1269/1324/573 1784/1381/624 1785/1846/1088
f 1319/1380/623 1784/1381/624 1269/1324/573
f 1830/1348/595 1293/1350/597 1787/1847/1089
f 1287/1848/1090 1286/1849/1091 1789/1850/1092
f 1766/1820/1071 1287/1848/1090 1788/1851/1093
f 1789/1850/1092 1788/1851/1093 1287/1848/1090
f 1412/1852/1094 1790/1463/701 1441/1853/1095
f 1441/1853/1095 1411/1854/1096 1412/1852/1094
f 1790/1463/701 1412/1852/1094 1248/1530/763
f 1247/1527/760 1248/1530/763 1412/1852/1094
f 1788/1851/1093 1753/1821/1072 1766/1820/1071
f 1753/1821/1072 1390/1822/1073 1765/1798/1051
f 1738/1458/696 1281/1799/1052 1390/1822/1073
f 1390/1822/1073 1391/1459/697 1738/1458/696
f 1441/1853/1095 1790/1463/701 1389/1419/662
f 1793/1855/1097 1791/1856/1098 1792/1857/1099
f 1794/1858/1100 1792/1857/1099 1791/1856/1098
f 1796/1859/1101 1795/1860/1101 1794/1861/1100
f 1251/1862/1102 1794/1861/1100 1795/1860/1101
f 1427/1368/611 1767/1830/1080 1797/1371/614
f 1767/1830/1080 1798/1352/599 1799/1863/1103
f 1798/1352/599 1420/1351/598 1748/1816/1065
f 1799/1863/1103 1797/1371/614 1767/1830/1080
f 1748/1816/1065 1799/1863/1103 1798/1352/599
f 1787/1847/1089 1397/1464/702 1830/1348/595
f 1340/1405/648 1787/1847/1089 1293/1350/597
f 1800/1864/1104 1398/1467/705 1786/1865/1105
f 1380/1447/685 1786/1865/1105 1398/1467/705
f 1494/1556/788 1378/1330/579 1495/1557/789
f 1518/1526/759 1495/1557/789 1378/1330/579
f 1518/1526/759 1437/1496/729 1395/1462/700
f 1353/1423/666 1355/1424/667 1802/1866/665
f 1802/1866/665 1803/1867/1106 1353/1423/666
f 1803/1867/1106 1802/1866/665 1777/1841/667
f 1777/1841/667 1779/1840/1084 1803/1867/1106
f 1418/1482/3 1419/1483/720 1774/1837/25
f 1774/1837/25 1772/1836/3 1418/1482/3
f 1490/1552/784 1488/1551/783 1433/1490/3
f 1431/1491/725 1433/1490/3 1488/1551/783
f 1805/1868/1107 1804/1869/3 1762/1828/332
f 1763/1827/1078 1805/1868/1107 1762/1828/332
f 1360/1430/669 1362/1429/3 1804/1869/3
f 1805/1868/1107 1360/1430/669 1804/1869/3
f 1769/1833/1082 1806/1870/20 1768/1832/3
f 1807/1871/3 1768/1832/3 1806/1870/20
f 1806/1870/20 1358/1425/668 1807/1871/3
f 1357/1427/3 1807/1871/3 1358/1425/668
f 1415/1479/717 1413/1478/716 1352/1422/665
f 1352/1422/665 1354/1421/664 1415/1479/717
f 1401/1508/740 1449/1507/739 1342/1409/652
f 1342/1409/652 1809/1872/1108 1401/1508/740
f 1400/1873/1109 1401/1508/740 1809/1872/1108
f 1469/1376/619 1403/1470/708 1335/1400/643
f 1403/1470/708 1469/1376/619 1404/1468/706
f 1380/1447/685 1381/1446/684 1911/1385/628
f 1911/1385/628 1810/1874/1110 1380/1447/685
f 1326/1390/633 1459/1389/632 1811/1875/1111
f 1321/1383/626 1759/1876/1112 1813/1388/631
f 1814/1877/1113 1507/1313/562 1840/1331/580
f 1757/1878/1114 1758/1322/571 1263/1315/564
f 1847/1879/1115 1840/1331/580 1848/1560/792
f 1847/1879/1115 1848/1560/792 1732/1880/1116
f 1315/1355/602 1746/1813/1062 1825/1543/777
f 1315/1355/602 1825/1543/777 1295/1356/603
f 1272/1328/577 1467/1881/1117 1378/1330/579
f 1817/1882/1118 1816/1883/1119 1467/1881/1117
f 1378/1330/579 1467/1881/1117 1816/1883/1119
f 1752/1819/209 1818/1884/1120 1478/1535/769
f 1818/1884/1120 1504/1566/798 1819/1885/1121
f 1476/1536/770 1819/1885/1121 1504/1566/798
f 1819/1885/1121 1478/1535/769 1818/1884/1120
f 1820/1886/1122 1477/1537/771 1476/1536/770
f 1749/1316/565 1820/1886/1122 1476/1536/770
f 1822/1825/1076 1821/1887/1123 1736/1888/1124
f 1823/1889/1125 1736/1888/1124 1821/1887/1123
f 1825/1543/777 1824/1890/1126 1823/1889/1127
f 1745/1814/1128 1823/1889/1127 1824/1890/1126
f 1744/1449/687 1826/1891/1129 1307/1366/609
f 1828/1892/1130 1827/1893/211 1743/1812/211
f 1828/1892/1130 1743/1812/211 1742/1811/1061
f 1828/1892/1130 1298/1359/605 1827/1893/211
f 1298/1359/605 1300/1360/211 1827/1893/211
f 1500/1563/795 1482/1542/776 1825/1543/777
f 1829/1894/1131 1798/1352/599 1767/1830/1080
f 1421/1465/703 1770/1895/1132 1830/1348/595
f 1766/1820/1071 1831/1896/1133 1287/1848/1090
f 1833/1897/1134 1832/1898/1134 1311/1899/1135
f 1834/1900/1136 1311/1899/1135 1832/1898/1134
f 1836/1901/1137 1835/1902/1137 1834/1903/1136
f 1734/1904/1056 1834/1903/1136 1835/1902/1137
f 1520/1577/809 1260/1570/802 1508/1569/801
f 1839/1578/1138 1838/1905/1139 1260/1570/802
f 1511/1906/1140 1260/1570/802 1838/1905/1139
f 1842/1907/1141 1840/1331/580 1841/1908/1142
f 1844/1909/1143 1842/1907/1144 1843/1910/1145
f 1843/1910/1145 1814/1877/1113 1844/1909/1143
f 1840/1331/580 1844/1909/1143 1814/1877/1113
f 1847/1879/1115 1841/1908/1142 1840/1331/580
f 1842/1907/1141 1841/1908/1142 1845/1911/1146
f 1859/1912/1147 1843/1910/1145 1842/1907/1144
f 1732/1880/1116 1846/1598/1148 1847/1879/1115
f 1845/1911/1149 1847/1879/1115 1846/1598/1148
f 1542/1600/1150 1848/1560/792 1849/1913/1151
f 1731/1801/1054 1849/1913/1151 1848/1560/792
f 1852/1914/1152 1850/1915/1153 1851/1916/1152
f 1853/1917/1154 1851/1916/1152 1850/1915/1153
f 1855/1918/1155 1857/1919/1156 1854/1920/1155
f 1857/1919/1156 1855/1918/1155 1856/1921/1157
f 1858/1922/1158 1507/1313/562 1859/1912/1159
f 1814/1877/1113 1859/1912/1159 1507/1313/562
f 1315/1355/602 1511/1906/1140 1860/1923/1160
f 1861/1905/1161 1860/1923/1160 1511/1906/1140
f 1811/1875/1111 1534/1590/824 1326/1390/633
f 1864/1591/825 1537/1593/827 1535/1589/1162
f 1862/1924/1163 1863/1925/1164 1812/1554/786
f 1812/1554/786 1864/1591/1165 1862/1924/1163
f 1849/1913/36 1865/1926/1166 1866/1927/1167
f 1865/1926/1166 1731/1801/1054 1493/1342/591
f 1493/1342/591 1866/1927/1167 1865/1926/1166
f 1524/1579/830 1837/1597/832 1867/1928/1168
f 1867/1928/1168 1868/1929/1169 1527/1580/1170
f 1867/1928/1168 1869/1930/1171 1868/1929/1169
f 1375/1442/680 1868/1929/1169 1869/1930/1171
f 1869/1930/1171 1837/1597/832 1375/1442/680
f 1540/1596/831 1255/1305/554 1837/1597/832
f 1538/1595/829 1526/1581/814 1375/1442/680
f 1527/1580/813 1526/1581/814 1539/1594/1172
f 1539/1594/828 1801/1440/678 1870/1931/1173
f 1870/1931/1174 1871/1932/1175 1872/1933/1176
f 1880/1934/1177 1873/1935/1178 1874/1936/1179
f 1875/1937/220 1876/1938/1180 1858/1922/1181
f 1877/1939/1182 1858/1922/1181 1876/1938/1180
f 1507/1313/562 1877/1939/1182 1876/1938/1180
f 1874/1936/1183 1263/1315/564 1878/1940/1184
f 1876/1938/1180 1878/1940/1184 1263/1315/564
f 1878/1940/1184 1875/1937/220 1874/1936/1183
f 1263/1315/564 1879/1941/1185 1757/1878/1114
f 1873/1935/1178 1757/1878/1114 1879/1941/1185
f 1879/1941/1185 1874/1936/1179 1873/1935/1178
f 1757/1878/1114 1880/1934/1186 1758/1322/571
f 1872/1933/1187 1758/1322/571 1880/1934/1186
f 1881/1942/1188 1801/1440/678 1758/1322/571
f 1881/1942/1188 1758/1322/571 1871/1932/1175
f 1871/1932/1175 1870/1931/1174 1881/1942/1188
f 1821/1887/1123 1822/1825/1076 1825/1543/777
f 1824/1890/1126 1825/1543/777 1746/1813/1062
f 1467/1881/1117 1272/1328/577 1882/1882/1189
f 1883/1824/1190 1882/1882/1189 1272/1328/577
f 1519/1576/808 1435/1495/1191 1518/1526/759
f 1435/1495/1191 1519/1576/808 1464/1524/1192
f 1558/1621/464 1567/1635/865 1884/1943/1193
f 1009/1636/867 1884/1943/1193 1567/1635/865
f 1887/1944/1194 1885/1945/1195 1886/1946/1196
f 1888/1947/1195 1886/1946/1196 1885/1945/1195
f 1889/1948/1197 1684/1769/1198 1550/1609/1199
f 1123/1765/1200 1550/1609/1199 1684/1769/1198
f 1891/1949/203 1890/1950/1201 1889/1951/457
f 1892/1952/1201 1889/1951/457 1890/1950/1201
f 1886/1953/1196 1893/1954/1202 1891/1955/203
f 1894/1956/1203 1891/1955/203 1893/1954/1202
f 1895/1957/1204 1730/1795/1205 1887/1958/1206
f 1062/1171/1207 1887/1958/1206 1730/1795/1205
f 1884/1959/1208 1896/1960/1209 1895/1961/1210
f 1897/1962/1211 1895/1961/1210 1896/1960/1209
f 1229/1285/535 1231/1284/534 1228/1283/533
f 1231/1284/534 961/1168/435 1110/1167/434
f 1110/1167/434 1228/1283/533 1231/1284/534
f 1395/1462/700 1394/1461/699 1277/1335/584
f 1459/1389/632 1458/1518/750 1277/1335/584
f 1898/1963/1212 1459/1389/632 1528/1583/816
f 1277/1335/584 1528/1583/816 1459/1389/632
f 1899/1964/1213 1501/1325/574 1269/1324/573
f 1900/1965/1214 1525/1306/555 1524/1579/812
f 1532/1585/818 1901/1966/1215 1902/1586/819
f 1866/1927/1216 1903/1967/1217 1862/1924/1218
f 1866/1927/1216 1904/1968/1219 1903/1967/1217
f 1863/1925/1164 1903/1967/1217 1904/1968/1219
f 1904/1968/1219 1493/1342/591 1863/1925/1164
f 1905/1969/1220 1542/1600/835 1541/1599/834
f 1848/1560/792 1905/1969/1220 1732/1880/1116
f 1541/1599/834 1732/1880/1116 1905/1969/1220
f 1908/1970/1221 1907/1971/1222 1906/1972/1223
f 1907/1971/1222 1908/1970/1221 1909/1973/1224
f 1024/1081/361 1095/1157/426 1047/1082/362
f 1047/1082/362 1095/1157/426 1152/1216/477
f 964/1069/349 1171/1068/348 1241/1293/544
f 1211/1085/365 1096/1084/364 1042/1183/451
f 1060/1125/332 1628/1124/399 1142/1208/470
f 1569/1638/869 965/1018/306 1169/1280/530
f 1226/1281/531 1169/1280/530 965/1018/306
f 1110/1167/434 1002/1056/340 1227/1282/532
f 1184/1726/1225 1562/1628/860 1083/1175/859
f 1492/1553/785 1515/1573/805 1812/1554/786
f 1421/1465/703 1397/1464/702 1420/1351/598
f 1468/1403/646 1313/1377/620 1469/1376/619
f 1469/1376/619 1336/1401/644 1468/1403/646
f 1825/1543/777 1822/1825/1076 1272/1328/577
f 1500/1563/795 1825/1543/777 1272/1328/577
f 1813/1388/631 1912/1974/1226 1911/1385/628
f 1876/1938/1180 1263/1315/564 1507/1313/562
f 1443/1501/733 1445/1503/735 1446/1505/737
f 1801/1440/678 1538/1595/829 1375/1442/680
f 1749/1316/565 1476/1536/770 1504/1566/798
f 1783/1413/656 1808/1975/1227 1342/1409/652
f 1374/1439/677 1406/1471/709 1801/1440/678
f 1471/1338/587 1283/1337/586 1401/1508/740
f 1375/1442/680 1837/1597/832 1255/1305/554
f 1445/1503/735 1347/1416/659 1910/1976/1228
f 1913/1977/1229 1761/1514/746 1781/1294/545
f 1326/1390/633 1537/1593/827 1536/1592/826
f 1536/1592/826 1812/1554/786 1326/1390/633
f 1271/1326/575 1501/1325/574 1502/1564/796
f 1315/1355/602 1296/1354/601 1260/1570/802
f 1260/1570/802 1511/1906/1140 1315/1355/602
f 1812/1554/786 1863/1925/1164 1493/1342/591
f 1529/1584/1230 1394/1461/699 1533/1588/821
f 1277/1335/584 1529/1584/817 1528/1583/816
f 1529/1584/1230 1914/1978/1231 1394/1461/699
f 1914/1978/1231 1277/1335/584 1394/1461/699
f 1190/1251/508 997/1051/335 1133/1249/506
f 1592/1979/1232 1673/1735/971 1672/1733/970
f 1673/1735/971 1592/1979/1232 1593/1980/1233
f 1180/1241/496 1181/1240/495 1592/1979/1234
f 1591/1744/1235 1592/1979/1234 1181/1240/495
f 980/1731/1236 1591/1744/984 1671/1732/966
f 1590/1764/1237 980/1731/964 1915/1981/1238
f 1915/1981/1238 980/1731/964 1669/1730/963
f 1675/1737/974 1593/1980/1239 1209/1982/1240
f 1593/1980/1239 1675/1737/974 1674/1734/973
f 1209/1982/1241 1210/1739/977 1676/1736/976
f 1210/1739/1242 1594/1741/980 1916/1983/1243
f 1916/1983/1243 1594/1741/980 1677/1738/979
f 1594/1741/1244 1214/1743/983 1917/1984/1245
f 1917/1984/1245 1214/1743/983 1678/1740/982
f 1214/1743/1246 986/1985/1247 1918/1986/1248
f 1680/1987/1249 1918/1986/1248 986/1985/1247
f 1918/1986/1248 1680/1987/1249 1679/1742/1250
f 986/1985/1251 987/1988/1252 1919/1989/1253
f 1681/1990/1254 1919/1989/1253 987/1988/1252
f 1919/1989/1253 1681/1990/1254 1680/1987/1255
f 987/1988/1256 1208/1991/1257 1920/1992/1258
f 1682/1993/1259 1920/1992/1258 1208/1991/1257
f 1920/1992/1258 1682/1993/1259 1681/1990/225
f 1921/1994/1260 1922/1079/359 1022/1078/358
f 1924/1995/1261 1923/1996/1262 1191/1997/1263
f 1924/1995/1261 1191/1997/1263 1925/1998/1264
f 1925/1999/1265 1192/2000/1266 1551/2001/1267
f 1925/1999/1265 1926/2002/1268 1192/2000/1266
f 1926/2002/1268 1191/2003/1269 1192/2000/1266
f 1927/2004/1270 1928/1239/494 1178/1238/493
f 1931/2005/1271 1929/2006/1272 1930/2007/1273
f 1932/2008/1274 1930/2007/1273 1929/2006/1272
f 1932/2008/1274 1933/2009/1275 1930/2007/1273
f 1933/2009/1275 1932/2008/1274 1934/2010/1274
f 1934/2010/1274 1935/2011/1276 1933/2009/1275
f 1935/2011/1276 1934/2010/1274 1936/2012/1277
f 1936/2012/1277 1937/2013/1278 1935/2011/1276
f 1938/2014/1279 1935/2011/1276 1937/2013/1278
f 1938/2014/1279 1937/2013/1278 1939/2015/1278
f 1939/2015/1278 1940/2016/1280 1938/2014/1279
f 1939/2015/1278 1941/2017/1278 1940/2016/1280
f 1942/2018/138 1940/2016/1280 1941/2017/1278
f 1941/2017/1278 1943/2019/1278 1942/2018/138
f 1944/2020/1281 1942/2018/138 1943/2019/1278
f 1944/2020/1281 1943/2019/1278 1945/2021/1282
f 1946/2022/1283 1945/2021/1282 1943/2019/1278
f 1945/2021/1282 1946/2022/1283 1947/2023/1284
f 1948/2024/1283 1947/2023/1284 1946/2022/1283
f 1947/2023/1284 1948/2024/1283 1949/2025/1285
f 1950/2026/1278 1949/2025/1285 1948/2024/1283
f 1949/2025/1285 1950/2026/1278 1951/2027/1286
f 1952/2028/1287 1951/2027/1286 1950/2026/1278
f 1951/2027/1286 1952/2028/1287 1953/2029/1288
f 1954/2030/1287 1953/2029/1288 1952/2028/1287
f 1953/2029/1288 1954/2030/1287 1955/2031/1289
f 1956/2032/1290 1955/2031/1289 1954/2030/1287
f 1956/2032/1290 1957/2033/1287 1955/2031/1289
f 1958/2034/1291 1955/2031/1289 1957/2033/1287
f 1929/2035/1272 1931/2036/1271 1959/2037/1274
f 1960/2038/1292 1959/2037/1274 1931/2036/1271
f 1959/2037/1274 1960/2038/1292 1961/2039/1293
f 1962/2040/1294 1961/2039/1293 1960/2038/1292
f 1962/2040/1294 1963/2041/1295 1961/2039/1293
f 1963/2041/1295 1962/2040/1294 1964/2042/1296
f 1967/2043/1297 1965/2044/1298 1966/2045/1287
f 1968/2046/1287 1966/2045/1287 1965/2044/1298
f 1968/2046/1287 1965/2044/1298 1969/2047/1299
f 1969/2047/1299 1970/2048/1300 1968/2046/1287
f 1970/2048/1300 1969/2047/1299 1971/2049/1301
f 1972/2050/1302 1971/2049/1301 1969/2047/1299
f 1971/2049/1301 1972/2050/1302 1973/2051/1303
f 1974/2052/1285 1973/2051/1303 1972/2050/1302
f 1974/2052/1285 1975/2053/1301 1973/2051/1303
f 1975/2053/1301 1974/2052/1285 1976/2054/1284
f 1976/2054/1284 1977/2055/1282 1975/2053/1301
f 1978/2056/1304 1975/2053/1301 1977/2055/1282
f 1978/2056/1304 1977/2055/1282 1979/2057/1305
f 1980/2058/1281 1979/2057/1305 1977/2055/1282
f 1980/2058/1281 1981/2059/138 1979/2057/1305
f 1982/2060/1304 1979/2057/1305 1981/2059/138
f 1982/2060/1304 1981/2059/138 1983/2061/1304
f 1984/2062/1306 1983/2061/1304 1981/2059/138
f 1987/2063/1307 1985/2064/1308 1986/2065/111
f 1988/2066/111 1986/2065/111 1985/2064/1308
f 1985/2064/1308 1989/2067/1309 1988/2066/111
f 1990/2068/1310 1988/2066/111 1989/2067/1309
f 1989/2067/1309 1991/2069/1311 1990/2068/1310
f 1992/2070/1310 1990/2068/1310 1991/2069/1311
f 1991/2069/1311 1993/2071/1312 1992/2070/1310
f 1994/2072/1310 1992/2070/1310 1993/2071/1312
f 1993/2071/1312 1995/2073/1310 1994/2072/1310
f 1996/2074/1313 1995/2073/1310 1993/2071/1312
f 1996/2074/1313 1997/2075/1310 1995/2073/1310
f 1998/2076/1314 1997/2075/1310 1996/2074/1313
f 1998/2076/1314 1999/2077/111 1997/2075/1310
f 2000/2078/1315 1999/2077/111 1998/2076/1314
f 2000/2078/1315 2001/2079/1316 1999/2077/111
f 2002/2080/111 1999/2077/111 2001/2079/1316
f 2002/2080/111 2001/2079/1316 2003/2081/1317
f 2003/2081/1317 2004/2082/1318 2002/2080/111
f 2004/2082/1318 2003/2081/1317 2005/2083/1283
f 2006/2084/1302 2005/2083/1283 2003/2081/1317
f 2005/2083/1283 2006/2084/1302 2007/2085/1278
f 2008/2086/1285 2007/2085/1278 2006/2084/1302
f 2008/2086/1285 2009/2087/1283 2007/2085/1278
f 2009/2087/1283 2008/2086/1285 2010/2088/1284
f 2010/2088/1284 2011/2089/1282 2009/2087/1283
f 2012/2090/1283 2009/2087/1283 2011/2089/1282
f 2012/2090/1283 2011/2089/1282 2013/2091/1278
f 2014/2092/1319 2013/2091/1278 2011/2089/1282
f 2014/2092/1319 2015/2093/138 2013/2091/1278
f 2016/2094/1278 2013/2091/1278 2015/2093/138
f 2016/2094/1278 2015/2093/138 2017/2095/1283
f 2018/2096/1280 2017/2095/1283 2015/2093/138
f 2018/2096/1280 2019/2097/1279 2017/2095/1283
f 2020/2098/1278 2017/2095/1283 2019/2097/1279
f 2019/2097/1279 2021/2099/1320 2020/2098/1278
f 2022/2100/1278 2020/2098/1278 2021/2099/1320
f 2021/2099/1320 2023/2101/1275 2022/2100/1278
f 2024/2102/110 2022/2100/1278 2023/2101/1275
f 2023/2101/1275 2025/2103/2 2024/2102/110
f 2025/2103/2 2023/2101/1275 2026/2104/1273
f 2026/2104/1273 2027/2105/110 2025/2103/2
f 2028/2106/1271 2027/2105/110 2026/2104/1273
f 2027/2105/110 2028/2106/1271 2029/2107/1293
f 2030/2108/1321 2029/2107/1293 2028/2106/1271
f 2029/2107/1293 2030/2108/1321 2031/2109/1294
f 2031/2109/1294 2032/2110/1293 2029/2107/1293
f 2031/2109/1294 2033/2111/1322 2032/2110/1293
f 2034/2112/1293 2032/2110/1293 2033/2111/1322
f 2034/2112/1293 2033/2111/1322 2035/2113/1323
f 2035/2113/1323 2036/2114/1295 2034/2112/1293
f 2035/2113/1323 2037/2115/1324 2036/2114/1295
f 2038/2116/1295 2036/2114/1295 2037/2115/1324
f 2037/2115/1324 2039/2117/1325 2038/2116/1295
f 2040/2118/1293 2038/2116/1295 2039/2117/1325
f 2039/2117/1325 2041/2119/1295 2040/2118/1293
f 2041/2119/1295 2039/2117/1325 2042/2120/1326
f 2042/2120/1326 2043/2121/1327 2041/2119/1295
f 2043/2121/1327 2044/2122/1295 2041/2119/1295
f 2044/2122/1295 2043/2121/1327 2045/2123/1295
f 2045/2123/1295 2043/2121/1327 2046/2124/1328
f 2045/2123/1295 2046/2124/1328 2047/2125/2
f 2048/2126/1329 2047/2125/2 2046/2124/1328
f 2051/2127/1304 2049/2128/1306 2050/2129/1330
f 2052/2130/1280 2050/2129/1330 2049/2128/1306
f 2050/2129/1330 2052/2130/1280 2053/2131/1331
f 2054/2132/1332 2053/2131/1331 2052/2130/1280
f 2054/2132/1332 2055/2133/1333 2053/2131/1331
f 2056/2134/1330 2053/2131/1331 2055/2133/1333
f 2055/2133/1333 2057/2135/1275 2056/2134/1330
f 2058/2136/1331 2056/2134/1330 2057/2135/1275
f 2057/2135/1275 2059/2137/1272 2058/2136/1331
f 2059/2137/1272 2057/2135/1275 2060/2138/1334
f 2060/2138/1334 2061/2139/1335 2059/2137/1272
f 2062/2140/1336 2061/2139/1335 2060/2138/1334
f 2061/2139/1335 2062/2140/1336 2063/2141/1292
f 2063/2141/1292 2064/2142/1337 2061/2139/1335
f 2064/2142/1337 2063/2141/1292 2065/2143/1337
f 2066/2144/1294 2065/2143/1337 2063/2141/1292
f 2065/2143/1337 2066/2144/1294 2067/2145/1338
f 2068/2146/1296 2067/2145/1338 2066/2144/1294
f 2071/2147/1339 2069/2148/1340 2070/2149/1341
f 2072/2150/1342 2070/2149/1341 2069/2148/1340
f 2070/2149/1341 2072/2150/1342 2073/2151/1343
f 2074/2152/1344 2072/2150/1342 2069/2148/1340
f 2075/2153/1345 2074/2152/1344 2069/2148/1340
f 2076/2154/1287 2074/2152/1344 2075/2153/1345
f 2073/2151/1343 2072/2150/1342 2077/2155/1346
f 2072/2150/1342 2074/2152/1344 2077/2155/1346
f 2074/2152/1344 2076/2154/1287 2078/2156/1347
f 2078/2156/1347 2077/2155/1346 2074/2152/1344
f 2079/2157/1287 2078/2156/1347 2076/2154/1287
f 2077/2155/1346 2080/2158/1348 2073/2151/1343
f 2081/2159/1349 2073/2151/1343 2080/2158/1348
f 2078/2156/1347 2082/2160/1347 2077/2155/1346
f 2078/2156/1347 2079/2157/1287 2082/2160/1347
f 2080/2158/1348 2077/2155/1346 2082/2160/1347
f 2083/2161/1287 2082/2160/1347 2079/2157/1287
f 2083/2161/1287 2084/2162/1278 2082/2160/1347
f 2085/2163/1350 2082/2160/1347 2084/2162/1278
f 2082/2160/1347 2085/2163/1350 2080/2158/1348
f 2084/2162/1278 2086/2164/1351 2085/2163/1350
f 2080/2158/1348 2087/2165/1352 2081/2159/1349
f 2087/2165/1352 2080/2158/1348 2085/2163/1350
f 2088/2166/1353 2081/2159/1349 2087/2165/1352
f 2088/2166/1353 2087/2165/1352 2089/2167/1354
f 2090/2168/1355 2085/2163/1350 2086/2164/1351
f 2085/2163/1350 2090/2168/1355 2087/2165/1352
f 2089/2167/1354 2087/2165/1352 2090/2168/1355
f 2090/2168/1355 2086/2164/1351 2091/2169/1356
f 2092/2170/1278 2091/2169/1356 2086/2164/1351
f 2090/2168/1355 2093/2171/1357 2089/2167/1354
f 2093/2171/1357 2090/2168/1355 2091/2169/1356
f 2094/2172/1358 2089/2167/1354 2093/2171/1357
f 2094/2172/1358 2093/2171/1357 2095/2173/1137
f 2092/2170/1278 2096/2174/1278 2091/2169/1356
f 2095/2173/1137 2093/2171/1357 2097/2175/1359
f 2093/2171/1357 2091/2169/1356 2097/2175/1359
f 2095/2173/1137 2097/2175/1359 2098/2176/10
f 2099/2177/1360 2091/2169/1356 2096/2174/1278
f 2097/2175/1359 2091/2169/1356 2099/2177/1360
f 2099/2177/1360 2096/2174/1278 2100/2178/1360
f 2100/2178/1360 2096/2174/1278 2101/2179/1278
f 2099/2177/1360 2102/2180/1361 2097/2175/1359
f 2102/2180/1361 2099/2177/1360 2100/2178/1360
f 2098/2176/10 2097/2175/1359 2102/2180/1361
f 2100/2178/1360 2101/2179/1278 2103/2181/1360
f 2100/2178/1360 2103/2181/1360 2102/2180/1361
f 2104/2182/1278 2103/2181/1360 2101/2179/1278
f 2104/2182/1278 2105/2183/1278 2103/2181/1360
f 2102/2180/1361 2106/2184/1362 2098/2176/10
f 2106/2184/1362 2102/2180/1361 2103/2181/1360
f 2107/2185/1363 2098/2176/10 2106/2184/1362
f 2107/2185/1363 2106/2184/1362 2108/2186/1364
f 2109/2187/1360 2103/2181/1360 2105/2183/1278
f 2103/2181/1360 2109/2187/1360 2106/2184/1362
f 2108/2186/1364 2106/2184/1362 2110/2188/1365
f 2110/2188/1365 2106/2184/1362 2109/2187/1360
f 2108/2186/1364 2110/2188/1365 2111/2189/1366
f 2109/2187/1360 2105/2183/1278 2112/2190/1367
f 2109/2187/1360 2112/2190/1367 2110/2188/1365
f 2113/2191/1274 2112/2190/1367 2105/2183/1278
f 2111/2189/1366 2110/2188/1365 2114/2192/1368
f 2114/2192/1368 2110/2188/1365 2112/2190/1367
f 2111/2189/1366 2114/2192/1368 2115/2193/1369
f 2112/2190/1367 2113/2191/1274 2116/2194/1367
f 2112/2190/1367 2116/2194/1367 2114/2192/1368
f 2117/2195/1274 2116/2194/1367 2113/2191/1274
f 2115/2193/1369 2114/2192/1368 2118/2196/1370
f 2118/2196/1370 2114/2192/1368 2116/2194/1367
f 2116/2194/1367 2117/2195/1274 2119/2197/1367
f 2116/2194/1367 2119/2197/1367 2118/2196/1370
f 2120/2198/1274 2119/2197/1367 2117/2195/1274
f 2120/2198/1274 2121/2199/1274 2119/2197/1367
f 2122/2200/1371 2119/2197/1367 2121/2199/1274
f 2118/2196/1370 2123/2201/1372 2115/2193/1369
f 2123/2201/1372 2118/2196/1370 2119/2197/1367
f 2119/2197/1367 2122/2200/1371 2123/2201/1372
f 2124/2202/1373 2115/2193/1369 2123/2201/1372
f 2125/2203/1374 2123/2201/1372 2122/2200/1371
f 2124/2202/1373 2123/2201/1372 2126/2204/194
f 2126/2204/194 2123/2201/1372 2125/2203/1374
f 2126/2205/194 2125/2206/1374 2127/2207/1375
f 2128/2208/1376 2127/2207/1375 2125/2206/1374
f 2127/2207/1375 2128/2208/1376 2129/2209/1377
f 2122/2210/1371 2128/2208/1376 2125/2206/1374
f 2130/2211/1378 2129/2209/1377 2128/2208/1376
f 2129/2209/1377 2130/2211/1378 2131/2212/1379
f 2132/2213/1380 2131/2212/1379 2130/2211/1378
f 2133/2214/1367 2128/2208/1376 2122/2210/1371
f 2133/2214/1367 2130/2211/1378 2128/2208/1376
f 2122/2210/1371 2121/2215/1274 2134/2216/1274
f 2134/2216/1274 2133/2214/1367 2122/2210/1371
f 2135/2217/1381 2132/2213/1380 2130/2211/1378
f 2130/2211/1378 2133/2214/1367 2135/2217/1381
f 2133/2214/1367 2134/2216/1274 2135/2217/1381
f 2136/2218/1382 2132/2213/1380 2135/2217/1381
f 2137/2219/1383 2135/2217/1381 2134/2216/1274
f 2135/2217/1381 2137/2219/1383 2136/2218/1382
f 2139/2220/1384 2138/2221/1385 2140/2222/1386
f 2138/2221/1385 2142/2223/1387 2140/2222/1386
f 2144/2224/1388 2141/2225/1389 2143/2226/1390
f 2145/2227/1391 2141/2225/1389 2140/2222/1386
f 2141/2225/1389 2145/2227/1391 2143/2226/1390
f 2146/2228/1392 2140/2222/1386 2142/2223/1387
f 2140/2222/1386 2146/2228/1392 2145/2227/1391
f 2143/2226/1390 2145/2227/1391 2147/2229/1393
f 2147/2229/1393 2145/2227/1391 2146/2228/1392
f 2147/2229/1393 2148/2230/1343 2143/2226/1390
f 2148/2230/1343 2147/2229/1393 2149/2231/1394
f 2146/2228/1392 2142/2223/1387 2150/2232/1395
f 2146/2228/1392 2150/2232/1395 2147/2229/1393
f 2151/2233/1300 2150/2232/1395 2142/2223/1387
f 2152/2234/1396 2149/2231/1394 2147/2229/1393
f 2152/2234/1396 2147/2229/1393 2150/2232/1395
f 2149/2231/1394 2152/2234/1396 2153/2235/726
f 2150/2232/1395 2151/2233/1300 2154/2236/1397
f 2155/2237/1300 2154/2236/1397 2151/2233/1300
f 2150/2232/1395 2156/2238/1398 2152/2234/1396
f 2156/2238/1398 2153/2235/726 2152/2234/1396
f 2156/2238/1398 2150/2232/1395 2154/2236/1397
f 2153/2235/726 2156/2238/1398 2157/2239/1399
f 2154/2236/1397 2157/2239/1399 2156/2238/1398
f 2157/2239/1399 2158/2240/1192 2153/2235/726
f 2158/2240/1192 2157/2239/1399 2159/2241/1400
f 2154/2236/1397 2155/2237/1300 2160/2242/1395
f 2157/2239/1399 2154/2236/1397 2160/2242/1395
f 2161/2243/1300 2160/2242/1395 2155/2237/1300
f 2161/2243/1300 2162/2244/1401 2160/2242/1395
f 2163/2245/1402 2159/2241/1400 2157/2239/1399
f 2159/2241/1400 2163/2245/1402 2164/2246/1137
f 2160/2242/1395 2165/2247/1403 2157/2239/1399
f 2163/2245/1402 2157/2239/1399 2165/2247/1403
f 2165/2247/1403 2160/2242/1395 2162/2244/1401
f 2166/2248/1404 2164/2246/1137 2163/2245/1402
f 2163/2245/1402 2165/2247/1403 2166/2248/1404
f 2164/2246/1137 2166/2248/1404 2167/2249/10
f 2165/2247/1403 2162/2244/1401 2168/2250/1405
f 2168/2250/1405 2166/2248/1404 2165/2247/1403
f 2168/2250/1405 2162/2244/1401 2169/2251/1401
f 2169/2251/1401 2170/2252/1406 2168/2250/1405
f 2171/2253/1407 2167/2249/10 2166/2248/1404
f 2167/2249/10 2171/2253/1407 2172/2254/1408
f 2174/2255/1409 2172/2254/1408 2171/2253/1407
f 2168/2250/1405 2173/2256/1410 2166/2248/1404
f 2171/2253/1407 2166/2248/1404 2173/2256/1410
f 2173/2256/1410 2174/2255/1409 2171/2253/1407
f 2173/2256/1410 2168/2250/1405 2170/2252/1406
f 2173/2256/1410 2170/2252/1406 2174/2255/1409
f 2175/2257/1411 2174/2255/1409 2170/2252/1406
f 2178/2258/2 2176/2259/2 2177/2260/111
f 2176/2259/2 2179/2261/1383 2177/2260/111
f 2179/2261/1383 2176/2259/2 2180/2262/1310
f 2177/2260/111 2179/2261/1383 2181/2263/1412
f 2183/2264/49 2181/2263/1412 2182/2265/972
f 2182/2265/972 2181/2263/1412 2184/2266/1413
f 2184/2266/1413 2181/2263/1412 2179/2261/1383
f 2182/2265/972 2184/2266/1413 2185/2267/48
f 2180/2262/1310 2186/2268/1414 2179/2261/1383
f 2186/2268/1414 2180/2262/1310 2187/2269/1310
f 2179/2261/1383 2188/2270/1415 2184/2266/1413
f 2185/2267/48 2184/2266/1413 2188/2270/1415
f 2188/2270/1415 2179/2261/1383 2186/2268/1414
f 2187/2269/1310 2189/2271/1416 2186/2268/1414
f 2185/2267/48 2188/2270/1415 2190/2272/1417
f 2191/2273/1418 2186/2268/1414 2189/2271/1416
f 2186/2268/1414 2191/2273/1418 2188/2270/1415
f 2191/2273/1418 2190/2272/1417 2188/2270/1415
f 2191/2273/1418 2192/2274/1419 2190/2272/1417
f 2193/2275/1420 2190/2272/1417 2192/2274/1419
f 2191/2273/1418 2189/2271/1416 2194/2276/1421
f 2194/2276/1421 2192/2274/1419 2191/2273/1418
f 2195/2277/1310 2194/2276/1421 2189/2271/1416
f 2195/2277/1310 2196/2278/1310 2194/2276/1421
f 2193/2275/1420 2192/2274/1419 2197/2279/1422
f 2197/2279/1422 2198/2280/1423 2193/2275/1420
f 2194/2276/1421 2199/2281/1383 2192/2274/1419
f 2197/2279/1422 2192/2274/1419 2199/2281/1383
f 2199/2281/1383 2194/2276/1421 2196/2278/1310
f 2197/2279/1422 2200/2282/1424 2198/2280/1423
f 2199/2281/1383 2200/2282/1424 2197/2279/1422
f 2201/2283/1425 2198/2280/1423 2200/2282/1424
f 2196/2278/1310 2202/2284/110 2199/2281/1383
f 2200/2282/1424 2199/2281/1383 2202/2284/110
f 2203/2285/2 2202/2284/110 2196/2278/1310
f 2200/2282/1424 2204/2286/1426 2201/2283/1425
f 2202/2284/110 2204/2286/1426 2200/2282/1424
f 2205/2287/1427 2201/2283/1425 2204/2286/1426
f 2203/2285/2 2206/2288/111 2202/2284/110
f 2204/2286/1426 2202/2284/110 2206/2288/111
f 2207/2289/2 2206/2288/111 2203/2285/2
f 2207/2289/2 2208/2290/2 2206/2288/111
f 2206/2288/111 2209/2291/1318 2204/2286/1426
f 2209/2291/1318 2206/2288/111 2208/2290/2
f 2205/2287/1427 2204/2286/1426 2210/2292/1428
f 2210/2292/1428 2204/2286/1426 2209/2291/1318
f 2210/2292/1428 2211/2293/1343 2205/2287/1427
f 2211/2293/1343 2210/2292/1428 2212/2294/1349
f 2209/2291/1318 2208/2290/2 2213/2295/1360
f 2209/2291/1318 2213/2295/1360 2210/2292/1428
f 2214/2296/1278 2213/2295/1360 2208/2290/2
f 2215/2297/1429 2212/2294/1349 2210/2292/1428
f 2215/2297/1429 2210/2292/1428 2213/2295/1360
f 2212/2294/1349 2215/2297/1429 2216/2298/1353
f 2213/2295/1360 2214/2296/1278 2217/2299/1360
f 2218/2300/1430 2216/2298/1353 2215/2297/1429
f 2213/2295/1360 2218/2300/1430 2215/2297/1429
f 2218/2300/1430 2213/2295/1360 2217/2299/1360
f 2216/2298/1353 2218/2300/1430 2219/2301/1192
f 2220/2302/1278 2217/2299/1360 2214/2296/1278
f 2221/2303/1431 2219/2301/1192 2218/2300/1430
f 2217/2299/1360 2221/2303/1431 2218/2300/1430
f 2219/2301/1192 2221/2303/1431 2222/2304/1358
f 2217/2299/1360 2220/2302/1278 2223/2305/1360
f 2221/2303/1431 2217/2299/1360 2223/2305/1360
f 2224/2306/1278 2223/2305/1360 2220/2302/1278
f 2224/2306/1278 2225/2307/1278 2223/2305/1360
f 2226/2308/1432 2222/2304/1358 2221/2303/1431
f 2222/2304/1358 2226/2308/1432 2227/2309/1137
f 2223/2305/1360 2228/2310/1360 2221/2303/1431
f 2226/2308/1432 2221/2303/1431 2228/2310/1360
f 2228/2310/1360 2223/2305/1360 2225/2307/1278
f 2229/2311/1433 2227/2309/1137 2226/2308/1432
f 2226/2308/1432 2228/2310/1360 2229/2311/1433
f 2227/2309/1137 2229/2311/1433 2230/2312/10
f 2228/2310/1360 2225/2307/1278 2231/2313/1360
f 2231/2313/1360 2229/2311/1433 2228/2310/1360
f 2231/2313/1360 2225/2307/1278 2232/2314/1278
f 2232/2314/1278 2233/2315/1278 2231/2313/1360
f 2234/2316/1434 2230/2312/10 2229/2311/1433
f 2230/2312/10 2234/2316/1434 2235/2317/1363
f 2231/2313/1360 2236/2318/1360 2229/2311/1433
f 2234/2316/1434 2229/2311/1433 2236/2318/1360
f 2236/2318/1360 2231/2313/1360 2233/2315/1278
f 2237/2319/1435 2235/2317/1363 2234/2316/1434
f 2236/2318/1360 2237/2319/1435 2234/2316/1434
f 2235/2317/1363 2237/2319/1435 2238/2320/1364
f 2236/2318/1360 2233/2315/1278 2239/2321/1360
f 2237/2319/1435 2236/2318/1360 2239/2321/1360
f 2240/2322/1278 2239/2321/1360 2233/2315/1278
f 2241/2323/1436 2238/2320/1364 2237/2319/1435
f 2239/2321/1360 2241/2323/1436 2237/2319/1435
f 2238/2320/1364 2241/2323/1436 2242/2324/1366
f 2239/2321/1360 2240/2322/1278 2243/2325/1360
f 2241/2323/1436 2239/2321/1360 2243/2325/1360
f 2244/2326/1278 2243/2325/1360 2240/2322/1278
f 2243/2325/1360 2244/2326/1278 2245/2327/1278
f 2246/2328/1360 2243/2325/1360 2245/2327/1278
f 2243/2325/1360 2246/2328/1360 2241/2323/1436
f 2245/2327/1278 2247/2329/2 2246/2328/1360
f 2248/2330/1437 2242/2324/1366 2241/2323/1436
f 2248/2330/1437 2241/2323/1436 2246/2328/1360
f 2242/2324/1366 2248/2330/1437 2249/2331/1369
f 2250/2332/2 2246/2328/1360 2247/2329/2
f 2246/2328/1360 2250/2332/2 2248/2330/1437
f 2251/2333/1438 2249/2331/1369 2248/2330/1437
f 2251/2333/1438 2248/2330/1437 2250/2332/2
f 2249/2331/1369 2251/2333/1438 2252/2334/1373
f 2247/2329/2 2253/2335/2 2250/2332/2
f 2253/2335/2 2247/2329/2 2254/2336/2
f 2254/2336/2 2255/2337/2 2253/2335/2
f 2250/2332/2 2256/2338/1439 2251/2333/1438
f 2256/2338/1439 2252/2334/1373 2251/2333/1438
f 2256/2338/1439 2250/2332/2 2253/2335/2
f 2252/2334/1373 2256/2338/1439 2257/2339/194
f 2258/2340/2 2253/2335/2 2255/2337/2
f 2253/2335/2 2258/2340/2 2256/2338/1439
f 2255/2337/2 2259/2341/1383 2258/2340/2
f 2257/2339/194 2256/2338/1439 2260/2342/1440
f 2260/2342/1440 2256/2338/1439 2258/2340/2
f 2260/2342/1440 2261/2343/1441 2257/2339/194
f 2262/2344/1442 2257/2339/194 2261/2343/1441
f 2258/2340/2 2263/2345/1310 2260/2342/1440
f 2261/2343/1441 2260/2342/1440 2263/2345/1310
f 2263/2345/1310 2258/2340/2 2259/2341/1383
f 2261/2343/1441 2264/2346/1443 2262/2344/1442
f 2263/2345/1310 2264/2346/1443 2261/2343/1441
f 2265/2347/1377 2262/2344/1442 2264/2346/1443
f 2259/2341/1383 2266/2348/1444 2263/2345/1310
f 2264/2346/1443 2263/2345/1310 2266/2348/1444
f 2267/2349/1383 2266/2348/1444 2259/2341/1383
f 2265/2347/1377 2264/2346/1443 2268/2350/1445
f 2267/2349/1383 2269/2351/1446 2266/2348/1444
f 2266/2348/1444 2270/2352/1447 2264/2346/1443
f 2270/2352/1447 2266/2348/1444 2269/2351/1446
f 2268/2350/1445 2264/2346/1443 2270/2352/1447
f 2270/2352/1447 2269/2351/1446 2271/2353/1448
f 2272/2354/1383 2271/2353/1448 2269/2351/1446
f 2272/2354/1383 2273/2355/1383 2271/2353/1448
f 2270/2352/1447 2274/2356/1449 2268/2350/1445
f 2274/2356/1449 2270/2352/1447 2271/2353/1448
f 2275/2357/1450 2268/2350/1445 2274/2356/1449
f 2275/2357/1450 2274/2356/1449 2276/2358/59
f 2273/2355/1383 2277/2359/1451 2271/2353/1448
f 2271/2353/1448 2277/2359/1451 2274/2356/1449
f 2273/2355/1383 2278/2360/1452 2277/2359/1451
f 2276/2358/59 2274/2356/1449 2279/2361/1453
f 2279/2361/1453 2274/2356/1449 2277/2359/1451
f 2276/2358/59 2279/2361/1453 2280/2362/1454
f 2279/2361/1453 2277/2359/1451 2281/2363/1455
f 2280/2362/1454 2279/2361/1453 2281/2363/1455
f 2281/2363/1455 2277/2359/1451 2278/2360/1452
f 2281/2363/1455 2282/2364/1456 2280/2362/1454
f 2283/2365/1457 2280/2362/1454 2282/2364/1456
f 2283/2365/1457 2282/2364/1456 2284/2366/1458
f 2278/2360/1452 2285/2367/1459 2281/2363/1455
f 2285/2367/1459 2282/2364/1456 2281/2363/1455
f 2285/2367/1459 2278/2360/1452 2286/2368/1383
f 2286/2368/1383 2287/2369/1383 2285/2367/1459
f 2284/2366/1458 2282/2364/1456 2288/2370/1460
f 2289/2371/1461 2285/2367/1459 2287/2369/1383
f 2285/2367/1459 2289/2371/1461 2282/2364/1456
f 2288/2370/1460 2282/2364/1456 2289/2371/1461
f 2287/2369/1383 2290/2372/1462 2289/2371/1461
f 2284/2366/1458 2288/2370/1460 2291/2373/1463
f 2292/2374/1464 2289/2371/1461 2290/2372/1462
f 2289/2371/1461 2292/2374/1464 2288/2370/1460
f 2294/2375/1465 2290/2372/1462 2293/2376/2
f 2292/2374/1464 2290/2372/1462 2294/2375/1465
f 2294/2375/1465 2295/2377/1466 2292/2374/1464
f 2296/2378/334 2291/2373/1463 2295/2377/1466
f 2291/2373/1463 2288/2370/1460 2292/2374/1464
f 2292/2374/1464 2295/2377/1466 2291/2373/1463
f 2299/2379/1467 2297/2380/1468 2298/2381/1469
f 2300/2382/1470 2298/2381/1469 2297/2380/1468
f 2297/2380/1468 2301/2383/1471 2300/2382/1470
f 2302/2384/1472 2298/2381/1469 2300/2382/1470
f 2303/2385/1473 2300/2382/1470 2301/2383/1471
f 2301/2383/1471 2304/2386/209 2303/2385/1473
f 2300/2382/1470 2305/2387/1472 2302/2384/1472
f 2300/2382/1470 2303/2385/1473 2305/2387/1472
f 2307/2388/1337 2302/2384/1472 2306/2389/1337
f 2305/2387/1472 2306/2389/1337 2302/2384/1472
f 2306/2389/1337 2305/2387/1472 2308/2390/1337
f 2309/2391/1472 2305/2387/1472 2303/2385/1473
f 2308/2390/1337 2305/2387/1472 2309/2391/1472
f 2310/2392/1474 2303/2385/1473 2304/2386/209
f 2303/2385/1473 2310/2392/1474 2309/2391/1472
f 2309/2391/1472 2311/2393/1472 2308/2390/1337
f 2311/2393/1472 2309/2391/1472 2310/2392/1474
f 2312/2394/1337 2308/2390/1337 2311/2393/1472
f 2304/2386/209 2313/2395/1475 2310/2392/1474
f 2310/2392/1474 2313/2395/1475 2311/2393/1472
f 2314/2396/1373 2313/2395/1475 2304/2386/209
f 2311/2393/1472 2315/2397/1367 2312/2394/1337
f 2315/2397/1367 2311/2393/1472 2313/2395/1475
f 2316/2398/1274 2312/2394/1337 2315/2397/1367
f 2315/2397/1367 2317/2399/1476 2316/2398/1274
f 2313/2395/1475 2314/2396/1373 2318/2400/1477
f 2319/2401/1369 2318/2400/1477 2314/2396/1373
f 2313/2395/1475 2320/2402/1478 2315/2397/1367
f 2320/2402/1478 2313/2395/1475 2318/2400/1477
f 2317/2399/1476 2315/2397/1367 2320/2402/1478
f 2318/2400/1477 2319/2401/1369 2321/2403/1479
f 2318/2400/1477 2321/2403/1479 2320/2402/1478
f 2322/2404/1480 2321/2403/1479 2319/2401/1369
f 2320/2402/1478 2323/2405/1481 2317/2399/1476
f 2323/2405/1481 2320/2402/1478 2321/2403/1479
f 2324/2406/1476 2317/2399/1476 2323/2405/1481
f 2321/2403/1479 2322/2404/1480 2325/2407/1482
f 2321/2403/1479 2325/2407/1482 2323/2405/1481
f 2326/2408/1483 2325/2407/1482 2322/2404/1480
f 2323/2405/1481 2327/2409/1484 2324/2406/1476
f 2327/2409/1484 2323/2405/1481 2325/2407/1482
f 2327/2409/1484 2328/2410/1476 2324/2406/1476
f 2328/2410/1476 2327/2409/1484 2329/2411/1476
f 2330/2412/1485 2329/2411/1476 2327/2409/1484
f 2325/2407/1482 2330/2412/1485 2327/2409/1484
f 2329/2411/1476 2330/2412/1485 2331/2413/1486
f 2333/2414/1487 2331/2413/1486 2330/2412/1485
f 2330/2412/1485 2325/2407/1482 2332/2415/1488
f 2332/2415/1488 2333/2414/1487 2330/2412/1485
f 2325/2407/1482 2326/2408/1483 2332/2415/1488
f 2334/2416/1489 2332/2415/1488 2326/2408/1483
f 2332/2415/1488 2334/2416/1489 2333/2414/1487
f 2335/2417/1490 2333/2414/1487 2334/2416/1489
f 2338/2418/2 2336/2419/2 2337/2420/2
f 2338/2418/2 2337/2420/2 2339/2421/2
f 2338/2418/2 2339/2421/2 2340/2422/2
f 2338/2418/2 2340/2422/2 2341/2423/2
f 2338/2418/2 2341/2423/2 2342/2424/2
f 2338/2418/2 2342/2424/2 2343/2425/2
f 2338/2418/2 2343/2425/2 2344/2426/2
f 2338/2418/2 2344/2426/2 2345/2427/2
f 2338/2418/2 2345/2427/2 2346/2428/2
f 2338/2418/2 2346/2428/2 2347/2429/2
f 2338/2418/2 2347/2429/2 2348/2430/2
f 2338/2418/2 2348/2430/2 2349/2431/2
f 2338/2418/2 2349/2431/2 2350/2432/2
f 2338/2418/2 2350/2432/2 2351/2433/2
f 2338/2418/2 2351/2433/2 2352/2434/2
f 2338/2418/2 2352/2434/2 2353/2435/2
f 2338/2418/2 2353/2435/2 2354/2436/2
f 2338/2418/2 2354/2436/2 2355/2437/2
f 2338/2418/2 2355/2437/2 2356/2438/2
f 2338/2418/2 2356/2438/2 2357/2439/2
f 2338/2418/2 2357/2439/2 2358/2440/2
f 2338/2418/2 2358/2440/2 2359/2441/2
f 2338/2418/2 2359/2441/2 2360/2442/2
f 2338/2418/2 2360/2442/2 2361/2443/2
f 2338/2418/2 2361/2443/2 2362/2444/2
f 2338/2418/2 2362/2444/2 2363/2445/2
f 2338/2418/2 2363/2445/2 2364/2446/2
f 2338/2418/2 2364/2446/2 2365/2447/2
f 2338/2418/2 2365/2447/2 2366/2448/2
f 2338/2418/2 2366/2448/2 2367/2449/2
f 2338/2418/2 2367/2449/2 2368/2450/2
f 2338/2418/2 2368/2450/2 2369/2451/2
f 2338/2418/2 2369/2451/2 2370/2452/2
f 2338/2418/2 2370/2452/2 2371/2453/2
f 2338/2418/2 2371/2453/2 2372/2454/2
f 2338/2418/2 2372/2454/2 2373/2455/2
f 2338/2418/2 2373/2455/2 2374/2456/2
f 2338/2418/2 2374/2456/2 2375/2457/2
f 2338/2418/2 2375/2457/2 2376/2458/2
f 2379/2459/2 2377/2460/2 2378/2461/2
f 2379/2459/2 2380/2462/2 2377/2460/2
f 2379/2459/2 2381/2463/2 2380/2462/2
f 2379/2459/2 2382/2464/2 2381/2463/2
f 2379/2459/2 2383/2465/2 2382/2464/2
f 2379/2459/2 2384/2466/2 2383/2465/2
f 2379/2459/2 2385/2467/2 2384/2466/2
f 2379/2459/2 2386/2468/2 2385/2467/2
f 2379/2459/2 2387/2469/2 2386/2468/2
f 2379/2459/2 2388/2470/2 2387/2469/2
f 2379/2459/2 2389/2471/2 2388/2470/2
f 2379/2459/2 2390/2472/2 2389/2471/2
f 2379/2459/2 2391/2473/2 2390/2472/2
f 2379/2459/2 2392/2474/2 2391/2473/2
f 2379/2459/2 2393/2475/2 2392/2474/2
f 2379/2459/2 2394/2476/2 2393/2475/2
f 2379/2459/2 2395/2477/2 2394/2476/2
f 2379/2459/2 2396/2478/2 2395/2477/2
f 2379/2459/2 2397/2479/2 2396/2478/2
f 2379/2459/2 2398/2480/2 2397/2479/2
f 2379/2459/2 2399/2481/2 2398/2480/2
f 2379/2459/2 2400/2482/2 2399/2481/2
f 2379/2459/2 2401/2483/2 2400/2482/2
f 2379/2459/2 2402/2484/2 2401/2483/2
f 2379/2459/2 2403/2485/2 2402/2484/2
f 2379/2459/2 2404/2486/2 2403/2485/2
f 2379/2459/2 2405/2487/2 2404/2486/2
f 2379/2459/2 2406/2488/2 2405/2487/2
f 2379/2459/2 2407/2489/2 2406/2488/2
f 2379/2459/2 2408/2490/2 2407/2489/2
f 2379/2459/2 2409/2491/2 2408/2490/2
f 2379/2459/2 2410/2492/2 2409/2491/2
f 2379/2459/2 2411/2493/2 2410/2492/2
f 2379/2459/2 2412/2494/2 2411/2493/2
f 2379/2459/2 2413/2495/2 2412/2494/2
f 2379/2459/2 2414/2496/2 2413/2495/2
f 2379/2459/2 2415/2497/2 2414/2496/2
f 2379/2459/2 2416/2498/2 2415/2497/2
f 2379/2459/2 2417/2499/2 2416/2498/2
f 2419/2500/1491 2418/2501/1492 2421/2502/1493
f 2420/2500/1494 2419/2500/1491 2421/2502/1493
f 2420/2500/1494 2422/2503/1495 2419/2500/1491
f 2421/2502/1493 2418/2501/1492 2426/2504/1496
f 2423/2503/1497 2419/2500/1491 2422/2503/1495
f 2418/2501/1492 2424/2505/1498 2426/2504/1496
f 2427/2506/1499 2423/2503/1497 2422/2503/1495
f 2425/2507/1500 2427/2506/1499 2422/2503/1495
f 2426/2504/1496 2424/2505/1498 2431/2508/1501
f 2424/2505/1498 2428/2509/1502 2431/2508/1501
f 2429/2510/1503 2427/2506/1499 2425/2507/1500
f 2430/2510/1504 2429/2510/1503 2425/2507/1500
f 2430/2510/1504 2432/2511/1505 2429/2510/1503
f 2431/2508/1501 2428/2509/1502 2435/2512/1506
f 2434/2513/1507 2429/2510/1503 2432/2511/1505
f 2428/2509/1502 2433/2514/1508 2435/2512/1506
f 2432/2511/1505 2436/2515/1509 2434/2513/1507
f 2435/2512/1506 2433/2514/1508 2439/2516/1510
f 2438/2517/1511 2434/2513/1507 2436/2515/1509
f 2433/2514/1508 2437/2518/1512 2439/2516/1510
f 2436/2515/1509 2440/2519/1513 2438/2517/1511
f 2439/2516/1510 2437/2518/1512 2443/2520/1514
f 2442/2521/1515 2438/2517/1511 2440/2519/1513
f 2437/2518/1512 2441/2522/1516 2443/2520/1514
f 2440/2519/1513 2444/2523/1517 2442/2521/1515
f 2443/2520/1514 2441/2522/1516 2445/2524/1518
f 2447/2525/1519 2442/2521/1515 2444/2523/1517
f 2441/2522/1516 2446/2524/1520 2445/2524/1518
f 2446/2524/1520 2448/2526/1521 2445/2524/1518
f 2450/2527/1522 2445/2524/1518 2448/2526/1521
f 2444/2523/1517 2449/2528/1523 2447/2525/1519
f 2451/2529/1524 2447/2525/1519 2449/2528/1523
f 2448/2526/1521 2452/2530/1525 2450/2527/1522
f 2454/2531/1526 2450/2527/1522 2452/2530/1525
f 2449/2528/1523 2453/2532/1527 2451/2529/1524
f 2455/2533/1528 2451/2529/1524 2453/2532/1527
f 2452/2530/1525 2456/2534/1529 2454/2531/1526
f 2458/2535/1530 2454/2531/1526 2456/2534/1529
f 2453/2532/1527 2457/2536/1531 2455/2533/1528
f 2459/2536/1137 2455/2533/1528 2457/2536/1531
f 2463/2537/1532 2459/2536/1137 2457/2536/1531
f 2456/2534/1529 2460/2538/1533 2458/2535/1530
f 2461/2539/1534 2463/2537/1532 2457/2536/1531
f 2462/2540/1535 2458/2535/1530 2460/2538/1533
f 2467/2541/1536 2463/2537/1532 2461/2539/1534
f 2460/2538/1533 2464/2542/1537 2462/2540/1535
f 2465/2543/1538 2467/2541/1536 2461/2539/1534
f 2466/2544/1539 2462/2540/1535 2464/2542/1537
f 2471/2545/1540 2467/2541/1536 2465/2543/1538
f 2464/2542/1537 2468/2546/1541 2466/2544/1539
f 2469/2547/1542 2471/2545/1540 2465/2543/1538
f 2470/2548/1543 2466/2544/1539 2468/2546/1541
f 2475/2549/1544 2471/2545/1540 2469/2547/1542
f 2468/2546/1541 2472/2550/1545 2470/2548/1543
f 2473/2551/1546 2475/2549/1544 2469/2547/1542
f 2474/2550/1547 2470/2548/1543 2472/2550/1545
f 2474/2550/1547 2472/2550/1545 2478/2552/1548
f 2472/2550/1545 2476/2553/1549 2478/2552/1548
f 2480/2554/1550 2475/2549/1544 2473/2551/1546
f 2477/2555/1551 2480/2554/1550 2473/2551/1546
f 2478/2552/1548 2476/2553/1549 2479/2556/1552
f 2476/2553/1549 2481/2556/1553 2479/2556/1552
f 2485/2557/1554 2480/2554/1550 2477/2555/1551
f 2481/2556/1553 2482/2558/1555 2479/2556/1552
f 2483/2559/1556 2485/2557/1554 2477/2555/1551
f 2484/2558/1557 2479/2556/1552 2482/2558/1555
f 2484/2558/1557 2482/2558/1555 2483/2559/1556
f 2482/2558/1555 2485/2557/1554 2483/2559/1556
f 2488/2560/1558 2486/2561/2 2487/2562/2
f 2488/2560/1558 2489/2563/2 2486/2561/2
f 2488/2560/1558 2487/2562/2 2490/2564/2
f 2488/2560/1558 2491/2565/2 2489/2563/2
f 2488/2560/1558 2490/2564/2 2492/2566/2
f 2488/2560/1558 2493/2567/2 2491/2565/2
f 2488/2560/1558 2492/2566/2 2494/2568/2
f 2488/2560/1558 2495/2569/2 2493/2567/2
f 2488/2560/1558 2494/2568/2 2496/2570/2
f 2488/2560/1558 2497/2571/2 2495/2569/2
f 2488/2560/1558 2496/2570/2 2498/2572/2
f 2488/2560/1558 2499/2573/2 2497/2571/2
f 2488/2560/1558 2498/2572/2 2500/2574/2
f 2488/2560/1558 2501/2575/2 2499/2573/2
f 2488/2560/1558 2500/2574/2 2502/2576/2
f 2488/2560/1558 2503/2577/2 2501/2575/2
f 2488/2560/1558 2502/2576/2 2504/2578/2
f 2488/2560/1558 2505/2579/2 2503/2577/2
f 2488/2560/1558 2504/2578/2 2506/2580/2
f 2488/2560/1558 2507/2581/2 2505/2579/2
f 2488/2560/1558 2506/2580/2 2508/2582/2
f 2488/2560/1558 2509/2583/2 2507/2581/2
f 2488/2560/1558 2508/2582/2 2510/2584/2
f 2488/2560/1558 2511/2585/2 2509/2583/2
f 2488/2560/1558 2510/2584/2 2512/2586/2
f 2488/2560/1558 2513/2587/2 2511/2585/2
f 2488/2560/1558 2512/2586/2 2514/2588/2
f 2488/2560/1558 2515/2589/2 2513/2587/2
f 2488/2560/1558 2514/2588/2 2516/2590/2
f 2488/2560/1558 2517/2591/2 2515/2589/2
f 2488/2560/1558 2516/2590/2 2518/2592/2
f 2488/2560/1558 2519/2593/2 2517/2591/2
f 2488/2560/1558 2518/2592/2 2520/2594/2
f 2488/2560/1558 2521/2595/2 2519/2593/2
f 2488/2560/1558 2520/2594/2 2522/2596/2
f 2488/2560/1558 2523/2597/2 2521/2595/2
f 2488/2560/1558 2522/2596/2 2524/2598/2
f 2488/2560/1558 2525/2599/2 2523/2597/2
f 2488/2560/1558 2524/2598/2 2526/2600/2
f 2488/2560/1558 2527/2601/2 2525/2599/2
f 2488/2560/1558 2526/2600/2 2528/2602/2
f 2488/2560/1558 2529/2603/2 2527/2601/2
f 2488/2560/1558 2528/2602/2 2530/2604/2
f 2488/2560/1558 2531/2605/2 2529/2603/2
f 2488/2560/1558 2530/2604/2 2532/2606/2
f 2488/2560/1558 2533/2607/2 2531/2605/2
f 2488/2560/1558 2532/2606/2 2534/2608/2
f 2488/2560/1558 2535/2609/2 2533/2607/2
f 2488/2560/1558 2534/2608/2 2536/2610/2
f 2488/2560/1558 2537/2611/111 2535/2609/2
f 2488/2560/1558 2536/2610/2 2538/2612/2
f 2488/2560/1558 2539/2613/2 2537/2611/111
f 2488/2560/1558 2538/2612/2 2540/2614/2
f 2488/2560/1558 2540/2614/2 2541/2615/2
f 2488/2560/1558 2541/2615/2 2543/2616/111
f 2488/2560/1558 2544/2617/111 2542/2618/2
f 2488/2560/1558 2543/2616/111 2545/2619/2
f 2488/2560/1558 2545/2619/2 2544/2617/111
f 2548/2620/332 2546/2621/1559 2547/2622/3
f 2549/2623/3 2546/2621/1559 2548/2620/332
f 2547/2622/3 2546/2621/1559 2550/2624/332
f 2551/2625/3 2546/2621/1559 2549/2623/3
f 2552/2626/3 2546/2621/1559 2551/2625/3
f 2554/2627/3 2546/2621/1559 2552/2626/3
f 2553/2628/332 2546/2621/1559 2555/2629/3
f 2556/2630/3 2546/2621/1559 2554/2627/3
f 2555/2629/3 2546/2621/1559 2557/2631/332
f 2558/2632/3 2546/2621/1559 2556/2630/3
f 2557/2631/332 2546/2621/1559 2559/2633/3
f 2560/2634/3 2546/2621/1559 2558/2632/3
f 2559/2633/3 2546/2621/1559 2561/2635/3
f 2562/2636/3 2546/2621/1559 2560/2634/3
f 2561/2635/3 2546/2621/1559 2563/2637/3
f 2564/2638/3 2546/2621/1559 2562/2636/3
f 2563/2637/3 2546/2621/1559 2565/2639/3
f 2566/2640/3 2546/2621/1559 2564/2638/3
f 2565/2639/3 2546/2621/1559 2567/2641/3
f 2568/2642/3 2546/2621/1559 2566/2640/3
f 2567/2641/3 2546/2621/1559 2569/2643/3
f 2570/2644/3 2546/2621/1559 2568/2642/3
f 2569/2643/3 2546/2621/1559 2571/2645/3
f 2572/2646/3 2546/2621/1559 2570/2644/3
f 2571/2645/3 2546/2621/1559 2573/2647/3
f 2574/2648/3 2546/2621/1559 2572/2646/3
f 2573/2647/3 2546/2621/1559 2575/2649/3
f 2576/2650/3 2546/2621/1559 2574/2648/3
f 2575/2649/3 2546/2621/1559 2577/2651/3
f 2578/2652/3 2546/2621/1559 2576/2650/3
f 2577/2651/3 2546/2621/1559 2579/2653/3
f 2580/2654/3 2546/2621/1559 2578/2652/3
f 2579/2653/3 2546/2621/1559 2581/2655/3
f 2582/2656/3 2546/2621/1559 2580/2654/3
f 2581/2655/3 2546/2621/1559 2583/2657/3
f 2584/2658/3 2546/2621/1559 2582/2656/3
f 2583/2657/3 2546/2621/1559 2585/2659/3
f 2586/2660/3 2546/2621/1559 2584/2658/3
f 2585/2659/3 2546/2621/1559 2587/2661/3
f 2588/2662/3 2546/2621/1559 2586/2660/3
f 2587/2661/3 2546/2621/1559 2589/2663/3
f 2590/2664/3 2546/2621/1559 2588/2662/3
f 2589/2663/3 2546/2621/1559 2591/2665/3
f 2592/2666/3 2546/2621/1559 2590/2664/3
f 2591/2665/3 2546/2621/1559 2593/2667/3
f 2594/2668/3 2546/2621/1559 2592/2666/3
f 2593/2667/3 2546/2621/1559 2595/2669/3
f 2596/2670/3 2546/2621/1559 2594/2668/3
f 2595/2669/3 2546/2621/1559 2597/2671/3
f 2598/2672/3 2546/2621/1559 2596/2670/3
f 2597/2671/3 2546/2621/1559 2599/2673/3
f 2600/2674/3 2546/2621/1559 2598/2672/3
f 2599/2673/3 2546/2621/1559 2601/2675/3
f 2602/2676/3 2546/2621/1559 2600/2674/3
f 2601/2675/3 2546/2621/1559 2603/2677/3
f 2604/2678/3 2546/2621/1559 2602/2676/3
f 2603/2677/3 2546/2621/1559 2605/2679/3
f 2605/2679/3 2546/2621/1559 2604/2678/3
f 2608/2680/2 2606/2681/2 2607/2682/2
f 2608/2680/2 2607/2682/2 2609/2683/2
f 2612/2684/2 2610/2685/2 2611/2686/2
f 2613/2687/2 2611/2686/2 2610/2685/2
f 2616/2688/2 2614/2689/2 2615/2690/2
f 2617/2691/2 2615/2690/2 2614/2689/2
f 2620/2692/2 2618/2693/2 2619/2694/2
f 2621/2695/2 2619/2694/2 2618/2693/2
f 2624/2696/2 2622/2697/2 2623/2698/2
f 2625/2699/2 2623/2698/2 2622/2697/2
f 2628/2700/2 2626/2701/2 2627/2702/2
f 2629/2703/2 2627/2702/2 2626/2701/2
f 2626/2701/2 2630/2704/2 2629/2703/2
f 2631/2705/2 2629/2703/2 2630/2704/2
f 2618/2693/2 2632/2706/2 2621/2695/2
f 2633/2707/2 2621/2695/2 2632/2706/2
f 2636/2708/2 2634/2709/2 2635/2710/2
f 2634/2709/2 2636/2708/2 2637/2711/2
f 2640/2712/2 2638/2713/2 2639/2714/2
f 2641/2715/2 2639/2714/2 2638/2713/2
f 2642/2716/2 2633/2707/2 2632/2706/2
f 2643/2717/2 2633/2707/2 2642/2716/2
f 2646/2718/2 2644/2719/2 2645/2720/2
f 2647/2721/2 2645/2720/2 2644/2719/2
f 2650/2722/2 2648/2723/2 2649/2724/2
f 2650/2722/2 2649/2724/2 2651/2725/2
f 2609/2683/2 2607/2682/2 2652/2726/2
f 2653/2727/2 2652/2726/2 2607/2682/2
f 2630/2704/2 2646/2718/2 2631/2705/2
f 2645/2720/2 2631/2705/2 2646/2718/2
f 2627/2702/2 2620/2692/2 2628/2700/2
f 2619/2694/2 2628/2700/2 2620/2692/2
f 2636/2708/2 2654/2728/2 2637/2711/2
f 2655/2729/2 2637/2711/2 2654/2728/2
f 2658/2730/2 2656/2731/2 2657/2732/2
f 2659/2733/2 2657/2732/2 2656/2731/2
f 2662/2734/2 2660/2735/2 2661/2736/2
f 2662/2734/2 2661/2736/2 2663/2737/2
f 2666/2738/2 2664/2739/2 2665/2740/2
f 2664/2739/2 2666/2738/2 2667/2741/2
f 2640/2712/2 2665/2740/2 2638/2713/2
f 2666/2738/2 2665/2740/2 2640/2712/2
f 2656/2731/2 2668/2742/2 2659/2733/2
f 2669/2743/2 2659/2733/2 2668/2742/2
f 2610/2685/2 2612/2684/2 2641/2715/2
f 2639/2714/2 2641/2715/2 2612/2684/2
f 2671/2744/2 2670/2745/2 2613/2687/2
f 2611/2686/2 2613/2687/2 2670/2745/2
f 2662/2734/2 2663/2737/2 2672/2746/2
f 2673/2747/2 2672/2746/2 2663/2737/2
f 2644/2719/2 2674/2748/2 2647/2721/2
f 2675/2749/2 2647/2721/2 2674/2748/2
f 2657/2732/2 2643/2717/2 2658/2730/2
f 2642/2716/2 2658/2730/2 2643/2717/2
f 2670/2745/2 2671/2744/2 2616/2688/2
f 2614/2689/2 2616/2688/2 2671/2744/2
f 2677/2750/2 2676/2751/2 2624/2752/2
f 2622/2753/2 2624/2752/2 2676/2751/2
f 2654/2728/2 2678/2754/2 2655/2729/2
f 2679/2755/2 2655/2729/2 2678/2754/2
f 2678/2754/2 2648/2723/2 2679/2755/2
f 2650/2722/2 2679/2755/2 2648/2723/2
f 2615/2690/2 2617/2691/2 2680/2756/2
f 2681/2757/2 2680/2756/2 2617/2691/2
f 2684/2758/2 2682/2759/2 2683/2760/2
f 2685/2761/2 2683/2760/2 2682/2759/2
f 2688/2762/2 2686/2763/2 2687/2764/2
f 2689/2765/2 2687/2764/2 2686/2763/2
f 2692/2766/2 2690/2767/2 2691/2768/2
f 2693/2769/2 2691/2768/2 2690/2767/2
f 2690/2767/2 2694/2770/2 2693/2769/2
f 2695/2771/2 2693/2769/2 2694/2770/2
f 2682/2759/2 2696/2772/2 2685/2761/2
f 2697/2773/2 2685/2761/2 2696/2772/2
f 2700/2774/2 2698/2775/2 2699/2776/2
f 2701/2777/2 2699/2776/2 2698/2775/2
f 2704/2778/2 2702/2779/2 2703/2780/2
f 2705/2781/2 2703/2780/2 2702/2779/2
f 2708/2782/2 2706/2783/2 2707/2784/2
f 2709/2785/2 2707/2784/2 2706/2783/2
f 2710/2786/2 2697/2773/2 2696/2772/2
f 2711/2787/2 2697/2773/2 2710/2786/2
f 2714/2788/2 2712/2789/2 2713/2790/2
f 2715/2791/2 2713/2790/2 2712/2789/2
f 2718/2792/2 2716/2793/2 2717/2794/2
f 2718/2792/2 2717/2794/2 2719/2795/2
f 2722/2796/2 2720/2797/2 2721/2798/2
f 2723/2799/2 2721/2798/2 2720/2797/2
f 2726/2800/2 2724/2801/2 2725/2802/2
f 2727/2803/2 2725/2802/2 2724/2801/2
f 2730/2804/2 2728/2805/2 2729/2806/2
f 2731/2807/2 2729/2806/2 2728/2805/2
f 2694/2770/2 2714/2788/2 2695/2771/2
f 2713/2790/2 2695/2771/2 2714/2788/2
f 2691/2768/2 2684/2758/2 2692/2766/2
f 2683/2760/2 2692/2766/2 2684/2758/2
f 2870/2808/1560 2732/2809/1561 2733/2810/1562
f 2737/2811/2 2735/2812/2 2736/2813/2
f 2738/2814/2 2736/2813/2 2735/2812/2
f 2740/2815/2 2739/2816/2 2709/2785/2
f 2707/2784/2 2709/2785/2 2739/2816/2
f 2724/2801/2 2741/2817/2 2727/2803/2
f 2742/2818/2 2727/2803/2 2741/2817/2
f 2717/2794/2 2737/2811/2 2719/2795/2
f 2736/2813/2 2719/2795/2 2737/2811/2
f 2722/2796/2 2729/2806/2 2731/2807/2
f 2722/2796/2 2731/2807/2 2720/2797/2
f 2745/2819/2 2743/2820/2 2744/2821/2
f 2746/2822/2 2744/2821/2 2743/2820/2
f 2701/2777/2 2706/2783/2 2708/2782/2
f 2699/2776/2 2701/2777/2 2708/2782/2
f 2735/2812/2 2747/2823/2 2738/2814/2
f 2748/2824/2 2738/2814/2 2747/2823/2
f 2750/2825/2 2742/2818/2 2749/2826/2
f 2741/2817/2 2749/2826/2 2742/2818/2
f 2743/2820/2 2751/2827/2 2746/2822/2
f 2752/2828/2 2746/2822/2 2751/2827/2
f 2712/2789/2 2753/2829/2 2715/2791/2
f 2754/2830/2 2715/2791/2 2753/2829/2
f 2744/2821/2 2711/2787/2 2745/2819/2
f 2710/2786/2 2745/2819/2 2711/2787/2
f 2756/2831/2 2755/2832/2 2740/2815/2
f 2739/2816/2 2740/2815/2 2755/2832/2
f 2758/2833/2 2704/2778/2 2757/2834/2
f 2703/2780/2 2757/2834/2 2704/2778/2
f 2700/2774/2 2723/2799/2 2698/2775/2
f 2721/2798/2 2723/2799/2 2700/2774/2
f 2760/2835/2 2759/2836/2 2688/2837/2
f 2686/2838/2 2688/2837/2 2759/2836/2
f 2747/2823/2 2750/2825/2 2748/2824/2
f 2749/2826/2 2748/2824/2 2750/2825/2
f 2762/2839/2 2716/2793/2 2761/2840/2
f 2718/2792/2 2761/2840/2 2716/2793/2
f 2763/2841/1563 2816/2842/1564 2765/2843/1565
f 2764/2844/1566 2765/2843/1565 2816/2842/1564
f 2765/2843/1565 2764/2844/1566 2767/2845/1567
f 2766/2846/1568 2767/2845/1567 2764/2844/1566
f 2769/2847/1569 2767/2845/1567 2766/2846/1568
f 2768/2848/1570 2769/2847/1569 2766/2846/1568
f 2769/2847/1569 2768/2848/1570 2771/2849/1571
f 2770/2850/1572 2771/2849/1571 2768/2848/1570
f 2776/2851/1573 2774/2852/1574 2772/2853/1575
f 2773/2854/1576 2774/2852/1574 2776/2851/1573
f 2773/2854/1576 2804/2855/1577 2774/2852/1574
f 2775/2856/1578 2804/2855/1577 2773/2854/1576
f 2776/2851/1573 2772/2853/1575 2778/2857/1579
f 2777/2858/1580 2778/2857/1579 2772/2853/1575
f 2778/2857/1579 2777/2858/1580 2780/2859/1581
f 2779/2860/1582 2780/2859/1581 2777/2858/1580
f 2664/2739/2 2667/2741/2 2660/2735/2
f 2661/2736/2 2660/2735/2 2667/2741/2
f 2788/2861/1583 2907/2862/1584 2781/2863/1585
f 2782/2864/1586 2907/2862/1584 2788/2861/1583
f 2785/2865/1587 2783/2866/1588 2784/2867/1589
f 2823/2868/1590 2784/2867/1589 2783/2866/1588
f 2634/2869/2 2672/2746/2 2635/2870/2
f 2673/2747/2 2635/2870/2 2672/2746/2
f 2623/2698/2 2625/2699/2 2786/2871/2
f 2787/2872/2 2786/2871/2 2625/2699/2
f 2813/2873/1591 2779/2874/1582 2789/2875/1592
f 2780/2876/1581 2779/2874/1582 2813/2873/1591
f 2820/2877/1593 2790/2878/1594 2791/2879/1595
f 2799/2880/1596 2792/2881/1597 2793/2882/1598
f 2797/2883/1599 2794/2884/1600 2795/2885/1601
f 2795/2885/1601 2796/2886/1602 2797/2883/1599
f 2793/2882/1598 2798/2887/1603 2799/2880/1596
f 2822/2888/1604 2800/2889/1605 2889/2890/1606
f 2801/2891/1607 2822/2888/1604 2889/2890/1606
f 2824/2892/1608 2805/2893/1609 2819/2894/1610
f 2806/2895/1611 2824/2892/1608 2819/2894/1610
f 2808/2896/1612 2807/2897/1613 2882/2898/1614
f 2809/2899/1615 2808/2896/1612 2882/2898/1614
f 2825/2900/1616 2781/2863/1585 2810/2901/1617
f 2788/2861/1583 2781/2863/1585 2825/2900/1616
f 2792/2881/1597 2811/2902/1618 2812/2903/1619
f 2815/2904/1620 2812/2903/1619 2814/2905/1621
f 2811/2902/1618 2814/2905/1621 2812/2903/1619
f 2802/2906/1622 2803/2907/1623 2809/2899/1615
f 2808/2896/1612 2809/2899/1615 2803/2907/1623
f 2763/2841/1563 2803/2907/1623 2802/2906/1622
f 2816/2842/1564 2763/2841/1563 2802/2906/1622
f 2794/2908/1600 2817/2909/1624 2818/2910/1625
f 2821/2911/1626 2820/2877/1593 2791/2879/1595
f 2819/2894/1610 2805/2893/1609 2821/2911/1626
f 2820/2877/1593 2821/2911/1626 2805/2893/1609
f 2812/2903/1619 2793/2882/1598 2792/2881/1597
f 2775/2856/1578 2810/2901/1617 2804/2855/1577
f 2825/2900/1616 2810/2901/1617 2775/2856/1578
f 2818/2910/1625 2795/2912/1601 2794/2908/1600
f 2783/2913/1588 2771/2849/1571 2823/2914/1590
f 2770/2850/1572 2823/2914/1590 2771/2849/1571
f 2915/2915/1627 2797/2883/1599 2796/2886/1602
f 2668/2916/2 2826/2917/2 2669/2918/2
f 2827/2919/2 2669/2918/2 2826/2917/2
f 2826/2917/2 2828/2920/2 2827/2919/2
f 2829/2921/2 2827/2919/2 2828/2920/2
f 2677/2750/2 2675/2749/2 2676/2751/2
f 2674/2748/2 2676/2751/2 2675/2749/2
f 2680/2756/2 2681/2757/2 2653/2922/2
f 2652/2923/2 2653/2922/2 2681/2757/2
f 2835/2924/1628 2834/2925/1629 2841/2926/1630
f 2687/2764/2 2689/2765/2 2756/2831/2
f 2755/2832/2 2756/2831/2 2689/2765/2
f 2834/2925/1629 2840/2927/1631 2841/2926/1630
f 2831/2928/1632 2842/2929/1633 2867/2930/1634
f 2830/2931/1635 2831/2928/1632 2867/2930/1634
f 2844/2932/1636 2843/2933/1637 2846/2934/1638
f 2845/2935/1639 2846/2934/1638 2843/2933/1637
f 2846/2934/1638 2845/2935/1639 2848/2936/1568
f 2845/2935/1639 2847/2937/1640 2848/2936/1568
f 2848/2936/1568 2847/2937/1640 2850/2938/1641
f 2849/2939/1642 2850/2938/1641 2847/2937/1640
f 2853/2940/1643 2851/2941/1644 2852/2942/1645
f 2863/2943/1646 2836/2944/1647 2837/2945/1648
f 2858/2946/1649 2863/2943/1646 2837/2945/1648
f 2839/2947/1650 2838/2948/1651 2859/2949/1652
f 2860/2950/1653 2859/2949/1652 2838/2948/1651
f 2862/2951/1654 2861/2952/1655 2904/2953/1656
f 2871/2954/1657 2840/2927/1631 2864/2955/1658
f 2841/2926/1630 2840/2927/1631 2871/2954/1657
f 2854/2956/1659 2855/2957/1660 2862/2951/1654
f 2861/2952/1655 2862/2951/1654 2855/2957/1660
f 2837/2945/1648 2836/2944/1647 2833/2958/1661
f 2832/2959/1662 2833/2958/1661 2836/2944/1647
f 2865/2960/1663 2733/2810/1562 2732/2809/1561
f 2833/2958/1661 2832/2959/1662 2839/2947/1650
f 2838/2948/1651 2839/2947/1650 2832/2959/1662
f 2868/2961/1664 2855/2957/1660 2854/2956/1659
f 2866/2962/1564 2868/2961/1664 2854/2956/1659
f 2733/2810/1562 2869/2963/1665 2870/2808/1560
f 2850/2938/1641 2849/2939/1642 2866/2962/1564
f 2868/2961/1664 2866/2962/1564 2849/2939/1642
f 2867/2930/1634 2842/2929/1633 2869/2963/1665
f 2870/2808/1560 2869/2963/1665 2842/2929/1633
f 2856/2964/1666 2864/2955/1658 2857/2965/1667
f 2871/2954/1657 2864/2955/1658 2856/2964/1666
f 2873/2966/1668 2843/2933/1637 2872/2967/1669
f 2844/2932/1636 2872/2967/1669 2843/2933/1637
f 2760/2835/2 2754/2830/2 2759/2836/2
f 2753/2829/2 2759/2836/2 2754/2830/2
f 2877/2968/2 2726/2800/2 2876/2969/2
f 2725/2802/2 2876/2969/2 2726/2800/2
f 2730/2804/2 2758/2833/2 2728/2805/2
f 2757/2834/2 2728/2805/2 2758/2833/2
f 2879/2970/2 2877/2968/2 2878/2971/2
f 2876/2969/2 2878/2971/2 2877/2968/2
f 2807/2972/1613 2880/2973/1670 2881/2974/1671
f 2882/2975/1614 2807/2972/1613 2881/2974/1671
f 2884/2976/1672 2824/2892/1608 2806/2895/1611
f 2883/2977/1673 2884/2976/1672 2806/2895/1611
f 2884/2976/1672 2883/2977/1673 2886/2978/1674
f 2885/2979/1675 2886/2978/1674 2883/2977/1673
f 2888/2980/1676 2886/2978/1674 2885/2979/1675
f 2887/2981/1677 2888/2980/1676 2885/2979/1675
f 2800/2982/1605 2888/2980/1676 2887/2981/1677
f 2889/2983/1606 2800/2982/1605 2887/2981/1677
f 2891/2984/1678 2863/2943/1646 2858/2946/1649
f 2890/2985/1679 2891/2984/1678 2858/2946/1649
f 2892/2986/1680 2891/2984/1678 2890/2985/1679
f 2893/2987/1681 2892/2986/1680 2890/2985/1679
f 2894/2988/1682 2851/2941/1644 2853/2940/1643
f 2895/2989/1683 2894/2988/1682 2853/2940/1643
f 2896/2990/1684 2894/2988/1682 2895/2989/1683
f 2897/2991/1685 2896/2990/1684 2895/2989/1683
f 2896/2990/1684 2897/2991/1685 2898/2992/1686
f 2734/2993/1687 2898/2992/1686 2897/2991/1685
f 2898/2992/1686 2734/2993/1687 2899/2994/1688
f 2900/2995/1689 2899/2994/1688 2734/2993/1687
f 2899/2994/1688 2900/2995/1689 2901/2996/1690
f 2902/2997/1691 2901/2996/1690 2900/2995/1689
f 2901/2996/1690 2902/2997/1691 2903/2998/1692
f 2904/2999/1656 2903/2998/1692 2902/2997/1691
f 2903/2998/1692 2904/2999/1656 2861/3000/1655
f 2906/3001/1693 2905/3002/1694 2782/3003/1586
f 2782/3003/1586 2905/3002/1694 2907/3004/1584
f 2910/3005/1695 2908/3006/1696 2909/3007/1697
f 2911/3008/1698 2909/3007/1697 2908/3006/1696
f 2908/3006/1696 2912/3009/1699 2911/3008/1698
f 2913/3010/1700 2911/3008/1698 2912/3009/1699
f 2912/3009/1699 2815/3011/1620 2913/3010/1700
f 2814/3012/1621 2913/3010/1700 2815/3011/1620
f 2796/2886/1602 2914/3013/1701 2915/2915/1627
f 2917/3014/1702 2915/2915/1627 2914/3013/1701
f 2914/3013/1701 2916/3015/1703 2917/3014/1702
f 2798/2887/1603 2917/3014/1702 2916/3015/1703
f 2916/3015/1703 2799/2880/1596 2798/2887/1603
f 2919/3016/1704 2918/3017/1705 2921/3018/1706
f 2920/3019/1707 2921/3018/1706 2918/3017/1705
f 2920/3019/1707 2923/3020/1708 2921/3018/1706
f 2922/3021/1709 2923/3020/1708 2920/3019/1707
f 2923/3020/1708 2922/3021/1709 2790/3022/1594
f 2791/3023/1595 2790/3022/1594 2922/3021/1709
f 2925/3024/1710 2924/3025/1711 2927/3026/1712
f 2924/3025/1711 2926/3027/1713 2927/3026/1712
f 2927/3026/1712 2926/3027/1713 2929/3028/1714
f 2926/3027/1713 2928/3029/1715 2929/3028/1714
f 2929/3028/1714 2928/3029/1715 2931/3030/1716
f 2930/3031/1717 2931/3030/1716 2928/3029/1715
f 2931/3030/1716 2930/3031/1717 2933/3032/1718
f 2932/3033/1719 2933/3032/1718 2930/3031/1717
f 2933/3032/1718 2932/3033/1719 2935/3034/1720
f 2934/3035/1721 2935/3034/1720 2932/3033/1719
f 2935/3034/1720 2934/3035/1721 2835/3036/1628
f 2936/3037/1722 2835/3036/1628 2934/3035/1721
f 2834/3038/1629 2835/3036/1628 2936/3037/1722
f 2938/3039/1723 2937/3040/1724 2940/3041/1725
f 2939/3042/1726 2940/3041/1725 2937/3040/1724
f 2875/3043/1727 2874/3044/1728 2939/3042/1726
f 2940/3041/1725 2939/3042/1726 2874/3044/1728
f 2732/2809/1561 2941/3045/1729 2865/2960/1663
f 2942/3046/1730 2865/2960/1663 2941/3045/1729
f 2941/3045/1729 2943/3047/1731 2942/3046/1730
f 2944/3048/1732 2942/3046/1730 2943/3047/1731
f 2938/3039/1723 2946/3049/1733 2937/3040/1724
f 2945/3050/1734 2946/3049/1733 2938/3039/1723
f 2945/3050/1734 2857/2965/1667 2946/3049/1733
f 2856/2964/1666 2857/2965/1667 2945/3050/1734
f 2949/3051/4 2947/3052/3 2948/3053/3
f 2949/3051/4 2948/3053/3 2950/3054/3
f 2949/3051/4 2951/3055/3 2952/3056/3
f 2949/3051/4 2952/3056/3 2953/3057/3
f 2949/3051/4 2954/3058/3 2955/3059/3
f 2949/3051/4 2955/3059/3 2956/3060/3
f 2949/3051/4 2950/3054/3 2957/3061/3
f 2949/3051/4 2957/3061/3 2958/3062/3
f 2949/3051/4 2958/3062/3 2959/3063/3
f 2949/3051/4 2959/3063/3 2960/3064/3
f 2949/3051/4 2961/3065/3 2962/3066/3
f 2949/3051/4 2960/3064/3 2961/3065/3
f 2949/3051/4 2963/3067/3 2964/3068/3
f 2949/3051/4 2962/3066/3 2963/3067/3
f 2949/3051/4 2965/3069/3 2966/3070/3
f 2949/3051/4 2966/3070/3 2947/3052/3
f 2949/3051/4 2967/3071/3 2965/3069/3
f 2949/3051/4 2968/3072/3 2967/3071/3
f 2949/3051/4 2969/3073/3 2968/3072/3
f 2949/3051/4 2970/3074/3 2969/3073/3
f 2949/3051/4 2971/3075/3 2970/3074/3
f 2949/3051/4 2972/3076/3 2971/3075/3
f 2949/3051/4 2973/3077/3 2972/3076/3
f 2949/3051/4 2974/3078/3 2973/3077/3
f 2949/3051/4 2975/3079/3 2974/3078/3
f 2949/3051/4 2976/3080/3 2975/3079/3
f 2949/3051/4 2977/3081/3 2976/3080/3
f 2949/3051/4 2978/3082/3 2977/3081/3
f 2949/3051/4 2979/3083/3 2978/3082/3
f 2949/3051/4 2980/3084/3 2979/3083/3
f 2949/3051/4 2981/3085/3 2980/3084/3
f 2949/3051/4 2982/3086/3 2981/3085/3
f 2949/3051/4 2956/3060/3 2982/3086/3
f 2949/3051/4 2953/3057/3 2954/3058/3
f 2949/3051/4 2983/3087/3 2984/3088/3
f 2949/3051/4 2985/3089/3 2983/3087/3
f 2949/3051/4 2986/3090/3 2985/3089/3
f 2949/3051/4 2987/3091/3 2986/3090/3
f 2949/3051/4 2964/3068/3 2987/3091/3
f 2990/3092/4 2988/3093/3 2989/3094/3
f 2990/3092/4 2991/3095/3 2988/3093/3
f 2990/3092/4 2992/3096/3 2991/3095/3
f 2990/3092/4 2993/3097/3 2992/3096/3
f 2990/3092/4 2994/3098/3 2993/3097/3
f 2990/3092/4 2995/3099/3 2994/3098/3
f 2990/3092/4 2996/3100/3 2995/3099/3
f 2990/3092/4 2997/3101/3 2996/3100/3
f 2990/3092/4 2998/3102/3 2997/3101/3
f 2990/3092/4 2999/3103/3 2998/3102/3
f 2990/3092/4 3000/3104/3 2999/3103/3
f 2990/3092/4 3001/3105/3 3000/3104/3
f 2990/3092/4 3002/3106/3 3001/3105/3
f 2990/3092/4 3003/3107/3 3002/3106/3
f 2990/3092/4 3004/3108/3 3003/3107/3
f 2990/3092/4 3005/3109/3 3004/3108/3
f 2990/3092/4 3006/3110/3 3005/3109/3
f 2990/3092/4 3007/3111/3 3006/3110/3
f 2990/3092/4 3008/3112/3 3007/3111/3
f 2990/3092/4 3009/3113/3 3008/3112/3
f 2990/3092/4 3010/3114/3 3009/3113/3
f 2990/3092/4 3011/3115/3 3010/3114/3
f 2990/3092/4 3012/3116/3 3011/3115/3
f 2990/3092/4 3013/3117/3 3012/3116/3
f 2990/3092/4 3014/3118/3 3013/3117/3
f 2990/3092/4 3015/3119/3 3014/3118/3
f 2990/3092/4 3016/3120/3 3015/3119/3
f 2990/3092/4 3017/3121/3 3016/3120/3
f 2990/3092/4 3018/3122/3 3017/3121/3
f 2990/3092/4 3019/3123/3 3018/3122/3
f 2990/3092/4 3020/3124/3 3019/3123/3
f 2990/3092/4 3021/3125/3 3020/3124/3
f 2990/3092/4 3022/3126/3 3021/3125/3
f 2990/3092/4 3023/3127/3 3022/3126/3
f 2990/3092/4 3024/3128/3 3023/3127/3
f 2990/3092/4 3025/3129/3 3024/3128/3
f 2990/3092/4 3026/3130/3 3025/3129/3
f 2990/3092/4 3027/3131/3 3026/3130/3
f 2990/3092/4 3028/3132/3 3027/3131/3
f 3031/3133/3 3029/3134/3 3030/3135/3
f 3032/3136/3 3030/3135/3 3029/3134/3
f 3035/3137/2 3033/3138/2 3034/3139/2
f 3033/3138/2 3035/3137/2 3036/3140/2
f 3039/3141/1735 3037/3142/1735 3038/3143/1735
f 3040/3144/1735 3038/3143/1735 3037/3142/1735
f 3043/3145/1736 3041/3146/1736 3042/3147/1737
f 3044/3148/1736 3042/3147/1737 3041/3146/1736
f 3047/3149/1738 3045/3150/1738 3046/3151/1738
f 3048/3152/1738 3047/3149/1738 3046/3151/1738
f 3051/3153/1739 3049/3154/1739 3050/3155/1739
f 3052/3156/1739 3049/3154/1739 3051/3153/1739
f 3055/3157/3 3053/3158/3 3054/3159/3
f 3056/3160/3 3054/3159/3 3053/3158/3
f 3059/3161/2 3057/3162/2 3058/3163/2
f 3057/3162/2 3059/3161/2 3060/3164/2
f 3063/3165/1740 3061/3166/1740 3062/3167/1740
f 3064/3168/1740 3063/3165/1740 3062/3167/1740
f 3067/3169/1100 3065/3170/1100 3066/3171/1100
f 3068/3172/1100 3065/3170/1100 3067/3169/1100
f 3071/3173/3 3069/3174/3 3070/3175/3
f 3072/3176/3 3070/3175/3 3069/3174/3
f 3075/3177/2 3073/3178/2 3074/3179/2
f 3076/3180/2 3073/3178/2 3075/3177/2
f 3079/3181/1741 3077/3182/1741 3078/3183/1741
f 3080/3184/1741 3078/3183/1741 3077/3182/1741
f 3083/3185/1457 3081/3186/1457 3082/3187/1457
f 3084/3188/1457 3082/3187/1457 3081/3186/1457
f 3087/3189/1742 3085/3190/1742 3086/3191/1742
f 3086/3191/1742 3088/3192/1742 3087/3189/1742
f 3091/3193/1743 3089/3194/1743 3090/3195/1743
f 3092/3196/1743 3090/3195/1743 3089/3194/1743
f 3095/3197/1744 3093/3198/1744 3094/3199/1744
f 3096/3200/1745 3095/3197/1744 3094/3199/1744
f 3099/3201/1746 3097/3202/1746 3098/3203/1746
f 3100/3204/1746 3097/3202/1746 3099/3201/1746
f 3103/3205/3 3101/3206/3 3102/3207/3
f 3104/3208/3 3102/3207/3 3101/3206/3
f 3107/3209/2 3105/3210/2 3106/3211/2
f 3108/3212/2 3106/3211/2 3105/3210/2
f 3111/3213/1747 3109/3214/1747 3110/3215/1747
f 3110/3215/1747 3112/3216/1747 3111/3213/1747
f 3115/3217/1748 3113/3218/1748 3114/3219/1748
f 3116/3220/1749 3114/3219/1748 3113/3218/1748
f 3119/3221/1750 3117/3222/1750 3118/3223/1750
f 3120/3224/1750 3119/3221/1750 3118/3223/1750
f 3123/3225/66 3121/3226/66 3122/3227/66
f 3124/3228/66 3121/3226/66 3123/3225/66
f 3127/3229/332 3125/3230/3 3126/3231/3
f 3126/3231/3 3128/3232/3 3127/3229/332
f 3131/3233/2 3129/3234/2 3130/3235/2
f 3132/3236/2 3130/3235/2 3129/3234/2
f 3135/3237/1751 3133/3238/1751 3134/3239/1751
f 3136/3240/1751 3134/3239/1751 3133/3238/1751
f 3139/3241/1752 3137/3242/1753 3138/3243/1752
f 3140/3244/1752 3137/3242/1753 3139/3241/1752
f 3143/3245/1754 3141/3246/1754 3142/3247/1754
f 3144/3248/1754 3143/3245/1754 3142/3247/1754
f 3147/3249/1755 3145/3250/1755 3146/3251/1755
f 3148/3252/1755 3145/3250/1755 3147/3249/1755
f 3151/3253/3 3149/3254/3 3150/3255/3
f 3152/3256/3 3150/3255/3 3149/3254/3
f 3155/3257/2 3153/3258/2 3154/3259/2
f 3156/3260/2 3154/3259/2 3153/3258/2
f 3159/3261/1756 3157/3262/1756 3158/3263/1757
f 3160/3264/1757 3158/3263/1757 3157/3262/1756
f 3163/3265/58 3161/3266/58 3162/3267/1758
f 3164/3268/1758 3162/3267/1758 3161/3266/58
f 3167/3269/1759 3165/3270/1759 3166/3271/1759
f 3168/3272/1759 3167/3269/1759 3166/3271/1759
f 3171/3273/1056 3169/3274/1056 3170/3275/1056
f 3172/3276/1056 3169/3274/1056 3171/3273/1056
f 3175/3277/3 3173/3278/3 3174/3279/3
f 3176/3280/3 3174/3279/3 3173/3278/3
f 3179/3281/3 3177/3282/3 3178/3283/3
f 3178/3283/3 3180/3284/3 3179/3281/3
f 3183/3285/2 3181/3286/2 3182/3287/2
f 3184/3288/2 3181/3286/2 3183/3285/2
f 3187/3289/2 3185/3290/2 3186/3291/2
f 3188/3292/2 3186/3291/2 3185/3290/2
f 3191/3293/1760 3189/3294/1760 3190/3295/1760
f 3192/3296/1760 3191/3293/1760 3190/3295/1760
f 3195/3297/1761 3193/3298/1761 3194/3299/1761
f 3196/3300/1761 3193/3298/1761 3195/3297/1761
f 3199/3301/3 3197/3302/3 3198/3303/3
f 3198/3303/3 3200/3304/3 3199/3301/3
f 3203/3305/2 3201/3306/2 3202/3307/2
f 3204/3308/2 3201/3306/2 3203/3305/2
f 3207/3309/1762 3205/3310/1762 3206/3311/1762
f 3206/3311/1762 3208/3312/1762 3207/3309/1762
f 3211/3313/1763 3209/3314/1763 3210/3315/1763
f 3212/3316/1763 3210/3315/1763 3209/3314/1763
f 3215/3317/1764 3213/3318/1764 3214/3319/1764
f 3216/3320/1764 3214/3319/1764 3213/3318/1764
f 3219/3321/1765 3217/3322/1765 3218/3323/1765
f 3220/3324/1765 3218/3323/1765 3217/3322/1765
f 3223/3325/1766 3221/3326/1766 3222/3327/1767
f 3222/3327/1767 3224/3328/1767 3223/3325/1766
f 3227/3329/1768 3225/3330/1769 3226/3331/1768
f 3228/3332/1768 3226/3331/1768 3225/3330/1769
f 3231/3333/833 3229/3334/833 3230/3335/833
f 3232/3336/833 3231/3333/833 3230/3335/833
f 3235/3337/1770 3233/3338/1770 3234/3339/1770
f 3236/3340/1770 3233/3338/1770 3235/3337/1770
f 3239/3341/1771 3237/3342/1771 3238/3343/1771
f 3240/3344/1771 3239/3341/1771 3238/3343/1771
f 3243/3345/1772 3241/3346/1772 3242/3347/1772
f 3244/3348/1773 3241/3346/1772 3243/3345/1772
f 3247/3349/4 3245/3350/3 3246/3351/3
f 3248/3352/3 3246/3351/3 3245/3350/3
f 3251/3353/2 3249/3354/2 3250/3355/2
f 3252/3356/2 3249/3354/2 3251/3353/2
f 3255/3357/1774 3253/3358/1774 3254/3359/1774
f 3256/3360/1774 3254/3359/1774 3253/3358/1774
f 3259/3361/1775 3257/3362/1775 3258/3363/1775
f 3260/3364/1775 3258/3363/1775 3257/3362/1775
f 3263/3365/1776 3261/3366/1776 3262/3367/1776
f 3264/3368/1776 3263/3365/1776 3262/3367/1776
f 3267/3369/1777 3265/3370/1778 3266/3371/1777
f 3268/3372/1777 3265/3370/1778 3267/3369/1777
f 3271/3373/3 3269/3374/3 3270/3375/3
f 3272/3376/3 3270/3375/3 3269/3374/3
f 3275/3377/2 3273/3378/2 3274/3379/2
f 3273/3378/2 3275/3377/2 3276/3380/2
f 3279/3381/1779 3277/3382/1779 3278/3383/1780
f 3280/3384/1779 3278/3383/1780 3277/3382/1779
f 3283/3385/1781 3281/3386/1781 3282/3387/1781
f 3284/3388/1781 3282/3387/1781 3281/3386/1781
f 3287/3389/1782 3285/3390/1782 3286/3391/1782
f 3288/3392/1782 3287/3389/1782 3286/3391/1782
f 3291/3393/1783 3289/3394/1783 3290/3395/1783
f 3292/3396/1784 3289/3394/1783 3291/3393/1783
f 3295/3397/3 3293/3398/3 3294/3399/3
f 3296/3400/3 3294/3399/3 3293/3398/3
f 3299/3401/2 3297/3402/2 3298/3403/2
f 3297/3402/2 3299/3401/2 3300/3404/2
f 3303/3405/1785 3301/3406/1785 3302/3407/1785
f 3304/3408/1785 3302/3407/1785 3301/3406/1785
f 3307/3409/1786 3305/3410/1786 3306/3411/1786
f 3308/3412/1786 3306/3411/1786 3305/3410/1786
f 3311/3413/1178 3309/3414/1178 3310/3415/1178
f 3312/3416/1178 3311/3413/1178 3310/3415/1178
f 3315/3417/1787 3313/3418/1788 3314/3419/1787
f 3316/3420/1787 3315/3417/1787 3314/3419/1787
f 3319/3421/3 3317/3422/3 3318/3423/3
f 3320/3424/3 3318/3423/3 3317/3422/3
f 3323/3425/2 3321/3426/2 3322/3427/2
f 3324/3428/2 3322/3427/2 3321/3426/2
f 3327/3429/1789 3325/3430/1789 3326/3431/1789
f 3328/3432/1789 3326/3431/1789 3325/3430/1789
f 3331/3433/673 3329/3434/1790 3330/3435/1790
f 3332/3436/673 3330/3435/1790 3329/3434/1790
f 3335/3437/1791 3333/3438/1791 3334/3439/1791
f 3336/3440/1791 3335/3437/1791 3334/3439/1791
f 3339/3441/1792 3337/3442/1792 3338/3443/1793
f 3340/3444/1792 3337/3442/1792 3339/3441/1792
f 3343/3445/3 3341/3446/3 3342/3447/3
f 3344/3448/3 3342/3447/3 3341/3446/3
f 3347/3449/2 3345/3450/2 3346/3451/2
f 3348/3452/2 3346/3451/2 3345/3450/2
f 3351/3453/1794 3349/3454/1795 3350/3455/1795
f 3352/3456/1795 3350/3455/1795 3349/3454/1795
f 3355/3457/1796 3353/3458/1796 3354/3459/1796
f 3356/3460/1796 3354/3459/1796 3353/3458/1796
f 3359/3461/1797 3357/3462/1797 3358/3463/1797
f 3360/3464/1797 3359/3461/1797 3358/3463/1797
f 3363/3465/13 3361/3466/13 3362/3467/13
f 3364/3468/13 3363/3465/13 3362/3467/13
f 3367/3469/4 3365/3470/3 3366/3471/4
f 3368/3472/3 3365/3470/3 3367/3469/4
f 3371/3473/2 3369/3474/2 3370/3475/2
f 3372/3476/2 3370/3475/2 3369/3474/2
f 3375/3477/1798 3373/3478/1798 3374/3479/1798
f 3376/3480/1798 3375/3477/1798 3374/3479/1798
f 3379/3481/1799 3377/3482/1799 3378/3483/1799
f 3380/3484/1799 3377/3482/1799 3379/3481/1799
f 3383/3485/3 3381/3486/3 3382/3487/3
f 3384/3488/3 3382/3487/3 3381/3486/3
f 3387/3489/2 3385/3490/2 3386/3491/2
f 3388/3492/2 3386/3491/2 3385/3490/2
f 3391/3493/1800 3389/3494/1800 3390/3495/1801
f 3392/3496/1800 3390/3495/1801 3389/3494/1800
f 3395/3497/1118 3393/3498/1118 3394/3499/1118
f 3396/3500/1118 3393/3498/1118 3395/3497/1118
f 3399/3501/1802 3397/3502/1802 3398/3503/1802
f 3398/3503/1802 3400/3504/1802 3399/3501/1802
f 3403/3505/1803 3401/3506/1803 3402/3507/1803
f 3404/3508/1803 3402/3507/1803 3401/3506/1803
f 3407/3509/1804 3405/3510/1804 3406/3511/1804
f 3408/3512/1194 3407/3509/1804 3406/3511/1804
f 3411/3513/1805 3409/3514/1805 3410/3515/1805
f 3412/3516/1805 3409/3514/1805 3411/3513/1805
f 3415/3517/3 3413/3518/3 3414/3519/4
f 3416/3520/4 3414/3519/4 3413/3518/3
f 3419/3521/2 3417/3522/2 3418/3523/2
f 3420/3524/2 3418/3523/2 3417/3522/2
f 3423/3525/27 3421/3526/27 3422/3527/27
f 3422/3527/27 3424/3528/27 3423/3525/27
f 3427/3529/1055 3425/3530/1055 3426/3531/1055
f 3428/3532/1055 3426/3531/1055 3425/3530/1055
f 3431/3533/1806 3429/3534/1806 3430/3535/1806
f 3432/3536/1806 3431/3533/1806 3430/3535/1806
f 3435/3537/1250 3433/3538/1807 3434/3539/1807
f 3436/3540/1807 3433/3538/1807 3435/3537/1250
f 3439/3541/3 3437/3542/3 3438/3543/3
f 3440/3544/3 3438/3543/3 3437/3542/3
f 3443/3545/2 3441/3546/2 3442/3547/2
f 3444/3548/2 3442/3547/2 3441/3546/2
f 3447/3549/32 3445/3550/32 3446/3551/32
f 3448/3552/32 3446/3551/32 3445/3550/32
f 3451/3553/1364 3449/3554/1364 3450/3555/1364
f 3452/3556/1364 3449/3554/1364 3451/3553/1364
f 3455/3557/1808 3453/3558/1808 3454/3559/1808
f 3456/3560/1808 3455/3557/1808 3454/3559/1808
f 3459/3561/1809 3457/3562/1809 3458/3563/1809
f 3460/3564/1809 3457/3562/1809 3459/3561/1809
f 3463/3565/4 3461/3566/4 3462/3567/4
f 3464/3568/3 3461/3566/4 3463/3565/4
f 3467/3569/2 3465/3570/2 3466/3571/2
f 3468/3572/2 3466/3571/2 3465/3570/2
f 3471/3573/1810 3469/3574/1810 3470/3575/1810
f 3472/3576/1810 3470/3575/1810 3469/3574/1810
f 3475/3577/1811 3473/3578/1811 3474/3579/1811
f 3476/3580/1811 3474/3579/1811 3473/3578/1811
f 3479/3581/201 3477/3582/201 3478/3583/201
f 3480/3584/235 3479/3581/201 3478/3583/201
f 3483/3585/1147 3481/3586/1147 3482/3587/1147
f 3484/3588/1147 3481/3586/1147 3483/3585/1147
f 3487/3589/3 3485/3590/3 3486/3591/3
f 3488/3592/3 3485/3590/3 3487/3589/3
f 3491/3593/3 3489/3594/3 3490/3595/3
f 3492/3596/3 3490/3595/3 3489/3594/3
f 3495/3597/2 3493/3598/2 3494/3599/2
f 3496/3600/2 3494/3599/2 3493/3598/2
f 3499/3601/2 3497/3602/2 3498/3603/2
f 3500/3604/2 3498/3603/2 3497/3602/2
f 3503/3605/1812 3501/3606/1812 3502/3607/1812
f 3504/3608/1812 3503/3605/1812 3502/3607/1812
f 3507/3609/1813 3505/3610/1813 3506/3611/1813
f 3508/3612/1813 3505/3610/1813 3507/3609/1813
f 3511/3613/3 3509/3614/3 3510/3615/3
f 3512/3616/3 3510/3615/3 3509/3614/3
f 3515/3617/2 3513/3618/2 3514/3619/2
f 3516/3620/2 3514/3619/2 3513/3618/2
f 3519/3621/1814 3517/3622/1814 3518/3623/1815
f 3518/3623/1815 3520/3624/1814 3519/3621/1814
f 3523/3625/1816 3521/3626/1816 3522/3627/1816
f 3524/3628/1816 3522/3627/1816 3521/3626/1816
f 3527/3629/1817 3525/3630/1817 3526/3631/1817
f 3528/3632/1817 3526/3631/1817 3525/3630/1817
f 3531/3633/769 3529/3634/769 3530/3635/769
f 3532/3636/769 3529/3634/769 3531/3633/769
f 3535/3637/1818 3533/3638/1818 3534/3639/1818
f 3534/3639/1818 3536/3640/1818 3535/3637/1818
f 3539/3641/1819 3537/3642/1820 3538/3643/1819
f 3540/3644/1819 3538/3643/1819 3537/3642/1820
f 3543/3645/1821 3541/3646/1821 3542/3647/1821
f 3544/3648/1821 3543/3645/1821 3542/3647/1821
f 3547/3649/1822 3545/3650/1822 3546/3651/1822
f 3548/3652/1822 3545/3650/1822 3547/3649/1822
f 3551/3653/1823 3549/3654/1823 3550/3655/1823
f 3552/3656/1823 3551/3653/1823 3550/3655/1823
f 3555/3657/1824 3553/3658/1824 3554/3659/1824
f 3556/3660/1824 3553/3658/1824 3555/3657/1824
f 3559/3661/3 3557/3662/3 3558/3663/3
f 3560/3664/3 3558/3663/3 3557/3662/3
f 3563/3665/2 3561/3666/2 3562/3667/2
f 3564/3668/2 3562/3667/2 3561/3666/2
f 3567/3669/997 3565/3670/997 3566/3671/997
f 3568/3672/997 3566/3671/997 3565/3670/997
f 3571/3673/1825 3569/3674/1825 3570/3675/1825
f 3572/3676/1825 3569/3674/1825 3571/3673/1825
f 3575/3677/1826 3573/3678/1826 3574/3679/1827
f 3576/3680/1827 3575/3677/1826 3574/3679/1827
f 3579/3681/1828 3577/3682/1828 3578/3683/1828
f 3580/3684/1828 3577/3682/1828 3579/3681/1828
f 3583/3685/3 3581/3686/4 3582/3687/3
f 3581/3686/4 3583/3685/3 3584/3688/4
f 3587/3689/2 3585/3690/2 3586/3691/2
f 3588/3692/2 3586/3691/2 3585/3690/2
f 3591/3693/1736 3589/3694/1737 3590/3695/1737
f 3592/3696/1736 3590/3695/1737 3589/3694/1737
f 3595/3697/1735 3593/3698/1735 3594/3699/1735
f 3596/3700/1735 3594/3699/1735 3593/3698/1735
f 3599/3701/720 3597/3702/1829 3598/3703/1829
f 3600/3704/720 3599/3701/720 3598/3703/1829
f 3603/3705/1830 3601/3706/1830 3602/3707/1830
f 3604/3708/1830 3601/3706/1830 3603/3705/1830
f 3607/3709/3 3605/3710/3 3606/3711/3
f 3608/3712/3 3606/3711/3 3605/3710/3
f 3611/3713/2 3609/3714/2 3610/3715/2
f 3612/3716/2 3610/3715/2 3609/3714/2
f 3615/3717/1831 3613/3718/1831 3614/3719/1831
f 3616/3720/1831 3614/3719/1831 3613/3718/1831
f 3619/3721/1832 3617/3722/1832 3618/3723/1832
f 3620/3724/1832 3618/3723/1832 3617/3722/1832
f 3623/3725/1833 3621/3726/1833 3622/3727/1833
f 3624/3728/1833 3623/3725/1833 3622/3727/1833
f 3627/3729/1425 3625/3730/1425 3626/3731/1425
f 3628/3732/1425 3625/3730/1425 3627/3729/1425
f 3631/3733/3 3629/3734/3 3630/3735/3
f 3632/3736/3 3630/3735/3 3629/3734/3
f 3635/3737/2 3633/3738/2 3634/3739/2
f 3636/3740/2 3634/3739/2 3633/3738/2
f 3639/3741/1834 3637/3742/1834 3638/3743/1834
f 3640/3744/1834 3638/3743/1834 3637/3742/1834
f 3643/3745/22 3641/3746/22 3642/3747/22
f 3644/3748/22 3642/3747/22 3641/3746/22
f 3647/3749/670 3645/3750/670 3646/3751/670
f 3648/3752/670 3647/3749/670 3646/3751/670
f 3651/3753/1835 3649/3754/1835 3650/3755/1835
f 3652/3756/1835 3649/3754/1835 3651/3753/1835
f 3655/3757/3 3653/3758/3 3654/3759/3
f 3655/3757/3 3654/3759/3 3656/3760/4
f 3659/3761/2 3657/3762/2 3658/3763/2
f 3660/3764/2 3658/3763/2 3657/3762/2
f 3663/3765/1836 3661/3766/1836 3662/3767/1836
f 3664/3768/1836 3662/3767/1836 3661/3766/1836
f 3667/3769/463 3665/3770/463 3666/3771/463
f 3668/3772/463 3666/3771/463 3665/3770/463
f 3671/3773/1837 3669/3774/1837 3670/3775/1837
f 3672/3776/1837 3671/3773/1837 3670/3775/1837
f 3675/3777/1838 3673/3778/1838 3674/3779/1838
f 3676/3780/1838 3673/3778/1838 3675/3777/1838
f 3679/3781/3 3677/3782/4 3678/3783/4
f 3680/3784/4 3678/3783/4 3677/3782/4
f 3683/3785/2 3681/3786/2 3682/3787/2
f 3684/3788/2 3682/3787/2 3681/3786/2
f 3687/3789/1839 3685/3790/1839 3686/3791/1839
f 3688/3792/1840 3686/3791/1839 3685/3790/1839
f 3691/3793/1841 3689/3794/1841 3690/3795/1841
f 3692/3796/1841 3690/3795/1841 3689/3794/1841
f 3695/3797/1842 3693/3798/1842 3694/3799/1842
f 3696/3800/1842 3695/3797/1842 3694/3799/1842
f 3699/3801/1843 3697/3802/1843 3698/3803/1843
f 3700/3804/1843 3697/3802/1843 3699/3801/1843
f 3703/3805/4 3701/3806/3 3702/3807/3
f 3704/3808/3 3702/3807/3 3701/3806/3
f 3707/3809/2 3705/3810/2 3706/3811/2
f 3705/3810/2 3707/3809/2 3708/3812/2
f 3711/3813/1844 3709/3814/1845 3710/3815/1845
f 3712/3816/1845 3711/3813/1844 3710/3815/1845
f 3715/3817/1846 3713/3818/1846 3714/3819/1846
f 3716/3820/1846 3713/3818/1846 3715/3817/1846
f 3719/3821/3 3717/3822/4 3718/3823/3
f 3720/3824/4 3718/3823/3 3717/3822/4
f 3723/3825/2 3721/3826/2 3722/3827/2
f 3724/3828/2 3721/3826/2 3723/3825/2
f 3727/3829/1847 3725/3830/1847 3726/3831/1847
f 3728/3832/1847 3726/3831/1847 3725/3830/1847
f 3731/3833/1848 3729/3834/1848 3730/3835/1848
f 3732/3836/1848 3730/3835/1848 3729/3834/1848
f 3735/3837/1849 3733/3838/1849 3734/3839/1849
f 3734/3839/1849 3736/3840/1849 3735/3837/1849
f 3739/3841/1850 3737/3842/1850 3738/3843/1850
f 3740/3844/1850 3738/3843/1850 3737/3842/1850
f 3743/3845/1851 3741/3846/1851 3742/3847/1851
f 3744/3848/1851 3743/3845/1851 3742/3847/1851
f 3747/3849/1852 3745/3850/1852 3746/3851/1852
f 3748/3852/1852 3747/3849/1852 3746/3851/1852
f 3751/3853/4 3749/3854/4 3750/3855/4
f 3752/3856/3 3750/3855/4 3749/3854/4
f 3755/3857/2 3753/3858/2 3754/3859/2
f 3756/3860/2 3754/3859/2 3753/3858/2
f 3759/3861/1853 3757/3862/1854 3758/3863/1853
f 3759/3861/1853 3758/3863/1853 3760/3864/1853
f 3763/3865/1855 3761/3866/1855 3762/3867/1855
f 3764/3868/1855 3762/3867/1855 3761/3866/1855
f 3767/3869/1856 3765/3870/1856 3766/3871/1856
f 3768/3872/1856 3767/3869/1856 3766/3871/1856
f 3771/3873/1857 3769/3874/1857 3770/3875/1857
f 3772/3876/1857 3769/3874/1857 3771/3873/1857
f 3775/3877/4 3773/3878/4 3774/3879/4
f 3776/3880/4 3775/3877/4 3774/3879/4
f 3779/3881/2 3777/3882/2 3778/3883/2
f 3780/3884/2 3778/3883/2 3777/3882/2
f 3783/3885/1858 3781/3886/1858 3782/3887/1858
f 3784/3888/1858 3782/3887/1858 3781/3886/1858
f 3787/3889/1859 3785/3890/1859 3786/3891/1859
f 3788/3892/1859 3786/3891/1859 3785/3890/1859
f 3791/3893/1860 3789/3894/1860 3790/3895/1860
f 3792/3896/1860 3791/3893/1860 3790/3895/1860
f 3795/3897/1861 3793/3898/1861 3794/3899/1861
f 3796/3900/1861 3793/3898/1861 3795/3897/1861
f 3799/3901/4 3797/3902/3 3798/3903/3
f 3800/3904/3 3798/3903/3 3797/3902/3
f 3803/3905/2 3801/3906/2 3802/3907/2
f 3804/3908/2 3802/3907/2 3801/3906/2
f 3807/3909/1832 3805/3910/1862 3806/3911/1832
f 3808/3912/1862 3806/3911/1832 3805/3910/1862
f 3811/3913/1831 3809/3914/1831 3810/3915/1831
f 3812/3916/1831 3810/3915/1831 3809/3914/1831
f 3815/3917/1427 3813/3918/1427 3814/3919/1427
f 3816/3920/1427 3815/3917/1427 3814/3919/1427
f 3819/3921/1863 3817/3922/1863 3818/3923/1863
f 3820/3924/1863 3819/3921/1863 3818/3923/1863
f 3823/3925/3 3821/3926/4 3822/3927/3
f 3824/3928/4 3821/3926/4 3823/3925/3
f 3827/3929/3 3825/3930/3 3826/3931/4
f 3828/3932/4 3826/3931/4 3825/3930/3
f 3831/3933/2 3829/3934/2 3830/3935/2
f 3832/3936/2 3830/3935/2 3829/3934/2
f 3835/3937/2 3833/3938/2 3834/3939/2
f 3836/3940/2 3834/3939/2 3833/3938/2
f 3839/3941/1864 3837/3942/1865 3838/3943/1864
f 3840/3944/1864 3839/3941/1864 3838/3943/1864
f 3843/3945/1866 3841/3946/1866 3842/3947/1866
f 3844/3948/1866 3841/3946/1866 3843/3945/1866
f 3847/3949/3 3845/3950/3 3846/3951/4
f 3848/3952/4 3846/3951/4 3845/3950/3
f 3851/3953/2 3849/3954/2 3850/3955/2
f 3852/3956/2 3850/3955/2 3849/3954/2
f 3855/3957/1867 3853/3958/1867 3854/3959/1867
f 3855/3957/1867 3854/3959/1867 3856/3960/1867
f 3859/3961/1868 3857/3962/1868 3858/3963/1868
f 3860/3964/1868 3858/3963/1868 3857/3962/1868
f 3863/3965/1869 3861/3966/1870 3862/3967/1869
f 3864/3968/1869 3862/3967/1869 3861/3966/1870
f 3867/3969/1871 3865/3970/1871 3866/3971/1871
f 3868/3972/1871 3865/3970/1871 3867/3969/1871
f 3871/3973/850 3869/3974/850 3870/3975/850
f 3870/3975/850 3872/3976/850 3871/3973/850
f 3875/3977/1872 3873/3978/1872 3874/3979/1872
f 3876/3980/1873 3874/3979/1872 3873/3978/1872
f 3879/3981/1874 3877/3982/1874 3878/3983/1874
f 3880/3984/1875 3879/3981/1874 3878/3983/1874
f 3883/3985/1750 3881/3986/1750 3882/3987/1750
f 3884/3988/1750 3881/3986/1750 3883/3985/1750
f 3887/3989/1100 3885/3990/1100 3886/3991/1100
f 3888/3992/1100 3887/3989/1100 3886/3991/1100
f 3891/3993/1876 3889/3994/1876 3890/3995/1876
f 3892/3996/1876 3889/3994/1876 3891/3993/1876
f 3895/3997/3 3893/3998/3 3894/3999/4
f 3896/4000/4 3894/3999/4 3893/3998/3
f 3899/4001/2 3897/4002/2 3898/4003/2
f 3900/4004/2 3898/4003/2 3897/4002/2
f 3903/4005/1877 3901/4006/1878 3902/4007/1878
f 3904/4008/1878 3902/4007/1878 3901/4006/1878
f 3907/4009/1879 3905/4010/1879 3906/4011/1879
f 3908/4012/1879 3906/4011/1879 3905/4010/1879
f 3911/4013/1880 3909/4014/1880 3910/4015/1880
f 3912/4016/1880 3911/4013/1880 3910/4015/1880
f 3915/4017/1881 3913/4018/1882 3914/4019/1882
f 3916/4020/1882 3915/4017/1881 3914/4019/1882
f 3919/4021/3 3917/4022/3 3918/4023/3
f 3920/4024/4 3918/4023/3 3917/4022/3
f 3923/4025/2 3921/4026/2 3922/4027/2
f 3924/4028/2 3922/4027/2 3921/4026/2
f 3927/4029/1883 3925/4030/1883 3926/4031/1883
f 3928/4032/1883 3926/4031/1883 3925/4030/1883
f 3931/4033/1884 3929/4034/1884 3930/4035/1884
f 3932/4036/1884 3930/4035/1884 3929/4034/1884
f 3935/4037/1885 3933/4038/1885 3934/4039/1885
f 3936/4040/1885 3935/4037/1885 3934/4039/1885
f 3939/4041/1886 3937/4042/1886 3938/4043/1887
f 3940/4044/1887 3937/4042/1886 3939/4041/1886
f 3943/4045/3 3941/4046/3 3942/4047/4
f 3944/4048/4 3942/4047/4 3941/4046/3
f 3947/4049/2 3945/4050/2 3946/4051/2
f 3948/4052/2 3946/4051/2 3945/4050/2
f 3951/4053/1758 3949/4054/1758 3950/4055/1758
f 3952/4056/1888 3950/4055/1758 3949/4054/1758
f 3955/4057/1757 3953/4058/1757 3954/4059/1757
f 3956/4060/1757 3954/4059/1757 3953/4058/1757
f 3959/4061/1889 3957/4062/1889 3958/4063/1889
f 3960/4064/1889 3959/4061/1889 3958/4063/1889
f 3963/4065/1890 3961/4066/1890 3962/4067/1890
f 3964/4068/1890 3961/4066/1890 3963/4065/1890
f 3967/4069/3 3965/4070/4 3966/4071/4
f 3968/4072/4 3966/4071/4 3965/4070/4
f 3971/4073/2 3969/4074/2 3970/4075/2
f 3969/4074/2 3971/4073/2 3972/4076/2
f 3975/4077/1891 3973/4078/1891 3974/4079/1891
f 3976/4080/1891 3974/4079/1891 3973/4078/1891
f 3979/4081/49 3977/4082/49 3978/4083/49
f 3980/4084/49 3978/4083/49 3977/4082/49
f 3983/4085/1892 3981/4086/1892 3982/4087/1892
f 3984/4088/1892 3983/4085/1892 3982/4087/1892
f 3987/4089/1893 3985/4090/1893 3986/4091/1893
f 3988/4092/1893 3985/4090/1893 3987/4089/1893
f 3991/4093/3 3989/4094/4 3990/4095/3
f 3989/4094/4 3991/4093/3 3992/4096/4
f 3995/4097/2 3993/4098/2 3994/4099/2
f 3996/4100/2 3994/4099/2 3993/4098/2
f 3999/4101/1894 3997/4102/1894 3998/4103/1894
f 4000/4104/1894 3998/4103/1894 3997/4102/1894
f 4003/4105/1895 4001/4106/1895 4002/4107/1895
f 4004/4108/1895 4002/4107/1895 4001/4106/1895
f 4007/4109/1896 4005/4110/1896 4006/4111/1897
f 4008/4112/1897 4007/4109/1896 4006/4111/1897
f 4011/4113/19 4009/4114/19 4010/4115/19
f 4012/4116/19 4009/4114/19 4011/4113/19
f 4015/4117/3 4013/4118/3 4014/4119/3
f 4016/4120/3 4014/4119/3 4013/4118/3
f 4019/4121/2 4017/4122/2 4018/4123/2
f 4020/4124/2 4017/4122/2 4019/4121/2
f 4023/4125/1898 4021/4126/1898 4022/4127/1898
f 4024/4128/1898 4022/4127/1898 4021/4126/1898
f 4027/4129/1899 4025/4130/1899 4026/4131/1900
f 4028/4132/1900 4026/4131/1900 4025/4130/1899
f 4031/4133/1901 4029/4134/1902 4030/4135/1901
f 4032/4136/1901 4031/4133/1901 4030/4135/1901
f 4035/4137/1903 4033/4138/1903 4034/4139/1903
f 4036/4140/1903 4035/4137/1903 4034/4139/1903
f 4039/4141/1904 4037/4142/1904 4038/4143/1905
f 4040/4144/1904 4039/4141/1904 4038/4143/1905
f 4043/4145/1906 4041/4146/1906 4042/4147/1906
f 4044/4148/1906 4043/4145/1906 4042/4147/1906
f 4047/4149/3 4045/4150/3 4046/4151/3
f 4048/4152/3 4046/4151/3 4045/4150/3
f 4051/4153/2 4049/4154/2 4050/4155/2
f 4052/4156/2 4049/4154/2 4051/4153/2
f 4055/4157/1876 4053/4158/1876 4054/4159/1876
f 4055/4157/1876 4054/4159/1876 4056/4160/1876
f 4059/4161/1842 4057/4162/1842 4058/4163/1842
f 4060/4164/1842 4058/4163/1842 4057/4162/1842
f 4063/4165/3 4061/4166/3 4062/4167/3
f 4064/4168/3 4062/4167/3 4061/4166/3
f 4067/4169/2 4065/4170/2 4066/4171/2
f 4068/4172/2 4065/4170/2 4067/4169/2
f 4071/4173/712 4069/4174/712 4070/4175/712
f 4071/4173/712 4070/4175/712 4072/4176/712
f 4075/4177/10 4073/4178/10 4074/4179/10
f 4076/4180/10 4074/4179/10 4073/4178/10
f 4079/4181/1907 4077/4182/1907 4078/4183/1907
f 4080/4184/1907 4079/4181/1907 4078/4183/1907
f 4083/4185/834 4081/4186/834 4082/4187/834
f 4084/4188/834 4083/4185/834 4082/4187/834
f 4087/4189/3 4085/4190/3 4086/4191/3
f 4088/4192/3 4086/4191/3 4085/4190/3
f 4091/4193/2 4089/4194/2 4090/4195/2
f 4092/4196/2 4090/4195/2 4089/4194/2
f 4095/4197/1908 4093/4198/1908 4094/4199/1908
f 4096/4200/1908 4094/4199/1908 4093/4198/1908
f 4099/4201/1909 4097/4202/1909 4098/4203/1909
f 4100/4204/1909 4098/4203/1909 4097/4202/1909
f 4103/4205/1910 4101/4206/1910 4102/4207/1910
f 4104/4208/1910 4103/4205/1910 4102/4207/1910
f 4107/4209/1871 4105/4210/1871 4106/4211/1871
f 4108/4212/1871 4107/4209/1871 4106/4211/1871
f 4111/4213/3 4109/4214/3 4110/4215/3
f 4112/4216/3 4110/4215/3 4109/4214/3
f 4115/4217/3 4113/4218/3 4114/4219/3
f 4116/4220/3 4114/4219/3 4113/4218/3
f 4119/4221/2 4117/4222/2 4118/4223/2
f 4120/4224/2 4118/4223/2 4117/4222/2
f 4123/4225/2 4121/4226/2 4122/4227/2
f 4124/4228/2 4122/4227/2 4121/4226/2
f 4127/4229/1911 4125/4230/1911 4126/4231/1911
f 4128/4232/1911 4127/4229/1911 4126/4231/1911
f 4131/4233/1860 4129/4234/1860 4130/4235/1860
f 4132/4236/1860 4131/4233/1860 4130/4235/1860
f 4135/4237/3 4133/4238/3 4134/4239/3
f 4136/4240/3 4134/4239/3 4133/4238/3
f 4139/4241/2 4137/4242/2 4138/4243/2
f 4140/4244/2 4138/4243/2 4137/4242/2
f 4143/4245/1912 4141/4246/1818 4142/4247/1912
f 4143/4245/1912 4142/4247/1912 4144/4248/1912
f 4147/4249/1820 4145/4250/1820 4146/4251/1820
f 4148/4252/1820 4146/4251/1820 4145/4250/1820
f 4151/4253/1913 4149/4254/1913 4150/4255/1913
f 4152/4256/1913 4150/4255/1913 4149/4254/1913
f 4155/4257/1914 4153/4258/1914 4154/4259/1914
f 4156/4260/1914 4154/4259/1914 4153/4258/1914
f 4159/4261/49 4157/4262/49 4158/4263/49
f 4159/4261/49 4158/4263/49 4160/4264/49
f 4163/4265/1915 4161/4266/1915 4162/4267/1915
f 4164/4268/1915 4162/4267/1915 4161/4266/1915
f 4167/4269/1893 4165/4270/1893 4166/4271/1916
f 4168/4272/1893 4167/4269/1893 4166/4271/1916
f 4171/4273/1813 4169/4274/1813 4170/4275/1813
f 4172/4276/1813 4171/4273/1813 4170/4275/1813
f 4175/4277/1821 4173/4278/1821 4174/4279/1821
f 4176/4280/1821 4175/4277/1821 4174/4279/1821
f 4179/4281/1917 4177/4282/1917 4178/4283/1917
f 4180/4284/1917 4179/4281/1917 4178/4283/1917
f 4183/4285/3 4181/4286/3 4182/4287/3
f 4184/4288/3 4183/4285/3 4182/4287/3
f 4187/4289/2 4185/4290/2 4186/4291/2
f 4185/4290/2 4187/4289/2 4188/4292/2
f 4191/4293/1918 4189/4294/1918 4190/4295/1918
f 4192/4296/1918 4190/4295/1918 4189/4294/1918
f 4195/4297/1919 4193/4298/1920 4194/4299/1920
f 4196/4300/1920 4194/4299/1920 4193/4298/1920
f 4199/4301/1759 4197/4302/1759 4198/4303/1759
f 4200/4304/1759 4199/4301/1759 4198/4303/1759
f 4203/4305/1921 4201/4306/1921 4202/4307/1921
f 4204/4308/1921 4203/4305/1921 4202/4307/1921
f 4207/4309/3 4205/4310/3 4206/4311/3
f 4208/4312/3 4206/4311/3 4205/4310/3
f 4211/4313/2 4209/4314/2 4210/4315/2
f 4212/4316/2 4209/4314/2 4211/4313/2
f 4215/4317/1922 4213/4318/1923 4214/4319/1923
f 4216/4320/1923 4214/4319/1923 4213/4318/1923
f 4219/4321/1924 4217/4322/1924 4218/4323/1924
f 4220/4324/1924 4218/4323/1924 4217/4322/1924
f 4223/4325/1925 4221/4326/1925 4222/4327/1925
f 4224/4328/1925 4223/4325/1925 4222/4327/1925
f 4227/4329/1926 4225/4330/1926 4226/4331/1926
f 4228/4332/1926 4227/4329/1926 4226/4331/1926
f 4231/4333/3 4229/4334/3 4230/4335/3
f 4232/4336/3 4230/4335/3 4229/4334/3
f 4235/4337/2 4233/4338/2 4234/4339/2
f 4233/4338/2 4235/4337/2 4236/4340/2
f 4239/4341/1927 4237/4342/1927 4238/4343/1927
f 4240/4344/1927 4238/4343/1927 4237/4342/1927
f 4243/4345/1369 4241/4346/1369 4242/4347/1369
f 4244/4348/1369 4242/4347/1369 4241/4346/1369
f 4247/4349/1928 4245/4350/1928 4246/4351/1928
f 4248/4352/1928 4247/4349/1928 4246/4351/1928
f 4251/4353/1929 4249/4354/1929 4250/4355/1929
f 4252/4356/1929 4251/4353/1929 4250/4355/1929
f 4255/4357/3 4253/4358/3 4254/4359/3
f 4256/4360/3 4253/4358/3 4255/4357/3
f 4259/4361/2 4257/4362/2 4258/4363/2
f 4260/4364/2 4258/4363/2 4257/4362/2
f 4263/4365/47 4261/4366/47 4262/4367/47
f 4264/4368/47 4262/4367/47 4261/4366/47
f 4267/4369/1930 4265/4370/1930 4266/4371/1930
f 4268/4372/1930 4266/4371/1930 4265/4370/1930
f 4271/4373/1931 4269/4374/1931 4270/4375/1931
f 4272/4376/1931 4271/4373/1931 4270/4375/1931
f 4275/4377/1932 4273/4378/1932 4274/4379/1932
f 4276/4380/1932 4275/4377/1932 4274/4379/1932
f 4279/4381/3 4277/4382/3 4278/4383/3
f 4279/4381/3 4278/4383/3 4280/4384/3
f 4283/4385/2 4281/4386/2 4282/4387/2
f 4284/4388/2 4282/4387/2 4281/4386/2
f 4287/4389/1901 4285/4390/1901 4286/4391/1901
f 4288/4392/1901 4286/4391/1901 4285/4390/1901
f 4291/4393/1917 4289/4394/1917 4290/4395/1917
f 4292/4396/1917 4290/4395/1917 4289/4394/1917
f 4295/4397/1933 4293/4398/1933 4294/4399/1933
f 4296/4400/1933 4295/4397/1933 4294/4399/1933
f 4299/4401/1898 4297/4402/1898 4298/4403/1898
f 4300/4404/1898 4299/4401/1898 4298/4403/1898
f 4303/4405/3 4301/4406/3 4302/4407/3
f 4304/4408/3 4302/4407/3 4301/4406/3
f 4307/4409/2 4305/4410/2 4306/4411/2
f 4308/4412/2 4306/4411/2 4305/4410/2
f 4311/4413/1934 4309/4414/1934 4310/4415/1934
f 4312/4416/1934 4311/4413/1934 4310/4415/1934
f 4315/4417/1935 4313/4418/1936 4314/4419/1935
f 4316/4420/1936 4315/4417/1935 4314/4419/1935
f 4319/4421/3 4317/4422/3 4318/4423/3
f 4320/4424/3 4318/4423/3 4317/4422/3
f 4323/4425/2 4321/4426/2 4322/4427/2
f 4324/4428/2 4322/4427/2 4321/4426/2
f 4327/4429/1194 4325/4430/1194 4326/4431/1194
f 4328/4432/1194 4326/4431/1194 4325/4430/1194
f 4331/4433/1807 4329/4434/1807 4330/4435/1807
f 4332/4436/1807 4330/4435/1807 4329/4434/1807
f 4335/4437/1937 4333/4438/1937 4334/4439/1937
f 4335/4437/1937 4334/4439/1937 4336/4440/1938
f 4339/4441/1939 4337/4442/1939 4338/4443/1939
f 4340/4444/1939 4338/4443/1939 4337/4442/1939
f 4343/4445/1940 4341/4446/1940 4342/4447/1940
f 4344/4448/1940 4343/4445/1940 4342/4447/1940
f 4347/4449/1941 4345/4450/1941 4346/4451/1941
f 4348/4452/1941 4347/4449/1941 4346/4451/1941
f 4351/4453/3 4349/4454/3 4350/4455/3
f 4351/4453/3 4350/4455/3 4352/4456/3
f 4355/4457/2 4353/4458/2 4354/4459/2
f 4353/4458/2 4355/4457/2 4356/4460/2
f 4359/4461/1942 4357/4462/1943 4358/4463/1942
f 4359/4461/1942 4358/4463/1942 4360/4464/1943
f 4363/4465/1944 4361/4466/1944 4362/4467/1944
f 4364/4468/1944 4362/4467/1944 4361/4466/1944
f 4367/4469/1945 4365/4470/1945 4366/4471/1945
f 4368/4472/1945 4367/4469/1945 4366/4471/1945
f 4371/4473/1946 4369/4474/1946 4370/4475/1946
f 4372/4476/1946 4371/4473/1946 4370/4475/1946
f 4375/4477/3 4373/4478/3 4374/4479/3
f 4376/4480/3 4374/4479/3 4373/4478/3
f 4379/4481/2 4377/4482/2 4378/4483/2
f 4380/4484/2 4377/4482/2 4379/4481/2
f 4383/4485/1947 4381/4486/1947 4382/4487/1947
f 4384/4488/1947 4382/4487/1947 4381/4486/1947
f 4387/4489/7 4385/4490/7 4386/4491/7
f 4388/4492/7 4386/4491/7 4385/4490/7
f 4391/4493/552 4389/4494/552 4390/4495/552
f 4392/4496/552 4391/4493/552 4390/4495/552
f 4395/4497/1948 4393/4498/1948 4394/4499/1948
f 4396/4500/1948 4395/4497/1948 4394/4499/1948
f 4399/4501/3 4397/4502/3 4398/4503/3
f 4400/4504/3 4398/4503/3 4397/4502/3
f 4403/4505/2 4401/4506/2 4402/4507/2
f 4404/4508/2 4401/4506/2 4403/4505/2
f 4407/4509/1949 4405/4510/1949 4406/4511/1949
f 4408/4512/1949 4406/4511/1949 4405/4510/1949
f 4411/4513/1771 4409/4514/1771 4410/4515/1771
f 4412/4516/1771 4410/4515/1771 4409/4514/1771
f 4415/4517/1950 4413/4518/1950 4414/4519/1950
f 4416/4520/1950 4415/4517/1950 4414/4519/1950
f 4419/4521/1951 4417/4522/1951 4418/4523/1951
f 4420/4524/1951 4419/4521/1951 4418/4523/1951
f 4423/4525/3 4421/4526/3 4422/4527/3
f 4424/4528/3 4422/4527/3 4421/4526/3
f 4427/4529/3 4425/4530/3 4426/4531/3
f 4428/4532/3 4426/4531/3 4425/4530/3
f 4431/4533/2 4429/4534/2 4430/4535/2
f 4432/4536/2 4430/4535/2 4429/4534/2
f 4435/4537/2 4433/4538/2 4434/4539/2
f 4436/4540/2 4434/4539/2 4433/4538/2
f 4439/4541/457 4437/4542/457 4438/4543/457
f 4440/4544/457 4439/4541/457 4438/4543/457
f 4443/4545/1952 4441/4546/1952 4442/4547/1952
f 4444/4548/1952 4443/4545/1952 4442/4547/1952
f 4447/4549/3 4445/4550/3 4446/4551/3
f 4448/4552/3 4446/4551/3 4445/4550/3
f 4451/4553/2 4449/4554/2 4450/4555/2
f 4452/4556/2 4450/4555/2 4449/4554/2
f 4455/4557/493 4453/4558/493 4454/4559/493
f 4455/4557/493 4454/4559/493 4456/4560/493
f 4459/4561/1953 4457/4562/1953 4458/4563/1953
f 4460/4564/1953 4458/4563/1953 4457/4562/1953
f 4463/4565/1954 4461/4566/1955 4462/4567/1955
f 4464/4568/1955 4462/4567/1955 4461/4566/1955
f 4467/4569/728 4465/4570/728 4466/4571/728
f 4468/4572/728 4466/4571/728 4465/4570/728
f 4471/4573/1956 4469/4574/1956 4470/4575/1956
f 4471/4573/1956 4470/4575/1956 4472/4576/1956
f 4475/4577/1957 4473/4578/1957 4474/4579/1957
f 4476/4580/1957 4474/4579/1957 4473/4578/1957
f 4479/4581/1958 4477/4582/1958 4478/4583/1958
f 4480/4584/1958 4479/4581/1958 4478/4583/1958
f 4483/4585/1959 4481/4586/1959 4482/4587/1959
f 4484/4588/1959 4483/4585/1959 4482/4587/1959
f 4487/4589/200 4485/4590/200 4486/4591/200
f 4488/4592/200 4487/4589/200 4486/4591/200
f 4491/4593/1960 4489/4594/1960 4490/4595/1960
f 4492/4596/1960 4491/4593/1960 4490/4595/1960
f 4495/4597/3 4493/4598/3 4494/4599/3
f 4496/4600/3 4494/4599/3 4493/4598/3
f 4499/4601/2 4497/4602/2 4498/4603/2
f 4500/4604/2 4498/4603/2 4497/4602/2
f 4503/4605/1961 4501/4606/1961 4502/4607/1961
f 4504/4608/1961 4502/4607/1961 4501/4606/1961
f 4507/4609/1962 4505/4610/1963 4506/4611/1962
f 4508/4612/1963 4506/4611/1962 4505/4610/1963
f 4511/4613/1964 4509/4614/1964 4510/4615/1964
f 4512/4616/1964 4511/4613/1964 4510/4615/1964
f 4515/4617/1965 4513/4618/1966 4514/4619/1966
f 4516/4620/1965 4515/4617/1965 4514/4619/1966
f 4519/4621/3 4517/4622/3 4518/4623/3
f 4517/4622/3 4519/4621/3 4520/4624/3
f 4523/4625/2 4521/4626/2 4522/4627/2
f 4524/4628/2 4522/4627/2 4521/4626/2
f 4527/4629/1967 4525/4630/1967 4526/4631/1967
f 4528/4632/1967 4526/4631/1967 4525/4630/1967
f 4531/4633/1968 4529/4634/1968 4530/4635/1968
f 4532/4636/1968 4530/4635/1968 4529/4634/1968
f 4535/4637/1899 4533/4638/1899 4534/4639/1899
f 4536/4640/1899 4535/4637/1899 4534/4639/1899
f 4539/4641/1969 4537/4642/1969 4538/4643/1969
f 4540/4644/1969 4539/4641/1969 4538/4643/1969
f 4543/4645/3 4541/4646/3 4542/4647/3
f 4541/4646/3 4543/4645/3 4544/4648/3
f 4547/4649/2 4545/4650/2 4546/4651/2
f 4548/4652/2 4545/4650/2 4547/4649/2
f 4551/4653/1970 4549/4654/1970 4550/4655/1970
f 4552/4656/1970 4550/4655/1970 4549/4654/1970
f 4555/4657/1971 4553/4658/1971 4554/4659/1971
f 4556/4660/1971 4554/4659/1971 4553/4658/1971
f 4559/4661/41 4557/4662/41 4558/4663/41
f 4560/4664/41 4559/4661/41 4558/4663/41
f 4563/4665/1972 4561/4666/1972 4562/4667/1972
f 4564/4668/1972 4563/4665/1972 4562/4667/1972
f 4567/4669/3 4565/4670/3 4566/4671/3
f 4565/4670/3 4567/4669/3 4568/4672/3
f 4571/4673/2 4569/4674/2 4570/4675/2
f 4572/4676/2 4570/4675/2 4569/4674/2
f 4575/4677/1973 4573/4678/1803 4574/4679/1973
f 4576/4680/1803 4574/4679/1973 4573/4678/1803
f 4579/4681/1974 4577/4682/1974 4578/4683/1974
f 4580/4684/1974 4578/4683/1974 4577/4682/1974
f 4583/4685/1975 4581/4686/1975 4582/4687/1975
f 4584/4688/1975 4583/4685/1975 4582/4687/1975
f 4587/4689/885 4585/4690/885 4586/4691/885
f 4588/4692/885 4587/4689/885 4586/4691/885
f 4591/4693/3 4589/4694/3 4590/4695/3
f 4592/4696/3 4590/4695/3 4589/4694/3
f 4595/4697/2 4593/4698/2 4594/4699/2
f 4596/4700/2 4594/4699/2 4593/4698/2
f 4599/4701/1976 4597/4702/1976 4598/4703/1976
f 4600/4704/1976 4599/4701/1976 4598/4703/1976
f 4603/4705/1854 4601/4706/1854 4602/4707/1854
f 4604/4708/1854 4603/4705/1854 4602/4707/1854
f 4607/4709/3 4605/4710/3 4606/4711/3
f 4607/4709/3 4606/4711/3 4608/4712/3
f 4611/4713/2 4609/4714/2 4610/4715/2
f 4612/4716/2 4610/4715/2 4609/4714/2
f 4615/4717/1977 4613/4718/1977 4614/4719/1977
f 4616/4720/1977 4614/4719/1977 4613/4718/1977
f 4619/4721/1978 4617/4722/1978 4618/4723/1978
f 4620/4724/1979 4618/4723/1978 4617/4722/1978
f 4623/4725/1980 4621/4726/1980 4622/4727/1980
f 4623/4725/1980 4622/4727/1980 4624/4728/1980
f 4627/4729/1981 4625/4730/1981 4626/4731/1981
f 4628/4732/1981 4626/4731/1981 4625/4730/1981
f 4631/4733/1848 4629/4734/1848 4630/4735/1848
f 4632/4736/1848 4631/4733/1848 4630/4735/1848
f 4635/4737/1982 4633/4738/1982 4634/4739/1982
f 4636/4740/1982 4635/4737/1982 4634/4739/1982
f 4639/4741/3 4637/4742/3 4638/4743/3
f 4640/4744/3 4638/4743/3 4637/4742/3
f 4643/4745/2 4641/4746/2 4642/4747/2
f 4644/4748/2 4642/4747/2 4641/4746/2
f 4647/4749/1851 4645/4750/1851 4646/4751/1851
f 4647/4749/1851 4646/4751/1851 4648/4752/1851
f 4651/4753/1983 4649/4754/1983 4650/4755/1983
f 4652/4756/1983 4650/4755/1983 4649/4754/1983
f 4655/4757/1855 4653/4758/1855 4654/4759/1855
f 4656/4760/1855 4655/4757/1855 4654/4759/1855
f 4659/4761/1984 4657/4762/1984 4658/4763/1984
f 4660/4764/1984 4659/4761/1984 4658/4763/1984
f 4663/4765/3 4661/4766/3 4662/4767/3
f 4664/4768/3 4662/4767/3 4661/4766/3
f 4667/4769/2 4665/4770/2 4666/4771/2
f 4668/4772/2 4666/4771/2 4665/4770/2
f 4671/4773/1985 4669/4774/1985 4670/4775/1986
f 4672/4776/1986 4670/4775/1986 4669/4774/1985
f 4675/4777/1987 4673/4778/1987 4674/4779/1987
f 4676/4780/1987 4674/4779/1987 4673/4778/1987
f 4679/4781/1988 4677/4782/1989 4678/4783/1988
f 4680/4784/1989 4679/4781/1988 4678/4783/1988
f 4683/4785/1990 4681/4786/1990 4682/4787/1991
f 4684/4788/1990 4683/4785/1990 4682/4787/1991
f 4687/4789/3 4685/4790/3 4686/4791/3
f 4688/4792/3 4686/4791/3 4685/4790/3
f 4691/4793/2 4689/4794/2 4690/4795/2
f 4692/4796/2 4689/4794/2 4691/4793/2
f 4695/4797/1992 4693/4798/1992 4694/4799/1992
f 4696/4800/1992 4694/4799/1992 4693/4798/1992
f 4699/4801/1993 4697/4802/1993 4698/4803/1993
f 4700/4804/1994 4698/4803/1993 4697/4802/1993
f 4703/4805/1995 4701/4806/1995 4702/4807/1995
f 4704/4808/1995 4703/4805/1995 4702/4807/1995
f 4707/4809/22 4705/4810/22 4706/4811/22
f 4708/4812/22 4707/4809/22 4706/4811/22
f 4711/4813/3 4709/4814/3 4710/4815/3
f 4712/4816/3 4710/4815/3 4709/4814/3
f 4715/4817/3 4713/4818/3 4714/4819/3
f 4716/4820/3 4714/4819/3 4713/4818/3
f 4719/4821/2 4717/4822/2 4718/4823/2
f 4720/4824/2 4718/4823/2 4717/4822/2
f 4723/4825/2 4721/4826/2 4722/4827/2
f 4724/4828/2 4722/4827/2 4721/4826/2
f 4727/4829/42 4725/4830/42 4726/4831/42
f 4728/4832/42 4727/4829/42 4726/4831/42
f 4731/4833/670 4729/4834/670 4730/4835/670
f 4732/4836/670 4731/4833/670 4730/4835/670
f 4735/4837/3 4733/4838/3 4734/4839/3
f 4736/4840/3 4734/4839/3 4733/4838/3
f 4739/4841/2 4737/4842/2 4738/4843/2
f 4740/4844/2 4738/4843/2 4737/4842/2
f 4743/4845/1996 4741/4846/1996 4742/4847/1996
f 4743/4845/1996 4742/4847/1996 4744/4848/1996
f 4747/4849/1997 4745/4850/1997 4746/4851/1997
f 4748/4852/1997 4746/4851/1997 4745/4850/1997
f 4751/4853/1998 4749/4854/1998 4750/4855/1999
f 4752/4856/1999 4750/4855/1999 4749/4854/1998
f 4755/4857/2000 4753/4858/2000 4754/4859/2000
f 4756/4860/2000 4754/4859/2000 4753/4858/2000
f 4759/4861/2001 4757/4862/2002 4758/4863/2001
f 4759/4861/2001 4758/4863/2001 4760/4864/2002
f 4763/4865/2003 4761/4866/2003 4762/4867/2003
f 4764/4868/2003 4762/4867/2003 4761/4866/2003
f 4767/4869/1425 4765/4870/1425 4766/4871/1425
f 4768/4872/1425 4767/4869/1425 4766/4871/1425
f 4771/4873/1887 4769/4874/1887 4770/4875/1887
f 4772/4876/1887 4771/4873/1887 4770/4875/1887
f 4775/4877/1791 4773/4878/1791 4774/4879/1791
f 4776/4880/1791 4775/4877/1791 4774/4879/1791
f 4779/4881/20 4777/4882/20 4778/4883/20
f 4780/4884/20 4779/4881/20 4778/4883/20
f 4783/4885/3 4781/4886/3 4782/4887/3
f 4783/4885/3 4782/4887/3 4784/4888/3
f 4787/4889/2 4785/4890/2 4786/4891/2
f 4785/4890/2 4787/4889/2 4788/4892/2
f 4791/4893/209 4789/4894/209 4790/4895/209
f 4792/4896/209 4790/4895/209 4789/4894/209
f 4795/4897/218 4793/4898/218 4794/4899/218
f 4796/4900/218 4794/4899/218 4793/4898/218
f 4799/4901/2004 4797/4902/2004 4798/4903/2004
f 4800/4904/2004 4799/4901/2004 4798/4903/2004
f 4803/4905/2005 4801/4906/2006 4802/4907/2005
f 4804/4908/2006 4803/4905/2005 4802/4907/2005
f 4807/4909/3 4805/4910/3 4806/4911/3
f 4808/4912/3 4806/4911/3 4805/4910/3
f 4811/4913/2 4809/4914/2 4810/4915/2
f 4812/4916/2 4810/4915/2 4809/4914/2
f 4815/4917/2007 4813/4918/2007 4814/4919/2007
f 4816/4920/2007 4814/4919/2007 4813/4918/2007
f 4819/4921/2008 4817/4922/2009 4818/4923/2009
f 4820/4924/2009 4818/4923/2009 4817/4922/2009
f 4823/4925/1834 4821/4926/1834 4822/4927/1834
f 4824/4928/1834 4823/4925/1834 4822/4927/1834
f 4827/4929/2010 4825/4930/2010 4826/4931/2010
f 4828/4932/2010 4827/4929/2010 4826/4931/2010
f 4831/4933/3 4829/4934/3 4830/4935/3
f 4832/4936/3 4829/4934/3 4831/4933/3
f 4835/4937/2 4833/4938/2 4834/4939/2
f 4836/4940/2 4834/4939/2 4833/4938/2
f 4839/4941/1055 4837/4942/1055 4838/4943/1055
f 4840/4944/1055 4838/4943/1055 4837/4942/1055
f 4843/4945/27 4841/4946/27 4842/4947/27
f 4844/4948/27 4842/4947/27 4841/4946/27
f 4847/4949/2011 4845/4950/2011 4846/4951/2011
f 4848/4952/2012 4847/4949/2011 4846/4951/2011
f 4851/4953/2013 4849/4954/2013 4850/4955/2013
f 4852/4956/2013 4851/4953/2013 4850/4955/2013
f 4855/4957/3 4853/4958/3 4854/4959/3
f 4856/4960/3 4854/4959/3 4853/4958/3
f 4859/4961/2 4857/4962/2 4858/4963/2
f 4860/4964/2 4857/4962/2 4859/4961/2
f 4863/4965/2014 4861/4966/2014 4862/4967/2014
f 4864/4968/2014 4862/4967/2014 4861/4966/2014
f 4867/4969/2015 4865/4970/2015 4866/4971/2015
f 4868/4972/2015 4866/4971/2015 4865/4970/2015
f 4871/4973/972 4869/4974/972 4870/4975/972
f 4872/4976/972 4871/4973/972 4870/4975/972
f 4875/4977/2016 4873/4978/2017 4874/4979/2017
f 4876/4980/2016 4875/4977/2016 4874/4979/2017
f 4879/4981/3 4877/4982/3 4878/4983/3
f 4880/4984/3 4878/4983/3 4877/4982/3
f 4883/4985/2 4881/4986/2 4882/4987/2
f 4884/4988/2 4882/4987/2 4881/4986/2
f 4887/4989/2018 4885/4990/2019 4886/4991/2019
f 4888/4992/2019 4886/4991/2019 4885/4990/2019
f 4891/4993/2020 4889/4994/2020 4890/4995/2020
f 4892/4996/2020 4890/4995/2020 4889/4994/2020
f 4895/4997/2021 4893/4998/2021 4894/4999/2021
f 4896/5000/2021 4895/4997/2021 4894/4999/2021
f 4899/5001/2022 4897/5002/2022 4898/5003/2022
f 4900/5004/2022 4899/5001/2022 4898/5003/2022
